draw_index,writer_type,condition,horizon,direction,J,predicted_accuracy,recalibrated_accuracy,empirical_J,rayleigh_efficiency_M_old,subspace_alignment,cosine_to_v_old
900,nonnormal,isolated,64,v_old,0.26104887082422173,0.8465761414751956,0.8485,0.2713817692378227,1.0000000000000007,0.9999999999999991,0.9999999999999996
900,nonnormal,isolated,64,v_store,0.2438045081569422,0.838308872326894,0.8401,0.2373100155032751,0.9339420139499817,0.8034056603921398,0.8963289911590162
900,nonnormal,isolated,64,v_write,0.15863139296020287,0.7871499262872588,0.78645,0.1529858200015666,0.6076693320271742,0.20421707714580836,0.45190383617071495
900,nonnormal,isolated,64,v_bottom,5.399707545051917e-32,0.5000000000000002,0.49445,0.0003437688833124654,-9.833264002578973e-18,1.9259299443872359e-32,1.3877787807814457e-16
900,nonnormal,isolated,64,v_worst_positive,0.0030100292009367638,0.543687241406975,0.54075,0.0033030491958811357,0.011530519903928553,7.703719777548943e-34,2.7755575615628914e-17
900,nonnormal,isolated,64,v_random_000,0.03397040629105397,0.6437949725313767,0.6386,0.03324354306562531,0.13013044716032537,0.04172964781601079,0.20427835865801053
900,nonnormal,isolated,64,v_random_001,0.03566686136756034,0.6471782600776426,0.64385,0.038117847203657934,0.13662905821024127,0.02905803683720576,0.17046418051076231
900,nonnormal,isolated,64,v_random_002,0.04694067721986028,0.6676073723581524,0.6712,0.04821086889364247,0.17981566850548839,0.0447130957987597,0.2114547133519603
900,nonnormal,isolated,64,v_random_003,0.05065748940089927,0.6736968288047578,0.67265,0.052328566276637824,0.194053662216412,0.04447348074546786,0.2108873650683413
900,nonnormal,isolated,64,v_random_004,0.02879474400447919,0.6328383647239536,0.62895,0.0293061921410284,0.11030403584418591,0.02300908106018897,0.1516874452952154
900,nonnormal,isolated,64,v_random_005,0.03618295397059869,0.6481892317349776,0.6402,0.037619703410379915,0.13860605432368503,0.003562656026530724,0.05968798896369959
900,nonnormal,isolated,64,v_random_006,0.026359040106297957,0.6272994703311499,0.6234,0.0250903522741463,0.10097358407670318,0.026494476127720434,0.16277123863791304
900,nonnormal,isolated,64,v_random_007,0.0572732297143554,0.6839013836918957,0.6858,0.05875665619674218,0.21939658092955552,2.367499575335161e-05,0.004865695813894618
900,nonnormal,isolated,64,v_random_008,0.028053505553096457,0.6311812768332115,0.62615,0.03067312784521513,0.10746457345140713,0.0003678413929136754,0.01917919166476198
900,nonnormal,isolated,64,v_random_009,0.055674873916090994,0.6815046542608514,0.68385,0.05216845148114535,0.2132737588188225,0.014659535285985018,0.12107656786507048
900,nonnormal,isolated,64,v_random_010,0.04486301471055758,0.6640777220296712,0.6629,0.04324846531784882,0.1718567660105539,0.01260562611382491,0.11227477950913513
900,nonnormal,isolated,64,v_random_011,0.05988765705009206,0.687734568366492,0.6857,0.0592038490000596,0.22941166863126436,0.11590596162485642,0.34044964623987556
900,nonnormal,isolated,64,v_random_012,0.047130898525369655,0.6679258658031496,0.6633,0.04778763167856516,0.18054434932647326,0.027619987972326697,0.16619262309839958
900,nonnormal,isolated,64,v_random_013,0.02725866494237227,0.6293770751870402,0.62705,0.028429616109052445,0.10441977724824948,0.03225315822362561,0.17959164296710917
900,nonnormal,isolated,64,v_random_014,0.08276514631532131,0.7174823782871345,0.7255,0.084749218754998,0.31704847469365827,0.11698486065671604,0.34203049667641633
900,nonnormal,isolated,64,v_random_015,0.03783170602218938,0.6513646956271213,0.65245,0.0394373846386115,0.14492192937951273,0.007582465081118152,0.08707735113746945
900,nonnormal,isolated,64,v_random_016,0.019399250328871034,0.6097096578738009,0.6106,0.017658381484979304,0.07431271496260791,0.002804148989179906,0.052954215971723215
900,nonnormal,isolated,64,v_random_017,0.0699746664105495,0.7016161787314728,0.7033,0.06638633818448618,0.26805197888661714,0.09537195477018497,0.30882350100046624
900,nonnormal,isolated,64,v_random_018,0.06401195099016962,0.6935757692205308,0.70095,0.06460921878802944,0.24521060285785456,0.005379541797742685,0.07334535975603831
900,nonnormal,isolated,64,v_random_019,0.024638798666662704,0.6232148027926253,0.6186,0.02343230271926766,0.09438385459730012,0.00849108656434025,0.09214709200153985
900,nonnormal,isolated,64,v_random_020,0.03810780239229778,0.6518886247699696,0.6515,0.040003027816189335,0.14597957184023924,0.0009170133544722947,0.03028222836041454
900,nonnormal,isolated,64,v_random_021,0.07584368774791792,0.7091127753800079,0.70675,0.07918643015709438,0.29053444095909375,0.03993352281874348,0.19983373793917653
900,nonnormal,isolated,64,v_random_022,0.0397048146073794,0.6548770344089412,0.6551,0.037700583944790714,0.1520972470864079,0.10187318891077449,0.3191757962483598
900,nonnormal,isolated,64,v_random_023,0.0726815662313179,0.7051222509225493,0.70285,0.07754274892171545,0.2784213009688073,0.20337600814245968,0.4509722919897182
900,nonnormal,isolated,64,v_random_024,0.024306286286022927,0.6224073364341126,0.62095,0.0255933850759993,0.09311009930546557,4.016913452618005e-06,0.002004223902815752
900,nonnormal,isolated,64,v_random_025,0.056144453304019626,0.682213112492688,0.68385,0.057607476180749295,0.21507257674301428,0.1111761924499774,0.333430941050733
900,nonnormal,isolated,64,v_random_026,0.042846275753943716,0.6605581273721448,0.66045,0.04360074224653948,0.16413124339003346,0.00822732221069517,0.09070458759453774
900,nonnormal,isolated,64,v_random_027,0.037192020765348145,0.6501422935792864,0.65095,0.038891966837636696,0.14247148684428354,0.028921633677324466,0.1700636165595818
900,nonnormal,isolated,64,v_random_028,0.04186881710818186,0.658817283287519,0.656,0.041763662270168284,0.16038689221672373,6.193481759780442e-05,0.00786986769887553
900,nonnormal,isolated,64,v_random_029,0.038758680766940216,0.6531151543683658,0.6516,0.04005518552713744,0.14847289185571133,0.00023679023335908565,0.015387989906387567
900,nonnormal,isolated,64,v_random_030,0.04710753596824725,0.6678867903358723,0.67035,0.04549048945891385,0.18045485437080214,0.027449297643274154,0.1656782956312448
900,nonnormal,isolated,64,v_random_031,0.0221828649341386,0.6171019606724457,0.6084,0.02332456350881635,0.08497590839638425,0.0029188380856025858,0.05402627217939977
900,nonnormal,isolated,64,v_random_032,0.0668933641288276,0.6975179088132073,0.69915,0.06588533432092533,0.25624843316740686,0.11810197183470215,0.34365967443781087
900,nonnormal,isolated,64,v_random_033,0.06229090932078002,0.6911676986323525,0.6917,0.05896016488671128,0.23861780793805412,0.16693122019824508,0.40857217256960254
900,nonnormal,isolated,64,v_random_034,0.03576335904021688,0.6473679216148832,0.65225,0.03462915192848248,0.13699871187835283,0.01425591202344237,0.11939812403652902
900,nonnormal,isolated,64,v_random_035,0.03451202782746961,0.6448853919527868,0.64565,0.03634037396499147,0.132205236967711,0.007074402275545532,0.0841094660281798
900,nonnormal,isolated,64,v_random_036,0.03771210768329085,0.6511370587348364,0.64575,0.039756899581429916,0.14446378398121662,0.04455027600381201,0.21106936301560209
900,nonnormal,isolated,64,v_random_037,0.038920895010341294,0.6534189804679745,0.64915,0.0376191447784187,0.14909428601416497,0.05577786182140763,0.23617337238013864
900,nonnormal,isolated,64,v_random_038,0.09842117904731361,0.7348155551287585,0.7311,0.10336061184871084,0.3770220447097277,0.09160176378389326,0.3026578328474141
900,nonnormal,isolated,64,v_random_039,0.02902054587737535,0.6333384260681421,0.6336,0.02950602883490528,0.11116901515699902,0.019702274069076573,0.1403647892780685
900,nonnormal,isolated,64,v_random_040,0.040283574674362,0.6559428321601056,0.65155,0.04220270476565897,0.1543143034757164,0.02520790393967957,0.15876997178207083
900,nonnormal,isolated,64,v_random_041,0.04885235048195456,0.6707739784685296,0.6682,0.0481439775274822,0.18713871593357512,0.052771513804343466,0.22972051237175897
900,nonnormal,isolated,64,v_random_042,0.04116745070192038,0.6575534835576238,0.66195,0.042009033438056675,0.15770016768101885,0.0035470922913522916,0.059557470491553716
900,nonnormal,isolated,64,v_random_043,0.014613841537393236,0.595522916992915,0.5938,0.01503066063493388,0.055981247845479226,0.0030858192510768846,0.05555015077456482
900,nonnormal,isolated,64,v_random_044,0.05105266654232121,0.6743283144771228,0.67205,0.053784730576350664,0.19556746742910736,0.07456133859782507,0.2730592217776669
900,nonnormal,isolated,64,v_random_045,0.010357997303655237,0.5806468267176059,0.57365,0.009097993682220546,0.039678383863341195,0.006563604627436999,0.08101607635177724
900,nonnormal,isolated,64,v_random_046,0.08835783990790233,0.7239114408584904,0.72225,0.09189721862407332,0.33847240797834544,0.13294040984133312,0.36460994204949093
900,nonnormal,isolated,64,v_random_047,0.048217865847512795,0.6697313039421958,0.66655,0.04689858664790673,0.18470819542437508,0.07961452346047104,0.2821604569397899
900,nonnormal,isolated,64,v_random_048,0.06236804942591344,0.6912765176671175,0.6919,0.06305235083448879,0.23891330856554147,0.0808734256412454,0.2843825339946977
900,nonnormal,isolated,64,v_random_049,0.050988041572453624,0.6742252466799931,0.6775,0.05076991888545909,0.19531990853462314,0.021594822924321345,0.14695177074238114
900,nonnormal,isolated,64,v_random_050,0.02694935767552173,0.6286671001789204,0.6256,0.027577757881469718,0.10323491379385509,0.0028568152926620014,0.05344918420950877
900,nonnormal,isolated,64,v_random_051,0.027823816088042873,0.6306628563811274,0.63335,0.0296878868435066,0.10658470193796839,0.0294603743670743,0.17164024693257202
900,nonnormal,isolated,64,v_random_052,0.041708689389960196,0.6585298415382176,0.6588,0.041639702046044544,0.15977349091099854,0.0015801208894222498,0.039750734451356365
900,nonnormal,isolated,64,v_random_053,0.04773387028235687,0.6689304186969717,0.67085,0.049973041564246375,0.18285415344507921,0.02882992418666546,0.169793769575522
900,nonnormal,isolated,64,v_random_054,0.040956337243119666,0.6571706226790307,0.6551,0.04221834937952253,0.15689145528117523,0.0020240816482796527,0.044989794934847754
900,nonnormal,isolated,64,v_random_055,0.032566397169947116,0.640921586850999,0.64425,0.03305938452130921,0.12475210893318074,0.0039060743704797396,0.06249859494804455
900,nonnormal,isolated,64,v_random_056,0.04955801168661583,0.6719241563371063,0.67385,0.05222433634982727,0.1898418925549995,0.030423653815325052,0.17442377651950164
900,nonnormal,isolated,64,v_random_057,0.05672189984617586,0.6830793540741884,0.67985,0.05450926791467752,0.21728460141231476,0.06953575912338911,0.26369633885093874
900,nonnormal,isolated,64,v_random_058,0.050712460027327905,0.673784847868262,0.6724,0.05074345381763094,0.19426423821413635,0.03365159232672043,0.1834437034262022
900,nonnormal,isolated,64,v_random_059,0.03754307122201268,0.650814614471876,0.6503,0.0368082204586726,0.14381625595037517,0.014445763428736928,0.12019052969654859
900,nonnormal,isolated,64,v_random_060,0.08191629112530392,0.7164814155296835,0.7152,0.08754775144487487,0.3137967648228696,0.2326176947021454,0.48230456632935315
900,nonnormal,isolated,64,v_random_061,0.029184091414475637,0.6336992600895454,0.63185,0.030535146179732672,0.11179550910268786,0.0008448332855595267,0.029066015990491828
900,nonnormal,isolated,64,v_random_062,0.0664000961049423,0.6968507704966794,0.6978,0.06764191351080442,0.2543588711772405,0.03374774325558561,0.18370558852573216
900,nonnormal,isolated,64,v_random_063,0.02356934638470748,0.6205959067781976,0.6236,0.02329023543342218,0.09028710336992032,0.019660323910281326,0.140215277021733
900,nonnormal,isolated,64,v_random_064,0.051270221318014564,0.6746747076367663,0.67315,0.05044996392311513,0.1964008545838055,0.01866604613298368,0.136623739273172
900,nonnormal,isolated,64,v_random_065,0.034755391451100966,0.6453721739426254,0.64115,0.0335505424910112,0.13313749008515594,0.0048277393654802565,0.06948193553349141
900,nonnormal,isolated,64,v_random_066,0.06403854371586595,0.6936126572678839,0.6961,0.06657878078320661,0.24531247162140218,0.1326650171440346,0.3642320924136623
900,nonnormal,isolated,64,v_random_067,0.02929739289955305,0.6339485780165346,0.6336,0.029648234621925135,0.11222953314086762,5.457791648722293e-05,0.007387686815724048
900,nonnormal,isolated,64,v_random_068,0.016478964036294758,0.6013105767986644,0.6046,0.01683553441453286,0.06312597324885935,0.016939214672015195,0.13015073826919
900,nonnormal,isolated,64,v_random_069,0.032595386067697144,0.640981615821395,0.63815,0.0349068715678815,0.12486315671384528,0.03208677207462505,0.17912780932793504
900,nonnormal,isolated,64,v_random_070,0.011525058843458424,0.5850031522101642,0.5801,0.011807522146220313,0.04414904690861076,0.001978848630407386,0.04448425148754766
900,nonnormal,isolated,64,v_random_071,0.049799846860063154,0.6723160725390193,0.6716,0.049910859826034194,0.19076829063779444,1.5362535013222357e-05,0.0039195069859897375
900,nonnormal,isolated,64,v_random_072,0.02950341016863829,0.6344005389722291,0.63155,0.029133874697887994,0.11301872356500077,0.008239870636739324,0.09077373318719091
900,nonnormal,isolated,64,v_random_073,0.03071325751379568,0.6370197427993097,0.63175,0.030580901653818975,0.11765328620967906,0.010964582143811737,0.10471190067901422
900,nonnormal,isolated,64,v_random_074,0.059547031001247294,0.6872410897084342,0.68945,0.061969385782857364,0.22810683230782297,0.14925449002471514,0.38633468654097725
900,nonnormal,isolated,64,v_random_075,0.060931309246261466,0.6892357977942144,0.68355,0.0622416419717577,0.2334095874610767,0.0004517337808422853,0.021254029755373105
900,nonnormal,isolated,64,v_random_076,0.038099867601646034,0.6518735980350598,0.65265,0.03663216499688525,0.14594917603493776,0.0038358845505798603,0.061934518247741786
900,nonnormal,isolated,64,v_random_077,0.03149222947218813,0.6386756130524025,0.6391,0.033837008976641436,0.12063729436084619,0.06980373880034003,0.2642039719617024
900,nonnormal,isolated,64,v_random_078,0.0322966258577078,0.6403615022815599,0.63495,0.033529227948045394,0.12371869587382694,0.01116992392221025,0.10568786080818482
900,nonnormal,isolated,64,v_random_079,0.023541528230076377,0.6205269252479437,0.61475,0.024125469981019575,0.09018054035532744,0.018311188864222127,0.13531884149748744
900,nonnormal,isolated,64,v_random_080,0.03618524099306025,0.648193693354335,0.6478,0.0388418775152851,0.13861481522142166,0.03649754262551844,0.1910433003942259
900,nonnormal,isolated,64,v_random_081,0.044675575861005665,0.6637545798130149,0.6612,0.04452755058076842,0.17113874394457038,0.002132702255198526,0.04618118940865995
900,nonnormal,isolated,64,v_random_082,0.06986470563367775,0.7014719284385758,0.70145,0.07309116274395927,0.26763075210051934,0.021244886830457683,0.14575625828916466
900,nonnormal,isolated,64,v_random_083,0.08016279491852858,0.7143917137998418,0.7172,0.0807209120291254,0.30707964629545,0.0345253967878873,0.18581010948785132
900,nonnormal,isolated,64,v_random_084,0.0400054711847523,0.6554318155806214,0.6532,0.04315809344045068,0.15324897234162013,0.004688157584894821,0.06847012184080602
900,nonnormal,isolated,64,v_random_085,0.039437408876585055,0.6543815599070778,0.6569,0.03977343382790955,0.15107289586071576,0.0007685374791229828,0.027722508528684464
900,nonnormal,isolated,64,v_random_086,0.0342702873154451,0.6443999189733622,0.64065,0.033702066243167,0.13127920150446137,0.002300061969904525,0.047958961309691905
900,nonnormal,isolated,64,v_random_087,0.04294043494546168,0.6607245916897947,0.6541,0.043569956774516895,0.16449193903763643,0.009354331999588555,0.09671779567167851
900,nonnormal,isolated,64,v_random_088,0.07695538846820428,0.7104899732404627,0.70815,0.07434547032032138,0.29479303329384066,0.13734150551867289,0.37059614881791864
900,nonnormal,isolated,64,v_random_089,0.02211374741075672,0.6169247090003706,0.61135,0.024150130339386476,0.08471113987559482,0.017342567834160084,0.1316911835855388
900,nonnormal,isolated,64,v_random_090,0.07079756819326302,0.7026911088018024,0.6996,0.07291735929380831,0.2712042690310462,0.0007041789112731302,0.026536369594824576
900,nonnormal,isolated,64,v_random_091,0.042965176317819556,0.660768296551973,0.65675,0.044981991416903185,0.16458671582130827,0.012663707828869525,0.11253314102463116
900,nonnormal,isolated,64,v_random_092,0.04576913374271559,0.6656287308878821,0.67175,0.046295432569220606,0.17532783650129027,0.002921439961409443,0.05405034654291722
900,nonnormal,isolated,64,v_random_093,0.02195713270707693,0.6165219523479148,0.61375,0.023328773048799236,0.0841111958758935,0.0007259217787434229,0.026942935599956863
900,nonnormal,isolated,64,v_random_094,0.033157998170823884,0.642140721659122,0.6346,0.03439439641119198,0.1270183550924109,0.009486987226973729,0.09740116645591945
900,nonnormal,isolated,64,v_random_095,0.042243931928443515,0.6594881401722823,0.66065,0.04284285239896889,0.1618238446887926,0.034602817286492435,0.18601832513624145
900,nonnormal,isolated,64,v_random_096,0.022123254477108813,0.616949107710238,0.616,0.02393282699338995,0.08474755859796687,0.03996786820603284,0.19991965437653408
900,nonnormal,isolated,64,v_random_097,0.06338266207695684,0.6927000307812243,0.69205,0.06310752768993687,0.24279998559976854,0.051225895594592355,0.22633138446665402
900,nonnormal,isolated,64,v_random_098,0.03379909769127645,0.6434480316046491,0.63895,0.03648682996347656,0.12947421524774655,0.010931677690070737,0.10455466364572523
900,nonnormal,isolated,64,v_random_099,0.037215282882593695,0.6501869569859017,0.64115,0.035206162300706195,0.14256059704488347,0.04502113212973292,0.21218183741718544
900,nonnormal,isolated,64,v_random_100,0.03425143239334241,0.6443619720055527,0.64175,0.03270148377730309,0.13120697394782357,0.04764247336165178,0.21827155875572013
900,nonnormal,isolated,64,v_random_101,0.04849801641647308,0.670192690587083,0.66755,0.04668771961791125,0.18578136830604966,0.08230245709599951,0.28688404817277574
900,nonnormal,isolated,64,v_random_102,0.038305041183999876,0.6522615733356948,0.65405,0.03843259617814469,0.1467351345480162,0.014964017275344492,0.1223275000780466
900,nonnormal,isolated,64,v_random_103,0.09611851577833472,0.732390766824055,0.7334,0.09870797264724966,0.3682012317266698,0.2245644850257846,0.473882353570783
900,nonnormal,isolated,64,v_random_104,0.0466429340424096,0.6671073093133107,0.66565,0.047989765337133616,0.17867510361236855,0.002788398795301768,0.05280529135703891
900,nonnormal,isolated,64,v_random_105,0.037713839609894814,0.6511403581509249,0.6492,0.037200145577526086,0.14447041847305897,0.0007961950520694029,0.02821692846624882
900,nonnormal,isolated,64,v_random_106,0.04919331927030467,0.6713309660837657,0.6697,0.04709404637113442,0.18844486518935838,0.04299231929576764,0.20734589288376956
900,nonnormal,isolated,64,v_random_107,0.06697676126567366,0.6976303940010833,0.6954,0.06346700961844251,0.25656790260844586,0.18690706817157682,0.4323275010586035
900,nonnormal,isolated,64,v_random_108,0.028750489940741003,0.6327401035388314,0.6353,0.03137967639304959,0.11013451178687643,0.010222298445112117,0.10110538286912382
900,nonnormal,isolated,64,v_random_109,0.03129511383170394,0.6382587988760527,0.63365,0.0332123055732369,0.11988220340848227,0.005860589727635686,0.07655448861847153
900,nonnormal,isolated,64,v_random_110,0.02520733549924173,0.6245816739601784,0.6283,0.026595862710329647,0.09656174883903329,0.0010034949220908327,0.031677987974156954
900,nonnormal,isolated,64,v_random_111,0.024807759383897874,0.6236228111749179,0.62355,0.025149359142480083,0.09503109247540965,0.006529717777186469,0.08080666913805115
900,nonnormal,isolated,64,v_random_112,0.057254841126005526,0.6838740449468966,0.68045,0.060670096144396335,0.2193261397577862,0.06300309214930702,0.25100416759350236
900,nonnormal,isolated,64,v_random_113,0.04704184724219648,0.6677768597263785,0.67195,0.04496667545112902,0.1802032205451381,0.0008519161438708633,0.02918760257148338
900,nonnormal,isolated,64,v_random_114,0.028450666250597154,0.6320721472080713,0.62905,0.028794564066424454,0.10898597707306126,0.0004651857242260225,0.021568164600309005
900,nonnormal,isolated,64,v_random_115,0.051070859747528105,0.6743573159262204,0.67535,0.04963932341273709,0.1956371601466029,0.0005992726424942514,0.024480045802535814
900,nonnormal,isolated,64,v_random_116,0.02755065962820391,0.6300432236933976,0.62815,0.02597900093532108,0.10553832139253058,0.009268955213854124,0.09627541334034419
900,nonnormal,isolated,64,v_random_117,0.026706542254710072,0.6281065799110279,0.6287,0.025578212500952234,0.10230476067714167,0.005888999771987933,0.07673981868618099
900,nonnormal,isolated,64,v_random_118,0.04244815129148985,0.6598519040937887,0.65425,0.043926432738058095,0.16260614787363895,0.008812606119097425,0.0938754819912922
900,nonnormal,isolated,64,v_random_119,0.04103395456389426,0.6573115173665582,0.6579,0.036696726554336895,0.1571887839787848,0.11721166289254595,0.3423618887851654
900,nonnormal,isolated,64,v_random_120,0.04169668835223486,0.6585082728196493,0.6576,0.03957584806378786,0.15972751853162212,0.007782748531999516,0.08821988739507389
900,nonnormal,isolated,64,v_random_121,0.015680217682954037,0.5988769729633181,0.5949,0.015608584525474603,0.06006621531610601,0.002725796870833074,0.052209164624930304
900,nonnormal,isolated,64,v_random_122,0.05654953374113013,0.682821351688746,0.6794,0.05901177122251481,0.2166243185139383,0.02943339837910707,0.17156164600255813
900,nonnormal,isolated,64,v_random_123,0.04283688532117567,0.660541514251926,0.6569,0.044442661124846225,0.1640952714559722,0.04602402915645056,0.21453211684139642
900,nonnormal,isolated,64,v_random_124,0.04467435309333969,0.6637524691557214,0.6569,0.04264692830255305,0.17113405988804817,0.04603826739994047,0.21456529868536633
900,nonnormal,isolated,64,v_random_125,0.04474223624875209,0.6638695928976266,0.66235,0.04543816655883803,0.17139409991502885,0.009873761244075437,0.09936680151879418
900,nonnormal,isolated,64,v_random_126,0.04134995180859364,0.657883534696905,0.6542,0.04407417694963331,0.15839927473364482,0.006626454820297978,0.08140303937997634
900,nonnormal,isolated,64,v_random_127,0.026431655897703785,0.6274686120917939,0.6217,0.025347592076469354,0.10125175341402513,0.004107906307639581,0.06409295052998872
900,nonnormal,isolated,64,v_learn_s0,0.26056423779238524,0.8463514274244708,0.8448,0.2542086103652704,0.9981435160768701,0.9902139649060481,0.9950949527085584
900,nonnormal,isolated,128,v_old,0.26104887082422173,0.8465761414751956,0.84395,0.2605997329434162,1.0000000000000007,0.9999999999999991,0.9999999999999996
900,nonnormal,isolated,128,v_store,0.24380450815694216,0.8383088723268939,0.8359,0.24521331804579224,0.9339420139499817,0.8034056603921398,0.8963289911590162
900,nonnormal,isolated,128,v_write,0.1586313929602028,0.7871499262872588,0.78985,0.15752169908206132,0.6076693320271742,0.20421707714580836,0.45190383617071495
900,nonnormal,isolated,128,v_bottom,5.03990826169394e-32,0.5000000000000002,0.4963,0.00014120818714147233,-9.833264002578973e-18,1.9259299443872359e-32,1.3877787807814457e-16
900,nonnormal,isolated,128,v_worst_positive,0.003010029200936762,0.543687241406975,0.53965,0.003222614207090218,0.011530519903928553,7.703719777548943e-34,2.7755575615628914e-17
900,nonnormal,isolated,128,v_random_000,0.03397040629105397,0.6437949725313767,0.6399,0.03257337388205893,0.13013044716032537,0.04172964781601079,0.20427835865801053
900,nonnormal,isolated,128,v_random_001,0.035666861367560324,0.6471782600776426,0.64665,0.03478954084748455,0.13662905821024127,0.02905803683720576,0.17046418051076231
900,nonnormal,isolated,128,v_random_002,0.04694067721986027,0.6676073723581523,0.66275,0.0488253913192602,0.17981566850548839,0.0447130957987597,0.2114547133519603
900,nonnormal,isolated,128,v_random_003,0.05065748940089927,0.6736968288047578,0.67995,0.04928465190845708,0.194053662216412,0.04447348074546786,0.2108873650683413
900,nonnormal,isolated,128,v_random_004,0.02879474400447919,0.6328383647239536,0.63725,0.02784724321918359,0.11030403584418591,0.02300908106018897,0.1516874452952154
900,nonnormal,isolated,128,v_random_005,0.0361829539705987,0.6481892317349776,0.65385,0.034589403234483646,0.13860605432368503,0.003562656026530724,0.05968798896369959
900,nonnormal,isolated,128,v_random_006,0.026359040106297957,0.6272994703311499,0.63045,0.026635242654541612,0.10097358407670318,0.026494476127720434,0.16277123863791304
900,nonnormal,isolated,128,v_random_007,0.05727322971435539,0.6839013836918957,0.6809,0.05520835597235774,0.21939658092955552,2.367499575335161e-05,0.004865695813894618
900,nonnormal,isolated,128,v_random_008,0.028053505553096436,0.6311812768332115,0.6315,0.029681307010356005,0.10746457345140713,0.0003678413929136754,0.01917919166476198
900,nonnormal,isolated,128,v_random_009,0.05567487391609097,0.6815046542608513,0.67965,0.05607181169667726,0.2132737588188225,0.014659535285985018,0.12107656786507048
900,nonnormal,isolated,128,v_random_010,0.04486301471055758,0.6640777220296712,0.66605,0.046578577488233915,0.1718567660105539,0.01260562611382491,0.11227477950913513
900,nonnormal,isolated,128,v_random_011,0.05988765705009204,0.6877345683664919,0.68635,0.05997129582007502,0.22941166863126436,0.11590596162485642,0.34044964623987556
900,nonnormal,isolated,128,v_random_012,0.047130898525369655,0.6679258658031496,0.66655,0.04779684590259807,0.18054434932647326,0.027619987972326697,0.16619262309839958
900,nonnormal,isolated,128,v_random_013,0.027258664942372272,0.6293770751870402,0.62615,0.025625428461036187,0.10441977724824948,0.03225315822362561,0.17959164296710917
900,nonnormal,isolated,128,v_random_014,0.08276514631532128,0.7174823782871345,0.7171,0.0845254531476449,0.31704847469365827,0.11698486065671604,0.34203049667641633
900,nonnormal,isolated,128,v_random_015,0.03783170602218938,0.6513646956271213,0.6564,0.03598406908206915,0.14492192937951273,0.007582465081118152,0.08707735113746945
900,nonnormal,isolated,128,v_random_016,0.01939925032887102,0.6097096578738008,0.6093,0.020144479959716112,0.07431271496260791,0.002804148989179906,0.052954215971723215
900,nonnormal,isolated,128,v_random_017,0.06997466641054947,0.7016161787314726,0.7029,0.0705163291143881,0.26805197888661714,0.09537195477018497,0.30882350100046624
900,nonnormal,isolated,128,v_random_018,0.06401195099016958,0.6935757692205307,0.6909,0.0654099635429109,0.24521060285785456,0.005379541797742685,0.07334535975603831
900,nonnormal,isolated,128,v_random_019,0.024638798666662704,0.6232148027926253,0.62195,0.023563233547619977,0.09438385459730012,0.00849108656434025,0.09214709200153985
900,nonnormal,isolated,128,v_random_020,0.03810780239229779,0.6518886247699696,0.6496,0.037276009997479466,0.14597957184023924,0.0009170133544722947,0.03028222836041454
900,nonnormal,isolated,128,v_random_021,0.0758436877479179,0.7091127753800079,0.70645,0.07219631542811575,0.29053444095909375,0.03993352281874348,0.19983373793917653
900,nonnormal,isolated,128,v_random_022,0.03970481460737941,0.6548770344089412,0.65175,0.041159272928480733,0.1520972470864079,0.10187318891077449,0.3191757962483598
900,nonnormal,isolated,128,v_random_023,0.07268156623131788,0.7051222509225493,0.70335,0.07001608539502366,0.2784213009688073,0.20337600814245968,0.4509722919897182
900,nonnormal,isolated,128,v_random_024,0.02430628628602293,0.6224073364341126,0.61885,0.024716345277257287,0.09311009930546557,4.016913452618005e-06,0.002004223902815752
900,nonnormal,isolated,128,v_random_025,0.05614445330401962,0.682213112492688,0.68195,0.05490651289563798,0.21507257674301428,0.1111761924499774,0.333430941050733
900,nonnormal,isolated,128,v_random_026,0.04284627575394372,0.6605581273721448,0.6629,0.04290354567020328,0.16413124339003346,0.00822732221069517,0.09070458759453774
900,nonnormal,isolated,128,v_random_027,0.037192020765348145,0.6501422935792864,0.6496,0.03769017179801627,0.14247148684428354,0.028921633677324466,0.1700636165595818
900,nonnormal,isolated,128,v_random_028,0.04186881710818187,0.658817283287519,0.65675,0.040408944574820194,0.16038689221672373,6.193481759780442e-05,0.00786986769887553
900,nonnormal,isolated,128,v_random_029,0.0387586807669402,0.6531151543683658,0.6497,0.038483632925904815,0.14847289185571133,0.00023679023335908565,0.015387989906387567
900,nonnormal,isolated,128,v_random_030,0.047107535968247245,0.6678867903358723,0.6654,0.0486878559633397,0.18045485437080214,0.027449297643274154,0.1656782956312448
900,nonnormal,isolated,128,v_random_031,0.0221828649341386,0.6171019606724457,0.6151,0.021840163964173008,0.08497590839638425,0.0029188380856025858,0.05402627217939977
900,nonnormal,isolated,128,v_random_032,0.06689336412882757,0.6975179088132073,0.69565,0.06805713685508252,0.25624843316740686,0.11810197183470215,0.34365967443781087
900,nonnormal,isolated,128,v_random_033,0.062290909320780005,0.6911676986323525,0.6915,0.06302544730955284,0.23861780793805412,0.16693122019824508,0.40857217256960254
900,nonnormal,isolated,128,v_random_034,0.03576335904021688,0.6473679216148832,0.64925,0.03710643047754031,0.13699871187835283,0.01425591202344237,0.11939812403652902
900,nonnormal,isolated,128,v_random_035,0.0345120278274696,0.6448853919527868,0.6424,0.03336810503830519,0.132205236967711,0.007074402275545532,0.0841094660281798
900,nonnormal,isolated,128,v_random_036,0.03771210768329085,0.6511370587348364,0.6559,0.03768655427410561,0.14446378398121662,0.04455027600381201,0.21106936301560209
900,nonnormal,isolated,128,v_random_037,0.0389208950103413,0.6534189804679746,0.64865,0.03819875352002923,0.14909428601416497,0.05577786182140763,0.23617337238013864
900,nonnormal,isolated,128,v_random_038,0.09842117904731358,0.7348155551287585,0.73255,0.09938936662105038,0.3770220447097277,0.09160176378389326,0.3026578328474141
900,nonnormal,isolated,128,v_random_039,0.02902054587737537,0.6333384260681421,0.6313,0.030332265892559898,0.11116901515699902,0.019702274069076573,0.1403647892780685
900,nonnormal,isolated,128,v_random_040,0.04028357467436201,0.6559428321601056,0.6567,0.038610465278017744,0.1543143034757164,0.02520790393967957,0.15876997178207083
900,nonnormal,isolated,128,v_random_041,0.04885235048195456,0.6707739784685296,0.6692,0.05013673064549881,0.18713871593357512,0.052771513804343466,0.22972051237175897
900,nonnormal,isolated,128,v_random_042,0.04116745070192038,0.6575534835576238,0.66185,0.040986090903492076,0.15770016768101885,0.0035470922913522916,0.059557470491553716
900,nonnormal,isolated,128,v_random_043,0.014613841537393235,0.595522916992915,0.59195,0.015327453482086167,0.055981247845479226,0.0030858192510768846,0.05555015077456482
900,nonnormal,isolated,128,v_random_044,0.05105266654232121,0.6743283144771228,0.6719,0.05221724601691746,0.19556746742910736,0.07456133859782507,0.2730592217776669
900,nonnormal,isolated,128,v_random_045,0.010357997303655234,0.5806468267176059,0.5735,0.010229882141307588,0.039678383863341195,0.006563604627436999,0.08101607635177724
900,nonnormal,isolated,128,v_random_046,0.08835783990790233,0.7239114408584904,0.7204,0.08602574080405921,0.33847240797834544,0.13294040984133312,0.36460994204949093
900,nonnormal,isolated,128,v_random_047,0.048217865847512774,0.6697313039421958,0.6684,0.04740353411704679,0.18470819542437508,0.07961452346047104,0.2821604569397899
900,nonnormal,isolated,128,v_random_048,0.062368049425913424,0.6912765176671175,0.688,0.0627739912941098,0.23891330856554147,0.0808734256412454,0.2843825339946977
900,nonnormal,isolated,128,v_random_049,0.0509880415724536,0.6742252466799931,0.6747,0.05088720346493177,0.19531990853462314,0.021594822924321345,0.14695177074238114
900,nonnormal,isolated,128,v_random_050,0.026949357675521715,0.6286671001789202,0.62645,0.028526698252154446,0.10323491379385509,0.0028568152926620014,0.05344918420950877
900,nonnormal,isolated,128,v_random_051,0.02782381608804287,0.6306628563811274,0.6314,0.030225854446256833,0.10658470193796839,0.0294603743670743,0.17164024693257202
900,nonnormal,isolated,128,v_random_052,0.04170868938996019,0.6585298415382176,0.65395,0.03788947490901172,0.15977349091099854,0.0015801208894222498,0.039750734451356365
900,nonnormal,isolated,128,v_random_053,0.047733870282356844,0.6689304186969716,0.66595,0.0473452688023952,0.18285415344507921,0.02882992418666546,0.169793769575522
900,nonnormal,isolated,128,v_random_054,0.040956337243119666,0.6571706226790307,0.65875,0.04303712390552635,0.15689145528117523,0.0020240816482796527,0.044989794934847754
900,nonnormal,isolated,128,v_random_055,0.03256639716994712,0.640921586850999,0.63955,0.03318874887116577,0.12475210893318074,0.0039060743704797396,0.06249859494804455
900,nonnormal,isolated,128,v_random_056,0.04955801168661584,0.6719241563371063,0.6718,0.04876646939336663,0.1898418925549995,0.030423653815325052,0.17442377651950164
900,nonnormal,isolated,128,v_random_057,0.05672189984617583,0.6830793540741884,0.6845,0.05899453327588495,0.21728460141231476,0.06953575912338911,0.26369633885093874
900,nonnormal,isolated,128,v_random_058,0.0507124600273279,0.673784847868262,0.67705,0.04981254311559069,0.19426423821413635,0.03365159232672043,0.1834437034262022
900,nonnormal,isolated,128,v_random_059,0.03754307122201266,0.650814614471876,0.65115,0.037333128427017755,0.14381625595037517,0.014445763428736928,0.12019052969654859
900,nonnormal,isolated,128,v_random_060,0.08191629112530391,0.7164814155296834,0.7124,0.08216136329645665,0.3137967648228696,0.2326176947021454,0.48230456632935315
900,nonnormal,isolated,128,v_random_061,0.029184091414475637,0.6336992600895454,0.6325,0.030345305853448336,0.11179550910268786,0.0008448332855595267,0.029066015990491828
900,nonnormal,isolated,128,v_random_062,0.06640009610494227,0.6968507704966793,0.7018,0.06342297991587341,0.2543588711772405,0.03374774325558561,0.18370558852573216
900,nonnormal,isolated,128,v_random_063,0.023569346384707476,0.6205959067781975,0.6185,0.024320830229915165,0.09028710336992032,0.019660323910281326,0.140215277021733
900,nonnormal,isolated,128,v_random_064,0.05127022131801457,0.6746747076367663,0.66965,0.04849338379403557,0.1964008545838055,0.01866604613298368,0.136623739273172
900,nonnormal,isolated,128,v_random_065,0.034755391451100945,0.6453721739426252,0.6441,0.03566968721807494,0.13313749008515594,0.0048277393654802565,0.06948193553349141
900,nonnormal,isolated,128,v_random_066,0.06403854371586594,0.6936126572678839,0.69125,0.062134229595125046,0.24531247162140218,0.1326650171440346,0.3642320924136623
900,nonnormal,isolated,128,v_random_067,0.02929739289955304,0.6339485780165346,0.6355,0.03044287554206094,0.11222953314086762,5.457791648722293e-05,0.007387686815724048
900,nonnormal,isolated,128,v_random_068,0.016478964036294758,0.6013105767986644,0.60215,0.01552733135792869,0.06312597324885935,0.016939214672015195,0.13015073826919
900,nonnormal,isolated,128,v_random_069,0.03259538606769713,0.640981615821395,0.64155,0.03235007159512887,0.12486315671384528,0.03208677207462505,0.17912780932793504
900,nonnormal,isolated,128,v_random_070,0.01152505884345842,0.5850031522101642,0.57895,0.010441044462003907,0.04414904690861076,0.001978848630407386,0.04448425148754766
900,nonnormal,isolated,128,v_random_071,0.04979984686006317,0.6723160725390193,0.6736,0.051310412374187195,0.19076829063779444,1.5362535013222357e-05,0.0039195069859897375
900,nonnormal,isolated,128,v_random_072,0.029503410168638285,0.6344005389722291,0.6377,0.031167511584153724,0.11301872356500077,0.008239870636739324,0.09077373318719091
900,nonnormal,isolated,128,v_random_073,0.030713257513795687,0.6370197427993097,0.6389,0.02981334140015097,0.11765328620967906,0.010964582143811737,0.10471190067901422
900,nonnormal,isolated,128,v_random_074,0.05954703100124725,0.6872410897084342,0.6856,0.05757513986870662,0.22810683230782297,0.14925449002471514,0.38633468654097725
900,nonnormal,isolated,128,v_random_075,0.060931309246261445,0.6892357977942143,0.6926,0.05822602328561101,0.2334095874610767,0.0004517337808422853,0.021254029755373105
900,nonnormal,isolated,128,v_random_076,0.03809986760164604,0.6518735980350598,0.6523,0.03638919835659726,0.14594917603493776,0.0038358845505798603,0.061934518247741786
900,nonnormal,isolated,128,v_random_077,0.031492229472188125,0.6386756130524025,0.6396,0.031412498633192926,0.12063729436084619,0.06980373880034003,0.2642039719617024
900,nonnormal,isolated,128,v_random_078,0.0322966258577078,0.6403615022815599,0.6401,0.032967199554692794,0.12371869587382694,0.01116992392221025,0.10568786080818482
900,nonnormal,isolated,128,v_random_079,0.023541528230076374,0.6205269252479437,0.61905,0.023757227593240032,0.09018054035532744,0.018311188864222127,0.13531884149748744
900,nonnormal,isolated,128,v_random_080,0.03618524099306025,0.648193693354335,0.64465,0.03344346949872543,0.13861481522142166,0.03649754262551844,0.1910433003942259
900,nonnormal,isolated,128,v_random_081,0.04467557586100568,0.6637545798130149,0.6699,0.04250499694262569,0.17113874394457038,0.002132702255198526,0.04618118940865995
900,nonnormal,isolated,128,v_random_082,0.06986470563367775,0.7014719284385758,0.70405,0.07179847593687425,0.26763075210051934,0.021244886830457683,0.14575625828916466
900,nonnormal,isolated,128,v_random_083,0.08016279491852858,0.7143917137998418,0.71685,0.07984146651342622,0.30707964629545,0.0345253967878873,0.18581010948785132
900,nonnormal,isolated,128,v_random_084,0.0400054711847523,0.6554318155806214,0.65615,0.03839061248510177,0.15324897234162013,0.004688157584894821,0.06847012184080602
900,nonnormal,isolated,128,v_random_085,0.039437408876585055,0.6543815599070778,0.6549,0.03977882333603703,0.15107289586071576,0.0007685374791229828,0.027722508528684464
900,nonnormal,isolated,128,v_random_086,0.03427028731544509,0.6443999189733622,0.6479,0.0343755710203367,0.13127920150446137,0.002300061969904525,0.047958961309691905
900,nonnormal,isolated,128,v_random_087,0.04294043494546168,0.6607245916897947,0.66185,0.041524990537165636,0.16449193903763643,0.009354331999588555,0.09671779567167851
900,nonnormal,isolated,128,v_random_088,0.07695538846820427,0.7104899732404627,0.7076,0.07997325100703748,0.29479303329384066,0.13734150551867289,0.37059614881791864
900,nonnormal,isolated,128,v_random_089,0.022113747410756723,0.6169247090003706,0.6116,0.021389065373522875,0.08471113987559482,0.017342567834160084,0.1316911835855388
900,nonnormal,isolated,128,v_random_090,0.07079756819326302,0.7026911088018024,0.70195,0.0696956724135828,0.2712042690310462,0.0007041789112731302,0.026536369594824576
900,nonnormal,isolated,128,v_random_091,0.04296517631781954,0.6607682965519729,0.661,0.04009189099653902,0.16458671582130827,0.012663707828869525,0.11253314102463116
900,nonnormal,isolated,128,v_random_092,0.04576913374271556,0.665628730887882,0.6648,0.045410370978910396,0.17532783650129027,0.002921439961409443,0.05405034654291722
900,nonnormal,isolated,128,v_random_093,0.02195713270707691,0.6165219523479148,0.6132,0.022174423054292396,0.0841111958758935,0.0007259217787434229,0.026942935599956863
900,nonnormal,isolated,128,v_random_094,0.033157998170823884,0.642140721659122,0.642,0.032040135164024625,0.1270183550924109,0.009486987226973729,0.09740116645591945
900,nonnormal,isolated,128,v_random_095,0.042243931928443515,0.6594881401722823,0.65875,0.04052525311919278,0.1618238446887926,0.034602817286492435,0.18601832513624145
900,nonnormal,isolated,128,v_random_096,0.022123254477108813,0.616949107710238,0.62045,0.02264291760008676,0.08474755859796687,0.03996786820603284,0.19991965437653408
900,nonnormal,isolated,128,v_random_097,0.06338266207695684,0.6927000307812243,0.6892,0.064982791031671,0.24279998559976854,0.051225895594592355,0.22633138446665402
900,nonnormal,isolated,128,v_random_098,0.033799097691276446,0.6434480316046491,0.64,0.03477774208373967,0.12947421524774655,0.010931677690070737,0.10455466364572523
900,nonnormal,isolated,128,v_random_099,0.03721528288259368,0.6501869569859017,0.65125,0.03783972032082843,0.14256059704488347,0.04502113212973292,0.21218183741718544
900,nonnormal,isolated,128,v_random_100,0.034251432393342406,0.6443619720055527,0.6445,0.035061169297325015,0.13120697394782357,0.04764247336165178,0.21827155875572013
900,nonnormal,isolated,128,v_random_101,0.04849801641647309,0.670192690587083,0.66895,0.04900610007070731,0.18578136830604966,0.08230245709599951,0.28688404817277574
900,nonnormal,isolated,128,v_random_102,0.038305041183999855,0.6522615733356948,0.6535,0.03888962119125585,0.1467351345480162,0.014964017275344492,0.1223275000780466
900,nonnormal,isolated,128,v_random_103,0.09611851577833469,0.732390766824055,0.7344,0.09302195581886373,0.3682012317266698,0.2245644850257846,0.473882353570783
900,nonnormal,isolated,128,v_random_104,0.046642934042409594,0.6671073093133107,0.66555,0.046596635667552046,0.17867510361236855,0.002788398795301768,0.05280529135703891
900,nonnormal,isolated,128,v_random_105,0.03771383960989482,0.6511403581509249,0.64905,0.03805468566163679,0.14447041847305897,0.0007961950520694029,0.02821692846624882
900,nonnormal,isolated,128,v_random_106,0.04919331927030467,0.6713309660837657,0.66875,0.05091203209609448,0.18844486518935838,0.04299231929576764,0.20734589288376956
900,nonnormal,isolated,128,v_random_107,0.06697676126567365,0.6976303940010833,0.69335,0.0688718889729581,0.25656790260844586,0.18690706817157682,0.4323275010586035
900,nonnormal,isolated,128,v_random_108,0.028750489940741024,0.6327401035388315,0.63165,0.029448690740009675,0.11013451178687643,0.010222298445112117,0.10110538286912382
900,nonnormal,isolated,128,v_random_109,0.031295113831703955,0.6382587988760529,0.6366,0.030966070987915678,0.11988220340848227,0.005860589727635686,0.07655448861847153
900,nonnormal,isolated,128,v_random_110,0.02520733549924173,0.6245816739601784,0.6262,0.025173253290666678,0.09656174883903329,0.0010034949220908327,0.031677987974156954
900,nonnormal,isolated,128,v_random_111,0.024807759383897877,0.6236228111749179,0.6222,0.024119576232809227,0.09503109247540965,0.006529717777186469,0.08080666913805115
900,nonnormal,isolated,128,v_random_112,0.0572548411260055,0.6838740449468966,0.68285,0.056962484775549646,0.2193261397577862,0.06300309214930702,0.25100416759350236
900,nonnormal,isolated,128,v_random_113,0.04704184724219646,0.6677768597263785,0.66715,0.04688692691358748,0.1802032205451381,0.0008519161438708633,0.02918760257148338
900,nonnormal,isolated,128,v_random_114,0.028450666250597154,0.6320721472080713,0.6281,0.027888148356856164,0.10898597707306126,0.0004651857242260225,0.021568164600309005
900,nonnormal,isolated,128,v_random_115,0.051070859747528105,0.6743573159262204,0.6787,0.050406285202719794,0.1956371601466029,0.0005992726424942514,0.024480045802535814
900,nonnormal,isolated,128,v_random_116,0.027550659628203904,0.6300432236933976,0.6283,0.026414704794573383,0.10553832139253058,0.009268955213854124,0.09627541334034419
900,nonnormal,isolated,128,v_random_117,0.026706542254710055,0.6281065799110279,0.63255,0.02486114443548505,0.10230476067714167,0.005888999771987933,0.07673981868618099
900,nonnormal,isolated,128,v_random_118,0.042448151291489836,0.6598519040937887,0.6552,0.04366864071036518,0.16260614787363895,0.008812606119097425,0.0938754819912922
900,nonnormal,isolated,128,v_random_119,0.04103395456389425,0.6573115173665581,0.65835,0.0418299978404821,0.1571887839787848,0.11721166289254595,0.3423618887851654
900,nonnormal,isolated,128,v_random_120,0.04169668835223488,0.6585082728196494,0.66435,0.03980169423386812,0.15972751853162212,0.007782748531999516,0.08821988739507389
900,nonnormal,isolated,128,v_random_121,0.015680217682954037,0.5988769729633181,0.594,0.017497453725568664,0.06006621531610601,0.002725796870833074,0.052209164624930304
900,nonnormal,isolated,128,v_random_122,0.0565495337411301,0.6828213516887459,0.68445,0.05496917527422077,0.2166243185139383,0.02943339837910707,0.17156164600255813
900,nonnormal,isolated,128,v_random_123,0.04283688532117565,0.660541514251926,0.6606,0.041649530120436394,0.1640952714559722,0.04602402915645056,0.21453211684139642
900,nonnormal,isolated,128,v_random_124,0.044674353093339676,0.6637524691557214,0.66275,0.04491384038752797,0.17113405988804817,0.04603826739994047,0.21456529868536633
900,nonnormal,isolated,128,v_random_125,0.04474223624875211,0.6638695928976266,0.6639,0.04459784393911691,0.17139409991502885,0.009873761244075437,0.09936680151879418
900,nonnormal,isolated,128,v_random_126,0.04134995180859362,0.657883534696905,0.6567,0.04003575867258588,0.15839927473364482,0.006626454820297978,0.08140303937997634
900,nonnormal,isolated,128,v_random_127,0.02643165589770378,0.6274686120917939,0.62575,0.02601502786640441,0.10125175341402513,0.004107906307639581,0.06409295052998872
900,nonnormal,isolated,128,v_learn_s0,0.2605642377923852,0.8463514274244707,0.8436,0.2638718090009349,0.9981435160768701,0.9902139649060481,0.9950949527085584
900,nonnormal,isolated,256,v_old,0.2610488708242217,0.8465761414751956,0.8445,0.2626735716814388,1.0000000000000007,0.9999999999999991,0.9999999999999996
900,nonnormal,isolated,256,v_store,0.24380450815694216,0.8383088723268939,0.83555,0.24780732214536905,0.9339420139499817,0.8034056603921398,0.8963289911590162
900,nonnormal,isolated,256,v_write,0.15863139296020284,0.7871499262872588,0.7859,0.16594133103135872,0.6076693320271742,0.20421707714580836,0.45190383617071495
900,nonnormal,isolated,256,v_bottom,4.8367341147382475e-32,0.5000000000000002,0.49755,0.000370051652357956,-9.833264002578973e-18,1.9259299443872359e-32,1.3877787807814457e-16
900,nonnormal,isolated,256,v_worst_positive,0.0030100292009367638,0.543687241406975,0.54125,0.002847038320174738,0.011530519903928553,7.703719777548943e-34,2.7755575615628914e-17
900,nonnormal,isolated,256,v_random_000,0.033970406291053974,0.6437949725313767,0.6393,0.03534640228981745,0.13013044716032537,0.04172964781601079,0.20427835865801053
900,nonnormal,isolated,256,v_random_001,0.03566686136756033,0.6471782600776426,0.6415,0.033523828671029474,0.13662905821024127,0.02905803683720576,0.17046418051076231
900,nonnormal,isolated,256,v_random_002,0.04694067721986028,0.6676073723581524,0.668,0.048606299196169704,0.17981566850548839,0.0447130957987597,0.2114547133519603
900,nonnormal,isolated,256,v_random_003,0.05065748940089927,0.6736968288047578,0.671,0.05051822295305618,0.194053662216412,0.04447348074546786,0.2108873650683413
900,nonnormal,isolated,256,v_random_004,0.02879474400447919,0.6328383647239536,0.63145,0.030177759735992814,0.11030403584418591,0.02300908106018897,0.1516874452952154
900,nonnormal,isolated,256,v_random_005,0.03618295397059869,0.6481892317349776,0.6456,0.03832109070675796,0.13860605432368503,0.003562656026530724,0.05968798896369959
900,nonnormal,isolated,256,v_random_006,0.02635904010629796,0.6272994703311499,0.6239,0.027191641772820734,0.10097358407670318,0.026494476127720434,0.16277123863791304
900,nonnormal,isolated,256,v_random_007,0.0572732297143554,0.6839013836918957,0.68605,0.05650425537179673,0.21939658092955552,2.367499575335161e-05,0.004865695813894618
900,nonnormal,isolated,256,v_random_008,0.02805350555309645,0.6311812768332115,0.627,0.02783233711986921,0.10746457345140713,0.0003678413929136754,0.01917919166476198
900,nonnormal,isolated,256,v_random_009,0.05567487391609096,0.6815046542608513,0.6822,0.05719734091830379,0.2132737588188225,0.014659535285985018,0.12107656786507048
900,nonnormal,isolated,256,v_random_010,0.044863014710557564,0.6640777220296712,0.664,0.04276896853541974,0.1718567660105539,0.01260562611382491,0.11227477950913513
900,nonnormal,isolated,256,v_random_011,0.05988765705009206,0.687734568366492,0.68355,0.060676374577973945,0.22941166863126436,0.11590596162485642,0.34044964623987556
900,nonnormal,isolated,256,v_random_012,0.04713089852536964,0.6679258658031496,0.6709,0.0473430763190132,0.18054434932647326,0.027619987972326697,0.16619262309839958
900,nonnormal,isolated,256,v_random_013,0.027258664942372286,0.6293770751870402,0.6275,0.027492152223725603,0.10441977724824948,0.03225315822362561,0.17959164296710917
900,nonnormal,isolated,256,v_random_014,0.08276514631532128,0.7174823782871345,0.71435,0.08582176845771139,0.31704847469365827,0.11698486065671604,0.34203049667641633
900,nonnormal,isolated,256,v_random_015,0.03783170602218938,0.6513646956271213,0.6457,0.03767174742331335,0.14492192937951273,0.007582465081118152,0.08707735113746945
900,nonnormal,isolated,256,v_random_016,0.019399250328871027,0.6097096578738009,0.6084,0.02019944713636045,0.07431271496260791,0.002804148989179906,0.052954215971723215
900,nonnormal,isolated,256,v_random_017,0.0699746664105495,0.7016161787314728,0.7047,0.06987839712316882,0.26805197888661714,0.09537195477018497,0.30882350100046624
900,nonnormal,isolated,256,v_random_018,0.0640119509901696,0.6935757692205307,0.69155,0.06708724820111434,0.24521060285785456,0.005379541797742685,0.07334535975603831
900,nonnormal,isolated,256,v_random_019,0.024638798666662704,0.6232148027926253,0.61935,0.02474734201371471,0.09438385459730012,0.00849108656434025,0.09214709200153985
900,nonnormal,isolated,256,v_random_020,0.038107802392297795,0.6518886247699696,0.65145,0.04196972924807009,0.14597957184023924,0.0009170133544722947,0.03028222836041454
900,nonnormal,isolated,256,v_random_021,0.0758436877479179,0.7091127753800079,0.7088,0.07754138074540408,0.29053444095909375,0.03993352281874348,0.19983373793917653
900,nonnormal,isolated,256,v_random_022,0.039704814607379416,0.6548770344089412,0.65185,0.04024473326585778,0.1520972470864079,0.10187318891077449,0.3191757962483598
900,nonnormal,isolated,256,v_random_023,0.0726815662313179,0.7051222509225493,0.7036,0.07183296938780746,0.2784213009688073,0.20337600814245968,0.4509722919897182
900,nonnormal,isolated,256,v_random_024,0.02430628628602293,0.6224073364341126,0.61965,0.023457887183380197,0.09311009930546557,4.016913452618005e-06,0.002004223902815752
900,nonnormal,isolated,256,v_random_025,0.05614445330401962,0.682213112492688,0.68345,0.05369393678392656,0.21507257674301428,0.1111761924499774,0.333430941050733
900,nonnormal,isolated,256,v_random_026,0.0428462757539437,0.6605581273721448,0.66085,0.042154382838686964,0.16413124339003346,0.00822732221069517,0.09070458759453774
900,nonnormal,isolated,256,v_random_027,0.03719202076534814,0.6501422935792864,0.6517,0.040886375596720204,0.14247148684428354,0.028921633677324466,0.1700636165595818
900,nonnormal,isolated,256,v_random_028,0.041868817108181855,0.658817283287519,0.6567,0.042045340646071266,0.16038689221672373,6.193481759780442e-05,0.00786986769887553
900,nonnormal,isolated,256,v_random_029,0.03875868076694021,0.6531151543683658,0.6492,0.038039805731889996,0.14847289185571133,0.00023679023335908565,0.015387989906387567
900,nonnormal,isolated,256,v_random_030,0.04710753596824724,0.6678867903358723,0.66625,0.050167164877278916,0.18045485437080214,0.027449297643274154,0.1656782956312448
900,nonnormal,isolated,256,v_random_031,0.022182864934138603,0.6171019606724457,0.61505,0.022509816863862935,0.08497590839638425,0.0029188380856025858,0.05402627217939977
900,nonnormal,isolated,256,v_random_032,0.06689336412882756,0.6975179088132073,0.6921,0.0712408552571096,0.25624843316740686,0.11810197183470215,0.34365967443781087
900,nonnormal,isolated,256,v_random_033,0.062290909320780005,0.6911676986323525,0.6887,0.06279824161921833,0.23861780793805412,0.16693122019824508,0.40857217256960254
900,nonnormal,isolated,256,v_random_034,0.03576335904021688,0.6473679216148832,0.6506,0.03879341709053103,0.13699871187835283,0.01425591202344237,0.11939812403652902
900,nonnormal,isolated,256,v_random_035,0.034512027827469594,0.6448853919527868,0.6433,0.037898862246619064,0.132205236967711,0.007074402275545532,0.0841094660281798
900,nonnormal,isolated,256,v_random_036,0.037712107683290856,0.6511370587348364,0.6549,0.03936606461223449,0.14446378398121662,0.04455027600381201,0.21106936301560209
900,nonnormal,isolated,256,v_random_037,0.03892089501034132,0.6534189804679746,0.64885,0.03854324911620849,0.14909428601416497,0.05577786182140763,0.23617337238013864
900,nonnormal,isolated,256,v_random_038,0.0984211790473136,0.7348155551287585,0.7368,0.09725105487217825,0.3770220447097277,0.09160176378389326,0.3026578328474141
900,nonnormal,isolated,256,v_random_039,0.029020545877375375,0.6333384260681421,0.63835,0.030900978203398,0.11116901515699902,0.019702274069076573,0.1403647892780685
900,nonnormal,isolated,256,v_random_040,0.040283574674362006,0.6559428321601056,0.6544,0.039882674940245916,0.1543143034757164,0.02520790393967957,0.15876997178207083
900,nonnormal,isolated,256,v_random_041,0.04885235048195455,0.6707739784685296,0.67635,0.049648996784515356,0.18713871593357512,0.052771513804343466,0.22972051237175897
900,nonnormal,isolated,256,v_random_042,0.04116745070192038,0.6575534835576238,0.6606,0.04302501400902831,0.15770016768101885,0.0035470922913522916,0.059557470491553716
900,nonnormal,isolated,256,v_random_043,0.014613841537393236,0.595522916992915,0.5968,0.014469290756379222,0.055981247845479226,0.0030858192510768846,0.05555015077456482
900,nonnormal,isolated,256,v_random_044,0.051052666542321226,0.6743283144771228,0.67925,0.049690612947140875,0.19556746742910736,0.07456133859782507,0.2730592217776669
900,nonnormal,isolated,256,v_random_045,0.010357997303655232,0.5806468267176059,0.5752,0.01229320815899593,0.039678383863341195,0.006563604627436999,0.08101607635177724
900,nonnormal,isolated,256,v_random_046,0.08835783990790232,0.7239114408584904,0.724,0.0880423037695669,0.33847240797834544,0.13294040984133312,0.36460994204949093
900,nonnormal,isolated,256,v_random_047,0.0482178658475128,0.6697313039421959,0.66915,0.048360935771366305,0.18470819542437508,0.07961452346047104,0.2821604569397899
900,nonnormal,isolated,256,v_random_048,0.06236804942591343,0.6912765176671175,0.6938,0.061955406930095186,0.23891330856554147,0.0808734256412454,0.2843825339946977
900,nonnormal,isolated,256,v_random_049,0.05098804157245361,0.6742252466799931,0.67775,0.05186525462720331,0.19531990853462314,0.021594822924321345,0.14695177074238114
900,nonnormal,isolated,256,v_random_050,0.026949357675521722,0.6286671001789204,0.6292,0.027330961352204072,0.10323491379385509,0.0028568152926620014,0.05344918420950877
900,nonnormal,isolated,256,v_random_051,0.027823816088042873,0.6306628563811274,0.62915,0.02982066632922297,0.10658470193796839,0.0294603743670743,0.17164024693257202
900,nonnormal,isolated,256,v_random_052,0.041708689389960196,0.6585298415382176,0.6589,0.04007993616760264,0.15977349091099854,0.0015801208894222498,0.039750734451356365
900,nonnormal,isolated,256,v_random_053,0.04773387028235687,0.6689304186969717,0.66995,0.04740671698010463,0.18285415344507921,0.02882992418666546,0.169793769575522
900,nonnormal,isolated,256,v_random_054,0.04095633724311967,0.6571706226790308,0.65805,0.04006938132413222,0.15689145528117523,0.0020240816482796527,0.044989794934847754
900,nonnormal,isolated,256,v_random_055,0.032566397169947116,0.640921586850999,0.64115,0.034131129881516814,0.12475210893318074,0.0039060743704797396,0.06249859494804455
900,nonnormal,isolated,256,v_random_056,0.04955801168661583,0.6719241563371063,0.67145,0.05347838687259313,0.1898418925549995,0.030423653815325052,0.17442377651950164
900,nonnormal,isolated,256,v_random_057,0.05672189984617583,0.6830793540741884,0.68005,0.05441879480777943,0.21728460141231476,0.06953575912338911,0.26369633885093874
900,nonnormal,isolated,256,v_random_058,0.050712460027327884,0.673784847868262,0.6754,0.04968246983714168,0.19426423821413635,0.03365159232672043,0.1834437034262022
900,nonnormal,isolated,256,v_random_059,0.03754307122201267,0.650814614471876,0.65175,0.03906614287798086,0.14381625595037517,0.014445763428736928,0.12019052969654859
900,nonnormal,isolated,256,v_random_060,0.08191629112530391,0.7164814155296834,0.71715,0.08352190745073607,0.3137967648228696,0.2326176947021454,0.48230456632935315
900,nonnormal,isolated,256,v_random_061,0.029184091414475637,0.6336992600895454,0.63715,0.03205513764628477,0.11179550910268786,0.0008448332855595267,0.029066015990491828
900,nonnormal,isolated,256,v_random_062,0.06640009610494227,0.6968507704966793,0.69525,0.06832172556535171,0.2543588711772405,0.03374774325558561,0.18370558852573216
900,nonnormal,isolated,256,v_random_063,0.02356934638470747,0.6205959067781975,0.62265,0.02500173625878649,0.09028710336992032,0.019660323910281326,0.140215277021733
900,nonnormal,isolated,256,v_random_064,0.051270221318014564,0.6746747076367663,0.667,0.051713312863559936,0.1964008545838055,0.01866604613298368,0.136623739273172
900,nonnormal,isolated,256,v_random_065,0.03475539145110096,0.6453721739426254,0.64345,0.03299243046499921,0.13313749008515594,0.0048277393654802565,0.06948193553349141
900,nonnormal,isolated,256,v_random_066,0.06403854371586597,0.693612657267884,0.6897,0.06231369974055367,0.24531247162140218,0.1326650171440346,0.3642320924136623
900,nonnormal,isolated,256,v_random_067,0.02929739289955305,0.6339485780165346,0.63105,0.028124954791054924,0.11222953314086762,5.457791648722293e-05,0.007387686815724048
900,nonnormal,isolated,256,v_random_068,0.016478964036294754,0.6013105767986644,0.59925,0.015164768144631406,0.06312597324885935,0.016939214672015195,0.13015073826919
900,nonnormal,isolated,256,v_random_069,0.03259538606769713,0.640981615821395,0.63935,0.033583685291002544,0.12486315671384528,0.03208677207462505,0.17912780932793504
900,nonnormal,isolated,256,v_random_070,0.011525058843458422,0.5850031522101642,0.58655,0.01124028896470387,0.04414904690861076,0.001978848630407386,0.04448425148754766
900,nonnormal,isolated,256,v_random_071,0.04979984686006314,0.6723160725390193,0.6767,0.05336268818465571,0.19076829063779444,1.5362535013222357e-05,0.0039195069859897375
900,nonnormal,isolated,256,v_random_072,0.029503410168638305,0.6344005389722293,0.6338,0.029130079113831107,0.11301872356500077,0.008239870636739324,0.09077373318719091
900,nonnormal,isolated,256,v_random_073,0.030713257513795677,0.6370197427993097,0.6303,0.028040455067915818,0.11765328620967906,0.010964582143811737,0.10471190067901422
900,nonnormal,isolated,256,v_random_074,0.05954703100124725,0.6872410897084342,0.6889,0.05709756320795539,0.22810683230782297,0.14925449002471514,0.38633468654097725
900,nonnormal,isolated,256,v_random_075,0.06093130924626146,0.6892357977942144,0.6804,0.06254136985480196,0.2334095874610767,0.0004517337808422853,0.021254029755373105
900,nonnormal,isolated,256,v_random_076,0.038099867601646034,0.6518735980350598,0.6444,0.03981191682275593,0.14594917603493776,0.0038358845505798603,0.061934518247741786
900,nonnormal,isolated,256,v_random_077,0.03149222947218814,0.6386756130524025,0.6393,0.033402928299470565,0.12063729436084619,0.06980373880034003,0.2642039719617024
900,nonnormal,isolated,256,v_random_078,0.032296625857707796,0.6403615022815599,0.6387,0.030493389448276592,0.12371869587382694,0.01116992392221025,0.10568786080818482
900,nonnormal,isolated,256,v_random_079,0.023541528230076367,0.6205269252479437,0.6172,0.02378575125426568,0.09018054035532744,0.018311188864222127,0.13531884149748744
900,nonnormal,isolated,256,v_random_080,0.03618524099306026,0.648193693354335,0.6449,0.03588163265981552,0.13861481522142166,0.03649754262551844,0.1910433003942259
900,nonnormal,isolated,256,v_random_081,0.04467557586100569,0.663754579813015,0.66375,0.04666196397713835,0.17113874394457038,0.002132702255198526,0.04618118940865995
900,nonnormal,isolated,256,v_random_082,0.06986470563367772,0.7014719284385758,0.7,0.07362215603432978,0.26763075210051934,0.021244886830457683,0.14575625828916466
900,nonnormal,isolated,256,v_random_083,0.0801627949185286,0.7143917137998418,0.71555,0.0825288296030725,0.30707964629545,0.0345253967878873,0.18581010948785132
900,nonnormal,isolated,256,v_random_084,0.04000547118475229,0.6554318155806214,0.65035,0.04363055969900851,0.15324897234162013,0.004688157584894821,0.06847012184080602
900,nonnormal,isolated,256,v_random_085,0.03943740887658506,0.6543815599070778,0.65285,0.04054121193091427,0.15107289586071576,0.0007685374791229828,0.027722508528684464
900,nonnormal,isolated,256,v_random_086,0.0342702873154451,0.6443999189733622,0.64055,0.03399743525296789,0.13127920150446137,0.002300061969904525,0.047958961309691905
900,nonnormal,isolated,256,v_random_087,0.04294043494546167,0.6607245916897947,0.6581,0.04178379749540404,0.16449193903763643,0.009354331999588555,0.09671779567167851
900,nonnormal,isolated,256,v_random_088,0.07695538846820428,0.7104899732404627,0.7094,0.07768744204347781,0.29479303329384066,0.13734150551867289,0.37059614881791864
900,nonnormal,isolated,256,v_random_089,0.022113747410756723,0.6169247090003706,0.62115,0.022817529548123938,0.08471113987559482,0.017342567834160084,0.1316911835855388
900,nonnormal,isolated,256,v_random_090,0.07079756819326304,0.7026911088018024,0.7005,0.07339130611538591,0.2712042690310462,0.0007041789112731302,0.026536369594824576
900,nonnormal,isolated,256,v_random_091,0.042965176317819556,0.660768296551973,0.65945,0.04320339113168967,0.16458671582130827,0.012663707828869525,0.11253314102463116
900,nonnormal,isolated,256,v_random_092,0.04576913374271557,0.665628730887882,0.66795,0.0491532712521497,0.17532783650129027,0.002921439961409443,0.05405034654291722
900,nonnormal,isolated,256,v_random_093,0.021957132707076922,0.6165219523479148,0.6127,0.021521936329077333,0.0841111958758935,0.0007259217787434229,0.026942935599956863
900,nonnormal,isolated,256,v_random_094,0.03315799817082389,0.642140721659122,0.6387,0.03425049497204344,0.1270183550924109,0.009486987226973729,0.09740116645591945
900,nonnormal,isolated,256,v_random_095,0.042243931928443515,0.6594881401722823,0.6557,0.042788322156000966,0.1618238446887926,0.034602817286492435,0.18601832513624145
900,nonnormal,isolated,256,v_random_096,0.022123254477108813,0.616949107710238,0.6241,0.022747177908899494,0.08474755859796687,0.03996786820603284,0.19991965437653408
900,nonnormal,isolated,256,v_random_097,0.06338266207695685,0.6927000307812243,0.69265,0.06305150979024932,0.24279998559976854,0.051225895594592355,0.22633138446665402
900,nonnormal,isolated,256,v_random_098,0.03379909769127645,0.6434480316046491,0.6419,0.036656403763456205,0.12947421524774655,0.010931677690070737,0.10455466364572523
900,nonnormal,isolated,256,v_random_099,0.037215282882593695,0.6501869569859017,0.6452,0.03553237106583227,0.14256059704488347,0.04502113212973292,0.21218183741718544
900,nonnormal,isolated,256,v_random_100,0.0342514323933424,0.6443619720055526,0.6457,0.03648340321600687,0.13120697394782357,0.04764247336165178,0.21827155875572013
900,nonnormal,isolated,256,v_random_101,0.04849801641647311,0.670192690587083,0.66365,0.047394153069759706,0.18578136830604966,0.08230245709599951,0.28688404817277574
900,nonnormal,isolated,256,v_random_102,0.03830504118399987,0.6522615733356948,0.6531,0.037724550561045955,0.1467351345480162,0.014964017275344492,0.1223275000780466
900,nonnormal,isolated,256,v_random_103,0.09611851577833472,0.732390766824055,0.72995,0.0957961330047266,0.3682012317266698,0.2245644850257846,0.473882353570783
900,nonnormal,isolated,256,v_random_104,0.0466429340424096,0.6671073093133107,0.6669,0.048783201168107464,0.17867510361236855,0.002788398795301768,0.05280529135703891
900,nonnormal,isolated,256,v_random_105,0.03771383960989482,0.6511403581509249,0.65215,0.03685778611012157,0.14447041847305897,0.0007961950520694029,0.02821692846624882
900,nonnormal,isolated,256,v_random_106,0.049193319270304674,0.6713309660837657,0.6715,0.05004960273184644,0.18844486518935838,0.04299231929576764,0.20734589288376956
900,nonnormal,isolated,256,v_random_107,0.06697676126567365,0.6976303940010833,0.6992,0.06735211428010238,0.25656790260844586,0.18690706817157682,0.4323275010586035
900,nonnormal,isolated,256,v_random_108,0.028750489940741013,0.6327401035388314,0.63345,0.03181363840429492,0.11013451178687643,0.010222298445112117,0.10110538286912382
900,nonnormal,isolated,256,v_random_109,0.031295113831703955,0.6382587988760529,0.6353,0.031400230955875755,0.11988220340848227,0.005860589727635686,0.07655448861847153
900,nonnormal,isolated,256,v_random_110,0.025207335499241725,0.6245816739601784,0.62705,0.02715862543340105,0.09656174883903329,0.0010034949220908327,0.031677987974156954
900,nonnormal,isolated,256,v_random_111,0.024807759383897867,0.6236228111749179,0.6229,0.022576538304242944,0.09503109247540965,0.006529717777186469,0.08080666913805115
900,nonnormal,isolated,256,v_random_112,0.0572548411260055,0.6838740449468966,0.6819,0.054316163465076193,0.2193261397577862,0.06300309214930702,0.25100416759350236
900,nonnormal,isolated,256,v_random_113,0.04704184724219647,0.6677768597263785,0.66505,0.04714499183262087,0.1802032205451381,0.0008519161438708633,0.02918760257148338
900,nonnormal,isolated,256,v_random_114,0.028450666250597164,0.6320721472080713,0.63335,0.028683540598034695,0.10898597707306126,0.0004651857242260225,0.021568164600309005
900,nonnormal,isolated,256,v_random_115,0.05107085974752809,0.6743573159262204,0.67745,0.05250999478177091,0.1956371601466029,0.0005992726424942514,0.024480045802535814
900,nonnormal,isolated,256,v_random_116,0.027550659628203904,0.6300432236933976,0.6239,0.025104988221922777,0.10553832139253058,0.009268955213854124,0.09627541334034419
900,nonnormal,isolated,256,v_random_117,0.026706542254710062,0.6281065799110279,0.62435,0.026131772332566285,0.10230476067714167,0.005888999771987933,0.07673981868618099
900,nonnormal,isolated,256,v_random_118,0.04244815129148985,0.6598519040937887,0.65855,0.04380277547702767,0.16260614787363895,0.008812606119097425,0.0938754819912922
900,nonnormal,isolated,256,v_random_119,0.041033954563894276,0.6573115173665582,0.65305,0.041580550489918836,0.1571887839787848,0.11721166289254595,0.3423618887851654
900,nonnormal,isolated,256,v_random_120,0.041696688352234876,0.6585082728196494,0.6526,0.04117701475776312,0.15972751853162212,0.007782748531999516,0.08821988739507389
900,nonnormal,isolated,256,v_random_121,0.015680217682954033,0.598876972963318,0.6015,0.01510915374821209,0.06006621531610601,0.002725796870833074,0.052209164624930304
900,nonnormal,isolated,256,v_random_122,0.05654953374113012,0.682821351688746,0.68545,0.05906952445963246,0.2166243185139383,0.02943339837910707,0.17156164600255813
900,nonnormal,isolated,256,v_random_123,0.042836885321175654,0.660541514251926,0.6574,0.0426006037793873,0.1640952714559722,0.04602402915645056,0.21453211684139642
900,nonnormal,isolated,256,v_random_124,0.04467435309333968,0.6637524691557214,0.66325,0.042407025124940906,0.17113405988804817,0.04603826739994047,0.21456529868536633
900,nonnormal,isolated,256,v_random_125,0.04474223624875209,0.6638695928976266,0.66725,0.04430387426214135,0.17139409991502885,0.009873761244075437,0.09936680151879418
900,nonnormal,isolated,256,v_random_126,0.04134995180859362,0.657883534696905,0.65705,0.0436042767534018,0.15839927473364482,0.006626454820297978,0.08140303937997634
900,nonnormal,isolated,256,v_random_127,0.026431655897703785,0.6274686120917939,0.62675,0.024185539682012872,0.10125175341402513,0.004107906307639581,0.06409295052998872
900,nonnormal,isolated,256,v_learn_s0,0.2605642377923852,0.8463514274244707,0.84365,0.26216487520008364,0.9981435160768701,0.9902139649060481,0.9950949527085584
900,nonnormal,isolated,1024,v_old,0.26104887082422173,0.8465761414751956,0.84375,0.2600143418008642,1.0000000000000007,0.9999999999999991,0.9999999999999996
900,nonnormal,isolated,1024,v_store,0.2438045081569421,0.8383088723268939,0.8446,0.24725094170839854,0.9339420139499817,0.8034056603921398,0.8963289911590162
900,nonnormal,isolated,1024,v_write,0.15863139296020282,0.7871499262872588,0.7874,0.1620696499290381,0.6076693320271742,0.20421707714580836,0.45190383617071495
900,nonnormal,isolated,1024,v_bottom,4.786367322569349e-32,0.5000000000000002,0.50025,0.00015107015642802695,-9.833264002578973e-18,1.9259299443872359e-32,1.3877787807814457e-16
900,nonnormal,isolated,1024,v_worst_positive,0.0030100292009367646,0.543687241406975,0.5461,0.002878530934965034,0.011530519903928553,7.703719777548943e-34,2.7755575615628914e-17
900,nonnormal,isolated,1024,v_random_000,0.033970406291053974,0.6437949725313767,0.643,0.034935829963205954,0.13013044716032537,0.04172964781601079,0.20427835865801053
900,nonnormal,isolated,1024,v_random_001,0.035666861367560324,0.6471782600776426,0.643,0.036298797391238355,0.13662905821024127,0.02905803683720576,0.17046418051076231
900,nonnormal,isolated,1024,v_random_002,0.04694067721986027,0.6676073723581523,0.67045,0.045441254665985045,0.17981566850548839,0.0447130957987597,0.2114547133519603
900,nonnormal,isolated,1024,v_random_003,0.05065748940089926,0.6736968288047578,0.6674,0.05262385534289785,0.194053662216412,0.04447348074546786,0.2108873650683413
900,nonnormal,isolated,1024,v_random_004,0.028794744004479185,0.6328383647239536,0.63535,0.030027878492098977,0.11030403584418591,0.02300908106018897,0.1516874452952154
900,nonnormal,isolated,1024,v_random_005,0.03618295397059868,0.6481892317349776,0.65035,0.03782315588520661,0.13860605432368503,0.003562656026530724,0.05968798896369959
900,nonnormal,isolated,1024,v_random_006,0.02635904010629796,0.6272994703311499,0.6311,0.025905907899231702,0.10097358407670318,0.026494476127720434,0.16277123863791304
900,nonnormal,isolated,1024,v_random_007,0.05727322971435542,0.6839013836918957,0.68915,0.058504468375141346,0.21939658092955552,2.367499575335161e-05,0.004865695813894618
900,nonnormal,isolated,1024,v_random_008,0.028053505553096447,0.6311812768332115,0.6269,0.026644656663754,0.10746457345140713,0.0003678413929136754,0.01917919166476198
900,nonnormal,isolated,1024,v_random_009,0.055674873916090994,0.6815046542608514,0.6839,0.05581063628416076,0.2132737588188225,0.014659535285985018,0.12107656786507048
900,nonnormal,isolated,1024,v_random_010,0.04486301471055755,0.6640777220296712,0.66665,0.04305694997813521,0.1718567660105539,0.01260562611382491,0.11227477950913513
900,nonnormal,isolated,1024,v_random_011,0.059887657050092066,0.687734568366492,0.68905,0.06048340959226164,0.22941166863126436,0.11590596162485642,0.34044964623987556
900,nonnormal,isolated,1024,v_random_012,0.04713089852536964,0.6679258658031496,0.66765,0.04717511299499243,0.18054434932647326,0.027619987972326697,0.16619262309839958
900,nonnormal,isolated,1024,v_random_013,0.027258664942372272,0.6293770751870402,0.6292,0.02770120350747028,0.10441977724824948,0.03225315822362561,0.17959164296710917
900,nonnormal,isolated,1024,v_random_014,0.08276514631532128,0.7174823782871345,0.71885,0.08269256445476117,0.31704847469365827,0.11698486065671604,0.34203049667641633
900,nonnormal,isolated,1024,v_random_015,0.03783170602218938,0.6513646956271213,0.65165,0.038819999532682024,0.14492192937951273,0.007582465081118152,0.08707735113746945
900,nonnormal,isolated,1024,v_random_016,0.01939925032887103,0.6097096578738009,0.60845,0.02078059869369321,0.07431271496260791,0.002804148989179906,0.052954215971723215
900,nonnormal,isolated,1024,v_random_017,0.06997466641054947,0.7016161787314726,0.7019,0.06909996972916266,0.26805197888661714,0.09537195477018497,0.30882350100046624
900,nonnormal,isolated,1024,v_random_018,0.06401195099016957,0.6935757692205307,0.6901,0.06318495074229244,0.24521060285785456,0.005379541797742685,0.07334535975603831
900,nonnormal,isolated,1024,v_random_019,0.02463879866666271,0.6232148027926254,0.6245,0.02648639904828504,0.09438385459730012,0.00849108656434025,0.09214709200153985
900,nonnormal,isolated,1024,v_random_020,0.03810780239229779,0.6518886247699696,0.6515,0.037973589047676067,0.14597957184023924,0.0009170133544722947,0.03028222836041454
900,nonnormal,isolated,1024,v_random_021,0.07584368774791787,0.7091127753800078,0.706,0.07813406041717325,0.29053444095909375,0.03993352281874348,0.19983373793917653
900,nonnormal,isolated,1024,v_random_022,0.039704814607379395,0.6548770344089412,0.6589,0.04034180135146774,0.1520972470864079,0.10187318891077449,0.3191757962483598
900,nonnormal,isolated,1024,v_random_023,0.07268156623131788,0.7051222509225493,0.70035,0.07390924116181036,0.2784213009688073,0.20337600814245968,0.4509722919897182
900,nonnormal,isolated,1024,v_random_024,0.024306286286022917,0.6224073364341125,0.61945,0.023680774258153372,0.09311009930546557,4.016913452618005e-06,0.002004223902815752
900,nonnormal,isolated,1024,v_random_025,0.05614445330401962,0.682213112492688,0.68375,0.055480195035670574,0.21507257674301428,0.1111761924499774,0.333430941050733
900,nonnormal,isolated,1024,v_random_026,0.0428462757539437,0.6605581273721448,0.65585,0.04255739260811464,0.16413124339003346,0.00822732221069517,0.09070458759453774
900,nonnormal,isolated,1024,v_random_027,0.03719202076534814,0.6501422935792864,0.6522,0.03628873280834609,0.14247148684428354,0.028921633677324466,0.1700636165595818
900,nonnormal,isolated,1024,v_random_028,0.041868817108181855,0.658817283287519,0.65545,0.04276202328324913,0.16038689221672373,6.193481759780442e-05,0.00786986769887553
900,nonnormal,isolated,1024,v_random_029,0.03875868076694021,0.6531151543683658,0.6536,0.03817618946684265,0.14847289185571133,0.00023679023335908565,0.015387989906387567
900,nonnormal,isolated,1024,v_random_030,0.04710753596824724,0.6678867903358723,0.67285,0.046603046511644305,0.18045485437080214,0.027449297643274154,0.1656782956312448
900,nonnormal,isolated,1024,v_random_031,0.0221828649341386,0.6171019606724457,0.61445,0.022358686404438263,0.08497590839638425,0.0029188380856025858,0.05402627217939977
900,nonnormal,isolated,1024,v_random_032,0.06689336412882758,0.6975179088132073,0.69855,0.06902085245703177,0.25624843316740686,0.11810197183470215,0.34365967443781087
900,nonnormal,isolated,1024,v_random_033,0.06229090932078001,0.6911676986323525,0.6954,0.06430067856809782,0.23861780793805412,0.16693122019824508,0.40857217256960254
900,nonnormal,isolated,1024,v_random_034,0.03576335904021688,0.6473679216148832,0.64765,0.0352426906758202,0.13699871187835283,0.01425591202344237,0.11939812403652902
900,nonnormal,isolated,1024,v_random_035,0.03451202782746959,0.6448853919527868,0.6462,0.03417428135215551,0.132205236967711,0.007074402275545532,0.0841094660281798
900,nonnormal,isolated,1024,v_random_036,0.03771210768329084,0.6511370587348363,0.64635,0.03775313665046715,0.14446378398121662,0.04455027600381201,0.21106936301560209
900,nonnormal,isolated,1024,v_random_037,0.03892089501034131,0.6534189804679746,0.6539,0.040004536814823674,0.14909428601416497,0.05577786182140763,0.23617337238013864
900,nonnormal,isolated,1024,v_random_038,0.09842117904731358,0.7348155551287585,0.7281,0.09633473664873086,0.3770220447097277,0.09160176378389326,0.3026578328474141
900,nonnormal,isolated,1024,v_random_039,0.02902054587737536,0.6333384260681421,0.6349,0.028206772671223374,0.11116901515699902,0.019702274069076573,0.1403647892780685
900,nonnormal,isolated,1024,v_random_040,0.04028357467436201,0.6559428321601056,0.6518,0.04185628708685529,0.1543143034757164,0.02520790393967957,0.15876997178207083
900,nonnormal,isolated,1024,v_random_041,0.04885235048195454,0.6707739784685296,0.67465,0.04848418885560444,0.18713871593357512,0.052771513804343466,0.22972051237175897
900,nonnormal,isolated,1024,v_random_042,0.04116745070192036,0.6575534835576238,0.65485,0.04019715868780132,0.15770016768101885,0.0035470922913522916,0.059557470491553716
900,nonnormal,isolated,1024,v_random_043,0.014613841537393224,0.595522916992915,0.5973,0.01472008780379891,0.055981247845479226,0.0030858192510768846,0.05555015077456482
900,nonnormal,isolated,1024,v_random_044,0.051052666542321226,0.6743283144771228,0.66855,0.04906323301503619,0.19556746742910736,0.07456133859782507,0.2730592217776669
900,nonnormal,isolated,1024,v_random_045,0.010357997303655227,0.5806468267176059,0.5843,0.010637740629941467,0.039678383863341195,0.006563604627436999,0.08101607635177724
900,nonnormal,isolated,1024,v_random_046,0.08835783990790233,0.7239114408584904,0.71835,0.08900244278910353,0.33847240797834544,0.13294040984133312,0.36460994204949093
900,nonnormal,isolated,1024,v_random_047,0.048217865847512795,0.6697313039421958,0.67045,0.04934889320664494,0.18470819542437508,0.07961452346047104,0.2821604569397899
900,nonnormal,isolated,1024,v_random_048,0.06236804942591344,0.6912765176671175,0.6882,0.060356654863741,0.23891330856554147,0.0808734256412454,0.2843825339946977
900,nonnormal,isolated,1024,v_random_049,0.05098804157245361,0.6742252466799931,0.67405,0.04917164046375271,0.19531990853462314,0.021594822924321345,0.14695177074238114
900,nonnormal,isolated,1024,v_random_050,0.02694935767552172,0.6286671001789202,0.6339,0.02625272464902749,0.10323491379385509,0.0028568152926620014,0.05344918420950877
900,nonnormal,isolated,1024,v_random_051,0.02782381608804287,0.6306628563811274,0.6278,0.02610952622441636,0.10658470193796839,0.0294603743670743,0.17164024693257202
900,nonnormal,isolated,1024,v_random_052,0.041708689389960175,0.6585298415382176,0.65945,0.04411668455665942,0.15977349091099854,0.0015801208894222498,0.039750734451356365
900,nonnormal,isolated,1024,v_random_053,0.04773387028235685,0.6689304186969716,0.669,0.048483187249628634,0.18285415344507921,0.02882992418666546,0.169793769575522
900,nonnormal,isolated,1024,v_random_054,0.04095633724311967,0.6571706226790308,0.65335,0.03854997818993513,0.15689145528117523,0.0020240816482796527,0.044989794934847754
900,nonnormal,isolated,1024,v_random_055,0.03256639716994712,0.640921586850999,0.6366,0.0312130024899079,0.12475210893318074,0.0039060743704797396,0.06249859494804455
900,nonnormal,isolated,1024,v_random_056,0.049558011686615826,0.6719241563371063,0.66975,0.049688687346557535,0.1898418925549995,0.030423653815325052,0.17442377651950164
900,nonnormal,isolated,1024,v_random_057,0.056721899846175816,0.6830793540741884,0.68245,0.05539222294892275,0.21728460141231476,0.06953575912338911,0.26369633885093874
900,nonnormal,isolated,1024,v_random_058,0.05071246002732789,0.673784847868262,0.6694,0.051692121051266346,0.19426423821413635,0.03365159232672043,0.1834437034262022
900,nonnormal,isolated,1024,v_random_059,0.03754307122201266,0.650814614471876,0.6551,0.03793858859953501,0.14381625595037517,0.014445763428736928,0.12019052969654859
900,nonnormal,isolated,1024,v_random_060,0.08191629112530394,0.7164814155296835,0.71365,0.08010701267504927,0.3137967648228696,0.2326176947021454,0.48230456632935315
900,nonnormal,isolated,1024,v_random_061,0.02918409141447563,0.6336992600895454,0.63165,0.028587427728939508,0.11179550910268786,0.0008448332855595267,0.029066015990491828
900,nonnormal,isolated,1024,v_random_062,0.06640009610494228,0.6968507704966794,0.6934,0.0688482657521021,0.2543588711772405,0.03374774325558561,0.18370558852573216
900,nonnormal,isolated,1024,v_random_063,0.023569346384707476,0.6205959067781975,0.6206,0.02476694780348733,0.09028710336992032,0.019660323910281326,0.140215277021733
900,nonnormal,isolated,1024,v_random_064,0.051270221318014564,0.6746747076367663,0.6781,0.05337643223161138,0.1964008545838055,0.01866604613298368,0.136623739273172
900,nonnormal,isolated,1024,v_random_065,0.034755391451100945,0.6453721739426252,0.64125,0.03313190266835447,0.13313749008515594,0.0048277393654802565,0.06948193553349141
900,nonnormal,isolated,1024,v_random_066,0.06403854371586595,0.6936126572678839,0.6924,0.06339233792126797,0.24531247162140218,0.1326650171440346,0.3642320924136623
900,nonnormal,isolated,1024,v_random_067,0.029297392899553028,0.6339485780165346,0.6312,0.028609247453704002,0.11222953314086762,5.457791648722293e-05,0.007387686815724048
900,nonnormal,isolated,1024,v_random_068,0.016478964036294754,0.6013105767986644,0.5953,0.017401624717778372,0.06312597324885935,0.016939214672015195,0.13015073826919
900,nonnormal,isolated,1024,v_random_069,0.03259538606769712,0.640981615821395,0.6347,0.0316703953107577,0.12486315671384528,0.03208677207462505,0.17912780932793504
900,nonnormal,isolated,1024,v_random_070,0.011525058843458422,0.5850031522101642,0.58665,0.011853698314770816,0.04414904690861076,0.001978848630407386,0.04448425148754766
900,nonnormal,isolated,1024,v_random_071,0.04979984686006316,0.6723160725390193,0.66805,0.047673349668522026,0.19076829063779444,1.5362535013222357e-05,0.0039195069859897375
900,nonnormal,isolated,1024,v_random_072,0.029503410168638295,0.6344005389722291,0.63715,0.0284282871218402,0.11301872356500077,0.008239870636739324,0.09077373318719091
900,nonnormal,isolated,1024,v_random_073,0.030713257513795684,0.6370197427993097,0.63845,0.030312125974264997,0.11765328620967906,0.010964582143811737,0.10471190067901422
900,nonnormal,isolated,1024,v_random_074,0.059547031001247246,0.6872410897084342,0.68265,0.06067570382338595,0.22810683230782297,0.14925449002471514,0.38633468654097725
900,nonnormal,isolated,1024,v_random_075,0.060931309246261466,0.6892357977942144,0.69225,0.06429380918580162,0.2334095874610767,0.0004517337808422853,0.021254029755373105
900,nonnormal,isolated,1024,v_random_076,0.038099867601646034,0.6518735980350598,0.65395,0.039640216452598256,0.14594917603493776,0.0038358845505798603,0.061934518247741786
900,nonnormal,isolated,1024,v_random_077,0.03149222947218814,0.6386756130524025,0.6326,0.03130152195828492,0.12063729436084619,0.06980373880034003,0.2642039719617024
900,nonnormal,isolated,1024,v_random_078,0.0322966258577078,0.6403615022815599,0.63675,0.03135383613691943,0.12371869587382694,0.01116992392221025,0.10568786080818482
900,nonnormal,isolated,1024,v_random_079,0.02354152823007637,0.6205269252479437,0.62635,0.023539855897226843,0.09018054035532744,0.018311188864222127,0.13531884149748744
900,nonnormal,isolated,1024,v_random_080,0.03618524099306025,0.648193693354335,0.64515,0.03744670022749472,0.13861481522142166,0.03649754262551844,0.1910433003942259
900,nonnormal,isolated,1024,v_random_081,0.04467557586100568,0.6637545798130149,0.6644,0.046288230906724966,0.17113874394457038,0.002132702255198526,0.04618118940865995
900,nonnormal,isolated,1024,v_random_082,0.06986470563367772,0.7014719284385758,0.70105,0.06947281334430194,0.26763075210051934,0.021244886830457683,0.14575625828916466
900,nonnormal,isolated,1024,v_random_083,0.08016279491852857,0.7143917137998418,0.71165,0.07890483297757077,0.30707964629545,0.0345253967878873,0.18581010948785132
900,nonnormal,isolated,1024,v_random_084,0.04000547118475229,0.6554318155806214,0.6516,0.041866474249320426,0.15324897234162013,0.004688157584894821,0.06847012184080602
900,nonnormal,isolated,1024,v_random_085,0.039437408876585055,0.6543815599070778,0.6564,0.03896973386901131,0.15107289586071576,0.0007685374791229828,0.027722508528684464
900,nonnormal,isolated,1024,v_random_086,0.0342702873154451,0.6443999189733622,0.6448,0.034965095868667084,0.13127920150446137,0.002300061969904525,0.047958961309691905
900,nonnormal,isolated,1024,v_random_087,0.04294043494546168,0.6607245916897947,0.65615,0.04310281915040266,0.16449193903763643,0.009354331999588555,0.09671779567167851
900,nonnormal,isolated,1024,v_random_088,0.07695538846820428,0.7104899732404627,0.71525,0.0766527388656432,0.29479303329384066,0.13734150551867289,0.37059614881791864
900,nonnormal,isolated,1024,v_random_089,0.022113747410756716,0.6169247090003706,0.61715,0.021189240346915404,0.08471113987559482,0.017342567834160084,0.1316911835855388
900,nonnormal,isolated,1024,v_random_090,0.07079756819326302,0.7026911088018024,0.70015,0.07071698643549526,0.2712042690310462,0.0007041789112731302,0.026536369594824576
900,nonnormal,isolated,1024,v_random_091,0.04296517631781957,0.660768296551973,0.65505,0.04339085488813576,0.16458671582130827,0.012663707828869525,0.11253314102463116
900,nonnormal,isolated,1024,v_random_092,0.04576913374271556,0.665628730887882,0.66165,0.04654609353160382,0.17532783650129027,0.002921439961409443,0.05405034654291722
900,nonnormal,isolated,1024,v_random_093,0.021957132707076922,0.6165219523479148,0.6114,0.020765889030073516,0.0841111958758935,0.0007259217787434229,0.026942935599956863
900,nonnormal,isolated,1024,v_random_094,0.03315799817082387,0.642140721659122,0.6408,0.03376853523797761,0.1270183550924109,0.009486987226973729,0.09740116645591945
900,nonnormal,isolated,1024,v_random_095,0.042243931928443515,0.6594881401722823,0.6585,0.04231996875525486,0.1618238446887926,0.034602817286492435,0.18601832513624145
900,nonnormal,isolated,1024,v_random_096,0.02212325447710881,0.616949107710238,0.61355,0.021661704094021697,0.08474755859796687,0.03996786820603284,0.19991965437653408
900,nonnormal,isolated,1024,v_random_097,0.06338266207695684,0.6927000307812243,0.69675,0.06428524722112668,0.24279998559976854,0.051225895594592355,0.22633138446665402
900,nonnormal,isolated,1024,v_random_098,0.03379909769127644,0.6434480316046491,0.64145,0.033987653846155326,0.12947421524774655,0.010931677690070737,0.10455466364572523
900,nonnormal,isolated,1024,v_random_099,0.03721528288259368,0.6501869569859017,0.64465,0.037944798700955545,0.14256059704488347,0.04502113212973292,0.21218183741718544
900,nonnormal,isolated,1024,v_random_100,0.0342514323933424,0.6443619720055526,0.6461,0.034226947395131095,0.13120697394782357,0.04764247336165178,0.21827155875572013
900,nonnormal,isolated,1024,v_random_101,0.0484980164164731,0.670192690587083,0.67105,0.04811803152785697,0.18578136830604966,0.08230245709599951,0.28688404817277574
900,nonnormal,isolated,1024,v_random_102,0.03830504118399986,0.6522615733356948,0.64895,0.03945711293867416,0.1467351345480162,0.014964017275344492,0.1223275000780466
900,nonnormal,isolated,1024,v_random_103,0.0961185157783347,0.732390766824055,0.72965,0.09546702085309722,0.3682012317266698,0.2245644850257846,0.473882353570783
900,nonnormal,isolated,1024,v_random_104,0.0466429340424096,0.6671073093133107,0.66985,0.04645029176535762,0.17867510361236855,0.002788398795301768,0.05280529135703891
900,nonnormal,isolated,1024,v_random_105,0.037713839609894814,0.6511403581509249,0.64245,0.03816191798822324,0.14447041847305897,0.0007961950520694029,0.02821692846624882
900,nonnormal,isolated,1024,v_random_106,0.04919331927030467,0.6713309660837657,0.67345,0.049906005264667146,0.18844486518935838,0.04299231929576764,0.20734589288376956
900,nonnormal,isolated,1024,v_random_107,0.06697676126567365,0.6976303940010833,0.70365,0.0671632259075337,0.25656790260844586,0.18690706817157682,0.4323275010586035
900,nonnormal,isolated,1024,v_random_108,0.028750489940741,0.6327401035388314,0.63455,0.028566059791655014,0.11013451178687643,0.010222298445112117,0.10110538286912382
900,nonnormal,isolated,1024,v_random_109,0.03129511383170394,0.6382587988760527,0.63135,0.03148220416478975,0.11988220340848227,0.005860589727635686,0.07655448861847153
900,nonnormal,isolated,1024,v_random_110,0.025207335499241732,0.6245816739601784,0.62405,0.025532652829614352,0.09656174883903329,0.0010034949220908327,0.031677987974156954
900,nonnormal,isolated,1024,v_random_111,0.02480775938389787,0.6236228111749179,0.62155,0.024583520965047304,0.09503109247540965,0.006529717777186469,0.08080666913805115
900,nonnormal,isolated,1024,v_random_112,0.05725484112600552,0.6838740449468966,0.68195,0.05553538630910444,0.2193261397577862,0.06300309214930702,0.25100416759350236
900,nonnormal,isolated,1024,v_random_113,0.04704184724219647,0.6677768597263785,0.6654,0.048775146652231836,0.1802032205451381,0.0008519161438708633,0.02918760257148338
900,nonnormal,isolated,1024,v_random_114,0.028450666250597147,0.6320721472080713,0.63105,0.02924228950996113,0.10898597707306126,0.0004651857242260225,0.021568164600309005
900,nonnormal,isolated,1024,v_random_115,0.051070859747528105,0.6743573159262204,0.6756,0.051428723267165924,0.1956371601466029,0.0005992726424942514,0.024480045802535814
900,nonnormal,isolated,1024,v_random_116,0.027550659628203897,0.6300432236933976,0.6299,0.028897353401964674,0.10553832139253058,0.009268955213854124,0.09627541334034419
900,nonnormal,isolated,1024,v_random_117,0.02670654225471006,0.6281065799110279,0.62785,0.02869543905613009,0.10230476067714167,0.005888999771987933,0.07673981868618099
900,nonnormal,isolated,1024,v_random_118,0.04244815129148984,0.6598519040937887,0.66085,0.04177388340780859,0.16260614787363895,0.008812606119097425,0.0938754819912922
900,nonnormal,isolated,1024,v_random_119,0.04103395456389425,0.6573115173665581,0.65835,0.04252046605763257,0.1571887839787848,0.11721166289254595,0.3423618887851654
900,nonnormal,isolated,1024,v_random_120,0.041696688352234876,0.6585082728196494,0.658,0.04406595728215102,0.15972751853162212,0.007782748531999516,0.08821988739507389
900,nonnormal,isolated,1024,v_random_121,0.015680217682954033,0.598876972963318,0.6009,0.01451063092968222,0.06006621531610601,0.002725796870833074,0.052209164624930304
900,nonnormal,isolated,1024,v_random_122,0.056549533741130115,0.682821351688746,0.67635,0.05792532286174751,0.2166243185139383,0.02943339837910707,0.17156164600255813
900,nonnormal,isolated,1024,v_random_123,0.04283688532117565,0.660541514251926,0.66,0.04272797436401736,0.1640952714559722,0.04602402915645056,0.21453211684139642
900,nonnormal,isolated,1024,v_random_124,0.04467435309333968,0.6637524691557214,0.6631,0.045718540167587675,0.17113405988804817,0.04603826739994047,0.21456529868536633
900,nonnormal,isolated,1024,v_random_125,0.0447422362487521,0.6638695928976266,0.6602,0.04370279214738436,0.17139409991502885,0.009873761244075437,0.09936680151879418
900,nonnormal,isolated,1024,v_random_126,0.041349951808593625,0.657883534696905,0.65975,0.04213882094109148,0.15839927473364482,0.006626454820297978,0.08140303937997634
900,nonnormal,isolated,1024,v_random_127,0.026431655897703785,0.6274686120917939,0.6289,0.027097746670847876,0.10125175341402513,0.004107906307639581,0.06409295052998872
900,nonnormal,isolated,1024,v_learn_s0,0.26056423779238513,0.8463514274244707,0.85115,0.2619240490359455,0.9981435160768701,0.9902139649060481,0.9950949527085584
900,nonnormal,isolated,4096,v_old,0.2610488708242217,0.8465761414751956,0.84625,0.2595426432568634,1.0000000000000007,0.9999999999999991,0.9999999999999996
900,nonnormal,isolated,4096,v_store,0.24380450815694216,0.8383088723268939,0.83825,0.24859088582791689,0.9339420139499817,0.8034056603921398,0.8963289911590162
900,nonnormal,isolated,4096,v_write,0.15863139296020284,0.7871499262872588,0.7922,0.16697384007073784,0.6076693320271742,0.20421707714580836,0.45190383617071495
900,nonnormal,isolated,4096,v_bottom,4.820094170162143e-32,0.5000000000000002,0.5014,0.00024238968484417331,-9.833264002578973e-18,1.9259299443872359e-32,1.3877787807814457e-16
900,nonnormal,isolated,4096,v_worst_positive,0.0030100292009367638,0.543687241406975,0.53975,0.0032378540977882433,0.011530519903928553,7.703719777548943e-34,2.7755575615628914e-17
900,nonnormal,isolated,4096,v_random_000,0.03397040629105397,0.6437949725313767,0.6415,0.034978977925517296,0.13013044716032537,0.04172964781601079,0.20427835865801053
900,nonnormal,isolated,4096,v_random_001,0.03566686136756032,0.6471782600776426,0.6453,0.03473352530300776,0.13662905821024127,0.02905803683720576,0.17046418051076231
900,nonnormal,isolated,4096,v_random_002,0.04694067721986027,0.6676073723581523,0.66335,0.04491647123369599,0.17981566850548839,0.0447130957987597,0.2114547133519603
900,nonnormal,isolated,4096,v_random_003,0.05065748940089926,0.6736968288047578,0.6688,0.05031252428335511,0.194053662216412,0.04447348074546786,0.2108873650683413
900,nonnormal,isolated,4096,v_random_004,0.028794744004479185,0.6328383647239536,0.6318,0.031759346840724755,0.11030403584418591,0.02300908106018897,0.1516874452952154
900,nonnormal,isolated,4096,v_random_005,0.03618295397059869,0.6481892317349776,0.6501,0.038443735596224854,0.13860605432368503,0.003562656026530724,0.05968798896369959
900,nonnormal,isolated,4096,v_random_006,0.02635904010629795,0.6272994703311499,0.6216,0.027343967652597268,0.10097358407670318,0.026494476127720434,0.16277123863791304
900,nonnormal,isolated,4096,v_random_007,0.05727322971435539,0.6839013836918957,0.6844,0.054672430482389726,0.21939658092955552,2.367499575335161e-05,0.004865695813894618
900,nonnormal,isolated,4096,v_random_008,0.02805350555309645,0.6311812768332115,0.6244,0.027701557817265295,0.10746457345140713,0.0003678413929136754,0.01917919166476198
900,nonnormal,isolated,4096,v_random_009,0.05567487391609098,0.6815046542608513,0.68125,0.05422727781408171,0.2132737588188225,0.014659535285985018,0.12107656786507048
900,nonnormal,isolated,4096,v_random_010,0.044863014710557564,0.6640777220296712,0.66275,0.04383682262800554,0.1718567660105539,0.01260562611382491,0.11227477950913513
900,nonnormal,isolated,4096,v_random_011,0.059887657050092066,0.687734568366492,0.68645,0.06280801016330592,0.22941166863126436,0.11590596162485642,0.34044964623987556
900,nonnormal,isolated,4096,v_random_012,0.04713089852536964,0.6679258658031496,0.6649,0.04593774146566025,0.18054434932647326,0.027619987972326697,0.16619262309839958
900,nonnormal,isolated,4096,v_random_013,0.02725866494237228,0.6293770751870402,0.6306,0.02765351329229443,0.10441977724824948,0.03225315822362561,0.17959164296710917
900,nonnormal,isolated,4096,v_random_014,0.08276514631532128,0.7174823782871345,0.71615,0.0834649725145406,0.31704847469365827,0.11698486065671604,0.34203049667641633
900,nonnormal,isolated,4096,v_random_015,0.037831706022189375,0.6513646956271213,0.64825,0.03895046019687029,0.14492192937951273,0.007582465081118152,0.08707735113746945
900,nonnormal,isolated,4096,v_random_016,0.019399250328871027,0.6097096578738009,0.60795,0.017894208450772747,0.07431271496260791,0.002804148989179906,0.052954215971723215
900,nonnormal,isolated,4096,v_random_017,0.06997466641054949,0.7016161787314726,0.7026,0.07015202536117467,0.26805197888661714,0.09537195477018497,0.30882350100046624
900,nonnormal,isolated,4096,v_random_018,0.0640119509901696,0.6935757692205307,0.69685,0.06012461533057882,0.24521060285785456,0.005379541797742685,0.07334535975603831
900,nonnormal,isolated,4096,v_random_019,0.02463879866666271,0.6232148027926254,0.62255,0.02515987720189941,0.09438385459730012,0.00849108656434025,0.09214709200153985
900,nonnormal,isolated,4096,v_random_020,0.03810780239229778,0.6518886247699696,0.6537,0.04127176408924583,0.14597957184023924,0.0009170133544722947,0.03028222836041454
900,nonnormal,isolated,4096,v_random_021,0.07584368774791787,0.7091127753800078,0.7081,0.07921103415571537,0.29053444095909375,0.03993352281874348,0.19983373793917653
900,nonnormal,isolated,4096,v_random_022,0.039704814607379395,0.6548770344089412,0.65215,0.04006717566814316,0.1520972470864079,0.10187318891077449,0.3191757962483598
900,nonnormal,isolated,4096,v_random_023,0.07268156623131788,0.7051222509225493,0.7053,0.07300362223988557,0.2784213009688073,0.20337600814245968,0.4509722919897182
900,nonnormal,isolated,4096,v_random_024,0.024306286286022927,0.6224073364341126,0.62045,0.02326281861581793,0.09311009930546557,4.016913452618005e-06,0.002004223902815752
900,nonnormal,isolated,4096,v_random_025,0.05614445330401961,0.682213112492688,0.67885,0.05619193295279619,0.21507257674301428,0.1111761924499774,0.333430941050733
900,nonnormal,isolated,4096,v_random_026,0.042846275753943716,0.6605581273721448,0.66165,0.04055949151488487,0.16413124339003346,0.00822732221069517,0.09070458759453774
900,nonnormal,isolated,4096,v_random_027,0.03719202076534814,0.6501422935792864,0.64925,0.03844815110425288,0.14247148684428354,0.028921633677324466,0.1700636165595818
900,nonnormal,isolated,4096,v_random_028,0.041868817108181876,0.658817283287519,0.6593,0.04302327055653318,0.16038689221672373,6.193481759780442e-05,0.00786986769887553
900,nonnormal,isolated,4096,v_random_029,0.03875868076694021,0.6531151543683658,0.65165,0.037168554674785394,0.14847289185571133,0.00023679023335908565,0.015387989906387567
900,nonnormal,isolated,4096,v_random_030,0.04710753596824723,0.6678867903358723,0.66795,0.04493610183456745,0.18045485437080214,0.027449297643274154,0.1656782956312448
900,nonnormal,isolated,4096,v_random_031,0.022182864934138596,0.6171019606724457,0.61235,0.02491044952256255,0.08497590839638425,0.0029188380856025858,0.05402627217939977
900,nonnormal,isolated,4096,v_random_032,0.06689336412882757,0.6975179088132073,0.6934,0.07044675279505741,0.25624843316740686,0.11810197183470215,0.34365967443781087
900,nonnormal,isolated,4096,v_random_033,0.062290909320780005,0.6911676986323525,0.6909,0.062416099107423864,0.23861780793805412,0.16693122019824508,0.40857217256960254
900,nonnormal,isolated,4096,v_random_034,0.03576335904021688,0.6473679216148832,0.64955,0.0379964893687873,0.13699871187835283,0.01425591202344237,0.11939812403652902
900,nonnormal,isolated,4096,v_random_035,0.034512027827469594,0.6448853919527868,0.64555,0.03772441131311832,0.132205236967711,0.007074402275545532,0.0841094660281798
900,nonnormal,isolated,4096,v_random_036,0.037712107683290835,0.6511370587348363,0.6493,0.038658086855813505,0.14446378398121662,0.04455027600381201,0.21106936301560209
900,nonnormal,isolated,4096,v_random_037,0.03892089501034131,0.6534189804679746,0.6538,0.04158989681597272,0.14909428601416497,0.05577786182140763,0.23617337238013864
900,nonnormal,isolated,4096,v_random_038,0.09842117904731355,0.7348155551287584,0.7337,0.10088364713302149,0.3770220447097277,0.09160176378389326,0.3026578328474141
900,nonnormal,isolated,4096,v_random_039,0.02902054587737537,0.6333384260681421,0.63315,0.029722995074595315,0.11116901515699902,0.019702274069076573,0.1403647892780685
900,nonnormal,isolated,4096,v_random_040,0.040283574674362006,0.6559428321601056,0.65445,0.038932104498889855,0.1543143034757164,0.02520790393967957,0.15876997178207083
900,nonnormal,isolated,4096,v_random_041,0.04885235048195456,0.6707739784685296,0.6747,0.047782294072407056,0.18713871593357512,0.052771513804343466,0.22972051237175897
900,nonnormal,isolated,4096,v_random_042,0.04116745070192039,0.6575534835576238,0.65515,0.039175203882528306,0.15770016768101885,0.0035470922913522916,0.059557470491553716
900,nonnormal,isolated,4096,v_random_043,0.014613841537393235,0.595522916992915,0.59065,0.014174712853653515,0.055981247845479226,0.0030858192510768846,0.05555015077456482
900,nonnormal,isolated,4096,v_random_044,0.051052666542321226,0.6743283144771228,0.6753,0.0497477620704346,0.19556746742910736,0.07456133859782507,0.2730592217776669
900,nonnormal,isolated,4096,v_random_045,0.010357997303655234,0.5806468267176059,0.58415,0.01049044743952603,0.039678383863341195,0.006563604627436999,0.08101607635177724
900,nonnormal,isolated,4096,v_random_046,0.08835783990790237,0.7239114408584904,0.7251,0.08643151271993457,0.33847240797834544,0.13294040984133312,0.36460994204949093
900,nonnormal,isolated,4096,v_random_047,0.048217865847512795,0.6697313039421958,0.66765,0.04989381404250735,0.18470819542437508,0.07961452346047104,0.2821604569397899
900,nonnormal,isolated,4096,v_random_048,0.062368049425913424,0.6912765176671175,0.691,0.057748482492978204,0.23891330856554147,0.0808734256412454,0.2843825339946977
900,nonnormal,isolated,4096,v_random_049,0.05098804157245361,0.6742252466799931,0.67505,0.04879776189754778,0.19531990853462314,0.021594822924321345,0.14695177074238114
900,nonnormal,isolated,4096,v_random_050,0.02694935767552173,0.6286671001789204,0.624,0.025306923539862178,0.10323491379385509,0.0028568152926620014,0.05344918420950877
900,nonnormal,isolated,4096,v_random_051,0.027823816088042873,0.6306628563811274,0.6265,0.026068348125960605,0.10658470193796839,0.0294603743670743,0.17164024693257202
900,nonnormal,isolated,4096,v_random_052,0.04170868938996021,0.6585298415382176,0.6601,0.041910719868367266,0.15977349091099854,0.0015801208894222498,0.039750734451356365
900,nonnormal,isolated,4096,v_random_053,0.04773387028235686,0.6689304186969716,0.66985,0.04845578653576424,0.18285415344507921,0.02882992418666546,0.169793769575522
900,nonnormal,isolated,4096,v_random_054,0.040956337243119666,0.6571706226790307,0.65605,0.04033909005984475,0.15689145528117523,0.0020240816482796527,0.044989794934847754
900,nonnormal,isolated,4096,v_random_055,0.032566397169947116,0.640921586850999,0.64075,0.03320433505145229,0.12475210893318074,0.0039060743704797396,0.06249859494804455
900,nonnormal,isolated,4096,v_random_056,0.04955801168661582,0.6719241563371062,0.6719,0.049762614702457374,0.1898418925549995,0.030423653815325052,0.17442377651950164
900,nonnormal,isolated,4096,v_random_057,0.056721899846175844,0.6830793540741884,0.6832,0.05458877164978093,0.21728460141231476,0.06953575912338911,0.26369633885093874
900,nonnormal,isolated,4096,v_random_058,0.05071246002732789,0.673784847868262,0.6732,0.05177639574133596,0.19426423821413635,0.03365159232672043,0.1834437034262022
900,nonnormal,isolated,4096,v_random_059,0.03754307122201267,0.650814614471876,0.64845,0.03844168151255016,0.14381625595037517,0.014445763428736928,0.12019052969654859
900,nonnormal,isolated,4096,v_random_060,0.08191629112530391,0.7164814155296834,0.71755,0.07876232800789743,0.3137967648228696,0.2326176947021454,0.48230456632935315
900,nonnormal,isolated,4096,v_random_061,0.029184091414475644,0.6336992600895455,0.6299,0.031233001441917825,0.11179550910268786,0.0008448332855595267,0.029066015990491828
900,nonnormal,isolated,4096,v_random_062,0.06640009610494227,0.6968507704966793,0.6965,0.07028724030755482,0.2543588711772405,0.03374774325558561,0.18370558852573216
900,nonnormal,isolated,4096,v_random_063,0.02356934638470747,0.6205959067781975,0.6191,0.02573595066899053,0.09028710336992032,0.019660323910281326,0.140215277021733
900,nonnormal,isolated,4096,v_random_064,0.05127022131801458,0.6746747076367663,0.6747,0.05072030152589252,0.1964008545838055,0.01866604613298368,0.136623739273172
900,nonnormal,isolated,4096,v_random_065,0.034755391451100945,0.6453721739426252,0.64685,0.03403044836195647,0.13313749008515594,0.0048277393654802565,0.06948193553349141
900,nonnormal,isolated,4096,v_random_066,0.06403854371586595,0.6936126572678839,0.6935,0.061816261908314935,0.24531247162140218,0.1326650171440346,0.3642320924136623
900,nonnormal,isolated,4096,v_random_067,0.02929739289955304,0.6339485780165346,0.63225,0.028852761319880123,0.11222953314086762,5.457791648722293e-05,0.007387686815724048
900,nonnormal,isolated,4096,v_random_068,0.01647896403629475,0.6013105767986644,0.5998,0.015865058252866687,0.06312597324885935,0.016939214672015195,0.13015073826919
900,nonnormal,isolated,4096,v_random_069,0.03259538606769714,0.640981615821395,0.63825,0.03309051354003832,0.12486315671384528,0.03208677207462505,0.17912780932793504
900,nonnormal,isolated,4096,v_random_070,0.011525058843458426,0.5850031522101643,0.5847,0.011192192824198657,0.04414904690861076,0.001978848630407386,0.04448425148754766
900,nonnormal,isolated,4096,v_random_071,0.049799846860063154,0.6723160725390193,0.6695,0.05131667929958286,0.19076829063779444,1.5362535013222357e-05,0.0039195069859897375
900,nonnormal,isolated,4096,v_random_072,0.029503410168638295,0.6344005389722291,0.6323,0.026960819731838524,0.11301872356500077,0.008239870636739324,0.09077373318719091
900,nonnormal,isolated,4096,v_random_073,0.030713257513795684,0.6370197427993097,0.63575,0.02987649102585781,0.11765328620967906,0.010964582143811737,0.10471190067901422
900,nonnormal,isolated,4096,v_random_074,0.05954703100124726,0.6872410897084342,0.68785,0.059360996541047345,0.22810683230782297,0.14925449002471514,0.38633468654097725
900,nonnormal,isolated,4096,v_random_075,0.06093130924626146,0.6892357977942144,0.68745,0.06390882288463498,0.2334095874610767,0.0004517337808422853,0.021254029755373105
900,nonnormal,isolated,4096,v_random_076,0.038099867601646034,0.6518735980350598,0.65275,0.03694153548485782,0.14594917603493776,0.0038358845505798603,0.061934518247741786
900,nonnormal,isolated,4096,v_random_077,0.03149222947218812,0.6386756130524025,0.63795,0.03230375901678198,0.12063729436084619,0.06980373880034003,0.2642039719617024
900,nonnormal,isolated,4096,v_random_078,0.032296625857707796,0.6403615022815599,0.64235,0.03255366878343726,0.12371869587382694,0.01116992392221025,0.10568786080818482
900,nonnormal,isolated,4096,v_random_079,0.023541528230076374,0.6205269252479437,0.61825,0.024373214635093544,0.09018054035532744,0.018311188864222127,0.13531884149748744
900,nonnormal,isolated,4096,v_random_080,0.03618524099306025,0.648193693354335,0.6423,0.03912930711859876,0.13861481522142166,0.03649754262551844,0.1910433003942259
900,nonnormal,isolated,4096,v_random_081,0.04467557586100568,0.6637545798130149,0.6681,0.04764725958963539,0.17113874394457038,0.002132702255198526,0.04618118940865995
900,nonnormal,isolated,4096,v_random_082,0.06986470563367772,0.7014719284385758,0.698,0.06802389369871345,0.26763075210051934,0.021244886830457683,0.14575625828916466
900,nonnormal,isolated,4096,v_random_083,0.0801627949185286,0.7143917137998418,0.71635,0.08103835075977354,0.30707964629545,0.0345253967878873,0.18581010948785132
900,nonnormal,isolated,4096,v_random_084,0.04000547118475228,0.6554318155806214,0.65495,0.04235219151900259,0.15324897234162013,0.004688157584894821,0.06847012184080602
900,nonnormal,isolated,4096,v_random_085,0.039437408876585055,0.6543815599070778,0.65115,0.03827222548637067,0.15107289586071576,0.0007685374791229828,0.027722508528684464
900,nonnormal,isolated,4096,v_random_086,0.03427028731544509,0.6443999189733622,0.64235,0.03297866837247703,0.13127920150446137,0.002300061969904525,0.047958961309691905
900,nonnormal,isolated,4096,v_random_087,0.042940434945461674,0.6607245916897947,0.6585,0.04384781444434427,0.16449193903763643,0.009354331999588555,0.09671779567167851
900,nonnormal,isolated,4096,v_random_088,0.07695538846820427,0.7104899732404627,0.71035,0.07512946551891185,0.29479303329384066,0.13734150551867289,0.37059614881791864
900,nonnormal,isolated,4096,v_random_089,0.02211374741075672,0.6169247090003706,0.6205,0.021812197823316094,0.08471113987559482,0.017342567834160084,0.1316911835855388
900,nonnormal,isolated,4096,v_random_090,0.07079756819326302,0.7026911088018024,0.6958,0.07613733738730467,0.2712042690310462,0.0007041789112731302,0.026536369594824576
900,nonnormal,isolated,4096,v_random_091,0.04296517631781956,0.660768296551973,0.6583,0.04730889794021904,0.16458671582130827,0.012663707828869525,0.11253314102463116
900,nonnormal,isolated,4096,v_random_092,0.04576913374271556,0.665628730887882,0.65885,0.049222582821618906,0.17532783650129027,0.002921439961409443,0.05405034654291722
900,nonnormal,isolated,4096,v_random_093,0.021957132707076915,0.6165219523479148,0.61705,0.02190764425769745,0.0841111958758935,0.0007259217787434229,0.026942935599956863
900,nonnormal,isolated,4096,v_random_094,0.03315799817082388,0.642140721659122,0.63945,0.033515755382798995,0.1270183550924109,0.009486987226973729,0.09740116645591945
900,nonnormal,isolated,4096,v_random_095,0.042243931928443515,0.6594881401722823,0.663,0.04060523786818375,0.1618238446887926,0.034602817286492435,0.18601832513624145
900,nonnormal,isolated,4096,v_random_096,0.022123254477108806,0.616949107710238,0.61785,0.021623676182020143,0.08474755859796687,0.03996786820603284,0.19991965437653408
900,nonnormal,isolated,4096,v_random_097,0.06338266207695681,0.6927000307812243,0.6936,0.0649323503618677,0.24279998559976854,0.051225895594592355,0.22633138446665402
900,nonnormal,isolated,4096,v_random_098,0.033799097691276446,0.6434480316046491,0.64045,0.03691499027406063,0.12947421524774655,0.010931677690070737,0.10455466364572523
900,nonnormal,isolated,4096,v_random_099,0.03721528288259368,0.6501869569859017,0.6458,0.03722332468562724,0.14256059704488347,0.04502113212973292,0.21218183741718544
900,nonnormal,isolated,4096,v_random_100,0.03425143239334239,0.6443619720055526,0.6439,0.036929863156788804,0.13120697394782357,0.04764247336165178,0.21827155875572013
900,nonnormal,isolated,4096,v_random_101,0.0484980164164731,0.670192690587083,0.6685,0.047326120134274105,0.18578136830604966,0.08230245709599951,0.28688404817277574
900,nonnormal,isolated,4096,v_random_102,0.03830504118399986,0.6522615733356948,0.65605,0.03521810305434681,0.1467351345480162,0.014964017275344492,0.1223275000780466
900,nonnormal,isolated,4096,v_random_103,0.09611851577833469,0.732390766824055,0.73115,0.09493100963124787,0.3682012317266698,0.2245644850257846,0.473882353570783
900,nonnormal,isolated,4096,v_random_104,0.046642934042409594,0.6671073093133107,0.66595,0.048646678984435296,0.17867510361236855,0.002788398795301768,0.05280529135703891
900,nonnormal,isolated,4096,v_random_105,0.037713839609894814,0.6511403581509249,0.6502,0.03886756409896632,0.14447041847305897,0.0007961950520694029,0.02821692846624882
900,nonnormal,isolated,4096,v_random_106,0.049193319270304674,0.6713309660837657,0.67005,0.04767340740267028,0.18844486518935838,0.04299231929576764,0.20734589288376956
900,nonnormal,isolated,4096,v_random_107,0.06697676126567365,0.6976303940010833,0.6972,0.06803688521829188,0.25656790260844586,0.18690706817157682,0.4323275010586035
900,nonnormal,isolated,4096,v_random_108,0.028750489940741017,0.6327401035388315,0.63095,0.03005682382867995,0.11013451178687643,0.010222298445112117,0.10110538286912382
900,nonnormal,isolated,4096,v_random_109,0.03129511383170394,0.6382587988760527,0.63205,0.031029672877591792,0.11988220340848227,0.005860589727635686,0.07655448861847153
900,nonnormal,isolated,4096,v_random_110,0.025207335499241732,0.6245816739601784,0.62815,0.026702962904648367,0.09656174883903329,0.0010034949220908327,0.031677987974156954
900,nonnormal,isolated,4096,v_random_111,0.024807759383897884,0.6236228111749179,0.6175,0.023950887255114094,0.09503109247540965,0.006529717777186469,0.08080666913805115
900,nonnormal,isolated,4096,v_random_112,0.05725484112600551,0.6838740449468966,0.6835,0.05877224232581242,0.2193261397577862,0.06300309214930702,0.25100416759350236
900,nonnormal,isolated,4096,v_random_113,0.04704184724219648,0.6677768597263785,0.66495,0.046220927942096396,0.1802032205451381,0.0008519161438708633,0.02918760257148338
900,nonnormal,isolated,4096,v_random_114,0.028450666250597154,0.6320721472080713,0.62815,0.030437911920347914,0.10898597707306126,0.0004651857242260225,0.021568164600309005
900,nonnormal,isolated,4096,v_random_115,0.0510708597475281,0.6743573159262204,0.67865,0.04895241221720567,0.1956371601466029,0.0005992726424942514,0.024480045802535814
900,nonnormal,isolated,4096,v_random_116,0.027550659628203904,0.6300432236933976,0.6308,0.02828850525330638,0.10553832139253058,0.009268955213854124,0.09627541334034419
900,nonnormal,isolated,4096,v_random_117,0.026706542254710065,0.6281065799110279,0.6297,0.028684507422682665,0.10230476067714167,0.005888999771987933,0.07673981868618099
900,nonnormal,isolated,4096,v_random_118,0.042448151291489836,0.6598519040937887,0.65675,0.04404335035709651,0.16260614787363895,0.008812606119097425,0.0938754819912922
900,nonnormal,isolated,4096,v_random_119,0.041033954563894276,0.6573115173665582,0.65875,0.041005398850838044,0.1571887839787848,0.11721166289254595,0.3423618887851654
900,nonnormal,isolated,4096,v_random_120,0.04169668835223488,0.6585082728196494,0.66135,0.04137635741397755,0.15972751853162212,0.007782748531999516,0.08821988739507389
900,nonnormal,isolated,4096,v_random_121,0.015680217682954037,0.5988769729633181,0.60045,0.01423901042512349,0.06006621531610601,0.002725796870833074,0.052209164624930304
900,nonnormal,isolated,4096,v_random_122,0.05654953374113011,0.682821351688746,0.68185,0.05994698878353465,0.2166243185139383,0.02943339837910707,0.17156164600255813
900,nonnormal,isolated,4096,v_random_123,0.04283688532117566,0.660541514251926,0.65795,0.04082543028824999,0.1640952714559722,0.04602402915645056,0.21453211684139642
900,nonnormal,isolated,4096,v_random_124,0.0446743530933397,0.6637524691557215,0.663,0.04572027711732611,0.17113405988804817,0.04603826739994047,0.21456529868536633
900,nonnormal,isolated,4096,v_random_125,0.0447422362487521,0.6638695928976266,0.66735,0.045981888875813504,0.17139409991502885,0.009873761244075437,0.09936680151879418
900,nonnormal,isolated,4096,v_random_126,0.04134995180859363,0.657883534696905,0.6565,0.04393818548585851,0.15839927473364482,0.006626454820297978,0.08140303937997634
900,nonnormal,isolated,4096,v_random_127,0.02643165589770378,0.6274686120917939,0.62405,0.024566455617506613,0.10125175341402513,0.004107906307639581,0.06409295052998872
900,nonnormal,isolated,4096,v_learn_s0,0.2605642377923852,0.8463514274244707,0.84595,0.26295989626994887,0.9981435160768701,0.9902139649060481,0.9950949527085584
900,nonnormal,open,64,v_old,0.09879948394296516,0.7352101389142538,0.7395,0.10352615836175891,1.0000000000000007,0.9999999999999991,0.9999999999999996
900,nonnormal,open,64,v_store,0.08673840365766677,0.7220786492356889,0.7228,0.08476638760602857,0.9339420139499817,0.8034056603921398,0.8963289911590162
900,nonnormal,open,64,v_write,0.054131719700561305,0.6791504494090723,0.67895,0.05086487251857382,0.6076693320271742,0.20421707714580836,0.45190383617071495
900,nonnormal,open,64,v_bottom,0.0011399468642069954,0.5269185968037466,0.53255,0.0012422491678730626,-9.833264002578973e-18,1.9259299443872359e-32,1.3877787807814457e-16
900,nonnormal,open,64,v_worst_positive,0.00813053380046479,0.571556758551962,0.572,0.00924781589051887,0.011530519903928553,7.703719777548943e-34,2.7755575615628914e-17
900,nonnormal,open,64,v_random_000,0.015744311788868127,0.5990746524029986,0.59765,0.01481351100842906,0.13013044716032537,0.04172964781601079,0.20427835865801053
900,nonnormal,open,64,v_random_001,0.017119067174350015,0.6032158062464715,0.5953,0.0186534985900611,0.13662905821024127,0.02905803683720576,0.17046418051076231
900,nonnormal,open,64,v_random_002,0.020576044746368073,0.6129005964362231,0.6197,0.02134064526010506,0.17981566850548839,0.0447130957987597,0.2114547133519603
900,nonnormal,open,64,v_random_003,0.013807956262405552,0.5929012686230052,0.59025,0.015016397723804132,0.194053662216412,0.04447348074546786,0.2108873650683413
900,nonnormal,open,64,v_random_004,0.010591165992057498,0.5815368897501276,0.5776,0.01215564934971625,0.11030403584418591,0.02300908106018897,0.1516874452952154
900,nonnormal,open,64,v_random_005,0.011747737818694884,0.5858077482134922,0.58285,0.013967866614334778,0.13860605432368503,0.003562656026530724,0.05968798896369959
900,nonnormal,open,64,v_random_006,0.017917176681232102,0.6055387691139391,0.60545,0.018390801070665652,0.10097358407670318,0.026494476127720434,0.16277123863791304
900,nonnormal,open,64,v_random_007,0.029494720460756563,0.6343815111732782,0.6302,0.029891722574977346,0.21939658092955552,2.367499575335161e-05,0.004865695813894618
900,nonnormal,open,64,v_random_008,0.013116580880742688,0.5905870264804178,0.58245,0.014995385731437567,0.10746457345140713,0.0003678413929136754,0.01917919166476198
900,nonnormal,open,64,v_random_009,0.015255594108859776,0.5975563652858649,0.5987,0.014333605623332826,0.2132737588188225,0.014659535285985018,0.12107656786507048
900,nonnormal,open,64,v_random_010,0.011846245868302947,0.5861611350649182,0.5827,0.011335524728031142,0.1718567660105539,0.01260562611382491,0.11227477950913513
900,nonnormal,open,64,v_random_011,0.017520124151852924,0.6043901933776806,0.5972,0.018556099358591108,0.22941166863126436,0.11590596162485642,0.34044964623987556
900,nonnormal,open,64,v_random_012,0.012141481025513835,0.5872111351748449,0.58185,0.012913250205319613,0.18054434932647326,0.027619987972326697,0.16619262309839958
900,nonnormal,open,64,v_random_013,0.0125134199276302,0.5885150532985828,0.58515,0.014605738309926947,0.10441977724824948,0.03225315822362561,0.17959164296710917
900,nonnormal,open,64,v_random_014,0.02977149399076853,0.6349860278908904,0.6409,0.031237882186705236,0.31704847469365827,0.11698486065671604,0.34203049667641633
900,nonnormal,open,64,v_random_015,0.014914239268840357,0.5964805212449715,0.59145,0.01694151882237225,0.14492192937951273,0.007582465081118152,0.08707735113746945
900,nonnormal,open,64,v_random_016,0.0061719311621140725,0.5624261540757229,0.56645,0.005263481109700104,0.07431271496260791,0.002804148989179906,0.052954215971723215
900,nonnormal,open,64,v_random_017,0.024245118156859626,0.6222581381433745,0.6186,0.021891262226506152,0.26805197888661714,0.09537195477018497,0.30882350100046624
900,nonnormal,open,64,v_random_018,0.015216132557103652,0.597432651788969,0.5945,0.015785913423864657,0.24521060285785456,0.005379541797742685,0.07334535975603831
900,nonnormal,open,64,v_random_019,0.008417158920253954,0.5727932772040581,0.56795,0.007641438381414965,0.09438385459730012,0.00849108656434025,0.09214709200153985
900,nonnormal,open,64,v_random_020,0.01334774281115192,0.5913677943964328,0.5936,0.014956783235722231,0.14597957184023924,0.0009170133544722947,0.03028222836041454
900,nonnormal,open,64,v_random_021,0.02097562738966175,0.6139615517068673,0.61305,0.022086499927519744,0.29053444095909375,0.03993352281874348,0.19983373793917653
900,nonnormal,open,64,v_random_022,0.015837956665293664,0.5993627050810462,0.59315,0.015481486311439939,0.1520972470864079,0.10187318891077449,0.3191757962483598
900,nonnormal,open,64,v_random_023,0.02534745173827036,0.6249159283911734,0.6304,0.026852200866617278,0.2784213009688073,0.20337600814245968,0.4509722919897182
900,nonnormal,open,64,v_random_024,0.010448679388626564,0.5809942108976067,0.5795,0.011658906972502617,0.09311009930546557,4.016913452618005e-06,0.002004223902815752
900,nonnormal,open,64,v_random_025,0.018324788216584054,0.6067037885954385,0.60525,0.020083091675682986,0.21507257674301428,0.1111761924499774,0.333430941050733
900,nonnormal,open,64,v_random_026,0.011491856760744303,0.5848824901252384,0.5799,0.011463458422841463,0.16413124339003346,0.00822732221069517,0.09070458759453774
900,nonnormal,open,64,v_random_027,0.01795348269699557,0.6056431102604473,0.6087,0.019577298231420112,0.14247148684428354,0.028921633677324466,0.1700636165595818
900,nonnormal,open,64,v_random_028,0.013561800787389533,0.5920844660188801,0.5925,0.01339795940823554,0.16038689221672373,6.193481759780442e-05,0.00786986769887553
900,nonnormal,open,64,v_random_029,0.01945460421355844,0.6098620569080339,0.6033,0.021048388656568003,0.14847289185571133,0.00023679023335908565,0.015387989906387567
900,nonnormal,open,64,v_random_030,0.015855827601707763,0.5994175733055414,0.5932,0.015880231546464015,0.18045485437080214,0.027449297643274154,0.1656782956312448
900,nonnormal,open,64,v_random_031,0.007265414560825908,0.5676816254536186,0.55815,0.0078731964816346,0.08497590839638425,0.0029188380856025858,0.05402627217939977
900,nonnormal,open,64,v_random_032,0.01959458825332403,0.6102464180227154,0.6113,0.01985351993575297,0.25624843316740686,0.11810197183470215,0.34365967443781087
900,nonnormal,open,64,v_random_033,0.025044568754653492,0.6241920990634574,0.6183,0.023768981114034256,0.23861780793805412,0.16693122019824508,0.40857217256960254
900,nonnormal,open,64,v_random_034,0.014812682565983407,0.5961579325771699,0.5972,0.014873189512882908,0.13699871187835283,0.01425591202344237,0.11939812403652902
900,nonnormal,open,64,v_random_035,0.009210549462961088,0.5761066570302399,0.57055,0.010698687860850414,0.132205236967711,0.007074402275545532,0.0841094660281798
900,nonnormal,open,64,v_random_036,0.01828915170393946,0.6066024917662697,0.61425,0.020501627875722718,0.14446378398121662,0.04455027600381201,0.21106936301560209
900,nonnormal,open,64,v_random_037,0.009958204259322494,0.5790960922736266,0.5781,0.009148220055501154,0.14909428601416497,0.05577786182140763,0.23617337238013864
900,nonnormal,open,64,v_random_038,0.02683948185572212,0.6284138083661474,0.6276,0.029027249507884455,0.3770220447097277,0.09160176378389326,0.3026578328474141
900,nonnormal,open,64,v_random_039,0.020433867488326325,0.6125204060864232,0.61955,0.020022204111956952,0.11116901515699902,0.019702274069076573,0.1403647892780685
900,nonnormal,open,64,v_random_040,0.01456260709888612,0.595358555592121,0.59345,0.01716463958188155,0.1543143034757164,0.02520790393967957,0.15876997178207083
900,nonnormal,open,64,v_random_041,0.015483290532718543,0.5982669086657616,0.5949,0.01591857409089851,0.18713871593357512,0.052771513804343466,0.22972051237175897
900,nonnormal,open,64,v_random_042,0.013832261542247211,0.5929815012492996,0.59535,0.015453377391463085,0.15770016768101885,0.0035470922913522916,0.059557470491553716
900,nonnormal,open,64,v_random_043,0.008587210961006187,0.5735166252136986,0.5649,0.008977742718891409,0.055981247845479226,0.0030858192510768846,0.05555015077456482
900,nonnormal,open,64,v_random_044,0.015382200791429693,0.5979521400342471,0.59595,0.01718517897165612,0.19556746742910736,0.07456133859782507,0.2730592217776669
900,nonnormal,open,64,v_random_045,0.00854666128937595,0.5733448170452755,0.5721,0.008887550443120272,0.039678383863341195,0.006563604627436999,0.08101607635177724
900,nonnormal,open,64,v_random_046,0.03473100622381852,0.6453234856639294,0.64025,0.03800839487813178,0.33847240797834544,0.13294040984133312,0.36460994204949093
900,nonnormal,open,64,v_random_047,0.022526504580227806,0.6179787907288152,0.61195,0.022920099406070406,0.18470819542437508,0.07961452346047104,0.2821604569397899
900,nonnormal,open,64,v_random_048,0.022375228003945345,0.6175936980331816,0.61895,0.02371948587567182,0.23891330856554147,0.0808734256412454,0.2843825339946977
900,nonnormal,open,64,v_random_049,0.012932537698766483,0.5899602133309824,0.594,0.012087442101718643,0.19531990853462314,0.021594822924321345,0.14695177074238114
900,nonnormal,open,64,v_random_050,0.017791589753630623,0.6051769640342123,0.6034,0.01775048488174684,0.10323491379385509,0.0028568152926620014,0.05344918420950877
900,nonnormal,open,64,v_random_051,0.01791424085466406,0.6055303267887129,0.6062,0.01911595591508818,0.10658470193796839,0.0294603743670743,0.17164024693257202
900,nonnormal,open,64,v_random_052,0.01745746528010918,0.6042076683996166,0.60575,0.016201415920341383,0.15977349091099854,0.0015801208894222498,0.039750734451356365
900,nonnormal,open,64,v_random_053,0.010767240623901312,0.5822022630755138,0.5767,0.011377789120847597,0.18285415344507921,0.02882992418666546,0.169793769575522
900,nonnormal,open,64,v_random_054,0.010972761647520436,0.5829717742978905,0.5844,0.012369018744560029,0.15689145528117523,0.0020240816482796527,0.044989794934847754
900,nonnormal,open,64,v_random_055,0.00951650781950385,0.5773446962886567,0.5774,0.009476366316753231,0.12475210893318074,0.0039060743704797396,0.06249859494804455
900,nonnormal,open,64,v_random_056,0.01707659879411179,0.6030905918321834,0.60485,0.01822095248202403,0.1898418925549995,0.030423653815325052,0.17442377651950164
900,nonnormal,open,64,v_random_057,0.009272411259072766,0.57635867725478,0.56995,0.00838764742700091,0.21728460141231476,0.06953575912338911,0.26369633885093874
900,nonnormal,open,64,v_random_058,0.012580843525021555,0.588749234410043,0.5925,0.012076120356968058,0.19426423821413635,0.03365159232672043,0.1834437034262022
900,nonnormal,open,64,v_random_059,0.01152692572615958,0.5850099313811153,0.58305,0.012055622614446574,0.14381625595037517,0.014445763428736928,0.12019052969654859
900,nonnormal,open,64,v_random_060,0.029519507830884795,0.6344357796468125,0.6372,0.031520269229488244,0.3137967648228696,0.2326176947021454,0.48230456632935315
900,nonnormal,open,64,v_random_061,0.0121811628284989,0.5873512383665703,0.5873,0.014295551686172279,0.11179550910268786,0.0008448332855595267,0.029066015990491828
900,nonnormal,open,64,v_random_062,0.019896956149835082,0.6110716215584776,0.6131,0.020002144001583913,0.2543588711772405,0.03374774325558561,0.18370558852573216
900,nonnormal,open,64,v_random_063,0.008067475587777638,0.5712817146426592,0.5715,0.008669822926339006,0.09028710336992032,0.019660323910281326,0.140215277021733
900,nonnormal,open,64,v_random_064,0.015920257811129702,0.5996151175877932,0.59195,0.015147823301193984,0.1964008545838055,0.01866604613298368,0.136623739273172
900,nonnormal,open,64,v_random_065,0.00931824520167444,0.5765448394262979,0.57155,0.008451951417196438,0.13313749008515594,0.0048277393654802565,0.06948193553349141
900,nonnormal,open,64,v_random_066,0.022796377307572745,0.6186622991538121,0.6144,0.024078742257863835,0.24531247162140218,0.1326650171440346,0.3642320924136623
900,nonnormal,open,64,v_random_067,0.013820016932438955,0.5929410906461927,0.58385,0.012907220863204756,0.11222953314086762,5.457791648722293e-05,0.007387686815724048
900,nonnormal,open,64,v_random_068,0.010577911457682509,0.5814865692461699,0.5807,0.009620839680570432,0.06312597324885935,0.016939214672015195,0.13015073826919
900,nonnormal,open,64,v_random_069,0.008344812805827741,0.5724832504843717,0.56745,0.009394295588688298,0.12486315671384528,0.03208677207462505,0.17912780932793504
900,nonnormal,open,64,v_random_070,0.009222438305345675,0.5761551592308913,0.57395,0.00839133492498183,0.04414904690861076,0.001978848630407386,0.04448425148754766
900,nonnormal,open,64,v_random_071,0.017851695895028063,0.6053502947484061,0.6056,0.01764836474741072,0.19076829063779444,1.5362535013222357e-05,0.0039195069859897375
900,nonnormal,open,64,v_random_072,0.016027263472811932,0.5999422617991097,0.59825,0.01675614358548812,0.11301872356500077,0.008239870636739324,0.09077373318719091
900,nonnormal,open,64,v_random_073,0.008174957773660615,0.5717498640062927,0.5693,0.00896498700081344,0.11765328620967906,0.010964582143811737,0.10471190067901422
900,nonnormal,open,64,v_random_074,0.01929830682502234,0.6094311381745262,0.6101,0.020707038483812137,0.22810683230782297,0.14925449002471514,0.38633468654097725
900,nonnormal,open,64,v_random_075,0.01592446439753152,0.5996280002659982,0.5969,0.016684685357125188,0.2334095874610767,0.0004517337808422853,0.021254029755373105
900,nonnormal,open,64,v_random_076,0.016958477527796015,0.6027414440946853,0.59545,0.016539603547136662,0.14594917603493776,0.0038358845505798603,0.061934518247741786
900,nonnormal,open,64,v_random_077,0.016502119620107863,0.6013801793026092,0.607,0.01691602379521642,0.12063729436084619,0.06980373880034003,0.2642039719617024
900,nonnormal,open,64,v_random_078,0.00961919227222732,0.5777555608217705,0.5751,0.010963149240512674,0.12371869587382694,0.01116992392221025,0.10568786080818482
900,nonnormal,open,64,v_random_079,0.014180274984025177,0.5941222444143321,0.5902,0.015263787112300585,0.09018054035532744,0.018311188864222127,0.13531884149748744
900,nonnormal,open,64,v_random_080,0.014491616518359276,0.5951303094730046,0.5959,0.015784917747669783,0.13861481522142166,0.03649754262551844,0.1910433003942259
900,nonnormal,open,64,v_random_081,0.018572152189986677,0.6074040251224678,0.6055,0.018812792578425677,0.17113874394457038,0.002132702255198526,0.04618118940865995
900,nonnormal,open,64,v_random_082,0.02640066223201244,0.6273964509476639,0.62515,0.027098453923809593,0.26763075210051934,0.021244886830457683,0.14575625828916466
900,nonnormal,open,64,v_random_083,0.025247087614603834,0.6246766083675854,0.62775,0.023958590845670806,0.30707964629545,0.0345253967878873,0.18581010948785132
900,nonnormal,open,64,v_random_084,0.013124880301498509,0.5906151832173429,0.59225,0.014201857912149559,0.15324897234162013,0.004688157584894821,0.06847012184080602
900,nonnormal,open,64,v_random_085,0.009847309884875668,0.5786602374659299,0.5786,0.010084948515642605,0.15107289586071576,0.0007685374791229828,0.027722508528684464
900,nonnormal,open,64,v_random_086,0.0126411157748209,0.5889580195664013,0.58835,0.012791277936192117,0.13127920150446137,0.002300061969904525,0.047958961309691905
900,nonnormal,open,64,v_random_087,0.008254307240883241,0.5720934426544667,0.56285,0.009462694727522156,0.16449193903763643,0.009354331999588555,0.09671779567167851
900,nonnormal,open,64,v_random_088,0.02814865470330779,0.631395341679285,0.62965,0.02567759781743297,0.29479303329384066,0.13734150551867289,0.37059614881791864
900,nonnormal,open,64,v_random_089,0.010793540071260897,0.5823011584092093,0.5771,0.010947225102323125,0.08471113987559482,0.017342567834160084,0.1316911835855388
900,nonnormal,open,64,v_random_090,0.016355594905826602,0.6009388645200295,0.59735,0.016697033627477587,0.2712042690310462,0.0007041789112731302,0.026536369594824576
900,nonnormal,open,64,v_random_091,0.013892231993614801,0.5931791482551735,0.59125,0.015436664560175345,0.16458671582130827,0.012663707828869525,0.11253314102463116
900,nonnormal,open,64,v_random_092,0.01260946314095886,0.5888484390988389,0.593,0.012719338024908818,0.17532783650129027,0.002921439961409443,0.05405034654291722
900,nonnormal,open,64,v_random_093,0.012904061157580152,0.5898628099557397,0.58475,0.012518562607196616,0.0841111958758935,0.0007259217787434229,0.026942935599956863
900,nonnormal,open,64,v_random_094,0.01144535591161161,0.5847131911413188,0.58335,0.012073413601086696,0.1270183550924109,0.009486987226973729,0.09740116645591945
900,nonnormal,open,64,v_random_095,0.019236123814731033,0.6092591743120591,0.61345,0.020713460165007188,0.1618238446887926,0.034602817286492435,0.18601832513624145
900,nonnormal,open,64,v_random_096,0.009276825626473265,0.5763766276778066,0.57915,0.010390083204075069,0.08474755859796687,0.03996786820603284,0.19991965437653408
900,nonnormal,open,64,v_random_097,0.01148254027609331,0.5848485996678052,0.5817,0.012140547907918384,0.24279998559976854,0.051225895594592355,0.22633138446665402
900,nonnormal,open,64,v_random_098,0.009644700615305417,0.5778572721161099,0.57495,0.01174571599231387,0.12947421524774655,0.010931677690070737,0.10455466364572523
900,nonnormal,open,64,v_random_099,0.007731386357903781,0.569796700822299,0.5661,0.0060044108532632725,0.14256059704488347,0.04502113212973292,0.21218183741718544
900,nonnormal,open,64,v_random_100,0.00986838150936179,0.5787432521125914,0.5727,0.009714479635695356,0.13120697394782357,0.04764247336165178,0.21827155875572013
900,nonnormal,open,64,v_random_101,0.02180645960179281,0.6161329979227953,0.61195,0.02021435500344276,0.18578136830604966,0.08230245709599951,0.28688404817277574
900,nonnormal,open,64,v_random_102,0.015347316573550669,0.5978432644252096,0.5959,0.015467558068339486,0.1467351345480162,0.014964017275344492,0.1223275000780466
900,nonnormal,open,64,v_random_103,0.027407703667909664,0.6297175799658452,0.6328,0.027289513395991675,0.3682012317266698,0.2245644850257846,0.473882353570783
900,nonnormal,open,64,v_random_104,0.007716290834633452,0.5697292273819133,0.5633,0.008781832953082672,0.17867510361236855,0.002788398795301768,0.05280529135703891
900,nonnormal,open,64,v_random_105,0.011378473836870271,0.5844690568650576,0.58935,0.011198141069008488,0.14447041847305897,0.0007961950520694029,0.02821692846624882
900,nonnormal,open,64,v_random_106,0.01930761691253315,0.6094568590363489,0.60375,0.018497231817248137,0.18844486518935838,0.04299231929576764,0.20734589288376956
900,nonnormal,open,64,v_random_107,0.034444715897766855,0.6447504082753283,0.64245,0.03354995847024396,0.25656790260844586,0.18690706817157682,0.4323275010586035
900,nonnormal,open,64,v_random_108,0.011593758977527124,0.5852522443115138,0.58825,0.013273118979481639,0.11013451178687643,0.010222298445112117,0.10110538286912382
900,nonnormal,open,64,v_random_109,0.012997125628066568,0.5901807177132535,0.58475,0.01379617843654956,0.11988220340848227,0.005860589727635686,0.07655448861847153
900,nonnormal,open,64,v_random_110,0.012231316691639708,0.5875279729496877,0.59445,0.013143562295027653,0.09656174883903329,0.0010034949220908327,0.031677987974156954
900,nonnormal,open,64,v_random_111,0.017174861398272206,0.6033800588158141,0.60065,0.018184473408132472,0.09503109247540965,0.006529717777186469,0.08080666913805115
900,nonnormal,open,64,v_random_112,0.02522908746312512,0.6246336313288707,0.6204,0.027588084054863845,0.2193261397577862,0.06300309214930702,0.25100416759350236
900,nonnormal,open,64,v_random_113,0.01669395146233784,0.6019548081750702,0.59935,0.015133953000749528,0.1802032205451381,0.0008519161438708633,0.02918760257148338
900,nonnormal,open,64,v_random_114,0.01736362228658373,0.6039336475818524,0.5998,0.015817860913072943,0.10898597707306126,0.0004651857242260225,0.021568164600309005
900,nonnormal,open,64,v_random_115,0.015151067746279312,0.5972282988866678,0.59545,0.016572016235380446,0.1956371601466029,0.0005992726424942514,0.024480045802535814
900,nonnormal,open,64,v_random_116,0.009689121350997733,0.5780340612934992,0.5779,0.008453367098096694,0.10553832139253058,0.009268955213854124,0.09627541334034419
900,nonnormal,open,64,v_random_117,0.008943836192858204,0.575009909748493,0.5676,0.008438495821531791,0.10230476067714167,0.005888999771987933,0.07673981868618099
900,nonnormal,open,64,v_random_118,0.010012046919814199,0.5793068032923058,0.57315,0.010396425738859561,0.16260614787363895,0.008812606119097425,0.0938754819912922
900,nonnormal,open,64,v_random_119,0.017017054069771307,0.6029147488367125,0.59605,0.015099210845750437,0.1571887839787848,0.11721166289254595,0.3423618887851654
900,nonnormal,open,64,v_random_120,0.016201442775318528,0.6004722974495547,0.5962,0.014601340050973754,0.15972751853162212,0.007782748531999516,0.08821988739507389
900,nonnormal,open,64,v_random_121,0.005332316932409509,0.5580572376783124,0.55955,0.005048934170917642,0.06006621531610601,0.002725796870833074,0.052209164624930304
900,nonnormal,open,64,v_random_122,0.020651100997795893,0.6131007280826113,0.6111,0.021235821198169795,0.2166243185139383,0.02943339837910707,0.17156164600255813
900,nonnormal,open,64,v_random_123,0.02029552200712051,0.6121490862038862,0.61475,0.019695303825273656,0.1640952714559722,0.04602402915645056,0.21453211684139642
900,nonnormal,open,64,v_random_124,0.01812541922596627,0.6061357154575472,0.6056,0.017013564396172506,0.17113405988804817,0.04603826739994047,0.21456529868536633
900,nonnormal,open,64,v_random_125,0.017133589381876528,0.6032585856616105,0.6087,0.017931106914054383,0.17139409991502885,0.009873761244075437,0.09936680151879418
900,nonnormal,open,64,v_random_126,0.015988829698937616,0.5998248938283763,0.6013,0.017865931166122145,0.15839927473364482,0.006626454820297978,0.08140303937997634
900,nonnormal,open,64,v_random_127,0.01821069009566686,0.6063790906380311,0.6044,0.01732197598784889,0.10125175341402513,0.004107906307639581,0.06409295052998872
900,nonnormal,open,64,v_learn_s0,0.09944103451993277,0.7358768930780488,0.73275,0.09689312911108344,0.9981435160768701,0.9902139649060481,0.9950949527085584
900,nonnormal,open,128,v_old,0.026189878272107427,0.626904445444398,0.62975,0.02721654096150125,1.0000000000000007,0.9999999999999991,0.9999999999999996
900,nonnormal,open,128,v_store,0.019980639058334974,0.6112988062073738,0.6065,0.018966133767527003,0.9339420139499817,0.8034056603921398,0.8963289911590162
900,nonnormal,open,128,v_write,0.030616692419392424,0.6368128364512391,0.6359,0.028447872357842102,0.6076693320271742,0.20421707714580836,0.45190383617071495
900,nonnormal,open,128,v_bottom,0.0008293323635349683,0.522964886587767,0.52075,0.0007532036434493234,-9.833264002578973e-18,1.9259299443872359e-32,1.3877787807814457e-16
900,nonnormal,open,128,v_worst_positive,0.002703355872506568,0.5414104103463319,0.54455,0.0027891547560483683,0.011530519903928553,7.703719777548943e-34,2.7755575615628914e-17
900,nonnormal,open,128,v_random_000,0.0045651676530484055,0.5537462643527747,0.548,0.0043664603041787325,0.13013044716032537,0.04172964781601079,0.20427835865801053
900,nonnormal,open,128,v_random_001,0.00907420199283974,0.5755480714193546,0.56895,0.01046641281423253,0.13662905821024127,0.02905803683720576,0.17046418051076231
900,nonnormal,open,128,v_random_002,0.0065141451710735085,0.5641188926286436,0.56375,0.0074940180242580754,0.17981566850548839,0.0447130957987597,0.2114547133519603
900,nonnormal,open,128,v_random_003,0.004255845221313134,0.5519041613447111,0.5505,0.004818093180657694,0.194053662216412,0.04447348074546786,0.2108873650683413
900,nonnormal,open,128,v_random_004,0.003903045474594575,0.5497179250501544,0.5463,0.003770174574670848,0.11030403584418591,0.02300908106018897,0.1516874452952154
900,nonnormal,open,128,v_random_005,0.004089963098885014,0.5508881756431458,0.5497,0.004650066041385357,0.13860605432368503,0.003562656026530724,0.05968798896369959
900,nonnormal,open,128,v_random_006,0.003550959092771218,0.5474335644285642,0.54775,0.002779081466543675,0.10097358407670318,0.026494476127720434,0.16277123863791304
900,nonnormal,open,128,v_random_007,0.013068687063865051,0.5904243577516962,0.58685,0.014580222863540162,0.21939658092955552,2.367499575335161e-05,0.004865695813894618
900,nonnormal,open,128,v_random_008,0.005787470981605254,0.5604660243212104,0.564,0.006362154005111765,0.10746457345140713,0.0003678413929136754,0.01917919166476198
900,nonnormal,open,128,v_random_009,0.003877807364605548,0.5495577519109648,0.55655,0.003441887482595216,0.2132737588188225,0.014659535285985018,0.12107656786507048
900,nonnormal,open,128,v_random_010,0.0021154868345138068,0.5366465482184096,0.5347,0.0026462755277894424,0.1718567660105539,0.01260562611382491,0.11227477950913513
900,nonnormal,open,128,v_random_011,0.0050334927307741865,0.5564182217974231,0.55455,0.005061830287702898,0.22941166863126436,0.11590596162485642,0.34044964623987556
900,nonnormal,open,128,v_random_012,0.004333508107345008,0.5523729019059909,0.55305,0.004768653372968017,0.18054434932647326,0.027619987972326697,0.16619262309839958
900,nonnormal,open,128,v_random_013,0.0025301327295008365,0.5400663388329255,0.5439,0.0032082917574971477,0.10441977724824948,0.03225315822362561,0.17959164296710917
900,nonnormal,open,128,v_random_014,0.00790753977380804,0.5705790989511923,0.5731,0.008012849078112451,0.31704847469365827,0.11698486065671604,0.34203049667641633
900,nonnormal,open,128,v_random_015,0.004545366284764466,0.5536302819892341,0.5508,0.005197178626246727,0.14492192937951273,0.007582465081118152,0.08707735113746945
900,nonnormal,open,128,v_random_016,0.001931389582638049,0.5350199964053751,0.5352,0.0022116624502220078,0.07431271496260791,0.002804148989179906,0.052954215971723215
900,nonnormal,open,128,v_random_017,0.007227504291941469,0.5675065157624223,0.56525,0.006891868370757587,0.26805197888661714,0.09537195477018497,0.30882350100046624
900,nonnormal,open,128,v_random_018,0.008495496254880667,0.5731274292126187,0.56985,0.009363599661259986,0.24521060285785456,0.005379541797742685,0.07334535975603831
900,nonnormal,open,128,v_random_019,0.00381249284143483,0.549140760337447,0.5528,0.0038179616717570796,0.09438385459730012,0.00849108656434025,0.09214709200153985
900,nonnormal,open,128,v_random_020,0.004131281859945022,0.5511431723109106,0.55295,0.004306238878199073,0.14597957184023924,0.0009170133544722947,0.03028222836041454
900,nonnormal,open,128,v_random_021,0.0038343394061013487,0.5492806375301057,0.5464,0.0039676171157326575,0.29053444095909375,0.03993352281874348,0.19983373793917653
900,nonnormal,open,128,v_random_022,0.003805216191946237,0.5490940797782092,0.54395,0.00337811456794088,0.1520972470864079,0.10187318891077449,0.3191757962483598
900,nonnormal,open,128,v_random_023,0.005536300505335878,0.5591492620504318,0.56535,0.005450442674844117,0.2784213009688073,0.20337600814245968,0.4509722919897182
900,nonnormal,open,128,v_random_024,0.0022822220354345524,0.5380591110039469,0.53775,0.0027144956286457756,0.09311009930546557,4.016913452618005e-06,0.002004223902815752
900,nonnormal,open,128,v_random_025,0.00328171989726003,0.54560804878275,0.5449,0.003988489280700216,0.21507257674301428,0.1111761924499774,0.333430941050733
900,nonnormal,open,128,v_random_026,0.002761483641194105,0.5418516279659513,0.53745,0.003813736130078036,0.16413124339003346,0.00822732221069517,0.09070458759453774
900,nonnormal,open,128,v_random_027,0.006300195499112313,0.5630661098919958,0.5628,0.006884555117651083,0.14247148684428354,0.028921633677324466,0.1700636165595818
900,nonnormal,open,128,v_random_028,0.0021022237504906786,0.5365318121383431,0.5389,0.0022299016330550444,0.16038689221672373,6.193481759780442e-05,0.00786986769887553
900,nonnormal,open,128,v_random_029,0.007324010671291367,0.5679513618477428,0.56635,0.008193860397229344,0.14847289185571133,0.00023679023335908565,0.015387989906387567
900,nonnormal,open,128,v_random_030,0.004683946352726321,0.5544366723125457,0.55375,0.005437528163059324,0.18045485437080214,0.027449297643274154,0.1656782956312448
900,nonnormal,open,128,v_random_031,0.0017193734162622236,0.5330466608904276,0.5316,0.0017145086330097952,0.08497590839638425,0.0029188380856025858,0.05402627217939977
900,nonnormal,open,128,v_random_032,0.003287168680693132,0.5456457300819613,0.54035,0.0026235402100425512,0.25624843316740686,0.11810197183470215,0.34365967443781087
900,nonnormal,open,128,v_random_033,0.008121631815302486,0.5715179972727915,0.56685,0.007625666251394209,0.23861780793805412,0.16693122019824508,0.40857217256960254
900,nonnormal,open,128,v_random_034,0.006291448647274611,0.5630226821590965,0.5659,0.005775481241947039,0.13699871187835283,0.01425591202344237,0.11939812403652902
900,nonnormal,open,128,v_random_035,0.0025007051380331103,0.5398334350051637,0.5352,0.0025966250673895006,0.132205236967711,0.007074402275545532,0.0841094660281798
900,nonnormal,open,128,v_random_036,0.005450235199122522,0.5586910623665693,0.5619,0.005893326134996141,0.14446378398121662,0.04455027600381201,0.21106936301560209
900,nonnormal,open,128,v_random_037,0.007571083351687459,0.5690766779886404,0.57115,0.006452224261134105,0.14909428601416497,0.05577786182140763,0.23617337238013864
900,nonnormal,open,128,v_random_038,0.00823104961331927,0.5719929158424838,0.57375,0.008949571307332805,0.3770220447097277,0.09160176378389326,0.3026578328474141
900,nonnormal,open,128,v_random_039,0.00707233959754565,0.5667848294006436,0.5677,0.007572687113339543,0.11116901515699902,0.019702274069076573,0.1403647892780685
900,nonnormal,open,128,v_random_040,0.005420044493099671,0.5585294563609435,0.55965,0.006533012968075111,0.1543143034757164,0.02520790393967957,0.15876997178207083
900,nonnormal,open,128,v_random_041,0.004522025289930956,0.5534932362030632,0.55305,0.005084446119917013,0.18713871593357512,0.052771513804343466,0.22972051237175897
900,nonnormal,open,128,v_random_042,0.0027556535322378196,0.5418075878105618,0.54005,0.003187605652251102,0.15770016768101885,0.0035470922913522916,0.059557470491553716
900,nonnormal,open,128,v_random_043,0.0037461938152814674,0.5487137576926807,0.54955,0.004061124127031215,0.055981247845479226,0.0030858192510768846,0.05555015077456482
900,nonnormal,open,128,v_random_044,0.004652806767890405,0.5542565424759327,0.5494,0.005816553693518783,0.19556746742910736,0.07456133859782507,0.2730592217776669
900,nonnormal,open,128,v_random_045,0.0034854983563664755,0.5469963668321262,0.5466,0.0036825969569871794,0.039678383863341195,0.006563604627436999,0.08101607635177724
900,nonnormal,open,128,v_random_046,0.00900309605171235,0.5752550400037442,0.5764,0.010275038010701159,0.33847240797834544,0.13294040984133312,0.36460994204949093
900,nonnormal,open,128,v_random_047,0.0053005508372146685,0.5578852701750834,0.55745,0.005377804397823283,0.18470819542437508,0.07961452346047104,0.2821604569397899
900,nonnormal,open,128,v_random_048,0.005902853288452502,0.5610611097699927,0.5604,0.0068735455454853,0.23891330856554147,0.0808734256412454,0.2843825339946977
900,nonnormal,open,128,v_random_049,0.0037454430889279724,0.5487089007297477,0.54455,0.003896704219420121,0.19531990853462314,0.021594822924321345,0.14695177074238114
900,nonnormal,open,128,v_random_050,0.005940832805693493,0.5612556851911952,0.5631,0.0067538198477903435,0.10323491379385509,0.0028568152926620014,0.05344918420950877
900,nonnormal,open,128,v_random_051,0.00700808425944785,0.5664835894871377,0.57335,0.007707722394321581,0.10658470193796839,0.0294603743670743,0.17164024693257202
900,nonnormal,open,128,v_random_052,0.005643325292772036,0.5597139982209549,0.55875,0.005848217557501371,0.15977349091099854,0.0015801208894222498,0.039750734451356365
900,nonnormal,open,128,v_random_053,0.0018169196104215377,0.5339689498126949,0.53175,0.0018521342871935429,0.18285415344507921,0.02882992418666546,0.169793769575522
900,nonnormal,open,128,v_random_054,0.002907027902970146,0.5429362037412135,0.5404,0.0034136400005837383,0.15689145528117523,0.0020240816482796527,0.044989794934847754
900,nonnormal,open,128,v_random_055,0.0015186072142316198,0.5310615616865421,0.52965,0.0010685428251839164,0.12475210893318074,0.0039060743704797396,0.06249859494804455
900,nonnormal,open,128,v_random_056,0.003949720508821681,0.5500127674288011,0.55275,0.0036167922953596787,0.1898418925549995,0.030423653815325052,0.17442377651950164
900,nonnormal,open,128,v_random_057,0.0027082460074777234,0.5414477124054549,0.53825,0.00268524931428299,0.21728460141231476,0.06953575912338911,0.26369633885093874
900,nonnormal,open,128,v_random_058,0.004092897860616887,0.5509063304469881,0.5553,0.003590667252403017,0.19426423821413635,0.03365159232672043,0.1834437034262022
900,nonnormal,open,128,v_random_059,0.002678559766085098,0.5412207380349072,0.53995,0.0022057871291664183,0.14381625595037517,0.014445763428736928,0.12019052969654859
900,nonnormal,open,128,v_random_060,0.009791068795638238,0.5784382146587524,0.57375,0.011512683866583768,0.3137967648228696,0.2326176947021454,0.48230456632935315
900,nonnormal,open,128,v_random_061,0.0037778712652293952,0.5489182525154526,0.54985,0.003945582006879944,0.11179550910268786,0.0008448332855595267,0.029066015990491828
900,nonnormal,open,128,v_random_062,0.00938689061241763,0.5768227680975762,0.5806,0.008374730732619618,0.2543588711772405,0.03374774325558561,0.18370558852573216
900,nonnormal,open,128,v_random_063,0.0024755112574967476,0.5396329366759459,0.53895,0.002668087392191927,0.09028710336992032,0.019660323910281326,0.140215277021733
900,nonnormal,open,128,v_random_064,0.0062059050492615985,0.5625963200511427,0.5579,0.00609457368724526,0.1964008545838055,0.01866604613298368,0.136623739273172
900,nonnormal,open,128,v_random_065,0.0018861664363469942,0.5346086167194516,0.5295,0.0018781477474477102,0.13313749008515594,0.0048277393654802565,0.06948193553349141
900,nonnormal,open,128,v_random_066,0.00624833717682795,0.5628081820423254,0.55525,0.007486558469086689,0.24531247162140218,0.1326650171440346,0.3642320924136623
900,nonnormal,open,128,v_random_067,0.004202701905355846,0.5515808994654635,0.54405,0.004818945648271874,0.11222953314086762,5.457791648722293e-05,0.007387686815724048
900,nonnormal,open,128,v_random_068,0.002281146819225611,0.5380501718537061,0.53545,0.002322930291835777,0.06312597324885935,0.016939214672015195,0.13015073826919
900,nonnormal,open,128,v_random_069,0.0037255807150778893,0.5485802175100223,0.55055,0.0038220044300639813,0.12486315671384528,0.03208677207462505,0.17912780932793504
900,nonnormal,open,128,v_random_070,0.002661845345087735,0.5410923837042884,0.53415,0.0031870750054654264,0.04414904690861076,0.001978848630407386,0.04448425148754766
900,nonnormal,open,128,v_random_071,0.006622787530365535,0.564646700357902,0.56125,0.00608251763158169,0.19076829063779444,1.5362535013222357e-05,0.0039195069859897375
900,nonnormal,open,128,v_random_072,0.0051839151931939685,0.5572493001235506,0.55605,0.006093602778243664,0.11301872356500077,0.008239870636739324,0.09077373318719091
900,nonnormal,open,128,v_random_073,0.0019605764035094636,0.5352829264093395,0.53155,0.0024787909516237497,0.11765328620967906,0.010964582143811737,0.10471190067901422
900,nonnormal,open,128,v_random_074,0.004767485121167903,0.5549169185021722,0.5593,0.004971700128169082,0.22810683230782297,0.14925449002471514,0.38633468654097725
900,nonnormal,open,128,v_random_075,0.0035158037228452065,0.5471992825064559,0.54805,0.00348169810220292,0.2334095874610767,0.0004517337808422853,0.021254029755373105
900,nonnormal,open,128,v_random_076,0.005603999795057002,0.5595071314716333,0.55925,0.005270662190722476,0.14594917603493776,0.0038358845505798603,0.061934518247741786
900,nonnormal,open,128,v_random_077,0.0066979193125379635,0.5650091116888685,0.5649,0.006545626490410985,0.12063729436084619,0.06980373880034003,0.2642039719617024
900,nonnormal,open,128,v_random_078,0.00397549868038464,0.550174847729485,0.544,0.00470593189510658,0.12371869587382694,0.01116992392221025,0.10568786080818482
900,nonnormal,open,128,v_random_079,0.005193580777389134,0.5573022786706265,0.55745,0.005268449792232851,0.09018054035532744,0.018311188864222127,0.13531884149748744
900,nonnormal,open,128,v_random_080,0.0029417290565174024,0.5431907103307251,0.54335,0.00344724709167459,0.13861481522142166,0.03649754262551844,0.1910433003942259
900,nonnormal,open,128,v_random_081,0.006984368192078424,0.5663720460216769,0.56635,0.006920187163396398,0.17113874394457038,0.002132702255198526,0.04618118940865995
900,nonnormal,open,128,v_random_082,0.008821567122262106,0.5745014678217416,0.57625,0.009783308154484603,0.26763075210051934,0.021244886830457683,0.14575625828916466
900,nonnormal,open,128,v_random_083,0.005740052186314459,0.5602197029059498,0.559,0.005683231492983916,0.30707964629545,0.0345253967878873,0.18581010948785132
900,nonnormal,open,128,v_random_084,0.0026132435366691413,0.5407168263239279,0.5421,0.0030140561071606035,0.15324897234162013,0.004688157584894821,0.06847012184080602
900,nonnormal,open,128,v_random_085,0.0028645346787638418,0.5426224459986756,0.53745,0.0028332743133567245,0.15107289586071576,0.0007685374791229828,0.027722508528684464
900,nonnormal,open,128,v_random_086,0.0030164466108685804,0.5437336006070568,0.5433,0.002964759448506749,0.13127920150446137,0.002300061969904525,0.047958961309691905
900,nonnormal,open,128,v_random_087,0.0027459610107117807,0.5417342669409717,0.5411,0.003274702635362987,0.16449193903763643,0.009354331999588555,0.09671779567167851
900,nonnormal,open,128,v_random_088,0.0078030371650959175,0.5701160407665392,0.56285,0.00803927226489488,0.29479303329384066,0.13734150551867289,0.37059614881791864
900,nonnormal,open,128,v_random_089,0.0034358172758793145,0.546661772405447,0.54155,0.0038958285556037362,0.08471113987559482,0.017342567834160084,0.1316911835855388
900,nonnormal,open,128,v_random_090,0.005222906593066349,0.5574627107201754,0.5583,0.004972552953960003,0.2712042690310462,0.0007041789112731302,0.026536369594824576
900,nonnormal,open,128,v_random_091,0.005411971194303186,0.5584861634093643,0.56395,0.0047942239195696975,0.16458671582130827,0.012663707828869525,0.11253314102463116
900,nonnormal,open,128,v_random_092,0.006551764307160146,0.5643021620736092,0.5691,0.005424756869765145,0.17532783650129027,0.002921439961409443,0.05405034654291722
900,nonnormal,open,128,v_random_093,0.004440299190233456,0.5530105245472263,0.54385,0.004591118990892449,0.0841111958758935,0.0007259217787434229,0.026942935599956863
900,nonnormal,open,128,v_random_094,0.003612235054257066,0.5478391242397531,0.5484,0.00418958490929527,0.1270183550924109,0.009486987226973729,0.09740116645591945
900,nonnormal,open,128,v_random_095,0.002764958027609431,0.5418778508409794,0.5411,0.0032481399142610936,0.1618238446887926,0.034602817286492435,0.18601832513624145
900,nonnormal,open,128,v_random_096,0.002784848682345067,0.5420276556191483,0.54585,0.003232851847410224,0.08474755859796687,0.03996786820603284,0.19991965437653408
900,nonnormal,open,128,v_random_097,0.004675865957565884,0.554389989262864,0.54975,0.004883321568419479,0.24279998559976854,0.051225895594592355,0.22633138446665402
900,nonnormal,open,128,v_random_098,0.0025020760969468392,0.5398443160618043,0.54175,0.0030634810015425966,0.12947421524774655,0.010931677690070737,0.10455466364572523
900,nonnormal,open,128,v_random_099,0.0019752397350494134,0.5354142769216308,0.53325,0.0018709317667107372,0.14256059704488347,0.04502113212973292,0.21218183741718544
900,nonnormal,open,128,v_random_100,0.0036900842332618406,0.5483493748880491,0.54475,0.003283647808136578,0.13120697394782357,0.04764247336165178,0.21827155875572013
900,nonnormal,open,128,v_random_101,0.004582118080874819,0.5538453446220385,0.549,0.00462376833113274,0.18578136830604966,0.08230245709599951,0.28688404817277574
900,nonnormal,open,128,v_random_102,0.005174248614664008,0.5571962656802761,0.5594,0.005844517495896815,0.1467351345480162,0.014964017275344492,0.1223275000780466
900,nonnormal,open,128,v_random_103,0.007345050040050622,0.5680479415891031,0.57255,0.006761683125771327,0.3682012317266698,0.2245644850257846,0.473882353570783
900,nonnormal,open,128,v_random_104,0.0019278187339153822,0.5349876912809284,0.5347,0.0021147672561800807,0.17867510361236855,0.002788398795301768,0.05280529135703891
900,nonnormal,open,128,v_random_105,0.0026305128585789104,0.5408506713859439,0.54455,0.002755639981952433,0.14447041847305897,0.0007961950520694029,0.02821692846624882
900,nonnormal,open,128,v_random_106,0.004139475064155965,0.5511935820354614,0.5515,0.004187346455186295,0.18844486518935838,0.04299231929576764,0.20734589288376956
900,nonnormal,open,128,v_random_107,0.006239221081119715,0.562762728061138,0.5596,0.005794511471680615,0.25656790260844586,0.18690706817157682,0.4323275010586035
900,nonnormal,open,128,v_random_108,0.004272654244239756,0.5520059800459286,0.54855,0.004803019534014768,0.11013451178687643,0.010222298445112117,0.10110538286912382
900,nonnormal,open,128,v_random_109,0.0048673430717815006,0.5554853881475457,0.5569,0.004980505159010839,0.11988220340848227,0.005860589727635686,0.07655448861847153
900,nonnormal,open,128,v_random_110,0.003756028274049193,0.5487773379805349,0.5474,0.0037522000082320507,0.09656174883903329,0.0010034949220908327,0.031677987974156954
900,nonnormal,open,128,v_random_111,0.0031099226741625303,0.544403293957459,0.54155,0.003857692563252746,0.09503109247540965,0.006529717777186469,0.08080666913805115
900,nonnormal,open,128,v_random_112,0.006219840949057311,0.562665983100236,0.5589,0.007163703055325902,0.2193261397577862,0.06300309214930702,0.25100416759350236
900,nonnormal,open,128,v_random_113,0.005303546322905052,0.5579015088342798,0.5549,0.005411773381982812,0.1802032205451381,0.0008519161438708633,0.02918760257148338
900,nonnormal,open,128,v_random_114,0.0038611769008230056,0.5494519175485636,0.54575,0.0034574093607661798,0.10898597707306126,0.0004651857242260225,0.021568164600309005
900,nonnormal,open,128,v_random_115,0.0026981117342660807,0.5413703700271095,0.5446,0.0030364867714623507,0.1956371601466029,0.0005992726424942514,0.024480045802535814
900,nonnormal,open,128,v_random_116,0.0024871806598288555,0.5397259317730031,0.5363,0.0026564422284712074,0.10553832139253058,0.009268955213854124,0.09627541334034419
900,nonnormal,open,128,v_random_117,0.0036178974307338146,0.5478764244005532,0.54735,0.0032740959638142414,0.10230476067714167,0.005888999771987933,0.07673981868618099
900,nonnormal,open,128,v_random_118,0.0034088733125155553,0.5464792829101159,0.5407,0.003961742022125129,0.16260614787363895,0.008812606119097425,0.0938754819912922
900,nonnormal,open,128,v_random_119,0.005524169898818756,0.559084901856312,0.5542,0.005120015058420148,0.1571887839787848,0.11721166289254595,0.3423618887851654
900,nonnormal,open,128,v_random_120,0.006397882898254554,0.563549038764779,0.55965,0.005707305397362741,0.15972751853162212,0.007782748531999516,0.08821988739507389
900,nonnormal,open,128,v_random_121,0.0018603909524185895,0.5343719205825189,0.52695,0.0017019020394653363,0.06006621531610601,0.002725796870833074,0.052209164624930304
900,nonnormal,open,128,v_random_122,0.007076440703447579,0.566804008217576,0.5688,0.006786437435564081,0.2166243185139383,0.02943339837910707,0.17156164600255813
900,nonnormal,open,128,v_random_123,0.004988290757555266,0.5561660139105877,0.5583,0.004734492902794953,0.1640952714559722,0.04602402915645056,0.21453211684139642
900,nonnormal,open,128,v_random_124,0.003474267611647856,0.5469209420861953,0.5435,0.003889461759645363,0.17113405988804817,0.04603826739994047,0.21456529868536633
900,nonnormal,open,128,v_random_125,0.0041820747050826945,0.55145486814959,0.5481,0.004596019626288354,0.17139409991502885,0.009873761244075437,0.09936680151879418
900,nonnormal,open,128,v_random_126,0.006163234899758186,0.562382519764022,0.55755,0.007316032010597258,0.15839927473364482,0.006626454820297978,0.08140303937997634
900,nonnormal,open,128,v_random_127,0.00775828833179292,0.5699167781872625,0.56515,0.008256103115624355,0.10125175341402513,0.004107906307639581,0.06409295052998872
900,nonnormal,open,128,v_learn_s0,0.026934935780628,0.628633886678702,0.6247,0.025659267098567518,0.9981435160768701,0.9902139649060481,0.9950949527085584
900,nonnormal,open,256,v_old,0.01458149697609905,0.5954191903634668,0.59475,0.013731208699332247,1.0000000000000007,0.9999999999999991,0.9999999999999996
900,nonnormal,open,256,v_store,0.011944919604328034,0.5865135768312031,0.58575,0.013733544204911723,0.9339420139499817,0.8034056603921398,0.8963289911590162
900,nonnormal,open,256,v_write,0.01037024178558479,0.5806938250158838,0.57565,0.011951405733926333,0.6076693320271742,0.20421707714580836,0.45190383617071495
900,nonnormal,open,256,v_bottom,0.00043093909683278244,0.5165585862571931,0.5103,0.0005857282342254164,-9.833264002578973e-18,1.9259299443872359e-32,1.3877787807814457e-16
900,nonnormal,open,256,v_worst_positive,0.0016080782099509353,0.5319615813315278,0.52545,0.0016102847594831916,0.011530519903928553,7.703719777548943e-34,2.7755575615628914e-17
900,nonnormal,open,256,v_random_000,0.0018258465179938363,0.5340520933986124,0.5319,0.0022225727647696143,0.13013044716032537,0.04172964781601079,0.20427835865801053
900,nonnormal,open,256,v_random_001,0.0037632398841453427,0.5488239077393638,0.5495,0.003801923678364633,0.13662905821024127,0.02905803683720576,0.17046418051076231
900,nonnormal,open,256,v_random_002,0.0016261645332465331,0.5321404301759198,0.5312,0.0016638259302333553,0.17981566850548839,0.0447130957987597,0.2114547133519603
900,nonnormal,open,256,v_random_003,0.0019226821261316544,0.5349411679605699,0.5315,0.0017532230811778734,0.194053662216412,0.04447348074546786,0.2108873650683413
900,nonnormal,open,256,v_random_004,0.0008971708944633416,0.5238845989865885,0.52115,0.0015489199499814131,0.11030403584418591,0.02300908106018897,0.1516874452952154
900,nonnormal,open,256,v_random_005,0.00045974975093121653,0.5171028197224417,0.5099,0.001149657522716268,0.13860605432368503,0.003562656026530724,0.05968798896369959
900,nonnormal,open,256,v_random_006,0.0026475341424011373,0.5409821602859871,0.53505,0.0032185679185328087,0.10097358407670318,0.026494476127720434,0.16277123863791304
900,nonnormal,open,256,v_random_007,0.0026009716684050424,0.540621441985846,0.53845,0.0023401256827795024,0.21939658092955552,2.367499575335161e-05,0.004865695813894618
900,nonnormal,open,256,v_random_008,0.0036430658242989976,0.5480418606603833,0.54,0.003915584950219922,0.10746457345140713,0.0003678413929136754,0.01917919166476198
900,nonnormal,open,256,v_random_009,0.001932771509151083,0.5350324904837014,0.53015,0.002671052391326603,0.2132737588188225,0.014659535285985018,0.12107656786507048
900,nonnormal,open,256,v_random_010,0.001148251273433949,0.5270163191661775,0.52625,0.0016426187048062162,0.1718567660105539,0.01260562611382491,0.11227477950913513
900,nonnormal,open,256,v_random_011,0.0012091568827051204,0.5277224375436785,0.52335,0.0022625211480288053,0.22941166863126436,0.11590596162485642,0.34044964623987556
900,nonnormal,open,256,v_random_012,0.0005977287188084263,0.5194993031069559,0.51525,0.0007755999774629898,0.18054434932647326,0.027619987972326697,0.16619262309839958
900,nonnormal,open,256,v_random_013,0.0009429319979985489,0.5244854060314669,0.51595,0.0009927101042109046,0.10441977724824948,0.03225315822362561,0.17959164296710917
900,nonnormal,open,256,v_random_014,0.0026599413909432056,0.5410777369431478,0.5377,0.002625878815120129,0.31704847469365827,0.11698486065671604,0.34203049667641633
900,nonnormal,open,256,v_random_015,0.0019059239913325216,0.5347889490176871,0.53105,0.002585592083973626,0.14492192937951273,0.007582465081118152,0.08707735113746945
900,nonnormal,open,256,v_random_016,0.0007094107170119534,0.521241421527177,0.5164,0.0012576406905798556,0.07431271496260791,0.002804148989179906,0.052954215971723215
900,nonnormal,open,256,v_random_017,0.004091545068263336,0.550897962726125,0.5449,0.004709235139676057,0.26805197888661714,0.09537195477018497,0.30882350100046624
900,nonnormal,open,256,v_random_018,0.0025315681854790597,0.5400776646211729,0.5375,0.0026794931929933702,0.24521060285785456,0.005379541797742685,0.07334535975603831
900,nonnormal,open,256,v_random_019,0.0020026908190071847,0.5356588625692915,0.5345,0.002383985087663632,0.09438385459730012,0.00849108656434025,0.09214709200153985
900,nonnormal,open,256,v_random_020,0.0022281510190607368,0.5376069091026359,0.52985,0.0028454902544767994,0.14597957184023924,0.0009170133544722947,0.03028222836041454
900,nonnormal,open,256,v_random_021,0.00398218047180958,0.550216772319921,0.55,0.003879762113451715,0.29053444095909375,0.03993352281874348,0.19983373793917653
900,nonnormal,open,256,v_random_022,0.0022109436870542923,0.5374618435346266,0.5332,0.0031033911677355707,0.1520972470864079,0.10187318891077449,0.3191757962483598
900,nonnormal,open,256,v_random_023,0.0044640324417757294,0.5531511665139308,0.55135,0.004160182409838342,0.2784213009688073,0.20337600814245968,0.4509722919897182
900,nonnormal,open,256,v_random_024,0.0005270394164910887,0.5183108724622308,0.51565,0.0009162614894082034,0.09311009930546557,4.016913452618005e-06,0.002004223902815752
900,nonnormal,open,256,v_random_025,0.001599237156338872,0.5318737871468112,0.5283,0.0014118666988167778,0.21507257674301428,0.1111761924499774,0.333430941050733
900,nonnormal,open,256,v_random_026,0.00129844176449464,0.5287260222362616,0.533,0.001130591978859508,0.16413124339003346,0.00822732221069517,0.09070458759453774
900,nonnormal,open,256,v_random_027,0.0012366547924536036,0.5280353752688094,0.5185,0.0010597096021447393,0.14247148684428354,0.028921633677324466,0.1700636165595818
900,nonnormal,open,256,v_random_028,0.0018713476230821802,0.5344727362111134,0.53085,0.0019778467133214806,0.16038689221672373,6.193481759780442e-05,0.00786986769887553
900,nonnormal,open,256,v_random_029,0.0024584825775503076,0.5394968346499742,0.5345,0.0028518379739731438,0.14847289185571133,0.00023679023335908565,0.015387989906387567
900,nonnormal,open,256,v_random_030,0.0024730585595716514,0.5396133626502889,0.53725,0.0033749634182650137,0.18045485437080214,0.027449297643274154,0.1656782956312448
900,nonnormal,open,256,v_random_031,0.0009508188455974465,0.5245874636878828,0.51705,0.0013958021794516192,0.08497590839638425,0.0029188380856025858,0.05402627217939977
900,nonnormal,open,256,v_random_032,0.002240422983504338,0.5377100223369767,0.53305,0.0031469226817243527,0.25624843316740686,0.11810197183470215,0.34365967443781087
900,nonnormal,open,256,v_random_033,0.003878909476150898,0.5495647574724405,0.54635,0.004571377182783783,0.23861780793805412,0.16693122019824508,0.40857217256960254
900,nonnormal,open,256,v_random_034,0.0020956368851235683,0.5364746949436582,0.528,0.0025884269548286125,0.13699871187835283,0.01425591202344237,0.11939812403652902
900,nonnormal,open,256,v_random_035,0.0018612054501008135,0.5343794252942287,0.5305,0.0021678322756776185,0.132205236967711,0.007074402275545532,0.0841094660281798
900,nonnormal,open,256,v_random_036,0.0010717150149156993,0.5261017433166142,0.5208,0.0012021984272991327,0.14446378398121662,0.04455027600381201,0.21106936301560209
900,nonnormal,open,256,v_random_037,0.002862308659000859,0.5426059450353212,0.5387,0.0035818891899081335,0.14909428601416497,0.05577786182140763,0.23617337238013864
900,nonnormal,open,256,v_random_038,0.0042295555851729364,0.5517445040291797,0.55135,0.004250431509333347,0.3770220447097277,0.09160176378389326,0.3026578328474141
900,nonnormal,open,256,v_random_039,0.0029073875586015834,0.5429388493993778,0.54405,0.0029994260598179313,0.11116901515699902,0.019702274069076573,0.1403647892780685
900,nonnormal,open,256,v_random_040,0.002084109838740784,0.5363745213404248,0.5371,0.001904484773241615,0.1543143034757164,0.02520790393967957,0.15876997178207083
900,nonnormal,open,256,v_random_041,0.001312831956431192,0.5288844871227241,0.52675,0.001988450132940453,0.18713871593357512,0.052771513804343466,0.22972051237175897
900,nonnormal,open,256,v_random_042,0.0012412637884034964,0.5280874841700829,0.5252,0.0016590711771939807,0.15770016768101885,0.0035470922913522916,0.059557470491553716
900,nonnormal,open,256,v_random_043,0.0016064479345348046,0.531945410530807,0.53175,0.002293491495529863,0.055981247845479226,0.0030858192510768846,0.05555015077456482
900,nonnormal,open,256,v_random_044,0.002311032409893667,0.5382978487220648,0.5351,0.0024435591564147116,0.19556746742910736,0.07456133859782507,0.2730592217776669
900,nonnormal,open,256,v_random_045,0.001483830959906036,0.5307045567671058,0.5261,0.001671622391901707,0.039678383863341195,0.006563604627436999,0.08101607635177724
900,nonnormal,open,256,v_random_046,0.0056183697687711715,0.5595828086674954,0.5562,0.005217144865886661,0.33847240797834544,0.13294040984133312,0.36460994204949093
900,nonnormal,open,256,v_random_047,0.0021800675479107675,0.5372001087243011,0.53605,0.003000789109370215,0.18470819542437508,0.07961452346047104,0.2821604569397899
900,nonnormal,open,256,v_random_048,0.001862379604888417,0.5343902409448712,0.5303,0.002078159004767032,0.23891330856554147,0.0808734256412454,0.2843825339946977
900,nonnormal,open,256,v_random_049,0.001579981169667081,0.5316817205033423,0.5317,0.001351102860956811,0.19531990853462314,0.021594822924321345,0.14695177074238114
900,nonnormal,open,256,v_random_050,0.0030152340536013945,0.5437248449522974,0.53845,0.0032309113081483063,0.10323491379385509,0.0028568152926620014,0.05344918420950877
900,nonnormal,open,256,v_random_051,0.0026533443725654526,0.5410269462986083,0.53255,0.0030633703984966065,0.10658470193796839,0.0294603743670743,0.17164024693257202
900,nonnormal,open,256,v_random_052,0.003503415614188342,0.5471164430147785,0.55025,0.0032252662037844018,0.15977349091099854,0.0015801208894222498,0.039750734451356365
900,nonnormal,open,256,v_random_053,0.0012485349399106972,0.5281694938838235,0.52585,0.0017231224772875729,0.18285415344507921,0.02882992418666546,0.169793769575522
900,nonnormal,open,256,v_random_054,0.0019273417069777862,0.534983373382069,0.52955,0.0022771756159085475,0.15689145528117523,0.0020240816482796527,0.044989794934847754
900,nonnormal,open,256,v_random_055,0.0008742419039018063,0.5235777745729825,0.52195,0.0014708470696112178,0.12475210893318074,0.0039060743704797396,0.06249859494804455
900,nonnormal,open,256,v_random_056,0.0029194113991586525,0.543027202733274,0.5423,0.0029046652933828214,0.1898418925549995,0.030423653815325052,0.17442377651950164
900,nonnormal,open,256,v_random_057,0.0009516347543369844,0.5245979974473433,0.5203,0.0015506545998558497,0.21728460141231476,0.06953575912338911,0.26369633885093874
900,nonnormal,open,256,v_random_058,0.0016696184616821334,0.5325660804751318,0.5312,0.0019432011799515097,0.19426423821413635,0.03365159232672043,0.1834437034262022
900,nonnormal,open,256,v_random_059,0.0018031768551845092,0.5338405491096138,0.53435,0.002744012028357628,0.14381625595037517,0.014445763428736928,0.12019052969654859
900,nonnormal,open,256,v_random_060,0.004557867588291964,0.5537035356162217,0.5538,0.004059870145741631,0.3137967648228696,0.2326176947021454,0.48230456632935315
900,nonnormal,open,256,v_random_061,0.001691063725227452,0.5327740910547597,0.52425,0.0015163131570642874,0.11179550910268786,0.0008448332855595267,0.029066015990491828
900,nonnormal,open,256,v_random_062,0.003942956547995527,0.5499701500951213,0.54635,0.004155220000996155,0.2543588711772405,0.03374774325558561,0.18370558852573216
900,nonnormal,open,256,v_random_063,0.001251955497038785,0.5282079905805336,0.5269,0.0015468542879096996,0.09028710336992032,0.019660323910281326,0.140215277021733
900,nonnormal,open,256,v_random_064,0.002228867762438429,0.5376129392907912,0.5345,0.0025790315583035374,0.1964008545838055,0.01866604613298368,0.136623739273172
900,nonnormal,open,256,v_random_065,0.001100535050750072,0.5264498648265,0.52185,0.0017974008574142678,0.13313749008515594,0.0048277393654802565,0.06948193553349141
900,nonnormal,open,256,v_random_066,0.0037136093049609685,0.5485024896180463,0.55115,0.0037822829003912226,0.24531247162140218,0.1326650171440346,0.3642320924136623
900,nonnormal,open,256,v_random_067,0.0014845156084685876,0.5307116255774212,0.5313,0.001664563100224945,0.11222953314086762,5.457791648722293e-05,0.007387686815724048
900,nonnormal,open,256,v_random_068,0.0016159543364426255,0.532039589159047,0.53245,0.001450417553213816,0.06312597324885935,0.016939214672015195,0.13015073826919
900,nonnormal,open,256,v_random_069,0.001416206519982856,0.5299980812625502,0.52415,0.0018404205896827997,0.12486315671384528,0.03208677207462505,0.17912780932793504
900,nonnormal,open,256,v_random_070,0.0014492842116612076,0.5303457163062271,0.53295,0.0012919523488444684,0.04414904690861076,0.001978848630407386,0.04448425148754766
900,nonnormal,open,256,v_random_071,0.0015408736354324353,0.5312879874213269,0.52245,0.0017756411122913358,0.19076829063779444,1.5362535013222357e-05,0.0039195069859897375
900,nonnormal,open,256,v_random_072,0.002636151633786498,0.5408942782441925,0.53755,0.003138419954585386,0.11301872356500077,0.008239870636739324,0.09077373318719091
900,nonnormal,open,256,v_random_073,0.0010067296082845183,0.5252991006255581,0.52335,0.0013873431182927828,0.11765328620967906,0.010964582143811737,0.10471190067901422
900,nonnormal,open,256,v_random_074,0.0031827093633837278,0.5449177346689722,0.54135,0.002969098940138472,0.22810683230782297,0.14925449002471514,0.38633468654097725
900,nonnormal,open,256,v_random_075,0.0014728148549033716,0.5305905921118693,0.52305,0.0020333390851955246,0.2334095874610767,0.0004517337808422853,0.021254029755373105
900,nonnormal,open,256,v_random_076,0.0012514662647297055,0.5282024877522327,0.52955,0.0017819317255537747,0.14594917603493776,0.0038358845505798603,0.061934518247741786
900,nonnormal,open,256,v_random_077,0.003384952525683152,0.5463166556003087,0.5452,0.0037115149637039985,0.12063729436084619,0.06980373880034003,0.2642039719617024
900,nonnormal,open,256,v_random_078,0.0009596233045474055,0.5247008948162682,0.52005,0.001434436517570845,0.12371869587382694,0.01116992392221025,0.10568786080818482
900,nonnormal,open,256,v_random_079,0.0011058468828012559,0.5265135254882052,0.52265,0.0018043378025834464,0.09018054035532744,0.018311188864222127,0.13531884149748744
900,nonnormal,open,256,v_random_080,0.002503414609390825,0.5398549366921662,0.53915,0.002113778433611666,0.13861481522142166,0.03649754262551844,0.1910433003942259
900,nonnormal,open,256,v_random_081,0.002772280769513388,0.5419330646193702,0.5362,0.003185640381179019,0.17113874394457038,0.002132702255198526,0.04618118940865995
900,nonnormal,open,256,v_random_082,0.0033964326832642716,0.5463947767713072,0.5456,0.0030193348004551052,0.26763075210051934,0.021244886830457683,0.14575625828916466
900,nonnormal,open,256,v_random_083,0.003594255879302651,0.547720491789135,0.5479,0.003592433227653513,0.30707964629545,0.0345253967878873,0.18581010948785132
900,nonnormal,open,256,v_random_084,0.00178669393065284,0.5336858948043712,0.5291,0.002141111996136876,0.15324897234162013,0.004688157584894821,0.06847012184080602
900,nonnormal,open,256,v_random_085,0.0009406992219374693,0.5244564356431385,0.5182,0.0015018450918416924,0.15107289586071576,0.0007685374791229828,0.027722508528684464
900,nonnormal,open,256,v_random_086,0.001239977268382311,0.5280729486840273,0.5274,0.001824438004132371,0.13127920150446137,0.002300061969904525,0.047958961309691905
900,nonnormal,open,256,v_random_087,0.0009134289789922696,0.5240997786641067,0.52225,0.0013869713418847333,0.16449193903763643,0.009354331999588555,0.09671779567167851
900,nonnormal,open,256,v_random_088,0.0033920639689157526,0.5463650639613917,0.5444,0.004174306459231238,0.29479303329384066,0.13734150551867289,0.37059614881791864
900,nonnormal,open,256,v_random_089,0.0014975493793428062,0.5308458843092668,0.53195,0.0013551940304222475,0.08471113987559482,0.017342567834160084,0.1316911835855388
900,nonnormal,open,256,v_random_090,0.002206512607148811,0.5374243954083351,0.5315,0.002651542007418924,0.2712042690310462,0.0007041789112731302,0.026536369594824576
900,nonnormal,open,256,v_random_091,0.00221433266650154,0.5374904590754983,0.5326,0.002594388689472804,0.16458671582130827,0.012663707828869525,0.11253314102463116
900,nonnormal,open,256,v_random_092,0.0021580194896046716,0.5370120629039395,0.53205,0.0030550164987047652,0.17532783650129027,0.002921439961409443,0.05405034654291722
900,nonnormal,open,256,v_random_093,0.0012250354168101443,0.5279035728829871,0.52765,0.001780582630973397,0.0841111958758935,0.0007259217787434229,0.026942935599956863
900,nonnormal,open,256,v_random_094,0.0012967366946600638,0.5287071876288283,0.52495,0.0015608920036243412,0.1270183550924109,0.009486987226973729,0.09740116645591945
900,nonnormal,open,256,v_random_095,0.001378092699399832,0.5295924161275891,0.5249,0.001557739870758208,0.1618238446887926,0.034602817286492435,0.18601832513624145
900,nonnormal,open,256,v_random_096,0.0014422132076484387,0.5302717405680754,0.52745,0.001810225453210564,0.08474755859796687,0.03996786820603284,0.19991965437653408
900,nonnormal,open,256,v_random_097,0.002085584487171847,0.5363873520471708,0.53565,0.002859863711466774,0.24279998559976854,0.051225895594592355,0.22633138446665402
900,nonnormal,open,256,v_random_098,0.0015591381098790237,0.5314724915752724,0.52875,0.002173462818869019,0.12947421524774655,0.010931677690070737,0.10455466364572523
900,nonnormal,open,256,v_random_099,0.001274382405811643,0.5284590958804751,0.5276,0.0017154867815682348,0.14256059704488347,0.04502113212973292,0.21218183741718544
900,nonnormal,open,256,v_random_100,0.0020476705777117423,0.5360560019728458,0.5358,0.0030483280440257486,0.13120697394782357,0.04764247336165178,0.21827155875572013
900,nonnormal,open,256,v_random_101,0.0021732599151897394,0.5371421498395909,0.53815,0.0027063692513061184,0.18578136830604966,0.08230245709599951,0.28688404817277574
900,nonnormal,open,256,v_random_102,0.0011143826126140174,0.5266155027533298,0.5184,0.0011419739686632105,0.1467351345480162,0.014964017275344492,0.1223275000780466
900,nonnormal,open,256,v_random_103,0.002737781399200693,0.5416722889091641,0.5384,0.0025793227241849774,0.3682012317266698,0.2245644850257846,0.473882353570783
900,nonnormal,open,256,v_random_104,0.0009361222296225356,0.5243969408446341,0.5198,0.0014927463638724136,0.17867510361236855,0.002788398795301768,0.05280529135703891
900,nonnormal,open,256,v_random_105,0.0015438767423672395,0.5313183995072664,0.52125,0.0016559630548976141,0.14447041847305897,0.0007961950520694029,0.02821692846624882
900,nonnormal,open,256,v_random_106,0.003827108281781757,0.5492343836472782,0.54645,0.004635358865123145,0.18844486518935838,0.04299231929576764,0.20734589288376956
900,nonnormal,open,256,v_random_107,0.005613237812045953,0.559555793399829,0.55365,0.0067850152025688,0.25656790260844586,0.18690706817157682,0.4323275010586035
900,nonnormal,open,256,v_random_108,0.0018863495205148528,0.5346102921326357,0.52725,0.002332167944813014,0.11013451178687643,0.010222298445112117,0.10110538286912382
900,nonnormal,open,256,v_random_109,0.002013875841672313,0.5357580348938619,0.5322,0.0021487080660053236,0.11988220340848227,0.005860589727635686,0.07655448861847153
900,nonnormal,open,256,v_random_110,0.0010593504513630747,0.5259509501081742,0.522,0.0016081067448117511,0.09656174883903329,0.0010034949220908327,0.031677987974156954
900,nonnormal,open,256,v_random_111,0.0014426753288579544,0.5302765807708496,0.53385,0.0016187420051516797,0.09503109247540965,0.006529717777186469,0.08080666913805115
900,nonnormal,open,256,v_random_112,0.0038441067504676454,0.5493430440944136,0.5539,0.004052139495588832,0.2193261397577862,0.06300309214930702,0.25100416759350236
900,nonnormal,open,256,v_random_113,0.0023610345150962006,0.5387086540143883,0.5346,0.0022904360580770925,0.1802032205451381,0.0008519161438708633,0.02918760257148338
900,nonnormal,open,256,v_random_114,0.0020846863518103127,0.536379538043592,0.5349,0.002601763222123822,0.10898597707306126,0.0004651857242260225,0.021568164600309005
900,nonnormal,open,256,v_random_115,0.001879722336356264,0.5345495941319223,0.53195,0.0026608554206876754,0.1956371601466029,0.0005992726424942514,0.024480045802535814
900,nonnormal,open,256,v_random_116,0.0019145592005083555,0.5348674689367325,0.5327,0.002134530734589673,0.10553832139253058,0.009268955213854124,0.09627541334034419
900,nonnormal,open,256,v_random_117,0.0004958725540050738,0.5177615779549591,0.5148,0.0012757430077511476,0.10230476067714167,0.005888999771987933,0.07673981868618099
900,nonnormal,open,256,v_random_118,0.002301086566946043,0.5382156029378586,0.5361,0.0029160919487507203,0.16260614787363895,0.008812606119097425,0.0938754819912922
900,nonnormal,open,256,v_random_119,0.002630687692900667,0.5408520241573596,0.53925,0.0035767924701483565,0.1571887839787848,0.11721166289254595,0.3423618887851654
900,nonnormal,open,256,v_random_120,0.0012917800392902102,0.5286523644365374,0.527,0.0018945154367974257,0.15972751853162212,0.007782748531999516,0.08821988739507389
900,nonnormal,open,256,v_random_121,0.0003355269549226623,0.5146118980328759,0.5064,0.0007925225080118725,0.06006621531610601,0.002725796870833074,0.052209164624930304
900,nonnormal,open,256,v_random_122,0.0033777106975633265,0.5462673067008427,0.54185,0.0039187512504579615,0.2166243185139383,0.02943339837910707,0.17156164600255813
900,nonnormal,open,256,v_random_123,0.0019062253704605523,0.5347916924717112,0.5324,0.002012160918545043,0.1640952714559722,0.04602402915645056,0.21453211684139642
900,nonnormal,open,256,v_random_124,0.0024114084793876536,0.5391180977777112,0.5352,0.0031310964473878324,0.17113405988804817,0.04603826739994047,0.21456529868536633
900,nonnormal,open,256,v_random_125,0.0021765220230979066,0.5371699342118035,0.53615,0.0022176979815741564,0.17139409991502885,0.009873761244075437,0.09936680151879418
900,nonnormal,open,256,v_random_126,0.0021079611767477573,0.5365814900390968,0.53355,0.0017650472548450334,0.15839927473364482,0.006626454820297978,0.08140303937997634
900,nonnormal,open,256,v_random_127,0.0030282911011311623,0.5438190340133295,0.54135,0.0029508717542275154,0.10125175341402513,0.004107906307639581,0.06409295052998872
900,nonnormal,open,256,v_learn_s0,0.014703371139364825,0.5958093998251468,0.59425,0.016501720936280675,0.9981435160768701,0.9902139649060481,0.9950949527085584
900,nonnormal,open,1024,v_old,0.002977148600486061,0.5434489243221097,0.5431,0.003764707653004797,1.0000000000000007,0.9999999999999991,0.9999999999999996
900,nonnormal,open,1024,v_store,0.0030801649283490637,0.544191218877246,0.54375,0.002558430873764051,0.9339420139499817,0.8034056603921398,0.8963289911590162
900,nonnormal,open,1024,v_write,0.0037372098240284475,0.5486556016459581,0.54765,0.003348985282919637,0.6076693320271742,0.20421707714580836,0.45190383617071495
900,nonnormal,open,1024,v_bottom,0.00010662730040518123,0.5082384099219431,0.5043,0.00019100984341615336,-9.833264002578973e-18,1.9259299443872359e-32,1.3877787807814457e-16
900,nonnormal,open,1024,v_worst_positive,0.00020721710988515077,0.5114839918441906,0.50695,0.00043910235483296295,0.011530519903928553,7.703719777548943e-34,2.7755575615628914e-17
900,nonnormal,open,1024,v_random_000,0.0005836462403210302,0.5192684132038667,0.5219,0.0007427393300801146,0.13013044716032537,0.04172964781601079,0.20427835865801053
900,nonnormal,open,1024,v_random_001,0.001148881074543731,0.5270237158635203,0.52345,0.0016685391557281215,0.13662905821024127,0.02905803683720576,0.17046418051076231
900,nonnormal,open,1024,v_random_002,0.0003013829044857836,0.5138487991330853,0.511,0.0005897633476629931,0.17981566850548839,0.0447130957987597,0.2114547133519603
900,nonnormal,open,1024,v_random_003,0.0005026644392880344,0.517882722030997,0.51065,0.0008472301547254448,0.194053662216412,0.04447348074546786,0.2108873650683413
900,nonnormal,open,1024,v_random_004,0.00020773332862405918,0.5114982834355082,0.50695,0.0003813171506649057,0.11030403584418591,0.02300908106018897,0.1516874452952154
900,nonnormal,open,1024,v_random_005,0.0003018556074551992,0.513859651061352,0.51305,0.00039173345647192364,0.13860605432368503,0.003562656026530724,0.05968798896369959
900,nonnormal,open,1024,v_random_006,0.0003992694393861532,0.5159388692651212,0.5156,0.0004199682633427144,0.10097358407670318,0.026494476127720434,0.16277123863791304
900,nonnormal,open,1024,v_random_007,0.0010821153539955163,0.5262279065140585,0.52625,0.0014884858142878757,0.21939658092955552,2.367499575335161e-05,0.004865695813894618
900,nonnormal,open,1024,v_random_008,0.0008403114069139386,0.5231162269919457,0.51965,0.001093173868067496,0.10746457345140713,0.0003678413929136754,0.01917919166476198
900,nonnormal,open,1024,v_random_009,0.00046757039320002977,0.5172475814554315,0.51535,0.0004361000610854489,0.2132737588188225,0.014659535285985018,0.12107656786507048
900,nonnormal,open,1024,v_random_010,0.0002709166072764451,0.5131304449394491,0.50815,0.0003383116271158126,0.1718567660105539,0.01260562611382491,0.11227477950913513
900,nonnormal,open,1024,v_random_011,0.00033610301741947014,0.5146244305407583,0.5152,0.00035625240333180875,0.22941166863126436,0.11590596162485642,0.34044964623987556
900,nonnormal,open,1024,v_random_012,0.00021856739394512007,0.5117942266795159,0.50505,0.00033578056935248,0.18054434932647326,0.027619987972326697,0.16619262309839958
900,nonnormal,open,1024,v_random_013,0.00042617722568246373,0.5164668983083358,0.513,0.0007049641486175462,0.10441977724824948,0.03225315822362561,0.17959164296710917
900,nonnormal,open,1024,v_random_014,0.0006086170527013492,0.5196759602127993,0.51405,0.0009315191028792933,0.31704847469365827,0.11698486065671604,0.34203049667641633
900,nonnormal,open,1024,v_random_015,0.00042594115018250667,0.5164623394515409,0.5168,0.0006886968807876962,0.14492192937951273,0.007582465081118152,0.08707735113746945
900,nonnormal,open,1024,v_random_016,0.00018853399391446666,0.5109541910704514,0.50295,0.0003013609100011393,0.07431271496260791,0.002804148989179906,0.052954215971723215
900,nonnormal,open,1024,v_random_017,0.0009730048495876453,0.524872298618858,0.5277,0.0008685421051456357,0.26805197888661714,0.09537195477018497,0.30882350100046624
900,nonnormal,open,1024,v_random_018,0.0010002252260846458,0.5252173499633798,0.5258,0.0012432494982784659,0.24521060285785456,0.005379541797742685,0.07334535975603831
900,nonnormal,open,1024,v_random_019,0.000676651950339229,0.5207456408456062,0.5144,0.0006343535101587472,0.09438385459730012,0.00849108656434025,0.09214709200153985
900,nonnormal,open,1024,v_random_020,0.0005746892159673319,0.5191201027253821,0.51605,0.0007265750847187907,0.14597957184023924,0.0009170133544722947,0.03028222836041454
900,nonnormal,open,1024,v_random_021,0.0004895932857232326,0.5176488354863853,0.51675,0.0007929084271116506,0.29053444095909375,0.03993352281874348,0.19983373793917653
900,nonnormal,open,1024,v_random_022,0.0005885049029166588,0.5193483859247964,0.5184,0.0006338183708079053,0.1520972470864079,0.10187318891077449,0.3191757962483598
900,nonnormal,open,1024,v_random_023,0.0008733082727611225,0.5235651961374126,0.52015,0.0013786942262402151,0.2784213009688073,0.20337600814245968,0.4509722919897182
900,nonnormal,open,1024,v_random_024,0.00012548050472327608,0.5089370021172894,0.505,0.00028399072188129066,0.09311009930546557,4.016913452618005e-06,0.002004223902815752
900,nonnormal,open,1024,v_random_025,0.0006362817352023701,0.5201178052054646,0.51805,0.0009967503161792846,0.21507257674301428,0.1111761924499774,0.333430941050733
900,nonnormal,open,1024,v_random_026,0.0003533653765974502,0.5149951135401537,0.51065,0.0006126377579015612,0.16413124339003346,0.00822732221069517,0.09070458759453774
900,nonnormal,open,1024,v_random_027,0.00035307569715989893,0.5149889688786019,0.51595,0.00048085101461249537,0.14247148684428354,0.028921633677324466,0.1700636165595818
900,nonnormal,open,1024,v_random_028,0.0006652144692585898,0.5205697180993666,0.5119,0.0007681824632042196,0.16038689221672373,6.193481759780442e-05,0.00786986769887553
900,nonnormal,open,1024,v_random_029,0.0009305610379175179,0.5243244559677744,0.52505,0.0011585726164038104,0.14847289185571133,0.00023679023335908565,0.015387989906387567
900,nonnormal,open,1024,v_random_030,0.0006216933446107916,0.5198860351049825,0.51995,0.0007030397265167796,0.18045485437080214,0.027449297643274154,0.1656782956312448
900,nonnormal,open,1024,v_random_031,0.00031650776393055656,0.5141919023644207,0.5091,0.0004778745240907389,0.08497590839638425,0.0029188380856025858,0.05402627217939977
900,nonnormal,open,1024,v_random_032,0.0008591454143124318,0.5233735516184708,0.5166,0.000665262191540484,0.25624843316740686,0.11810197183470215,0.34365967443781087
900,nonnormal,open,1024,v_random_033,0.0008128901826050883,0.5227363473749176,0.5191,0.0007552065637054688,0.23861780793805412,0.16693122019824508,0.40857217256960254
900,nonnormal,open,1024,v_random_034,0.0006751128813779023,0.5207220553189558,0.521,0.0005951179892519099,0.13699871187835283,0.01425591202344237,0.11939812403652902
900,nonnormal,open,1024,v_random_035,0.0003994977850510882,0.5159434239760685,0.51745,0.0006801704988164684,0.132205236967711,0.007074402275545532,0.0841094660281798
900,nonnormal,open,1024,v_random_036,0.0008194673145592675,0.522828042434903,0.52485,0.0010883544926356171,0.14446378398121662,0.04455027600381201,0.21106936301560209
900,nonnormal,open,1024,v_random_037,0.0008453736182371334,0.5231856727186974,0.519,0.0007070684263887402,0.14909428601416497,0.05577786182140763,0.23617337238013864
900,nonnormal,open,1024,v_random_038,0.0009824626922303801,0.5249927311645093,0.5231,0.0011694038280958968,0.3770220447097277,0.09160176378389326,0.3026578328474141
900,nonnormal,open,1024,v_random_039,0.0004672204719330995,0.5172411303787386,0.51325,0.00048819910766554985,0.11116901515699902,0.019702274069076573,0.1403647892780685
900,nonnormal,open,1024,v_random_040,0.0006506236520659424,0.5203430769971883,0.5185,0.0011059757221722763,0.1543143034757164,0.02520790393967957,0.15876997178207083
900,nonnormal,open,1024,v_random_041,0.0005948521869816416,0.5194523642287241,0.51885,0.0005859075275216523,0.18713871593357512,0.052771513804343466,0.22972051237175897
900,nonnormal,open,1024,v_random_042,0.0004205723959035506,0.5163583196107268,0.51915,0.000735463453749508,0.15770016768101885,0.0035470922913522916,0.059557470491553716
900,nonnormal,open,1024,v_random_043,0.00037981210795589963,0.5155458512715874,0.5145,0.0007472351803741522,0.055981247845479226,0.0030858192510768846,0.05555015077456482
900,nonnormal,open,1024,v_random_044,0.001083262855214902,0.5262417891182566,0.52585,0.0013923054581991352,0.19556746742910736,0.07456133859782507,0.2730592217776669
900,nonnormal,open,1024,v_random_045,0.0004164566369724143,0.5162781254902162,0.5144,0.0006157247906254403,0.039678383863341195,0.006563604627436999,0.08101607635177724
900,nonnormal,open,1024,v_random_046,0.0018060438432844998,0.5338673763996221,0.5336,0.0024889408857596594,0.33847240797834544,0.13294040984133312,0.36460994204949093
900,nonnormal,open,1024,v_random_047,0.0003901165561170286,0.515755214263986,0.51465,0.00046949220534325044,0.18470819542437508,0.07961452346047104,0.2821604569397899
900,nonnormal,open,1024,v_random_048,0.000592776846411262,0.5194184284029111,0.51975,0.0008257030303906752,0.23891330856554147,0.0808734256412454,0.2843825339946977
900,nonnormal,open,1024,v_random_049,0.00038003784558306197,0.5155504680082672,0.5119,0.0005810204194350276,0.19531990853462314,0.021594822924321345,0.14695177074238114
900,nonnormal,open,1024,v_random_050,0.0005154378560464502,0.5181083551457607,0.517,0.0006033896277183637,0.10323491379385509,0.0028568152926620014,0.05344918420950877
900,nonnormal,open,1024,v_random_051,0.0005027295146682953,0.5178838787743345,0.5164,0.0006761060658766164,0.10658470193796839,0.0294603743670743,0.17164024693257202
900,nonnormal,open,1024,v_random_052,0.0011087323681942237,0.526548042774396,0.5245,0.0013149299667310763,0.15977349091099854,0.0015801208894222498,0.039750734451356365
900,nonnormal,open,1024,v_random_053,0.00016038858503843753,0.5101036979435052,0.508,0.0003804581956634572,0.18285415344507921,0.02882992418666546,0.169793769575522
900,nonnormal,open,1024,v_random_054,0.0005547546322677485,0.5187858104512111,0.5163,0.00074523917662526,0.15689145528117523,0.0020240816482796527,0.044989794934847754
900,nonnormal,open,1024,v_random_055,0.0003451429399032777,0.5148197077267449,0.5145,0.0004689376838977453,0.12475210893318074,0.0039060743704797396,0.06249859494804455
900,nonnormal,open,1024,v_random_056,0.0005564601740508429,0.5188146445213755,0.52095,0.000895710078662727,0.1898418925549995,0.030423653815325052,0.17442377651950164
900,nonnormal,open,1024,v_random_057,0.00023900194694911675,0.5123330810941729,0.51305,0.00019773686708728083,0.21728460141231476,0.06953575912338911,0.26369633885093874
900,nonnormal,open,1024,v_random_058,0.0004817997821357497,0.5175078929990179,0.5092,0.0005195078305098354,0.19426423821413635,0.03365159232672043,0.1834437034262022
900,nonnormal,open,1024,v_random_059,0.00048126483961099983,0.5174981770274507,0.52055,0.0005921361501358608,0.14381625595037517,0.014445763428736928,0.12019052969654859
900,nonnormal,open,1024,v_random_060,0.0012689327485928027,0.5283982837998401,0.52455,0.0017250139246270404,0.3137967648228696,0.2326176947021454,0.48230456632935315
900,nonnormal,open,1024,v_random_061,0.00041253984009127597,0.5162014386301335,0.51005,0.0005342339844640846,0.11179550910268786,0.0008448332855595267,0.029066015990491828
900,nonnormal,open,1024,v_random_062,0.0010101364730461936,0.5253418141755901,0.5194,0.0011249527396660515,0.2543588711772405,0.03374774325558561,0.18370558852573216
900,nonnormal,open,1024,v_random_063,0.00021735081033781418,0.5117613660690503,0.5065,0.0003740600267075633,0.09028710336992032,0.019660323910281326,0.140215277021733
900,nonnormal,open,1024,v_random_064,0.0007188143114852772,0.5213816069073081,0.5211,0.0009447968372240836,0.1964008545838055,0.01866604613298368,0.136623739273172
900,nonnormal,open,1024,v_random_065,0.00022955315441081775,0.5120869085327902,0.50835,0.00017051488838360905,0.13313749008515594,0.0048277393654802565,0.06948193553349141
900,nonnormal,open,1024,v_random_066,0.0013043472363676125,0.5287911595870248,0.52745,0.0018287837270597198,0.24531247162140218,0.1326650171440346,0.3642320924136623
900,nonnormal,open,1024,v_random_067,0.0006217206335208966,0.5198864711821759,0.51925,0.0007543971115500039,0.11222953314086762,5.457791648722293e-05,0.007387686815724048
900,nonnormal,open,1024,v_random_068,0.0005522570920507822,0.5187435064981797,0.5138,0.0008186795622080985,0.06312597324885935,0.016939214672015195,0.13015073826919
900,nonnormal,open,1024,v_random_069,0.00018785872276430048,0.510934561112774,0.50955,0.0003954643955969199,0.12486315671384528,0.03208677207462505,0.17912780932793504
900,nonnormal,open,1024,v_random_070,0.00040241850195740493,0.5160015676492106,0.51425,0.0006691450277915467,0.04414904690861076,0.001978848630407386,0.04448425148754766
900,nonnormal,open,1024,v_random_071,0.0003397587026257838,0.514703712248611,0.514,0.0003281189434118614,0.19076829063779444,1.5362535013222357e-05,0.0039195069859897375
900,nonnormal,open,1024,v_random_072,0.00048516459753541975,0.5175688834408404,0.518,0.0007313288284153439,0.11301872356500077,0.008239870636739324,0.09077373318719091
900,nonnormal,open,1024,v_random_073,0.00037362690194520245,0.5154188138619682,0.51515,0.0006731568859669651,0.11765328620967906,0.010964582143811737,0.10471190067901422
900,nonnormal,open,1024,v_random_074,0.0007264449392545903,0.5214946870379412,0.5205,0.0011003912747729713,0.22810683230782297,0.14925449002471514,0.38633468654097725
900,nonnormal,open,1024,v_random_075,0.00043502035859481133,0.5166367662921698,0.50765,0.0005387442285429036,0.2334095874610767,0.0004517337808422853,0.021254029755373105
900,nonnormal,open,1024,v_random_076,0.00039498636355798727,0.5158531936427222,0.5152,0.0006391905711700808,0.14594917603493776,0.0038358845505798603,0.061934518247741786
900,nonnormal,open,1024,v_random_077,0.0006427543824151429,0.5202197843842883,0.51605,0.0006588425317878093,0.12063729436084619,0.06980373880034003,0.2642039719617024
900,nonnormal,open,1024,v_random_078,0.000300177441774339,0.5138210864734353,0.5098,0.0004268803938230965,0.12371869587382694,0.01116992392221025,0.10568786080818482
900,nonnormal,open,1024,v_random_079,0.00034841045850637144,0.5148896602170729,0.5074,0.00029119099256810755,0.09018054035532744,0.018311188864222127,0.13531884149748744
900,nonnormal,open,1024,v_random_080,0.0003563992386693905,0.5150593167099311,0.5112,0.000646395597843401,0.13861481522142166,0.03649754262551844,0.1910433003942259
900,nonnormal,open,1024,v_random_081,0.0009016065399296918,0.5239434985813142,0.5206,0.0009081501621914527,0.17113874394457038,0.002132702255198526,0.04618118940865995
900,nonnormal,open,1024,v_random_082,0.0007955656369525567,0.5224930204781091,0.52165,0.001101698032820659,0.26763075210051934,0.021244886830457683,0.14575625828916466
900,nonnormal,open,1024,v_random_083,0.000715747175432235,0.5213359847573729,0.5143,0.00075021664116298,0.30707964629545,0.0345253967878873,0.18581010948785132
900,nonnormal,open,1024,v_random_084,0.00021789956871416847,0.5117761997080861,0.5056,0.00046648252502594416,0.15324897234162013,0.004688157584894821,0.06847012184080602
900,nonnormal,open,1024,v_random_085,0.00043003489917476474,0.5165412154672805,0.51825,0.0005755254214250096,0.15107289586071576,0.0007685374791229828,0.027722508528684464
900,nonnormal,open,1024,v_random_086,0.00043528099077931435,0.516641746418013,0.512,0.0007004556593398647,0.13127920150446137,0.002300061969904525,0.047958961309691905
900,nonnormal,open,1024,v_random_087,0.00022838706375189337,0.5120561791060866,0.5079,0.00045600369151514643,0.16449193903763643,0.009354331999588555,0.09671779567167851
900,nonnormal,open,1024,v_random_088,0.0011372556101398319,0.5268868507286775,0.5256,0.0010441357399658658,0.29479303329384066,0.13734150551867289,0.37059614881791864
900,nonnormal,open,1024,v_random_089,0.0004327051744987175,0.5165924622915835,0.51675,0.0007720754540378993,0.08471113987559482,0.017342567834160084,0.1316911835855388
900,nonnormal,open,1024,v_random_090,0.0006416834321869786,0.5202029467906711,0.51155,0.0007020772442881107,0.2712042690310462,0.0007041789112731302,0.026536369594824576
900,nonnormal,open,1024,v_random_091,0.0008014180313614331,0.5225755131902715,0.5205,0.0010514195563619969,0.16458671582130827,0.012663707828869525,0.11253314102463116
900,nonnormal,open,1024,v_random_092,0.0005665698152666526,0.51898465739581,0.5188,0.0004697726966311907,0.17532783650129027,0.002921439961409443,0.05405034654291722
900,nonnormal,open,1024,v_random_093,0.0005627299108250498,0.5189202625586915,0.5184,0.0006359434907411565,0.0841111958758935,0.0007259217787434229,0.026942935599956863
900,nonnormal,open,1024,v_random_094,0.000365674805188653,0.5152539288889925,0.51565,0.0006253393159636582,0.1270183550924109,0.009486987226973729,0.09740116645591945
900,nonnormal,open,1024,v_random_095,0.00039206472729289173,0.5157944841017803,0.5134,0.0006479616750675789,0.1618238446887926,0.034602817286492435,0.18601832513624145
900,nonnormal,open,1024,v_random_096,0.00029544212383592614,0.5137116821488418,0.51045,0.0004478660566177429,0.08474755859796687,0.03996786820603284,0.19991965437653408
900,nonnormal,open,1024,v_random_097,0.0005490973868764458,0.5186898490272214,0.5165,0.0006380087705695674,0.24279998559976854,0.051225895594592355,0.22633138446665402
900,nonnormal,open,1024,v_random_098,0.00043111350550239445,0.5165619347692489,0.5151,0.0006360101015590562,0.12947421524774655,0.010931677690070737,0.10455466364572523
900,nonnormal,open,1024,v_random_099,0.00043288423572516044,0.5165958930863016,0.51345,0.0004989357949035468,0.14256059704488347,0.04502113212973292,0.21218183741718544
900,nonnormal,open,1024,v_random_100,0.000724144817150078,0.5214606639438846,0.5205,0.0005895578634653773,0.13120697394782357,0.04764247336165178,0.21827155875572013
900,nonnormal,open,1024,v_random_101,0.0005924532737491826,0.5194131320024962,0.5191,0.0006425607150834027,0.18578136830604966,0.08230245709599951,0.28688404817277574
900,nonnormal,open,1024,v_random_102,0.0005823939571554871,0.519247746819483,0.5157,0.0007568813720803505,0.1467351345480162,0.014964017275344492,0.1223275000780466
900,nonnormal,open,1024,v_random_103,0.0006160888498589796,0.5197962709456871,0.51655,0.0009638957480752252,0.3682012317266698,0.2245644850257846,0.473882353570783
900,nonnormal,open,1024,v_random_104,0.0002600293090591535,0.5128639970409264,0.5083,0.00039028725852754693,0.17867510361236855,0.002788398795301768,0.05280529135703891
900,nonnormal,open,1024,v_random_105,0.0004681258547461286,0.5172578168660409,0.5082,0.0005460105623736808,0.14447041847305897,0.0007961950520694029,0.02821692846624882
900,nonnormal,open,1024,v_random_106,0.00042930252967576874,0.5165271323017958,0.51025,0.0004624843744286555,0.18844486518935838,0.04299231929576764,0.20734589288376956
900,nonnormal,open,1024,v_random_107,0.0007457337611004544,0.5217779047954199,0.52435,0.0006422731507900215,0.25656790260844586,0.18690706817157682,0.4323275010586035
900,nonnormal,open,1024,v_random_108,0.0005711842907698271,0.519061753063978,0.52,0.0006919857051348195,0.11013451178687643,0.010222298445112117,0.10110538286912382
900,nonnormal,open,1024,v_random_109,0.0006710334316917427,0.5206594088802755,0.5159,0.000989256645829448,0.11988220340848227,0.005860589727635686,0.07655448861847153
900,nonnormal,open,1024,v_random_110,0.0004842617584338848,0.5175525394901715,0.51345,0.0004327309677954529,0.09656174883903329,0.0010034949220908327,0.031677987974156954
900,nonnormal,open,1024,v_random_111,0.00044728322427844573,0.5168694871633331,0.5146,0.0008341379925956878,0.09503109247540965,0.006529717777186469,0.08080666913805115
900,nonnormal,open,1024,v_random_112,0.0007116374454867712,0.5212747005762358,0.52055,0.0011366671131317427,0.2193261397577862,0.06300309214930702,0.25100416759350236
900,nonnormal,open,1024,v_random_113,0.0008078628236927391,0.5226660072433161,0.51725,0.0009997397019023916,0.1802032205451381,0.0008519161438708633,0.02918760257148338
900,nonnormal,open,1024,v_random_114,0.00035511724787253994,0.5150322204932821,0.51025,0.00046827236830423427,0.10898597707306126,0.0004651857242260225,0.021568164600309005
900,nonnormal,open,1024,v_random_115,0.0006555393955298627,0.5204197158664378,0.52275,0.000930705724599171,0.1956371601466029,0.0005992726424942514,0.024480045802535814
900,nonnormal,open,1024,v_random_116,0.0005154218990478113,0.5181080750356518,0.5149,0.0005396589259607011,0.10553832139253058,0.009268955213854124,0.09627541334034419
900,nonnormal,open,1024,v_random_117,0.00020054430296861565,0.5112976252717487,0.50965,0.000402071920264155,0.10230476067714167,0.005888999771987933,0.07673981868618099
900,nonnormal,open,1024,v_random_118,0.0005280055928121199,0.5183276368541369,0.51365,0.0007433247537897022,0.16260614787363895,0.008812606119097425,0.0938754819912922
900,nonnormal,open,1024,v_random_119,0.0006150529746243777,0.5197796351402859,0.51955,0.0005641522541023631,0.1571887839787848,0.11721166289254595,0.3423618887851654
900,nonnormal,open,1024,v_random_120,0.000447946176544217,0.516881976845627,0.51545,0.0005553449362927468,0.15972751853162212,0.007782748531999516,0.08821988739507389
900,nonnormal,open,1024,v_random_121,0.0002814506360304354,0.5133831916290261,0.5115,0.0002819703293031649,0.06006621531610601,0.002725796870833074,0.052209164624930304
900,nonnormal,open,1024,v_random_122,0.0005422001419153387,0.5185721813025725,0.5151,0.0007520676516674757,0.2166243185139383,0.02943339837910707,0.17156164600255813
900,nonnormal,open,1024,v_random_123,0.0006264565978712867,0.5199620071966955,0.51535,0.0010704388764877578,0.1640952714559722,0.04602402915645056,0.21453211684139642
900,nonnormal,open,1024,v_random_124,0.0006206177928667277,0.5198688401241912,0.5117,0.0004755232524095006,0.17113405988804817,0.04603826739994047,0.21456529868536633
900,nonnormal,open,1024,v_random_125,0.0005804294395360338,0.5192152815315759,0.5121,0.0005040367442331304,0.17139409991502885,0.009873761244075437,0.09936680151879418
900,nonnormal,open,1024,v_random_126,0.0004858757761732464,0.517581747067724,0.51395,0.0007981646125882621,0.15839927473364482,0.006626454820297978,0.08140303937997634
900,nonnormal,open,1024,v_random_127,0.0008356758877580572,0.5230524505000099,0.52395,0.0011464264530482984,0.10125175341402513,0.004107906307639581,0.06409295052998872
900,nonnormal,open,1024,v_learn_s0,0.002868362407267769,0.542650804898329,0.5458,0.00240836096433169,0.9981435160768701,0.9902139649060481,0.9950949527085584
900,nonnormal,open,4096,v_old,0.0009898777269619105,0.5250867449431923,0.5221,0.000823688908553377,1.0000000000000007,0.9999999999999991,0.9999999999999996
900,nonnormal,open,4096,v_store,0.0010697460213670148,0.5260777889721883,0.5216,0.0018131432758341053,0.9339420139499817,0.8034056603921398,0.8963289911590162
900,nonnormal,open,4096,v_write,0.00124740432701988,0.5281567577378447,0.5282,0.0017324695420082676,0.6076693320271742,0.20421707714580836,0.45190383617071495
900,nonnormal,open,4096,v_bottom,3.324186071361517e-05,0.5046001617209032,0.4994,0.00025988425057203084,-9.833264002578973e-18,1.9259299443872359e-32,1.3877787807814457e-16
900,nonnormal,open,4096,v_worst_positive,0.00011455216326876858,0.5085390300870446,0.50445,0.0004942680837922695,0.011530519903928553,7.703719777548943e-34,2.7755575615628914e-17
900,nonnormal,open,4096,v_random_000,0.00014680117946459198,0.5096663459101333,0.5026,0.0005615046000339258,0.13013044716032537,0.04172964781601079,0.20427835865801053
900,nonnormal,open,4096,v_random_001,0.000264415940891453,0.5129720115779409,0.5063,0.00047568042272731065,0.13662905821024127,0.02905803683720576,0.17046418051076231
900,nonnormal,open,4096,v_random_002,0.0001909233575200559,0.5110233683023284,0.5043,0.0001972339885745343,0.17981566850548839,0.0447130957987597,0.2114547133519603
900,nonnormal,open,4096,v_random_003,0.00013937339139929463,0.5094186713738336,0.50545,0.00046310375223275674,0.194053662216412,0.04447348074546786,0.2108873650683413
900,nonnormal,open,4096,v_random_004,0.00010700014836776775,0.5082527990904696,0.5049,0.00044143364754615995,0.11030403584418591,0.02300908106018897,0.1516874452952154
900,nonnormal,open,4096,v_random_005,0.0001114251137920889,0.508421691814773,0.50585,0.00033971294069956126,0.13860605432368503,0.003562656026530724,0.05968798896369959
900,nonnormal,open,4096,v_random_006,0.00010011394374314275,0.5079828572111199,0.5023,0.00046378593332888833,0.10097358407670318,0.026494476127720434,0.16277123863791304
900,nonnormal,open,4096,v_random_007,0.0004263922451905092,0.5164710494521177,0.50725,0.0006439027714302717,0.21939658092955552,2.367499575335161e-05,0.004865695813894618
900,nonnormal,open,4096,v_random_008,0.0002495898961048424,0.5126032137735657,0.50555,0.0005117668878863059,0.10746457345140713,0.0003678413929136754,0.01917919166476198
900,nonnormal,open,4096,v_random_009,0.00013722702686663594,0.5093458791018431,0.5069,0.0004410993131407625,0.2132737588188225,0.014659535285985018,0.12107656786507048
900,nonnormal,open,4096,v_random_010,9.704073444372165e-05,0.5078593929587064,0.4987,0.00013628370571154157,0.1718567660105539,0.01260562611382491,0.11227477950913513
900,nonnormal,open,4096,v_random_011,0.00018969572263713696,0.5109878800779353,0.5088,0.0005529230700660661,0.22941166863126436,0.11590596162485642,0.34044964623987556
900,nonnormal,open,4096,v_random_012,0.00015355918979361252,0.5098862937258369,0.50585,0.0004031874675011007,0.18054434932647326,0.027619987972326697,0.16619262309839958
900,nonnormal,open,4096,v_random_013,9.97358449328454e-05,0.5079677705919191,0.501,0.00017915398596284447,0.10441977724824948,0.03225315822362561,0.17959164296710917
900,nonnormal,open,4096,v_random_014,0.0002969603862483716,0.5137468549161353,0.5085,0.0004911648646592504,0.31704847469365827,0.11698486065671604,0.34203049667641633
900,nonnormal,open,4096,v_random_015,0.0001545946017461027,0.5099195613099422,0.50305,0.0003770101976303276,0.14492192937951273,0.007582465081118152,0.08707735113746945
900,nonnormal,open,4096,v_random_016,5.810081694115107e-05,0.5060815510869747,0.5015,0.0003665076329075134,0.07431271496260791,0.002804148989179906,0.052954215971723215
900,nonnormal,open,4096,v_random_017,0.0002815942210547675,0.5133866037010354,0.50955,0.000484210453454943,0.26805197888661714,0.09537195477018497,0.30882350100046624
900,nonnormal,open,4096,v_random_018,0.00026224014114083866,0.5129185486625382,0.5014,0.0003642940428867725,0.24521060285785456,0.005379541797742685,0.07334535975603831
900,nonnormal,open,4096,v_random_019,0.00021912383393274826,0.511809225927158,0.5095,0.0004964079221630581,0.09438385459730012,0.00849108656434025,0.09214709200153985
900,nonnormal,open,4096,v_random_020,0.00013826710668803294,0.5093812231821384,0.5015,0.00029502482060971566,0.14597957184023924,0.0009170133544722947,0.03028222836041454
900,nonnormal,open,4096,v_random_021,0.000198795899576025,0.5112482825845805,0.5055,0.00042844614344636175,0.29053444095909375,0.03993352281874348,0.19983373793917653
900,nonnormal,open,4096,v_random_022,0.00017851490080890106,0.5106592246430085,0.50655,0.0006529155017677224,0.1520972470864079,0.10187318891077449,0.3191757962483598
900,nonnormal,open,4096,v_random_023,0.0002504686416271953,0.5126253733145714,0.5115,0.0004341403900298236,0.2784213009688073,0.20337600814245968,0.4509722919897182
900,nonnormal,open,4096,v_random_024,8.001567360263142e-05,0.5071368148149568,0.49785,0.0002264659706046776,0.09311009930546557,4.016913452618005e-06,0.002004223902815752
900,nonnormal,open,4096,v_random_025,0.00014460406626670783,0.50959375113816,0.50165,0.00017900799283149992,0.21507257674301428,0.1111761924499774,0.333430941050733
900,nonnormal,open,4096,v_random_026,0.00011774015918933925,0.5086570172444743,0.49665,0.0002059170979751805,0.16413124339003346,0.00822732221069517,0.09070458759453774
900,nonnormal,open,4096,v_random_027,0.0001623764370050468,0.5101661041460531,0.50435,0.00027345834433391254,0.14247148684428354,0.028921633677324466,0.1700636165595818
900,nonnormal,open,4096,v_random_028,0.0001239247806208255,0.508881437463189,0.5045,0.00040183103020475814,0.16038689221672373,6.193481759780442e-05,0.00786986769887553
900,nonnormal,open,4096,v_random_029,0.0003208187358661839,0.5142881843348316,0.50275,0.0004577468557783737,0.14847289185571133,0.00023679023335908565,0.015387989906387567
900,nonnormal,open,4096,v_random_030,0.00013602129006689396,0.5093047374979008,0.4989,0.00040443461776437715,0.18045485437080214,0.027449297643274154,0.1656782956312448
900,nonnormal,open,4096,v_random_031,5.8800322938277187e-05,0.5061180481827707,0.5051,0.0004274804015620143,0.08497590839638425,0.0029188380856025858,0.05402627217939977
900,nonnormal,open,4096,v_random_032,0.0002729975080838909,0.5131807574343696,0.50925,0.0007671085224636972,0.25624843316740686,0.11810197183470215,0.34365967443781087
900,nonnormal,open,4096,v_random_033,0.00022125196076482002,0.5118664160286047,0.508,0.0006260306031901398,0.23861780793805412,0.16693122019824508,0.40857217256960254
900,nonnormal,open,4096,v_random_034,0.0001552699643840573,0.5099412005408989,0.5053,0.0003305718347097748,0.13699871187835283,0.01425591202344237,0.11939812403652902
900,nonnormal,open,4096,v_random_035,0.0001361994211332539,0.509310827058387,0.5027,0.0004992893066883456,0.132205236967711,0.007074402275545532,0.0841094660281798
900,nonnormal,open,4096,v_random_036,0.00010723607185681978,0.5082618910359222,0.50215,0.00030781680006193655,0.14446378398121662,0.04455027600381201,0.21106936301560209
900,nonnormal,open,4096,v_random_037,0.00021014295302418444,0.5115647603540219,0.5041,0.0005395553159138317,0.14909428601416497,0.05577786182140763,0.23617337238013864
900,nonnormal,open,4096,v_random_038,0.00029048368770311604,0.5135961779163163,0.5071,0.0003771818688800727,0.3770220447097277,0.09160176378389326,0.3026578328474141
900,nonnormal,open,4096,v_random_039,0.00025634901291597526,0.5127726693813025,0.50585,0.0002699171414009289,0.11116901515699902,0.019702274069076573,0.1403647892780685
900,nonnormal,open,4096,v_random_040,0.0001823810007684387,0.5107740021177047,0.50425,0.00041230012610671263,0.1543143034757164,0.02520790393967957,0.15876997178207083
900,nonnormal,open,4096,v_random_041,0.00014692175470817242,0.5096703140477886,0.5,0.000294257493386391,0.18713871593357512,0.052771513804343466,0.22972051237175897
900,nonnormal,open,4096,v_random_042,0.00015351999954041432,0.5098850323497937,0.49605,0.00023540373449544387,0.15770016768101885,0.0035470922913522916,0.059557470491553716
900,nonnormal,open,4096,v_random_043,0.0001173714167524043,0.5086434525753472,0.506,0.00040437206424979197,0.055981247845479226,0.0030858192510768846,0.05555015077456482
900,nonnormal,open,4096,v_random_044,0.0003499439698901796,0.5149223770376837,0.50535,0.0002849492247847113,0.19556746742910736,0.07456133859782507,0.2730592217776669
900,nonnormal,open,4096,v_random_045,0.0001077590214631238,0.5082820087012894,0.50425,0.0004927446397233745,0.039678383863341195,0.006563604627436999,0.08101607635177724
900,nonnormal,open,4096,v_random_046,0.0005276102383159763,0.5183207788087033,0.50955,0.00058775570062911,0.33847240797834544,0.13294040984133312,0.36460994204949093
900,nonnormal,open,4096,v_random_047,0.0002035280804543396,0.5113813375934585,0.5048,0.0005482020026595734,0.18470819542437508,0.07961452346047104,0.2821604569397899
900,nonnormal,open,4096,v_random_048,0.00028707577834412984,0.5135162192012491,0.50515,0.00017212716876546783,0.23891330856554147,0.0808734256412454,0.2843825339946977
900,nonnormal,open,4096,v_random_049,0.0001680747017744291,0.5103429059533603,0.50415,0.00023246623788042897,0.19531990853462314,0.021594822924321345,0.14695177074238114
900,nonnormal,open,4096,v_random_050,0.00020193244489665764,0.5113366477089908,0.5058,0.0004985032769438099,0.10323491379385509,0.0028568152926620014,0.05344918420950877
900,nonnormal,open,4096,v_random_051,0.0002067581081623915,0.5114712693433846,0.502,0.000303320881584162,0.10658470193796839,0.0294603743670743,0.17164024693257202
900,nonnormal,open,4096,v_random_052,0.00024505188190196577,0.5124881508858207,0.51315,0.00045675178809311684,0.15977349091099854,0.0015801208894222498,0.039750734451356365
900,nonnormal,open,4096,v_random_053,9.600972414592075e-05,0.5078175357410953,0.50265,0.00035349318548188156,0.18285415344507921,0.02882992418666546,0.169793769575522
900,nonnormal,open,4096,v_random_054,0.0001816130083736199,0.5107512994430041,0.5042,0.0003350801486072528,0.15689145528117523,0.0020240816482796527,0.044989794934847754
900,nonnormal,open,4096,v_random_055,6.909851489710121e-05,0.5066321511047093,0.4994,0.00031714847231497484,0.12475210893318074,0.0039060743704797396,0.06249859494804455
900,nonnormal,open,4096,v_random_056,0.00018464593957089054,0.5108406789923196,0.50195,0.00046261477004925437,0.1898418925549995,0.030423653815325052,0.17442377651950164
900,nonnormal,open,4096,v_random_057,7.886682107054204e-05,0.5070854003688386,0.50255,0.0002901669156834697,0.21728460141231476,0.06953575912338911,0.26369633885093874
900,nonnormal,open,4096,v_random_058,0.00014903264055667325,0.5097395213063691,0.5069,0.00036999218758530306,0.19426423821413635,0.03365159232672043,0.1834437034262022
900,nonnormal,open,4096,v_random_059,0.00011450243987769211,0.5085371769104073,0.5014,0.0003871862496932873,0.14381625595037517,0.014445763428736928,0.12019052969654859
900,nonnormal,open,4096,v_random_060,0.00044194290121598776,0.516768538107472,0.50545,0.0003509769504169316,0.3137967648228696,0.2326176947021454,0.48230456632935315
900,nonnormal,open,4096,v_random_061,0.0001916143323950175,0.5110432926562387,0.5045,0.0005084221908134171,0.11179550910268786,0.0008448332855595267,0.029066015990491828
900,nonnormal,open,4096,v_random_062,0.00035414971657375877,0.5150117382608164,0.51205,0.0007111222857030493,0.2543588711772405,0.03374774325558561,0.18370558852573216
900,nonnormal,open,4096,v_random_063,0.00011168931274431698,0.5084316687121964,0.5045,0.000537345394422931,0.09028710336992032,0.019660323910281326,0.140215277021733
900,nonnormal,open,4096,v_random_064,0.0002535537895387199,0.512702865741549,0.5067,0.0005752462270928932,0.1964008545838055,0.01866604613298368,0.136623739273172
900,nonnormal,open,4096,v_random_065,0.00010421292855394455,0.5081446174380464,0.5024,0.0002947658369502821,0.13313749008515594,0.0048277393654802565,0.06948193553349141
900,nonnormal,open,4096,v_random_066,0.0003761412296963772,0.515470581512479,0.50675,0.00038024898379720496,0.24531247162140218,0.1326650171440346,0.3642320924136623
900,nonnormal,open,4096,v_random_067,0.00011319864395063826,0.5084884403331292,0.49825,0.000257069140743778,0.11222953314086762,5.457791648722293e-05,0.007387686815724048
900,nonnormal,open,4096,v_random_068,0.0001279195691873601,0.5090234272300789,0.50215,0.00025703984283674265,0.06312597324885935,0.016939214672015195,0.13015073826919
900,nonnormal,open,4096,v_random_069,8.832996794936289e-05,0.5074983986247922,0.49805,0.00025341254240259236,0.12486315671384528,0.03208677207462505,0.17912780932793504
900,nonnormal,open,4096,v_random_070,8.060565707985245e-05,0.5071630747881671,0.50165,0.00030978208256034006,0.04414904690861076,0.001978848630407386,0.04448425148754766
900,nonnormal,open,4096,v_random_071,0.0002490356826883515,0.5125892179538762,0.50515,0.000371583279525251,0.19076829063779444,1.5362535013222357e-05,0.0039195069859897375
900,nonnormal,open,4096,v_random_072,0.00017045891802147618,0.5104159904861415,0.5008,0.00035069491968907547,0.11301872356500077,0.008239870636739324,0.09077373318719091
900,nonnormal,open,4096,v_random_073,9.582663094766403e-05,0.5078100790087695,0.4982,0.00026407650850824454,0.11765328620967906,0.010964582143811737,0.10471190067901422
900,nonnormal,open,4096,v_random_074,0.00018324237194556508,0.5107994083308403,0.50595,0.00029920656645969273,0.22810683230782297,0.14925449002471514,0.38633468654097725
900,nonnormal,open,4096,v_random_075,0.00020026815696321407,0.5112898463540407,0.5095,0.00067894199167413,0.2334095874610767,0.0004517337808422853,0.021254029755373105
900,nonnormal,open,4096,v_random_076,0.00024308603549217088,0.5124379753220598,0.5123,0.0007594933238088922,0.14594917603493776,0.0038358845505798603,0.061934518247741786
900,nonnormal,open,4096,v_random_077,0.0002424192630999483,0.5124209107682817,0.50695,0.00033363737008200954,0.12063729436084619,0.06980373880034003,0.2642039719617024
900,nonnormal,open,4096,v_random_078,0.00013623458107013393,0.5093120285595057,0.5003,0.00034521070470240096,0.12371869587382694,0.01116992392221025,0.10568786080818482
900,nonnormal,open,4096,v_random_079,0.00014602335710468258,0.5096407084518906,0.50275,0.00036323070345722734,0.09018054035532744,0.018311188864222127,0.13531884149748744
900,nonnormal,open,4096,v_random_080,0.0001082177058507729,0.5082996139429665,0.5019,0.00031014268750228916,0.13861481522142166,0.03649754262551844,0.1910433003942259
900,nonnormal,open,4096,v_random_081,0.0002645526075129796,0.5129753623344703,0.5067,0.00041779527208542883,0.17113874394457038,0.002132702255198526,0.04618118940865995
900,nonnormal,open,4096,v_random_082,0.00029256150010358413,0.5136446986955072,0.50755,0.000488522629672251,0.26763075210051934,0.021244886830457683,0.14575625828916466
900,nonnormal,open,4096,v_random_083,0.0002860483444382018,0.5134920197296557,0.51525,0.0004767492874259688,0.30707964629545,0.0345253967878873,0.18581010948785132
900,nonnormal,open,4096,v_random_084,0.00010695571611343287,0.5082510856524587,0.5039,0.0003850185122000753,0.15324897234162013,0.004688157584894821,0.06847012184080602
900,nonnormal,open,4096,v_random_085,0.00010326555608147361,0.5081075177449657,0.50055,0.00029018849792800637,0.15107289586071576,0.0007685374791229828,0.027722508528684464
900,nonnormal,open,4096,v_random_086,0.00011055902971504909,0.5083889027853729,0.50705,0.00041507560552987396,0.13127920150446137,0.002300061969904525,0.047958961309691905
900,nonnormal,open,4096,v_random_087,7.841486914592675e-05,0.5070650716335009,0.50245,0.0002784668883353994,0.16449193903763643,0.009354331999588555,0.09671779567167851
900,nonnormal,open,4096,v_random_088,0.00017803817830724065,0.5106449858273499,0.498,0.0004495601103918997,0.29479303329384066,0.13734150551867289,0.37059614881791864
900,nonnormal,open,4096,v_random_089,9.16099206146091e-05,0.5076363318252953,0.49575,0.0002949044496599767,0.08471113987559482,0.017342567834160084,0.1316911835855388
900,nonnormal,open,4096,v_random_090,0.00018364610975807232,0.5108112960402029,0.50825,0.0005329263046110228,0.2712042690310462,0.0007041789112731302,0.026536369594824576
900,nonnormal,open,4096,v_random_091,0.00017043933173175208,0.5104153921891731,0.50655,0.0003631527491298433,0.16458671582130827,0.012663707828869525,0.11253314102463116
900,nonnormal,open,4096,v_random_092,0.00021409293072053703,0.5116729128315491,0.50295,0.0004140627481658867,0.17532783650129027,0.002921439961409443,0.05405034654291722
900,nonnormal,open,4096,v_random_093,0.00011787289227603668,0.5086618948006222,0.4983,0.0003177861319363462,0.0841111958758935,0.0007259217787434229,0.026942935599956863
900,nonnormal,open,4096,v_random_094,0.00016418615135227054,0.5102225863613463,0.50405,0.0004923761677350418,0.1270183550924109,0.009486987226973729,0.09740116645591945
900,nonnormal,open,4096,v_random_095,0.00010861841939508766,0.5083149636213892,0.49995,0.00017748417568574796,0.1618238446887926,0.034602817286492435,0.18601832513624145
900,nonnormal,open,4096,v_random_096,9.657583661183038e-05,0.5078405465958434,0.5,0.00019136274682901905,0.08474755859796687,0.03996786820603284,0.19991965437653408
900,nonnormal,open,4096,v_random_097,0.00018549135281443932,0.5108654618979646,0.50275,0.0004527820206522127,0.24279998559976854,0.051225895594592355,0.22633138446665402
900,nonnormal,open,4096,v_random_098,0.00010204462018795165,0.5080594531327833,0.5012,0.0004414751139073795,0.12947421524774655,0.010931677690070737,0.10455466364572523
900,nonnormal,open,4096,v_random_099,0.00011862304177723,0.5086894091271308,0.50665,0.0004093558798769402,0.14256059704488347,0.04502113212973292,0.21218183741718544
900,nonnormal,open,4096,v_random_100,0.00016553927436880998,0.5102646148567679,0.50715,0.0004911375278254324,0.13120697394782357,0.04764247336165178,0.21827155875572013
900,nonnormal,open,4096,v_random_101,0.0001325152727503336,0.5091840589596015,0.504,0.0004081050047655269,0.18578136830604966,0.08230245709599951,0.28688404817277574
900,nonnormal,open,4096,v_random_102,0.00015394680330026742,0.5098987607761328,0.50225,0.0003063529618171562,0.1467351345480162,0.014964017275344492,0.1223275000780466
900,nonnormal,open,4096,v_random_103,0.00032158915283747445,0.5143053225880818,0.51475,0.00037815835566732553,0.3682012317266698,0.2245644850257846,0.473882353570783
900,nonnormal,open,4096,v_random_104,0.00012451064183678854,0.5089024029746136,0.50405,0.0004960130833245083,0.17867510361236855,0.002788398795301768,0.05280529135703891
900,nonnormal,open,4096,v_random_105,0.0001214972667042835,0.5087940339816325,0.50525,0.00040070476074369036,0.14447041847305897,0.0007961950520694029,0.02821692846624882
900,nonnormal,open,4096,v_random_106,0.00016923409897599367,0.5103785098576963,0.50945,0.0005591458911005061,0.18844486518935838,0.04299231929576764,0.20734589288376956
900,nonnormal,open,4096,v_random_107,0.0002620964857136018,0.512915011017198,0.50905,0.0007843270707615338,0.25656790260844586,0.18690706817157682,0.4323275010586035
900,nonnormal,open,4096,v_random_108,0.00013240155426756737,0.5091801181422558,0.50075,0.0003005042434994665,0.11013451178687643,0.010222298445112117,0.10110538286912382
900,nonnormal,open,4096,v_random_109,0.0001326790973997516,0.5091897331905623,0.50405,0.0005092783110239744,0.11988220340848227,0.005860589727635686,0.07655448861847153
900,nonnormal,open,4096,v_random_110,0.0001487765479815656,0.5097311513401066,0.5032,0.00032425682301823926,0.09656174883903329,0.0010034949220908327,0.031677987974156954
900,nonnormal,open,4096,v_random_111,0.00012777954133697314,0.5090184879478256,0.4985,0.00018182817626927994,0.09503109247540965,0.006529717777186469,0.08080666913805115
900,nonnormal,open,4096,v_random_112,0.0002464034463042492,0.5125225309560062,0.50535,0.000311529909080781,0.2193261397577862,0.06300309214930702,0.25100416759350236
900,nonnormal,open,4096,v_random_113,0.00017581183046718601,0.5105782349540632,0.50625,0.0006429396270538925,0.1802032205451381,0.0008519161438708633,0.02918760257148338
900,nonnormal,open,4096,v_random_114,0.00017641606187223594,0.5105963927727383,0.50785,0.0005045593750501969,0.10898597707306126,0.0004651857242260225,0.021568164600309005
900,nonnormal,open,4096,v_random_115,0.00013950391397195934,0.5094230797941918,0.502,0.00032917435754605657,0.1956371601466029,0.0005992726424942514,0.024480045802535814
900,nonnormal,open,4096,v_random_116,0.00011984511005094431,0.5087340469701909,0.507,0.000326266706055766,0.10553832139253058,0.009268955213854124,0.09627541334034419
900,nonnormal,open,4096,v_random_117,0.00012185834923409718,0.5088070898356457,0.5049,0.00039180613773648077,0.10230476067714167,0.005888999771987933,0.07673981868618099
900,nonnormal,open,4096,v_random_118,0.00015685278227856037,0.5099917316870021,0.5029,0.00040138309937244186,0.16260614787363895,0.008812606119097425,0.0938754819912922
900,nonnormal,open,4096,v_random_119,0.00021335107423320354,0.5116526770550358,0.5101,0.000586311005032305,0.1571887839787848,0.11721166289254595,0.3423618887851654
900,nonnormal,open,4096,v_random_120,0.00024200349508950365,0.5124102582196937,0.50665,0.0006692462993161095,0.15972751853162212,0.007782748531999516,0.08821988739507389
900,nonnormal,open,4096,v_random_121,4.2885332569376626e-05,0.5052249487653199,0.49705,0.00027285677600974716,0.06006621531610601,0.002725796870833074,0.052209164624930304
900,nonnormal,open,4096,v_random_122,0.00021425479516091117,0.5116773233765713,0.5125,0.0005029579538677503,0.2166243185139383,0.02943339837910707,0.17156164600255813
900,nonnormal,open,4096,v_random_123,0.000138669693612595,0.50939486820403,0.5041,0.0003580488320999351,0.1640952714559722,0.04602402915645056,0.21453211684139642
900,nonnormal,open,4096,v_random_124,0.0001881532507406499,0.5109431272990322,0.5038,0.0005099147005040113,0.17113405988804817,0.04603826739994047,0.21456529868536633
900,nonnormal,open,4096,v_random_125,0.00021528051197893688,0.5117052338286503,0.5062,0.00032005218984301265,0.17139409991502885,0.009873761244075437,0.09936680151879418
900,nonnormal,open,4096,v_random_126,0.00020353418402410353,0.5113815082023926,0.50625,0.0004797450080236326,0.15839927473364482,0.006626454820297978,0.08140303937997634
900,nonnormal,open,4096,v_random_127,0.0002335129518380353,0.5121906803449374,0.5067,0.00062643545186083,0.10125175341402513,0.004107906307639581,0.06409295052998872
900,nonnormal,open,4096,v_learn_s0,0.000968797501917822,0.524818535074136,0.5226,0.0015750363806804205,0.9981435160768701,0.9902139649060481,0.9950949527085584
