draw_index,writer_type,evaluated_on,direction,J,predicted_accuracy,recalibrated_accuracy,rayleigh_efficiency
0,normal,0,oracle_t0,0.1606046879470196,0.7261242043357209,0.72336,1.0000000000000002
0,normal,0,oracle_t12,0.07143008738186488,0.655751695552909,0.65156,0.4447571754905953
0,normal,0,bottom,1.874470259458654e-32,0.5000000000000001,0.5014,-2.6737624282891797e-17
0,normal,0,random_000,0.04956334052810067,0.630788482182229,0.63372,0.3086045691546107
0,normal,0,random_001,0.04296488752325813,0.6220691276436148,0.62596,0.267519510622451
0,normal,0,random_002,0.03826472760539259,0.6153996518219598,0.61876,0.23825411384016004
0,normal,0,random_003,0.0409491823367876,0.6192602687588026,0.61908,0.254968786155831
0,normal,0,random_004,0.04305230054160655,0.6221892867496044,0.6243,0.26806378501111194
0,normal,0,random_005,0.042897240890582534,0.6219760476368147,0.6193,0.26709831100779285
0,normal,0,random_006,0.05946811809057487,0.642739589052351,0.64614,0.3702763527686832
0,normal,0,random_007,0.05356293529278569,0.6357625677600464,0.63734,0.33350791921126927
0,normal,0,random_008,0.030341432046248076,0.6030624314339876,0.60594,0.18891996512740108
0,normal,0,random_009,0.03708924422261521,0.613662829203269,0.6163,0.2309350038079228
0,normal,0,random_010,0.035371909819354314,0.6110709233899478,0.61092,0.22024207556769979
0,normal,0,random_011,0.01880277895354135,0.58148144863242,0.5795,0.11707490730123661
0,normal,0,random_012,0.026913330394765265,0.5971895542507658,0.59468,0.1675749988296945
0,normal,0,random_013,0.02851891309015747,0.599986884301865,0.59698,0.1775721086022428
0,normal,0,random_014,0.051625336057544796,0.6333797541436248,0.63568,0.32144351897483237
0,normal,0,random_015,0.0456397069058842,0.6256870591151372,0.62524,0.2841741887443528
0,normal,0,random_016,0.03876136363137205,0.6161247407215393,0.61614,0.2413464023177125
0,normal,0,random_017,0.03184151483115799,0.6055205810705645,0.6079,0.19826018305058388
0,normal,0,random_018,0.04453225566921336,0.6242036676284956,0.62464,0.2772786787139346
0,normal,0,random_019,0.03818672283902301,0.6152853012638753,0.61314,0.2377684196343016
0,normal,0,random_020,0.037610414506288214,0.614436508600749,0.61522,0.23418005406352266
0,normal,0,random_021,0.018970463627744932,0.5818388539547512,0.58312,0.11811899061130107
0,normal,0,random_022,0.016913393567295924,0.5773337659204069,0.57724,0.10531070906769124
0,normal,0,random_023,0.044927998428559615,0.6247360590817128,0.61962,0.2797427584640648
0,normal,0,random_024,0.01907034989137376,0.5820509705109067,0.58316,0.11874092926642783
0,normal,0,random_025,0.032760457672332224,0.6069958860759672,0.61014,0.20398195153020238
0,normal,0,random_026,0.03777942839840932,0.6146861608977962,0.61678,0.23523241370682801
0,normal,0,random_027,0.03263071483806684,0.6067889501386642,0.60742,0.2031741118841506
0,normal,0,random_028,0.04996038488479711,0.6312920410628484,0.6316,0.31107675325939493
0,normal,0,random_029,0.029900319263954058,0.6023272852188151,0.6024,0.18617339036714553
0,normal,0,random_030,0.04361575527129917,0.6229606271594588,0.62092,0.2715721180298746
0,normal,0,random_031,0.043567979036908726,0.6228954369529405,0.61954,0.2712746408204534
0,normal,0,random_032,0.034513641457086464,0.6097500780116696,0.61106,0.21489809480824032
0,normal,0,random_033,0.05456209642021697,0.6369724687533186,0.63596,0.33972916430818
0,normal,0,random_034,0.03452785518629483,0.6097720957687712,0.60784,0.21498659614272853
0,normal,0,random_035,0.02445869728789122,0.5927361838552465,0.59006,0.1522913035761427
0,normal,0,random_036,0.020298152486172442,0.584612370985417,0.58524,0.12638580321433962
0,normal,0,random_037,0.033249082181166324,0.6077713039998207,0.60818,0.20702435655013124
0,normal,0,random_038,0.038455413280655756,0.6156786542886936,0.61646,0.23944141215442896
0,normal,0,random_039,0.030533012478815055,0.6033799356354451,0.60088,0.19011283461966763
0,normal,0,random_040,0.06055241868872885,0.6439775108331247,0.64192,0.377027716082011
0,normal,0,random_041,0.02307673014156181,0.5901245609947078,0.59142,0.1436865289335414
0,normal,0,random_042,0.03755707008859917,0.614357586686103,0.61554,0.2338479067372463
0,normal,0,random_043,0.04664304191608215,0.6270139496768927,0.62582,0.29042142239004143
0,normal,0,random_044,0.031559858802179756,0.6050638413235967,0.60344,0.19650646071172442
0,normal,0,random_045,0.018557433791117066,0.5809555103138022,0.58016,0.11554727342229763
0,normal,0,random_046,0.03560251948496544,0.6114228686286369,0.6116,0.22167795934269396
0,normal,0,random_047,0.041040109056756195,0.6193885816053244,0.6177,0.25553493849628195
0,normal,0,random_048,0.041639559694110984,0.6202306464929672,0.61778,0.2592673988934064
0,normal,0,random_049,0.022920741144502117,0.5898246604816255,0.59248,0.14271526838658183
0,normal,0,random_050,0.02807966273664369,0.5992300991451133,0.60042,0.17483713019576766
0,normal,0,random_051,0.02043706672527766,0.584897012001235,0.5829,0.1272507483219884
0,normal,0,random_052,0.00903000281334727,0.5566730555229076,0.55574,0.05622502635991609
0,normal,0,random_053,0.03430690120161099,0.6094292733794424,0.6151,0.21361083315904328
0,normal,0,random_054,0.04952214136428689,0.6307361023540546,0.62866,0.3083480438667104
0,normal,0,random_055,0.026454295279765862,0.5963736104149825,0.59742,0.16471683123280087
0,normal,0,random_056,0.051495820965903605,0.6332187113208875,0.6307,0.3206370973610129
0,normal,0,random_057,0.030516744282105882,0.6033530159554663,0.60078,0.19001154120839103
0,normal,0,random_058,0.024187328897367,0.5922296133673209,0.59112,0.15060163689210584
0,normal,0,random_059,0.04535789017445478,0.6253114736001602,0.62438,0.28241946579677357
0,normal,0,random_060,0.033407640514806325,0.6080216093489733,0.60686,0.2080116149898866
0,normal,0,random_061,0.03928449766319812,0.6168830756780317,0.61952,0.24460367978895703
0,normal,0,random_062,0.048564085775625584,0.6295111560425259,0.62958,0.3023827411043316
0,normal,0,random_063,0.02693397174250156,0.5972260706560771,0.60046,0.1677035215272581
0,normal,0,random_064,0.029543304377955826,0.6017280455696788,0.6025,0.18395044849314493
0,normal,0,random_065,0.04576760680458451,0.62585709328943,0.62608,0.2849705534105106
0,normal,0,random_066,0.04172149709323897,0.6203452301357688,0.6194,0.25977757951251157
0,normal,0,random_067,0.03618715802958523,0.6123096346134668,0.6127,0.22531819271379355
0,normal,0,random_068,0.03153755449986821,0.6050275790449003,0.60764,0.19636758368019638
0,normal,0,random_069,0.04698813942239145,0.627466686132871,0.62618,0.2925701610770662
0,normal,0,random_070,0.03162786924931952,0.6051743278912463,0.6043,0.19692992560561476
0,normal,0,random_071,0.029144424115660976,0.6010539507614943,0.60006,0.18146683318033136
0,normal,0,random_072,0.03664994025406773,0.6130060936420882,0.61278,0.22819969156913925
0,normal,0,random_073,0.024104354917765223,0.5920741260277831,0.5907,0.1500850020375295
0,normal,0,random_074,0.04545914872763013,0.625446571530303,0.62696,0.2830499489692745
0,normal,0,random_075,0.026316826527074837,0.59612779956535,0.59464,0.1638608864005032
0,normal,0,random_076,0.05971873566542607,0.643026844121786,0.6444,0.37183681515651723
0,normal,0,random_077,0.03178936258621905,0.605436173579979,0.60522,0.19793545875015647
0,normal,0,random_078,0.032770016845834735,0.6070111152564717,0.60768,0.20404147142108917
0,normal,0,random_079,0.06508170677291647,0.6490165638897861,0.64704,0.40522918480677045
0,normal,0,random_080,0.058228024619962286,0.6413080138716514,0.64022,0.3625549500720093
0,normal,0,random_081,0.033798356521249726,0.6086356931631556,0.6062,0.21044439582236327
0,normal,0,random_082,0.049073745947020034,0.6301644483498365,0.63016,0.30555612401058024
0,normal,0,random_083,0.05208079942482097,0.6339443065314512,0.63068,0.3242794471977147
0,normal,0,random_084,0.06512641926719867,0.6490652928966518,0.64976,0.4055075857354964
0,normal,0,random_085,0.02885179840272352,0.6005562910682103,0.6011,0.17964480845192501
0,normal,0,random_086,0.03917626184695887,0.6167266298631271,0.61238,0.24392975290909555
0,normal,0,random_087,0.033125103743322226,0.6075751403698058,0.60948,0.20625240873572487
0,normal,0,random_088,0.033305996088090394,0.6078612238109001,0.60842,0.20737872918801356
0,normal,0,random_089,0.030325873344259627,0.6030365992048023,0.60178,0.1888230893625195
0,normal,0,random_090,0.05957574869724809,0.6428630379875078,0.64112,0.3709465113303605
0,normal,0,random_091,0.03803491854331412,0.6150624006656432,0.61182,0.23682321499769127
0,normal,0,random_092,0.026877567446148366,0.5971262511970213,0.5919,0.16735232196344585
0,normal,0,random_093,0.03355500424234323,0.6082536705604675,0.6087,0.20892917056949414
0,normal,0,random_094,0.04214020745342561,0.6209288539486609,0.61822,0.26238466630144
0,normal,0,random_095,0.040973648247533974,0.61929480954856,0.61452,0.2551211223737778
0,normal,0,random_096,0.04099980696289604,0.6193317277704966,0.6192,0.2552839987860199
0,normal,0,random_097,0.028966350254159008,0.6007514247050729,0.6032,0.180358061924783
0,normal,0,random_098,0.05498808318404381,0.6374845214921288,0.6361,0.34238155739378756
0,normal,0,random_099,0.022396839332344456,0.5888094882776502,0.58764,0.13945321035543345
0,normal,0,random_100,0.04282882122089319,0.6218818220556473,0.62406,0.26667229810266574
0,normal,0,random_101,0.031708078767950995,0.6053044690924534,0.60286,0.1974293476315642
0,normal,0,random_102,0.03482922261637516,0.6102377837647498,0.61012,0.21686305089590333
0,normal,0,random_103,0.051673225155487126,0.6334392437352598,0.63582,0.3217416989255828
0,normal,0,random_104,0.01464182871685461,0.5720144491548408,0.57242,0.09116688251145363
0,normal,0,random_105,0.03546744409138823,0.6112168730012075,0.61298,0.22083691668507394
0,normal,0,random_106,0.04891592659233743,0.6299625565738467,0.62992,0.30457346679988484
0,normal,0,random_107,0.04300618178441719,0.6221259079783095,0.62316,0.26777662803095836
0,normal,0,random_108,0.027207647518179844,0.5977088317008354,0.59932,0.1694075550718366
0,normal,0,random_109,0.025526441817578585,0.5947011182648538,0.59476,0.15893958105381875
0,normal,0,random_110,0.024182035288820507,0.5922197019268255,0.59032,0.15056867640624355
0,normal,0,random_111,0.042112682293492874,0.6208905854355246,0.62116,0.26221328176538067
0,normal,0,random_112,0.034923211438520285,0.6103825752714196,0.61282,0.21744826931851952
0,normal,0,random_113,0.026367561458806754,0.5962185987998001,0.59614,0.16417678584516116
0,normal,0,random_114,0.02807344336011651,0.5992193387403684,0.5988,0.17479840544491104
0,normal,0,random_115,0.03432038535384767,0.6094502288085464,0.60634,0.21369479180563722
0,normal,0,random_116,0.030731071034891068,0.6037070588135575,0.60384,0.19134603994267382
0,normal,0,random_117,0.03893572502860619,0.616378109975506,0.61662,0.2424320580321439
0,normal,0,random_118,0.03545282079263408,0.611194546465022,0.61276,0.220745865178788
0,normal,0,random_119,0.044077767936523446,0.623589025966865,0.62086,0.27444882524888603
0,normal,0,random_120,0.04348649077605511,0.622784156394397,0.62474,0.2707672567465807
0,normal,0,random_121,0.04134920790997666,0.6198236145467018,0.62168,0.25745953271063293
0,normal,0,random_122,0.03342358693986981,0.6080467475215896,0.60634,0.2081109049002083
0,normal,0,random_123,0.04113418573175271,0.619521176242071,0.62038,0.2561207039318934
0,normal,0,random_124,0.039996064014414336,0.6179057927744621,0.6182,0.24903422512553483
0,normal,0,random_125,0.039716575190642894,0.6175052814173092,0.61876,0.24729399682121772
0,normal,0,random_126,0.03421602610295419,0.6092879305246154,0.61086,0.21304500223705433
0,normal,0,random_127,0.02851776196705182,0.5999849091637406,0.59916,0.17756494117070415
0,normal,12,oracle_t0,0.059744971531207766,0.6430568758185635,0.64394,0.746398487242365
0,normal,12,oracle_t12,0.0800443363061209,0.6643562373791441,0.66358,0.9999999999999997
0,normal,12,bottom,3.163542710701922e-33,0.5,0.49864,-1.8461787134757608e-17
0,normal,12,random_000,0.02553961368958891,0.5947250841082269,0.59216,0.3190683422236824
0,normal,12,random_001,0.025971581579709916,0.5955074452014268,0.59824,0.32446495002949877
0,normal,12,random_002,0.027092214287442712,0.5975055243305045,0.59898,0.33846509993950674
0,normal,12,random_003,0.01738420077877292,0.5783889531358328,0.57856,0.2171821465579891
0,normal,12,random_004,0.021222184855316413,0.5864870537840848,0.58328,0.2651303744234253
0,normal,12,random_005,0.022622782508583846,0.589248815563708,0.58862,0.2826281477563317
0,normal,12,random_006,0.0323131513091241,0.606280575283631,0.6051,0.4036906644530842
0,normal,12,random_007,0.02441007056317123,0.5926456298792595,0.5907,0.30495687377327424
0,normal,12,random_008,0.01784807018793555,0.5794141670496762,0.57976,0.22297730247493758
0,normal,12,random_009,0.017270270610072407,0.5781349843941025,0.579,0.21575880826875898
0,normal,12,random_010,0.020318056768444392,0.5846532180647201,0.58432,0.2538350332588203
0,normal,12,random_011,0.010629066547717291,0.5614498166519466,0.56212,0.13278973926484414
0,normal,12,random_012,0.011420113051892004,0.5636765939982938,0.56042,0.14267234358989522
0,normal,12,random_013,0.02136226161802408,0.5867674838310551,0.58882,0.26688036410629257
0,normal,12,random_014,0.019924689079032887,0.5838420410617892,0.58642,0.24892066070525048
0,normal,12,random_015,0.041490094510859936,0.620021312012459,0.6199,0.5183389159750861
0,normal,12,random_016,0.01848741239479121,0.5808047442188659,0.57912,0.23096465344016473
0,normal,12,random_017,0.013693079356360063,0.569666886623575,0.57008,0.17106868503465822
0,normal,12,random_018,0.019714551777402105,0.5834052790173612,0.58098,0.24629539936474612
0,normal,12,random_019,0.01963681886333661,0.5832430986086576,0.58074,0.24532427613913513
0,normal,12,random_020,0.03047279875623297,0.6032802590602806,0.60394,0.38069899961057885
0,normal,12,random_021,0.019955426729766548,0.5839057259641206,0.58348,0.2493046685208203
0,normal,12,random_022,0.015620145504156167,0.5743542697286406,0.5725,0.19514366943363243
0,normal,12,random_023,0.019804010123636473,0.5835915104130227,0.58238,0.2474130093089681
0,normal,12,random_024,0.014278590013797523,0.571125207249749,0.57074,0.1783835143462317
0,normal,12,random_025,0.018320823964135223,0.580444855780461,0.5796,0.22888345146706218
0,normal,12,random_026,0.027899999113000847,0.5989187435875825,0.5974,0.34855681739055616
0,normal,12,random_027,0.02164219962679654,0.5873250394915239,0.58692,0.27037765100616595
0,normal,12,random_028,0.027224839067713717,0.5977390712227828,0.59922,0.3401219914372863
0,normal,12,random_029,0.020214614356886058,0.5844407072856392,0.58248,0.2525427193196711
0,normal,12,random_030,0.025773479431257657,0.5951495127671831,0.59486,0.3219900447758074
0,normal,12,random_031,0.02541225183609578,0.5944930782552382,0.59412,0.3174772008716441
0,normal,12,random_032,0.021274888359566105,0.586592678306334,0.58488,0.26578880332273086
0,normal,12,random_033,0.026213166369559393,0.5959419925297755,0.59154,0.32748308723942654
0,normal,12,random_034,0.013933647520948922,0.5702698834366438,0.56692,0.17407412146764756
0,normal,12,random_035,0.012716114006143323,0.5671601296892468,0.56766,0.15886338238238268
0,normal,12,random_036,0.010983351121570686,0.5624572631954445,0.56052,0.13721584347412227
0,normal,12,random_037,0.02646508921112302,0.5963928825965475,0.5957,0.33063037851810206
0,normal,12,random_038,0.024148417062753932,0.592156730426577,0.59102,0.3016880166311945
0,normal,12,random_039,0.015551284597627946,0.5741921013848116,0.57362,0.194283384875024
0,normal,12,random_040,0.026435767832669564,0.5963405206010175,0.5967,0.3302640643001751
0,normal,12,random_041,0.018199497601885578,0.5801816755579262,0.57948,0.22736771196757216
0,normal,12,random_042,0.015310082126499423,0.5736211163138223,0.57506,0.1912700240020439
0,normal,12,random_043,0.01838051850251871,0.5805740116962257,0.57902,0.22962921988914242
0,normal,12,random_044,0.02415703268310087,0.592172873054905,0.59064,0.3017956522334685
0,normal,12,random_045,0.015040640957843715,0.5729777538198948,0.57256,0.18790387492654578
0,normal,12,random_046,0.019862166856682965,0.5837123435918058,0.583,0.24813956581165536
0,normal,12,random_047,0.017282874733732058,0.5781631237521936,0.57756,0.21591627254719895
0,normal,12,random_048,0.02846309097132542,0.5998910538208424,0.5986,0.3555915669344973
0,normal,12,random_049,0.026005974009968708,0.5955694383451924,0.59952,0.3248946172844967
0,normal,12,random_050,0.026096253824700186,0.5957319636248594,0.59666,0.3260224898973225
0,normal,12,random_051,0.016081460133618056,0.5754312563136651,0.57418,0.20090690829287716
0,normal,12,random_052,0.012079703056328581,0.5654735230058647,0.56558,0.15091265183499133
0,normal,12,random_053,0.015624394980954439,0.574364265169883,0.5718,0.19519675847146295
0,normal,12,random_054,0.0210186493799778,0.5860778473439416,0.58392,0.2625875902024378
0,normal,12,random_055,0.023829106956052837,0.591556300805298,0.5908,0.29769885110822814
0,normal,12,random_056,0.016146221203178913,0.5755811602761474,0.57436,0.20171597327547863
0,normal,12,random_057,0.016270280438603915,0.5758674555124388,0.57392,0.2032658547680374
0,normal,12,random_058,0.01661252279833713,0.5766514422919442,0.57802,0.2075415146776198
0,normal,12,random_059,0.018577008735742064,0.5809976049570766,0.58064,0.23208398736290733
0,normal,12,random_060,0.023989073320565643,0.5918576274773942,0.5913,0.2996973231038112
0,normal,12,random_061,0.010340862357305714,0.5606175244996667,0.5639,0.12918918232713184
0,normal,12,random_062,0.021427190990666596,0.5868971438958913,0.58692,0.2676915317121329
0,normal,12,random_063,0.013998736144854513,0.5704321070604352,0.56716,0.17488727861166664
0,normal,12,random_064,0.02196626611686133,0.5879657841684153,0.58858,0.2744262383893561
0,normal,12,random_065,0.02217916266078019,0.5883840275321905,0.59006,0.27708597115426603
0,normal,12,random_066,0.015545854466337787,0.5741792975606632,0.57284,0.19421554583055498
0,normal,12,random_067,0.016852043695965026,0.5771951492708444,0.57718,0.21053386752457046
0,normal,12,random_068,0.008697715507092401,0.5556274634725997,0.55662,0.10866122337286833
0,normal,12,random_069,0.028642640870503645,0.6001989340535121,0.59878,0.35783469752266994
0,normal,12,random_070,0.023212348040961665,0.5903844312469596,0.58934,0.2899936349298788
0,normal,12,random_071,0.015212790875634073,0.5733894880663031,0.57378,0.19005455698270013
0,normal,12,random_072,0.018432636071460187,0.580686595511473,0.58296,0.23028032865394193
0,normal,12,random_073,0.016866802639376142,0.5772285201810939,0.57862,0.21071825213055517
0,normal,12,random_074,0.02637227053853196,0.5962270218454032,0.59686,0.329470787760349
0,normal,12,random_075,0.0073204824604532134,0.5510599362944174,0.5503,0.0914553458530385
0,normal,12,random_076,0.024331694799078603,0.5924994759566564,0.5929,0.30397771937323165
0,normal,12,random_077,0.01169086241317623,0.5644204800512891,0.56422,0.14605483601570243
0,normal,12,random_078,0.025324199676072724,0.5943323204657216,0.59244,0.3163771585190369
0,normal,12,random_079,0.027500787703898515,0.5982230782720288,0.59566,0.3435694388010755
0,normal,12,random_080,0.024203794959516328,0.5922604361419417,0.58912,0.302379856920189
0,normal,12,random_081,0.02130966866684237,0.586662307393732,0.58568,0.2662233163548991
0,normal,12,random_082,0.025767210195816938,0.5951381617472337,0.59222,0.3219117227391707
0,normal,12,random_083,0.01705915818212368,0.577662069940517,0.57592,0.21312136460077294
0,normal,12,random_084,0.029003809476902925,0.6008151455163115,0.60296,0.3623468044757219
0,normal,12,random_085,0.02001824522131382,0.5840357194987029,0.58082,0.25008946472810023
0,normal,12,random_086,0.02764020351238117,0.5984666298780508,0.59966,0.3453111711323861
0,normal,12,random_087,0.014342038662599744,0.5712813700690705,0.57098,0.17917618315617193
0,normal,12,random_088,0.018183078055133473,0.5801459883263076,0.57992,0.2271625813173621
0,normal,12,random_089,0.013334966745647844,0.5687590542946723,0.5681,0.1665947568688646
0,normal,12,random_090,0.024434928424321958,0.5926919327236534,0.59238,0.3052674249290195
0,normal,12,random_091,0.019474232633880213,0.5829027947741859,0.58224,0.24329307397094424
0,normal,12,random_092,0.033060493076878174,0.6074727544266554,0.60934,0.4130272621718281
0,normal,12,random_093,0.02262738277142817,0.5892577363820792,0.58812,0.28268561919099666
0,normal,12,random_094,0.02408498453043103,0.5920377866949498,0.59062,0.30089554916566
0,normal,12,random_095,0.016599310398025986,0.5766213324625211,0.57454,0.20737645115256773
0,normal,12,random_096,0.015514211810238739,0.5741046405763239,0.5749,0.19382023171391302
0,normal,12,random_097,0.016189359480196064,0.5756808406387031,0.5755,0.20225490306124355
0,normal,12,random_098,0.018301419092943323,0.5804028239633989,0.57858,0.2286410249308773
0,normal,12,random_099,0.012213297485939804,0.5658312907779168,0.56526,0.15258165723595188
0,normal,12,random_100,0.022640819545383037,0.5892837874853584,0.58974,0.28285348583309716
0,normal,12,random_101,0.017809185472125868,0.579328762573927,0.57912,0.222491512753839
0,normal,12,random_102,0.021273593480847043,0.586590084848508,0.58794,0.2657726263041083
0,normal,12,random_103,0.022694125781392852,0.5893870571986413,0.58874,0.283519444706264
0,normal,12,random_104,0.01530993910514447,0.5736207763722438,0.57112,0.19126823722534556
0,normal,12,random_105,0.016064774719511496,0.5753925835463057,0.5745,0.20069845614152512
0,normal,12,random_106,0.014546960088900659,0.5717833113695319,0.5699,0.18173628216826462
0,normal,12,random_107,0.026763530995558085,0.5969240994848646,0.59494,0.3343588344989688
0,normal,12,random_108,0.022325179973995662,0.5886696669205873,0.58676,0.27891017658782785
0,normal,12,random_109,0.024388317518777375,0.5926050899808187,0.594,0.304685111330137
0,normal,12,random_110,0.01100429820474728,0.5625163035771108,0.56308,0.1374775369822861
0,normal,12,random_111,0.027586379129458903,0.5983726791786368,0.59498,0.3446387390103128
0,normal,12,random_112,0.015522959844281523,0.5741252883692506,0.57454,0.19392952157059118
0,normal,12,random_113,0.018237605235413894,0.5802644364580668,0.58198,0.22784379354044668
0,normal,12,random_114,0.008634543942788639,0.5554263936061571,0.55522,0.10787201620070601
0,normal,12,random_115,0.01817711223228702,0.5801330176938407,0.58174,0.2270880498374129
0,normal,12,random_116,0.019717586925693493,0.5834116047112676,0.58434,0.2463333177038999
0,normal,12,random_117,0.016929675416229757,0.5773705100230937,0.57486,0.21150372652830865
0,normal,12,random_118,0.016604425841975638,0.5766329915569292,0.57672,0.20744035878408448
0,normal,12,random_119,0.01681644164094645,0.577114588285252,0.57376,0.21008908833516698
0,normal,12,random_120,0.024040035797080403,0.5919534023509118,0.58942,0.30033400121080256
0,normal,12,random_121,0.022379466535055084,0.5887756121684047,0.58864,0.27958838273662767
0,normal,12,random_122,0.02761626841678425,0.5984248630697752,0.59964,0.3450121481571014
0,normal,12,random_123,0.023201834286403614,0.5903643134573677,0.59386,0.2898622857920978
0,normal,12,random_124,0.03309510672950483,0.6075276186547934,0.6077,0.4134596931747446
0,normal,12,random_125,0.03395137245532183,0.6088751453844407,0.6104,0.42415708621130244
0,normal,12,random_126,0.02098320370746228,0.5860063722553955,0.58368,0.26214476471157533
0,normal,12,random_127,0.020912041415484615,0.585862684608826,0.58554,0.2612557287689759
0,nonnormal,0,oracle_t0,0.23679672285842268,0.7672824290416805,0.766,0.9999999999999994
0,nonnormal,0,oracle_t12,0.13323056140981202,0.7079862890995194,0.7096,0.5626368464966831
0,nonnormal,0,bottom,5.748070746457875e-32,0.5000000000000001,0.49564,1.2470613211513372e-17
0,nonnormal,0,random_000,0.042139339338254894,0.6209276472082066,0.62308,0.1779557539039481
0,nonnormal,0,random_001,0.03974962729958004,0.6175527254321167,0.61688,0.1678639248877855
0,nonnormal,0,random_002,0.03522388883546508,0.6108443679241355,0.60694,0.14875158917011244
0,nonnormal,0,random_003,0.024440080783430834,0.5927015269358331,0.5944,0.10321122897483337
0,nonnormal,0,random_004,0.04801569571127452,0.6288039578496469,0.62752,0.20277179148286775
0,nonnormal,0,random_005,0.024332698195998564,0.5925013486435858,0.59156,0.10275774893450167
0,nonnormal,0,random_006,0.08529147544629372,0.6693324343161995,0.66388,0.3601885803854143
0,nonnormal,0,random_007,0.03615521838624469,0.6122613901535418,0.61396,0.1526846231223451
0,nonnormal,0,random_008,0.025013301363690968,0.593762334665443,0.60012,0.10563195749396433
0,nonnormal,0,random_009,0.031931893223337254,0.6056666816681398,0.60164,0.13484938827649595
0,nonnormal,0,random_010,0.056832625611168,0.6396763834166206,0.63572,0.24000596344885808
0,nonnormal,0,random_011,0.046269963527589254,0.6265224182093156,0.63018,0.19539950962604066
0,nonnormal,0,random_012,0.053416545464013816,0.6355842424405258,0.63636,0.2255797496655
0,nonnormal,0,random_013,0.03533680341150159,0.6110172371743736,0.60576,0.1492284309721167
0,nonnormal,0,random_014,0.016070736257007612,0.5754064033412516,0.57522,0.06786722410265814
0,nonnormal,0,random_015,0.029578788196415184,0.6017877764373358,0.6046,0.12491215182103638
0,nonnormal,0,random_016,0.04148839567269721,0.6200189303253705,0.62016,0.17520679835380354
0,nonnormal,0,random_017,0.03280723994263689,0.6070703944537448,0.6077,0.1385460049725935
0,nonnormal,0,random_018,0.04637350922441731,0.6266590586040562,0.6305,0.19583678635680848
0,nonnormal,0,random_019,0.014495086392420758,0.5716565971385354,0.5671,0.0612132052228069
0,nonnormal,0,random_020,0.030317379880478848,0.6030224944564476,0.60604,0.12803124770694208
0,nonnormal,0,random_021,0.04514149193215779,0.6250221995815228,0.62774,0.19063393862569294
0,nonnormal,0,random_022,0.05204313936825355,0.6338977312482437,0.63042,0.2197798125752331
0,nonnormal,0,random_023,0.03317561353124007,0.6076551065123358,0.60586,0.14010165821034293
0,nonnormal,0,random_024,0.045924655919590114,0.6260655213004105,0.6241,0.1939412647490386
0,nonnormal,0,random_025,0.054977305759067285,0.6374715941330353,0.6325,0.23217088942543085
0,nonnormal,0,random_026,0.019976087641239627,0.5839485042159773,0.58546,0.0843596456914779
0,nonnormal,0,random_027,0.04470510037685392,0.6244365139775915,0.62298,0.18879104337766722
0,nonnormal,0,random_028,0.03277901371721529,0.607025446427813,0.60398,0.1384268047358636
0,nonnormal,0,random_029,0.017779081696075942,0.5792625775028583,0.57646,0.07508162056240025
0,nonnormal,0,random_030,0.039328789192371795,0.6169470277400383,0.61904,0.16608671233970532
0,nonnormal,0,random_031,0.03235802875421068,0.6063525799299472,0.60496,0.1366489720111416
0,nonnormal,0,random_032,0.035683220043411915,0.6115457390001643,0.60702,0.1506913592919374
0,nonnormal,0,random_033,0.04289883269195345,0.6219782388383155,0.61938,0.18116311819738326
0,nonnormal,0,random_034,0.02729990927618049,0.5978709993311094,0.59758,0.1152883745460561
0,nonnormal,0,random_035,0.03290025755403895,0.6072183708456891,0.60634,0.13893882126784976
0,nonnormal,0,random_036,0.054173368162756384,0.6365032400956352,0.6351,0.228775835699153
0,nonnormal,0,random_037,0.04429730748269964,0.623886360494778,0.62346,0.18706892117415125
0,nonnormal,0,random_038,0.025386401724932485,0.5944459139957454,0.59666,0.10720757204106504
0,nonnormal,0,random_039,0.05530741277694978,0.6378669083365736,0.63808,0.23356494173281808
0,nonnormal,0,random_040,0.04852246329714538,0.6294576358820185,0.62236,0.20491188691895976
0,nonnormal,0,random_041,0.041971739398022505,0.6206944162132164,0.62132,0.17724797409091164
0,nonnormal,0,random_042,0.06144153251389432,0.6449832276819223,0.64664,0.2594695220956639
0,nonnormal,0,random_043,0.04875858076035466,0.6297609103290192,0.6287,0.20590901838412135
0,nonnormal,0,random_044,0.03895395027225728,0.616404557925035,0.6163,0.16450375580386414
0,nonnormal,0,random_045,0.04516251818138256,0.6250503402360708,0.62338,0.19072273313674426
0,nonnormal,0,random_046,0.07064316100753809,0.6549361298302422,0.65806,0.29832828830901753
0,nonnormal,0,random_047,0.06392067763034037,0.6477444635837404,0.65064,0.2699390298089452
0,nonnormal,0,random_048,0.035663781395987346,0.6115161564842925,0.61484,0.15060926927316545
0,nonnormal,0,random_049,0.052896209240029746,0.6349481680636511,0.63392,0.22338235344437427
0,nonnormal,0,random_050,0.04739986976670656,0.6280044403088996,0.62774,0.20017113917174523
0,nonnormal,0,random_051,0.02960897978966197,0.6018385686782808,0.60258,0.12503965186783747
0,nonnormal,0,random_052,0.025460198445202375,0.5945804911059513,0.59314,0.10751921790921336
0,nonnormal,0,random_053,0.03968111114023175,0.6174543513044557,0.61986,0.1675745789943068
0,nonnormal,0,random_054,0.048114499986736003,0.6289317042012659,0.62632,0.20318904504224472
0,nonnormal,0,random_055,0.014234585331720125,0.5710166904313074,0.5723,0.060113101059387414
0,nonnormal,0,random_056,0.013932153175390682,0.5702661544206463,0.56666,0.05883592056179134
0,nonnormal,0,random_057,0.0455547478199804,0.6255739665536032,0.62526,0.19237913122309933
0,nonnormal,0,random_058,0.03188247939126529,0.6055868295593176,0.60588,0.13464071211123707
0,nonnormal,0,random_059,0.0468626572509242,0.6273022782626991,0.6259,0.19790247384015802
0,nonnormal,0,random_060,0.0696841782632784,0.6539350974143837,0.65476,0.29427847405194674
0,nonnormal,0,random_061,0.024655005586339755,0.5931007921364748,0.59362,0.10411886316974331
0,nonnormal,0,random_062,0.08078768152806494,0.6650727142589102,0.66534,0.34116891717444364
0,nonnormal,0,random_063,0.06747317819964749,0.6515963951215555,0.65184,0.28494135132093307
0,nonnormal,0,random_064,0.049458603392085174,0.6306552738999387,0.62906,0.20886523595031228
0,nonnormal,0,random_065,0.04736902338143592,0.627964242113813,0.6298,0.20004087391765618
0,nonnormal,0,random_066,0.04390752680938824,0.6233578982659669,0.6229,0.18542286514513925
0,nonnormal,0,random_067,0.03903967491941336,0.6165288688895842,0.61356,0.16486577368198885
0,nonnormal,0,random_068,0.050292825528957696,0.631711955706999,0.63444,0.21238818224282202
0,nonnormal,0,random_069,0.06698640182502955,0.6510755920766578,0.65028,0.28288567939801973
0,nonnormal,0,random_070,0.04951096961301863,0.6307218946300512,0.62948,0.20908638014648742
0,nonnormal,0,random_071,0.09953044590582158,0.6819742722101984,0.68268,0.4203201999773
0,nonnormal,0,random_072,0.03935708602439593,0.6169878647125762,0.61596,0.16620621075033598
0,nonnormal,0,random_073,0.037000075539670205,0.6135298690121407,0.61376,0.15625248142387504
0,nonnormal,0,random_074,0.04874530084327762,0.6297438749636542,0.6347,0.20585293687709405
0,nonnormal,0,random_075,0.02830444537450422,0.5996181579333051,0.60154,0.11953056204847488
0,nonnormal,0,random_076,0.02507096866050565,0.5938683406058297,0.5962,0.10587548830012822
0,nonnormal,0,random_077,0.04264206960590694,0.6216242124128354,0.62104,0.18007879961836287
0,nonnormal,0,random_078,0.024140697949149387,0.5921422649562458,0.5887,0.1019469258600456
0,nonnormal,0,random_079,0.03695624950996502,0.6134644560258682,0.60864,0.15606740272356137
0,nonnormal,0,random_080,0.03932365907490604,0.6169396224264099,0.6203,0.1660650476924761
0,nonnormal,0,random_081,0.033760901083720526,0.6085769909209188,0.60396,0.1425733459322647
0,nonnormal,0,random_082,0.03992654805181879,0.6178063182823624,0.6187,0.16861106678275398
0,nonnormal,0,random_083,0.02723854623188264,0.5977631745353763,0.60206,0.11502923648216266
0,nonnormal,0,random_084,0.022861192800206175,0.589709891389183,0.59582,0.09654353541824374
0,nonnormal,0,random_085,0.026407048622044446,0.596289204121077,0.59592,0.11151779595291454
0,nonnormal,0,random_086,0.037820067225409065,0.614746098561266,0.61346,0.15971533207417365
0,nonnormal,0,random_087,0.026680170875484438,0.5967760384661034,0.59182,0.11267119980978836
0,nonnormal,0,random_088,0.03253746157237663,0.6066399410586815,0.60584,0.13740672243944138
0,nonnormal,0,random_089,0.020716006179185238,0.5854655302383648,0.58674,0.08748434492301246
0,nonnormal,0,random_090,0.03564279140236647,0.6114842032864708,0.61146,0.15052062787066842
0,nonnormal,0,random_091,0.03269405223357237,0.606890026457573,0.60558,0.13806800972123107
0,nonnormal,0,random_092,0.03878942468021886,0.6161655587659397,0.61748,0.16380895905983667
0,nonnormal,0,random_093,0.03983251782220433,0.61767161459611,0.61786,0.1682139741689735
0,nonnormal,0,random_094,0.04140599111193756,0.6199033391318246,0.61576,0.1748588013048372
0,nonnormal,0,random_095,0.05497775775799958,0.6374721363275575,0.6408,0.23217279823112233
0,nonnormal,0,random_096,0.03368381534450852,0.6084560675171541,0.60788,0.14224781043379373
0,nonnormal,0,random_097,0.051136857927450916,0.6327711817448641,0.6314,0.21595255757836176
0,nonnormal,0,random_098,0.039993746308697425,0.6179024777516359,0.6113,0.1688948471326991
0,nonnormal,0,random_099,0.03917567622359738,0.6167257827543084,0.61298,0.16544011146226856
0,nonnormal,0,random_100,0.06654100079631045,0.6505971454291292,0.65136,0.2810047368607136
0,nonnormal,0,random_101,0.021364134462880553,0.5867712266803421,0.58436,0.09022141102710216
0,nonnormal,0,random_102,0.05140724950700022,0.6331084488439206,0.63124,0.21709442971360648
0,nonnormal,0,random_103,0.029393861385006298,0.6014760633908353,0.59924,0.12413120008666864
0,nonnormal,0,random_104,0.05252566893889603,0.6344930715058694,0.63864,0.22181755011153723
0,nonnormal,0,random_105,0.023148298306402998,0.5902617993192286,0.591,0.09775599099081714
0,nonnormal,0,random_106,0.0539787928933356,0.6362676614090397,0.63784,0.22795413822347826
0,nonnormal,0,random_107,0.029598077829704438,0.6018202311649825,0.60216,0.1249936125484333
0,nonnormal,0,random_108,0.04139128595796386,0.619882698581255,0.6156,0.17479670097761915
0,nonnormal,0,random_109,0.05261828631543969,0.6346069917764993,0.63454,0.22220867620241247
0,nonnormal,0,random_110,0.05655716617885404,0.6393516273444334,0.63898,0.23884268961217303
0,nonnormal,0,random_111,0.04833372252111177,0.6292146239804223,0.63104,0.20411482869215972
0,nonnormal,0,random_112,0.021544434750944787,0.5871307520645307,0.58618,0.0909828248080354
0,nonnormal,0,random_113,0.03464180844046603,0.6099484386289546,0.61044,0.14629344537499298
0,nonnormal,0,random_114,0.0209717369800875,0.5859832364265355,0.58476,0.08856430412943757
0,nonnormal,0,random_115,0.03881199277300708,0.6161983750243759,0.62016,0.16390426482469603
0,nonnormal,0,random_116,0.03529219344704357,0.6109489761651657,0.6118,0.14904004169071308
0,nonnormal,0,random_117,0.02392709907888979,0.5917410133651397,0.59084,0.1010448911203701
0,nonnormal,0,random_118,0.033595040470090765,0.6083166229496999,0.60522,0.14187291135011498
0,nonnormal,0,random_119,0.08049367129449976,0.6647897983472089,0.66578,0.3399273027212701
0,nonnormal,0,random_120,0.048331306821373266,0.6292115102556394,0.6293,0.20410462711627061
0,nonnormal,0,random_121,0.04026368724260042,0.6182878735287314,0.61732,0.17003481617722163
0,nonnormal,0,random_122,0.02891688982496382,0.6006672217179715,0.59776,0.12211693420374227
0,nonnormal,0,random_123,0.028593113202281906,0.6001141101240172,0.6028,0.12074961535416733
0,nonnormal,0,random_124,0.03150838798313588,0.6049801394687404,0.60634,0.13306091234199338
0,nonnormal,0,random_125,0.03632511637867572,0.6125177550313662,0.60896,0.15340210768201365
0,nonnormal,0,random_126,0.029932449138307,0.6023810266510169,0.59852,0.12640567308950115
0,nonnormal,0,random_127,0.04416962570996126,0.6237135328460875,0.62124,0.18652971703653862
0,nonnormal,12,oracle_t0,0.06838957693018187,0.6525710106750116,0.65314,0.5682312384746714
0,nonnormal,12,oracle_t12,0.12035518693721076,0.6986019074468065,0.69422,1.0000000000000002
0,nonnormal,12,bottom,1.0749792173379814e-32,0.5000000000000001,0.49858,-2.3790262560971053e-17
0,nonnormal,12,random_000,0.03154444135999834,0.6050387771499192,0.60382,0.26209457326051977
0,nonnormal,12,random_001,0.020162523740348902,0.5843334777576836,0.58288,0.16752517488812238
0,nonnormal,12,random_002,0.016612762146711407,0.5766519876300252,0.57798,0.1380311274442893
0,nonnormal,12,random_003,0.013519696191017666,0.5692288995860557,0.56948,0.11233164548255725
0,nonnormal,12,random_004,0.03541863999669077,0.6111423405653046,0.61298,0.2942842838603098
0,nonnormal,12,random_005,0.011864205518482884,0.5648921078862044,0.56874,0.09857660330561767
0,nonnormal,12,random_006,0.02748907248572885,0.5982025826126821,0.5989,0.22839956619459928
0,nonnormal,12,random_007,0.0253222024361632,0.5943286706593826,0.58872,0.21039560554522493
0,nonnormal,12,random_008,0.021011762208823306,0.5860639645222228,0.58558,0.1745812768317591
0,nonnormal,12,random_009,0.014442789655501567,0.5715286123010005,0.56928,0.12000138941279163
0,nonnormal,12,random_010,0.026723700486222517,0.5968533846179359,0.59642,0.2220402889670576
0,nonnormal,12,random_011,0.02322123114459872,0.5904014250933545,0.59178,0.1929391805665445
0,nonnormal,12,random_012,0.022720385434757177,0.5894378829341756,0.59022,0.18877778359989078
0,nonnormal,12,random_013,0.031951538814223975,0.6056984102881393,0.60788,0.26547704031146635
0,nonnormal,12,random_014,0.007207089963653051,0.5506650895929426,0.55098,0.05988183930463245
0,nonnormal,12,random_015,0.027922533235233256,0.5989578533603357,0.59914,0.23200107902121755
0,nonnormal,12,random_016,0.025250145192592145,0.5941968895444131,0.59378,0.209796900616881
0,nonnormal,12,random_017,0.012003420239182171,0.5652683246301701,0.56532,0.09973330227507647
0,nonnormal,12,random_018,0.022385564810391688,0.588787505081134,0.58628,0.18599584596275207
0,nonnormal,12,random_019,0.011411180002726763,0.5636518970476314,0.56342,0.0948125319158863
0,nonnormal,12,random_020,0.00918327770293733,0.5571487387240768,0.55828,0.07630147014543077
0,nonnormal,12,random_021,0.019244611286013947,0.5824196461882828,0.583,0.1598984786260508
0,nonnormal,12,random_022,0.02394182348150743,0.5917687340056123,0.5928,0.19892639520387168
0,nonnormal,12,random_023,0.01372707181725278,0.5697524199987829,0.56944,0.11405467571924575
0,nonnormal,12,random_024,0.017985775440365687,0.5797158404884803,0.58114,0.14943913842075499
0,nonnormal,12,random_025,0.019681621457783637,0.5833366146890243,0.58072,0.16352948268072176
0,nonnormal,12,random_026,0.007913170383813698,0.5530749226412841,0.55516,0.0657484781934824
0,nonnormal,12,random_027,0.024950521441396235,0.5936467836768078,0.59368,0.2073074046606144
0,nonnormal,12,random_028,0.014248554401597797,0.5710511572925197,0.56776,0.11838753911812094
0,nonnormal,12,random_029,0.007353699897942048,0.5511750139520257,0.55128,0.06109998318376148
0,nonnormal,12,random_030,0.028713423124531484,0.6003200244166411,0.59962,0.23857237776973633
0,nonnormal,12,random_031,0.029898546098730525,0.6023243184701416,0.60422,0.2484192568645054
0,nonnormal,12,random_032,0.014996970628584924,0.5728729197842197,0.57242,0.12460593523409036
0,nonnormal,12,random_033,0.014906515774955869,0.5726552727990224,0.56828,0.12385436934041395
0,nonnormal,12,random_034,0.018362475269853726,0.5805349961716462,0.5833,0.15256903950000447
0,nonnormal,12,random_035,0.017799604057209133,0.5793077035383183,0.57788,0.1478922887344703
0,nonnormal,12,random_036,0.01872523400533716,0.5813156066241444,0.57894,0.1555831076487472
0,nonnormal,12,random_037,0.020360615727359387,0.5847404863773712,0.58602,0.16917106977683904
0,nonnormal,12,random_038,0.019269773511268955,0.5824727364920526,0.58234,0.16010754502273322
0,nonnormal,12,random_039,0.029293741874410778,0.6013068654042029,0.60152,0.24339409559218503
0,nonnormal,12,random_040,0.0180986883247723,0.5799623054291553,0.5789,0.15037730226130072
0,nonnormal,12,random_041,0.014667428369451322,0.5720766875031226,0.57252,0.12186785416322196
0,nonnormal,12,random_042,0.02245923596526926,0.5889310450149717,0.59034,0.18660796046111608
0,nonnormal,12,random_043,0.021860472796574396,0.5877571579620917,0.58764,0.18163299275152134
0,nonnormal,12,random_044,0.014502625092104888,0.5716750267865912,0.57192,0.12049854652023345
0,nonnormal,12,random_045,0.018784659788550824,0.5814427299211797,0.57996,0.1560768610525342
0,nonnormal,12,random_046,0.029274898869060612,0.6012749870302597,0.6005,0.2432375339530095
0,nonnormal,12,random_047,0.03452256881914516,0.609763907499757,0.60768,0.28683906109634943
0,nonnormal,12,random_048,0.011811134759837716,0.5647480920927117,0.56334,0.09813565215099183
0,nonnormal,12,random_049,0.01913985689012247,0.5821982326003845,0.57692,0.1590281015483589
0,nonnormal,12,random_050,0.014108745650172953,0.5707054073075174,0.57068,0.11722590450159392
0,nonnormal,12,random_051,0.0127223549579202,0.5671764518365343,0.56758,0.10570674419339689
0,nonnormal,12,random_052,0.010535023661153886,0.5611795183136356,0.559,0.08753277635346121
0,nonnormal,12,random_053,0.014613347236559788,0.5719451383703984,0.57126,0.12141850807131027
0,nonnormal,12,random_054,0.03122611055105666,0.6045197928357589,0.60376,0.2594496452184259
0,nonnormal,12,random_055,0.01440031346914076,0.571424484937247,0.57282,0.11964846580856878
0,nonnormal,12,random_056,0.014237693838887976,0.5710243617773356,0.57192,0.118297301522333
0,nonnormal,12,random_057,0.026598756858377023,0.5966311971836383,0.5949,0.2210021648028646
0,nonnormal,12,random_058,0.01633498970112783,0.5760163381083755,0.57534,0.13572318831302044
0,nonnormal,12,random_059,0.015098905617255694,0.5731173779820916,0.57496,0.12545288658919856
0,nonnormal,12,random_060,0.017984438955616196,0.5797129184116248,0.57636,0.14942803391596798
0,nonnormal,12,random_061,0.013212879961008544,0.5684466937919727,0.56988,0.10978238908724136
0,nonnormal,12,random_062,0.03667879226724147,0.6130493561652823,0.6125,0.3047545618983315
0,nonnormal,12,random_063,0.030460903995208684,0.603260556270126,0.60566,0.2530917426192867
0,nonnormal,12,random_064,0.020618295857332238,0.5852668410680694,0.58596,0.1713120670743404
0,nonnormal,12,random_065,0.019814486934294766,0.5836132919238184,0.5811,0.1646334274286988
0,nonnormal,12,random_066,0.02332203929910194,0.5905940372620526,0.58982,0.19377676934911842
0,nonnormal,12,random_067,0.030568091183209002,0.6034379557971515,0.60638,0.25398233313497626
0,nonnormal,12,random_068,0.015571829876778907,0.574240524618364,0.57504,0.12938229147450633
0,nonnormal,12,random_069,0.02887932712045751,0.6006032225359368,0.59892,0.23995083099761907
0,nonnormal,12,random_070,0.015483759915214829,0.5740327186101876,0.57228,0.1286505410297996
0,nonnormal,12,random_071,0.03285559905797769,0.6071473542767323,0.6056,0.272988642152319
0,nonnormal,12,random_072,0.01592336036483276,0.5750639801505304,0.574,0.13230306703058806
0,nonnormal,12,random_073,0.02018986920571349,0.5843897869518412,0.58732,0.16775238126003278
0,nonnormal,12,random_074,0.02834575019962229,0.5996892870352175,0.60086,0.23551747889694402
0,nonnormal,12,random_075,0.024700030069692437,0.5931842010383438,0.59276,0.20522613688912658
0,nonnormal,12,random_076,0.01322687073311611,0.5684825645342281,0.56838,0.1098986347802073
0,nonnormal,12,random_077,0.01671302914432617,0.5768800814021643,0.5775,0.13886421989477987
0,nonnormal,12,random_078,0.02053652475705723,0.5851001845532895,0.5808,0.17063265223268792
0,nonnormal,12,random_079,0.022701630700466595,0.5894015861729108,0.59308,0.1886219553820311
0,nonnormal,12,random_080,0.028063281105013285,0.599201753868391,0.59596,0.23317051652833115
0,nonnormal,12,random_081,0.019187148563259843,0.5822982684622519,0.583,0.15942103578194572
0,nonnormal,12,random_082,0.05437625066535966,0.6367483717061404,0.6324,0.45179814887186975
0,nonnormal,12,random_083,0.02066712295259123,0.5853661900234909,0.58588,0.17171775873168849
0,nonnormal,12,random_084,0.01676878552647221,0.577006612500895,0.5766,0.1393274851977961
0,nonnormal,12,random_085,0.02130425554322764,0.5866514744041597,0.5882,0.17701152800620099
0,nonnormal,12,random_086,0.014402953228740316,0.5714309607377908,0.57456,0.11967039888571085
0,nonnormal,12,random_087,0.023442175121294047,0.5908230071341087,0.59072,0.19477494670440593
0,nonnormal,12,random_088,0.01912964833210118,0.5821766215723531,0.58006,0.15894328129024562
0,nonnormal,12,random_089,0.009208574086291433,0.557226854576939,0.55462,0.07651165122692667
0,nonnormal,12,random_090,0.019069627384360396,0.5820494382915676,0.58032,0.15844458281892754
0,nonnormal,12,random_091,0.029381422174258008,0.6014550583496755,0.60252,0.24412260843885578
0,nonnormal,12,random_092,0.012123791506776721,0.5655918161624436,0.5669,0.10073343588508317
0,nonnormal,12,random_093,0.023075076916838185,0.5901213881456737,0.59238,0.19172482303464367
0,nonnormal,12,random_094,0.02204590907701123,0.5881224938127684,0.58572,0.18317373466016523
0,nonnormal,12,random_095,0.019850303246428475,0.5836877093972342,0.58328,0.16493101586709644
0,nonnormal,12,random_096,0.008965088758505643,0.5564703560039009,0.55574,0.07448859485534863
0,nonnormal,12,random_097,0.020534657182632903,0.5850963742254938,0.58824,0.1706171350416814
0,nonnormal,12,random_098,0.019077696133658548,0.5820665479555628,0.58026,0.15851162396192672
0,nonnormal,12,random_099,0.014099780310232651,0.5706831756512653,0.56806,0.11715141381973422
0,nonnormal,12,random_100,0.019495148293927726,0.5829466555499765,0.58358,0.16198012557695857
0,nonnormal,12,random_101,0.017004272404503466,0.5775386228883694,0.57638,0.14128408452703067
0,nonnormal,12,random_102,0.03483715463478236,0.610250011318575,0.61542,0.2894528729614028
0,nonnormal,12,random_103,0.010525155923191941,0.5611510849586312,0.56334,0.08745078788073263
0,nonnormal,12,random_104,0.01739175145469514,0.5784057542160392,0.57956,0.14450354735245777
0,nonnormal,12,random_105,0.015820230635623708,0.5748233843173912,0.57534,0.13144618888654214
0,nonnormal,12,random_106,0.030327044063824835,0.6030385432054954,0.60468,0.25197953520396615
0,nonnormal,12,random_107,0.02466572548041494,0.5931206582758396,0.59374,0.20494110896344694
0,nonnormal,12,random_108,0.01600639454655267,0.5752571083449993,0.57692,0.1329929764880278
0,nonnormal,12,random_109,0.02605360718721344,0.5956552266174752,0.59324,0.216472657724387
0,nonnormal,12,random_110,0.02229255349817691,0.5886059282391068,0.588,0.18522303911842972
0,nonnormal,12,random_111,0.024890669480458955,0.5935364787654516,0.59086,0.20681011025677196
0,nonnormal,12,random_112,0.008922491173714232,0.556336934432003,0.55584,0.07413466258308495
0,nonnormal,12,random_113,0.012023962512759577,0.5653236484270329,0.56114,0.0999039826927648
0,nonnormal,12,random_114,0.00978684122369022,0.5589835686983977,0.56174,0.08131632273394257
0,nonnormal,12,random_115,0.015501523601002468,0.5740746821654639,0.5743,0.12879813488295772
0,nonnormal,12,random_116,0.018961098111950625,0.5818189356972178,0.58318,0.1575428412723302
0,nonnormal,12,random_117,0.007295629415520918,0.5509736623643557,0.54996,0.060617490622377916
0,nonnormal,12,random_118,0.019690626892740867,0.583355398237668,0.58636,0.16360430650166705
0,nonnormal,12,random_119,0.03027046980893381,0.6029445547722363,0.60776,0.25150947440865934
0,nonnormal,12,random_120,0.015431914280022972,0.5739100998524247,0.57218,0.12821976910786395
0,nonnormal,12,random_121,0.019963834913991445,0.5839231378333184,0.58226,0.16587432101623145
0,nonnormal,12,random_122,0.022313923962875522,0.5886476828457166,0.58502,0.1854006007611179
0,nonnormal,12,random_123,0.013262656279848723,0.5685742257977004,0.56826,0.11019596759687507
0,nonnormal,12,random_124,0.012188196097266592,0.5657642228525344,0.56178,0.10126855690586203
0,nonnormal,12,random_125,0.01525513225720776,0.5734903870994672,0.5757,0.12675093317886124
0,nonnormal,12,random_126,0.012100318494635671,0.5655288635780518,0.56752,0.1005384047215879
0,nonnormal,12,random_127,0.02820985000709617,0.5994550514283346,0.59986,0.2343883194815129
1,normal,0,oracle_t0,0.13526652059480995,0.7094158350800253,0.71106,0.9999999999999996
1,normal,0,oracle_t12,0.0733248974012969,0.6576942953594306,0.65728,0.5420772049052787
1,normal,0,bottom,1.8850731436399094e-32,0.5000000000000001,0.49982,-2.742854744122967e-17
1,normal,0,random_000,0.028897396315814415,0.600634014286382,0.59542,0.21363302751296737
1,normal,0,random_001,0.028254836822059162,0.599532656365712,0.60072,0.20888270577090062
1,normal,0,random_002,0.03982709955274913,0.6176638473383266,0.6125,0.29443427226202534
1,normal,0,random_003,0.0489610393726723,0.6300203043489985,0.63062,0.36195977509715627
1,normal,0,random_004,0.03867649282496714,0.6160011884542533,0.6168,0.2859280526688665
1,normal,0,random_005,0.057613972574499336,0.6405927586427745,0.64272,0.4259292862798004
1,normal,0,random_006,0.0418846388493847,0.6205730063693555,0.62016,0.30964527412403764
1,normal,0,random_007,0.03610715019728485,0.6121887402578359,0.61518,0.2669333848354361
1,normal,0,random_008,0.04412215478243109,0.6236492070651021,0.62196,0.3261868094811039
1,normal,0,random_009,0.021317823072884955,0.5866786236408823,0.58354,0.1575986650587573
1,normal,0,random_010,0.05047260369883546,0.6319383949202512,0.63408,0.3731344864707937
1,normal,0,random_011,0.035802016363895496,0.6117263391561885,0.60924,0.2646775876725638
1,normal,0,random_012,0.041179349952878475,0.6195847732691261,0.62058,0.3044312056804579
1,normal,0,random_013,0.04542820779810035,0.6254053081290214,0.62578,0.33584221430652633
1,normal,0,random_014,0.054986508462873354,0.6374826327265906,0.63882,0.4065049372237872
1,normal,0,random_015,0.04899179884350002,0.6300596618684077,0.6295,0.36218717409206275
1,normal,0,random_016,0.050755676935256996,0.6322940307783713,0.63602,0.3752271937806054
1,normal,0,random_017,0.06285765791558191,0.6465681081380297,0.64588,0.4646948678740072
1,normal,0,random_018,0.03301439304538924,0.6073996358230845,0.60982,0.24406921165869008
1,normal,0,random_019,0.03506088717277281,0.6105942884061699,0.61262,0.25919855865737457
1,normal,0,random_020,0.03668821731008279,0.613063484675757,0.61302,0.2712291049459468
1,normal,0,random_021,0.023738767114882472,0.5913856577592097,0.59342,0.1754962499995974
1,normal,0,random_022,0.03809541865035428,0.6151512932843706,0.61192,0.28163228035168336
1,normal,0,random_023,0.020996588269655225,0.5860333692295765,0.58712,0.1552238364476778
1,normal,0,random_024,0.050664605825443285,0.6321797354266462,0.63696,0.37455392215793576
1,normal,0,random_025,0.04943365724906068,0.6306235234318703,0.63032,0.3654537503565933
1,normal,0,random_026,0.03983741121450032,0.6176786289314959,0.6172,0.294510504442064
1,normal,0,random_027,0.022819552653026282,0.5896295438352949,0.5923,0.16870067000083566
1,normal,0,random_028,0.03314943432101511,0.607613668253219,0.61218,0.24506754646490853
1,normal,0,random_029,0.0252921902555387,0.5942738073171954,0.59584,0.18698041573273919
1,normal,0,random_030,0.042095373706292294,0.6208665141165014,0.62276,0.3112031973705358
1,normal,0,random_031,0.05125361596887333,0.6329169390711072,0.6334,0.37890836360316543
1,normal,0,random_032,0.031508559264890476,0.6049804181285263,0.60112,0.2329368651336437
1,normal,0,random_033,0.02552479359055875,0.5946981189028252,0.59296,0.18870000853365718
1,normal,0,random_034,0.04189308472008743,0.6205847851508202,0.61994,0.30970771286102566
1,normal,0,random_035,0.049296040777434644,0.6304482103947999,0.63206,0.3644363776096573
1,normal,0,random_036,0.039090897378965574,0.6166030767156899,0.61674,0.2889916677613237
1,normal,0,random_037,0.045974803496228504,0.6261319919064544,0.62474,0.3398830937179625
1,normal,0,random_038,0.041662680180919696,0.6202629913330293,0.62176,0.3080043753451749
1,normal,0,random_039,0.021034398241657686,0.5861095841779148,0.58728,0.15550335847453417
1,normal,0,random_040,0.04347299091780993,0.622765709907087,0.62302,0.32138766286473053
1,normal,0,random_041,0.04121392820274157,0.6196334381368322,0.6198,0.3046868361920659
1,normal,0,random_042,0.024517009466289843,0.5928446492022044,0.59024,0.18124964964339102
1,normal,0,random_043,0.042100404355943456,0.6208735108768977,0.6202,0.3112403880192569
1,normal,0,random_044,0.051573431161092545,0.6333152411904696,0.63484,0.38127269729647606
1,normal,0,random_045,0.040844752836510026,0.6191127091224544,0.6168,0.30195759199617644
1,normal,0,random_046,0.042965725387755324,0.6220702800193786,0.62444,0.3176375440043947
1,normal,0,random_047,0.032567150808007525,0.6066874062273898,0.60712,0.24076283373594126
1,normal,0,random_048,0.05192787680956226,0.633755065616318,0.63378,0.383893047453419
1,normal,0,random_049,0.041008006862724405,0.6193432977746671,0.62412,0.3031644983725399
1,normal,0,random_050,0.04148812144720447,0.620018545869794,0.62112,0.30671389538792
1,normal,0,random_051,0.033707900438023936,0.6084938654673686,0.60878,0.2491961816552947
1,normal,0,random_052,0.07399341827071061,0.6583726951249135,0.65822,0.5470194542251696
1,normal,0,random_053,0.03483008840311627,0.6102391184859303,0.61348,0.2574923066695089
1,normal,0,random_054,0.03808265843741112,0.6151325511237254,0.6142,0.2815379464922254
1,normal,0,random_055,0.026222370561055655,0.5959585064279959,0.60104,0.19385706415562057
1,normal,0,random_056,0.03335033597252463,0.6079312203689382,0.60432,0.2465527746693903
1,normal,0,random_057,0.05089275055390118,0.6324658446480959,0.6317,0.376240553317329
1,normal,0,random_058,0.04213675838107246,0.6209240594178727,0.62048,0.31150914650412903
1,normal,0,random_059,0.03012234338527222,0.6026980228415257,0.60728,0.2226888312999748
1,normal,0,random_060,0.03812638822725775,0.6151967671332755,0.6136,0.2818612326213749
1,normal,0,random_061,0.027258904452492454,0.597798961498041,0.59342,0.20151996467881603
1,normal,0,random_062,0.025747956350431398,0.5951032917761306,0.59072,0.1903498089343131
1,normal,0,random_063,0.02549607488850244,0.5946458415836389,0.59712,0.18848769655926736
1,normal,0,random_064,0.03324677966030275,0.6077676644449224,0.6074,0.24578720228853437
1,normal,0,random_065,0.042574493240299265,0.6215308436555498,0.6215,0.31474523816451894
1,normal,0,random_066,0.045619371875888354,0.6256600008861523,0.62816,0.33725545445602845
1,normal,0,random_067,0.02036336242071532,0.5847461152694157,0.58226,0.1505425165899967
1,normal,0,random_068,0.032822602768170936,0.6070948498098048,0.60418,0.24265134213432485
1,normal,0,random_069,0.04732785072485267,0.6279105644203719,0.62792,0.3498859179399088
1,normal,0,random_070,0.013112345475787726,0.5681883576691225,0.5652,0.09693710918362183
1,normal,0,random_071,0.030935251498258206,0.6040431155495657,0.60424,0.2286985084130652
1,normal,0,random_072,0.05207010151871289,0.6339310780344517,0.6328,0.3849444880355025
1,normal,0,random_073,0.045270215096739286,0.6251943642712225,0.62672,0.33467420391736047
1,normal,0,random_074,0.04392167085556138,0.6233771196512858,0.61866,0.3247046694364858
1,normal,0,random_075,0.04913677110136268,0.6302449730951025,0.62618,0.3632589267861157
1,normal,0,random_076,0.05150167326042338,0.6332259931058111,0.6335,0.3807422046043184
1,normal,0,random_077,0.03317757737809712,0.607658214316003,0.61146,0.2452756028040401
1,normal,0,random_078,0.04183653783352305,0.6205058989354264,0.62144,0.30928967234134863
1,normal,0,random_079,0.0458026784475533,0.6259036728513037,0.62102,0.3386106055374555
1,normal,0,random_080,0.04644818337983672,0.6267574951737565,0.63226,0.3433827023537625
1,normal,0,random_081,0.03304580025138197,0.6074494562948343,0.60814,0.2443013992381047
1,normal,0,random_082,0.048667663837788123,0.6296442313007916,0.6317,0.3597909048283411
1,normal,0,random_083,0.0319736469694743,0.6057341035727657,0.6023,0.23637517124618856
1,normal,0,random_084,0.021566782500675986,0.5871752042718756,0.58274,0.15943917538382724
1,normal,0,random_085,0.030768217598985275,0.6037682862745342,0.605,0.2274636581445846
1,normal,0,random_086,0.023846487881194117,0.5915890925452754,0.58974,0.1762926094079563
1,normal,0,random_087,0.032876920637859144,0.6071812666149581,0.60994,0.24305290395057727
1,normal,0,random_088,0.029222633308735806,0.6011865074995218,0.60094,0.21603744356130822
1,normal,0,random_089,0.0342496174692878,0.6093402004820304,0.61014,0.253200993998229
1,normal,0,random_090,0.04349084183491341,0.6227901011019452,0.62368,0.3215196313446248
1,normal,0,random_091,0.042657176918932116,0.6216450747591923,0.62202,0.31535650308261737
1,normal,0,random_092,0.03411208010163805,0.609126009725918,0.60782,0.2521842060521433
1,normal,0,random_093,0.038802187131682514,0.6161841179184365,0.61584,0.28685728708816444
1,normal,0,random_094,0.0347815079215944,0.6101641977712209,0.6112,0.2571331602871799
1,normal,0,random_095,0.0596285849825304,0.6429235932776344,0.64604,0.44082293771085806
1,normal,0,random_096,0.020933473748227495,0.5859059866987503,0.5832,0.15475724263606647
1,normal,0,random_097,0.021880118650174085,0.5877959398992969,0.59092,0.1617556107302844
1,normal,0,random_098,0.05363783779012036,0.6358537049321769,0.63874,0.3965344680580065
1,normal,0,random_099,0.04482219826806061,0.6245939800802252,0.62864,0.33136209958652835
1,normal,0,random_100,0.0189875164907626,0.5818751082373163,0.5867,0.14037114584797805
1,normal,0,random_101,0.03735696448440364,0.6140609918418539,0.60804,0.2761730272955434
1,normal,0,random_102,0.04010280631357718,0.6180583533723998,0.61524,0.29647252060031093
1,normal,0,random_103,0.03678064433380239,0.6132019324490449,0.61628,0.27191240058564514
1,normal,0,random_104,0.045555831533332966,0.6255754098611586,0.6234,0.3367857126287381
1,normal,0,random_105,0.03560229441778796,0.6114225257431182,0.61006,0.26320108080871246
1,normal,0,random_106,0.02954135155799008,0.6017247572248765,0.60586,0.21839366776115288
1,normal,0,random_107,0.06334755923338925,0.6471116417769338,0.64776,0.46831661637210636
1,normal,0,random_108,0.047845101239187636,0.6285830490312885,0.62778,0.3537098539150521
1,normal,0,random_109,0.017882380947458358,0.5794894451837405,0.58326,0.1322010861876525
1,normal,0,random_110,0.04341800899221925,0.6226905489606729,0.62206,0.3209811918078208
1,normal,0,random_111,0.029882300481676435,0.6022971329522503,0.60342,0.22091423916483127
1,normal,0,random_112,0.036507188001463645,0.6127917702427446,0.61394,0.26989078924282156
1,normal,0,random_113,0.04897693812424997,0.6300406489161646,0.62862,0.36207731158369977
1,normal,0,random_114,0.028842698844531847,0.6005407727300096,0.60112,0.2132286593733712
1,normal,0,random_115,0.03331652576231883,0.6078778508711539,0.60934,0.24630282213082338
1,normal,0,random_116,0.012859725922196332,0.5675346847397978,0.5695,0.09506954023544055
1,normal,0,random_117,0.04583404310017471,0.6259453124034899,0.62832,0.33884247852778215
1,normal,0,random_118,0.049988552176379306,0.6313276800818294,0.63236,0.369555984411839
1,normal,0,random_119,0.017065600780869945,0.5776765468632721,0.57434,0.12616278370898476
1,normal,0,random_120,0.04141701951208587,0.6199188162625268,0.6218,0.3061882521259661
1,normal,0,random_121,0.03458797223981361,0.609865166033886,0.61036,0.25570238731446093
1,normal,0,random_122,0.03219926807813976,0.6060976116235811,0.60178,0.238043145758088
1,normal,0,random_123,0.04162919172478953,0.6202161388376755,0.61774,0.3077568014741024
1,normal,0,random_124,0.027896137464132508,0.5989120397023543,0.59586,0.20623090873827696
1,normal,0,random_125,0.017372938151630653,0.5783638855110338,0.57806,0.12843487121008446
1,normal,0,random_126,0.047665846244912685,0.6283504548802608,0.62822,0.3523846553848711
1,normal,0,random_127,0.019607949731980812,0.583182781285764,0.58806,0.1449578923576833
1,normal,12,oracle_t0,0.039089313519295774,0.6166007829137568,0.61714,0.4417407814524317
1,normal,12,oracle_t12,0.08848925695918579,0.672276193706459,0.67238,0.9999999999999993
1,normal,12,bottom,1.2963332605261885e-32,0.5000000000000001,0.50082,-1.2550032844353994e-17
1,normal,12,random_000,0.01660621113192624,0.5766370601423347,0.57384,0.1876635842878145
1,normal,12,random_001,0.017929436732390662,0.5795925639648944,0.57892,0.20261710119975704
1,normal,12,random_002,0.026727285835272202,0.5968597523140899,0.59716,0.30203989448797963
1,normal,12,random_003,0.021583576450801452,0.5872085934523179,0.59108,0.24391182831105152
1,normal,12,random_004,0.021763332924888523,0.5875651295601414,0.58744,0.24594322150231748
1,normal,12,random_005,0.020214539622431207,0.5844405535468675,0.58408,0.2284406075616029
1,normal,12,random_006,0.01936030296028517,0.5826634479388676,0.58518,0.2187870440500454
1,normal,12,random_007,0.02396857465551637,0.5918190736610838,0.59416,0.2708642323279025
1,normal,12,random_008,0.02219627996206148,0.5884175634174926,0.59258,0.2508358723398383
1,normal,12,random_009,0.022787740209244463,0.5895681075703851,0.58742,0.2575198503447139
1,normal,12,random_010,0.025108544884372884,0.5939373451806149,0.59308,0.28374681568355564
1,normal,12,random_011,0.01651845725473593,0.5764368042907609,0.5733,0.18667189467253406
1,normal,12,random_012,0.01980018676110452,0.5835835600626743,0.58534,0.22375808591360444
1,normal,12,random_013,0.02113566209250243,0.5863133527613812,0.58688,0.2388500346686254
1,normal,12,random_014,0.01459536124620999,0.5719013328228929,0.5716,0.16493935815216362
1,normal,12,random_015,0.029315893976058466,0.601344328095479,0.59864,0.3312932550623623
1,normal,12,random_016,0.039882868740306186,0.6177437666905652,0.61818,0.45070859571915595
1,normal,12,random_017,0.024164649661484898,0.5921871420534455,0.5892,0.27308003809581577
1,normal,12,random_018,0.012834284872104817,0.5674684892108618,0.56936,0.1450377742241007
1,normal,12,random_019,0.022050705304752786,0.5881319216290438,0.5876,0.24919076125730502
1,normal,12,random_020,0.01714948536022321,0.5778647823704817,0.57646,0.19380302140103997
1,normal,12,random_021,0.026986206593981103,0.5973184125737104,0.59696,0.30496590796810547
1,normal,12,random_022,0.028341050870240785,0.5996811973209274,0.59868,0.32027674142763585
1,normal,12,random_023,0.008419498120061528,0.5547362391860748,0.55284,0.09514712191497872
1,normal,12,random_024,0.02316921017274004,0.590301857535223,0.5922,0.2618307687160991
1,normal,12,random_025,0.019569669690006283,0.583102729866109,0.58502,0.2211530570206106
1,normal,12,random_026,0.023401971445694652,0.5907464508446002,0.59154,0.2644611589007739
1,normal,12,random_027,0.01700141830132514,0.5775321978914429,0.57716,0.19212974416958614
1,normal,12,random_028,0.018262107079970884,0.5803176012199998,0.5779,0.20637654453798812
1,normal,12,random_029,0.020372129077999485,0.5847640784228181,0.58462,0.23022149555844718
1,normal,12,random_030,0.017018951940287845,0.5775716597945104,0.57596,0.1923278884366444
1,normal,12,random_031,0.02816043974865483,0.5993697399185338,0.59874,0.3182356900300719
1,normal,12,random_032,0.009816493608253617,0.5590722010325512,0.56396,0.110934298078481
1,normal,12,random_033,0.012398693502519952,0.5663244691365625,0.57082,0.14011524029678138
1,normal,12,random_034,0.03265872416974199,0.6068336615126657,0.6064,0.3690699333683554
1,normal,12,random_035,0.02636596257534561,0.5962157387247256,0.59468,0.29795665012201955
1,normal,12,random_036,0.01311331329803676,0.5681908494625882,0.56546,0.1481910205674465
1,normal,12,random_037,0.01548946247592558,0.574046192611415,0.5752,0.17504342344144483
1,normal,12,random_038,0.017310202583841437,0.5782240980018735,0.57852,0.195619255700446
1,normal,12,random_039,0.01947536026912952,0.5829051600864723,0.5826,0.22008728447242137
1,normal,12,random_040,0.017083336745147417,0.5777163860334154,0.57666,0.19305548867956732
1,normal,12,random_041,0.023963397588810068,0.5918093339044233,0.59022,0.270805727297075
1,normal,12,random_042,0.009045450567886136,0.5567211828190778,0.5552,0.10222088961667067
1,normal,12,random_043,0.02173243672069643,0.5875039590133787,0.58798,0.24559406946676204
1,normal,12,random_044,0.027281699039647837,0.5978390144324099,0.59892,0.30830521101822633
1,normal,12,random_045,0.021215876461290424,0.5864744017559012,0.58322,0.23975652175580928
1,normal,12,random_046,0.02251775550682019,0.5890448875814579,0.59092,0.25446880537381084
1,normal,12,random_047,0.01798605859087088,0.5797164595514046,0.57874,0.20325697388516492
1,normal,12,random_048,0.01544486018491393,0.5739407378148305,0.5749,0.17453938156625737
1,normal,12,random_049,0.026875628025829205,0.5971228170038353,0.59662,0.3037162809291657
1,normal,12,random_050,0.02264639310882144,0.5892945910789447,0.58648,0.25592251406593586
1,normal,12,random_051,0.02037326500328164,0.5847664056732139,0.58838,0.23023433243064154
1,normal,12,random_052,0.02127933697431683,0.5866015876186119,0.58614,0.2404736767552651
1,normal,12,random_053,0.016599342767846824,0.5766214062455143,0.57612,0.18758596623207036
1,normal,12,random_054,0.013669935259755326,0.569608587758487,0.5744,0.15448129783777437
1,normal,12,random_055,0.01734594802508229,0.578303778256657,0.5778,0.19602320802719386
1,normal,12,random_056,0.011995411110781218,0.565246741528698,0.56668,0.1355578238871856
1,normal,12,random_057,0.026334240057128866,0.5961589746329063,0.5954,0.2975981600712852
1,normal,12,random_058,0.023887656983139383,0.5916667140726014,0.59328,0.2699497973427121
1,normal,12,random_059,0.02197627701585035,0.5879854985002858,0.59088,0.24834966154124838
1,normal,12,random_060,0.01998536568816298,0.5839677068165432,0.57984,0.22585075719847997
1,normal,12,random_061,0.02197499032158344,0.5879829648941143,0.58442,0.24833512085788043
1,normal,12,random_062,0.021284744760044376,0.5866124165639605,0.58474,0.24053478909718518
1,normal,12,random_063,0.018520066714861803,0.5808750905874934,0.58006,0.20929169654350105
1,normal,12,random_064,0.021604809929438834,0.5872507896659401,0.58462,0.2441517837515992
1,normal,12,random_065,0.03284039578295657,0.6071231659894486,0.60746,0.37112296917696636
1,normal,12,random_066,0.020311259209921044,0.584639270635482,0.5838,0.2295336169371302
1,normal,12,random_067,0.010806876389462448,0.561957552727756,0.56026,0.12212642258310451
1,normal,12,random_068,0.023358795332341864,0.5906641572770084,0.5893,0.2639732339838239
1,normal,12,random_069,0.01939881514915447,0.582744437519754,0.58716,0.21922226285730756
1,normal,12,random_070,0.012486818148066946,0.5665575635253465,0.56994,0.14111111989364175
1,normal,12,random_071,0.01707600982364002,0.5776999306395205,0.57994,0.19297268855490612
1,normal,12,random_072,0.020431989173541925,0.5848866257349161,0.5841,0.23089796293538598
1,normal,12,random_073,0.022157353750984515,0.5883412802491156,0.58678,0.2503959747475812
1,normal,12,random_074,0.0170769411521974,0.5777020224959932,0.57444,0.19298321331903434
1,normal,12,random_075,0.023995658605354193,0.5918700093728209,0.59108,0.2711703028133889
1,normal,12,random_076,0.023764443835784514,0.5914341932952686,0.5919,0.26855738936473905
1,normal,12,random_077,0.02796548769116417,0.5990323578247125,0.60074,0.31603257448599426
1,normal,12,random_078,0.018190037664419893,0.5801611168072998,0.57994,0.2055621019940278
1,normal,12,random_079,0.022886313929832126,0.5897583271477405,0.59202,0.2586338129202289
1,normal,12,random_080,0.02461366663052746,0.5930241399470219,0.59536,0.2781542921292706
1,normal,12,random_081,0.017515059450541978,0.578679593510759,0.57946,0.19793430358015665
1,normal,12,random_082,0.02409274450627113,0.5920523464532904,0.58862,0.27226745182619744
1,normal,12,random_083,0.03272070315205169,0.6069325256271034,0.6057,0.36977034587535923
1,normal,12,random_084,0.013512331758144171,0.569210232236771,0.5713,0.1527002511093127
1,normal,12,random_085,0.018498280555217256,0.580828164399133,0.58164,0.20904549536164913
1,normal,12,random_086,0.02165673942517834,0.5873538949888913,0.58906,0.24473862895206758
1,normal,12,random_087,0.013037466176063248,0.5679952826358833,0.56674,0.14733388689292035
1,normal,12,random_088,0.012138937727287523,0.5656324037875521,0.56304,0.13717979045621784
1,normal,12,random_089,0.013317080674922478,0.5687133849098954,0.56808,0.15049375633320952
1,normal,12,random_090,0.024988376067589524,0.5937164762084173,0.59754,0.2823888110973176
1,normal,12,random_091,0.02626152118680139,0.5960287150949042,0.59618,0.2967763781643469
1,normal,12,random_092,0.026253047889201696,0.5960135246649144,0.59538,0.29668062306490467
1,normal,12,random_093,0.026551704144582258,0.5965473799409838,0.59608,0.30005567971746877
1,normal,12,random_094,0.026605203694831145,0.5966426751188653,0.59894,0.3006602678006705
1,normal,12,random_095,0.020728032511846003,0.5854899512762998,0.58916,0.23424349151678897
1,normal,12,random_096,0.020134784292263945,0.5842763164841005,0.58318,0.22753930798120245
1,normal,12,random_097,0.023213048147742523,0.5903857707123965,0.59298,0.262326173203705
1,normal,12,random_098,0.01914365663785641,0.5822062749489775,0.58118,0.21633876580844272
1,normal,12,random_099,0.01840332468744043,0.5806232978003092,0.5803,0.20797241744191228
1,normal,12,random_100,0.01462355784102869,0.5719699942871471,0.56924,0.1652580024236564
1,normal,12,random_101,0.02719321984446126,0.5976834459444436,0.59562,0.3073053247243751
1,normal,12,random_102,0.025759669155186973,0.595124506072809,0.5924,0.2911050452945739
1,normal,12,random_103,0.017940683758384687,0.5796171900218027,0.58128,0.20274420166800056
1,normal,12,random_104,0.026771560839573043,0.5969383488671853,0.59546,0.3025402377592681
1,normal,12,random_105,0.01647346277281279,0.5763339121333955,0.57602,0.18616342072361292
1,normal,12,random_106,0.014005002213000606,0.5704477037485075,0.57166,0.1582678247536893
1,normal,12,random_107,0.014898193250397245,0.5726352133979439,0.57278,0.16836160413538998
1,normal,12,random_108,0.03332782664400372,0.6078956925775678,0.60624,0.37663133118380265
1,normal,12,random_109,0.01947539295474887,0.5829052286463148,0.58176,0.220087653846292
1,normal,12,random_110,0.022179506618723577,0.5883847015416752,0.58478,0.2506463200267745
1,normal,12,random_111,0.007837556864115199,0.552822232099513,0.5539,0.0885707161913467
1,normal,12,random_112,0.013406186672539594,0.5689405914651403,0.5682,0.15150072600025297
1,normal,12,random_113,0.02022511685188117,0.5844623093689106,0.58426,0.2285601387884821
1,normal,12,random_114,0.016917314126294807,0.577342615329143,0.57652,0.1911792991334263
1,normal,12,random_115,0.011323987981336173,0.5634103171389201,0.56372,0.12797020079577762
1,normal,12,random_116,0.017980516207948268,0.5797043411030017,0.57902,0.20319434048634274
1,normal,12,random_117,0.02250165421175255,0.5890135800068506,0.58772,0.2542868477484342
1,normal,12,random_118,0.029563791075887188,0.6017625360448848,0.60076,0.33409469230285205
1,normal,12,random_119,0.018434659479125894,0.5806909631103181,0.57932,0.20832652587001121
1,normal,12,random_120,0.018454557821117382,0.5807339011114411,0.58066,0.20855139318922344
1,normal,12,random_121,0.018338847773966955,0.5804838754005172,0.58494,0.2072437762973357
1,normal,12,random_122,0.016221156115948328,0.5757542255876831,0.57334,0.18331215193082778
1,normal,12,random_123,0.014292241591353963,0.5711588373492896,0.57142,0.16151386148429314
1,normal,12,random_124,0.014339019467655499,0.571273947172928,0.56844,0.16204248922859796
1,normal,12,random_125,0.013447665250612074,0.5690460901095804,0.5712,0.15196946739890227
1,normal,12,random_126,0.029473925306225664,0.601611147289075,0.60686,0.33307913659869504
1,normal,12,random_127,0.023621056072142883,0.5911627992179033,0.59338,0.26693699194510917
1,nonnormal,0,oracle_t0,0.24044316050116776,0.7689901075847471,0.76798,1.0000000000000009
1,nonnormal,0,oracle_t12,0.19279203799607852,0.74493052595801,0.74536,0.8018195967572234
1,nonnormal,0,bottom,2.1368305457287266e-32,0.5000000000000001,0.4996,-1.8661351235420058e-17
1,nonnormal,0,random_000,0.034054984322130555,0.6090369563266426,0.6104,0.14163424008879302
1,nonnormal,0,random_001,0.043225431187527336,0.6224268801141188,0.6252,0.17977401019613298
1,nonnormal,0,random_002,0.01862721622181246,0.5811054673696954,0.57862,0.07747035175792415
1,nonnormal,0,random_003,0.023532846989253477,0.5909954122085523,0.5946,0.09787280677979275
1,nonnormal,0,random_004,0.016568068701946555,0.576550086063012,0.57566,0.06890638380984891
1,nonnormal,0,random_005,0.020273739952434956,0.5845622435787255,0.5844,0.08431822269420099
1,nonnormal,0,random_006,0.05399343999485287,0.6362854116957283,0.63696,0.22455801979275128
1,nonnormal,0,random_007,0.026736337378241548,0.5968758261336712,0.59652,0.11119608194516191
1,nonnormal,0,random_008,0.018424527873050826,0.5806690911658621,0.58046,0.07662737353247093
1,nonnormal,0,random_009,0.024533539574663452,0.5928753717697356,0.59386,0.10203467432189371
1,nonnormal,0,random_010,0.025471483223657717,0.5946010520582607,0.59122,0.10593556984763565
1,nonnormal,0,random_011,0.02162445016512621,0.5872898003556506,0.5865,0.08993580902885029
1,nonnormal,0,random_012,0.011204040124689344,0.5630764179161474,0.56194,0.04659745821563905
1,nonnormal,0,random_013,0.02831455337246729,0.5996355695416771,0.6001,0.11775986188773206
1,nonnormal,0,random_014,0.025988389102395537,0.5955377465708059,0.59444,0.10808537472318473
1,nonnormal,0,random_015,0.013254533101583145,0.5685534302353095,0.56712,0.05512543203123791
1,nonnormal,0,random_016,0.02404655824197098,0.591965652394463,0.59206,0.10000932524697126
1,nonnormal,0,random_017,0.03598147374198632,0.6119985464033604,0.61214,0.1496464847117645
1,nonnormal,0,random_018,0.04224449037132621,0.6210737155720535,0.62058,0.17569429000714315
1,nonnormal,0,random_019,0.031636910351638695,0.6051890060546739,0.60358,0.13157750166690665
1,nonnormal,0,random_020,0.02609877722273686,0.5957365020664451,0.59572,0.10854447749038851
1,nonnormal,0,random_021,0.023616078616828115,0.5911533626877018,0.58576,0.09821896604421583
1,nonnormal,0,random_022,0.034440128236567044,0.6096361244055583,0.61012,0.1432360486560806
1,nonnormal,0,random_023,0.016404671281255667,0.5761763195063627,0.57536,0.06822681604693016
1,nonnormal,0,random_024,0.0354033696126071,0.6111190086166022,0.61282,0.14724215710197
1,nonnormal,0,random_025,0.01764440269851893,0.5789657612053519,0.58066,0.07338284300431683
1,nonnormal,0,random_026,0.0803999917253227,0.6646995255403648,0.66632,0.33438252748691644
1,nonnormal,0,random_027,0.03846109222250558,0.6156869519173266,0.61608,0.15995918595621203
1,nonnormal,0,random_028,0.027343624461702763,0.5979477355500957,0.60054,0.11372178108418265
1,nonnormal,0,random_029,0.021213745275890178,0.5864701270344572,0.58588,0.08822769269740638
1,nonnormal,0,random_030,0.035931714964919814,0.6119231441959501,0.61196,0.14943953860041415
1,nonnormal,0,random_031,0.015088707323211567,0.5730929591479449,0.57152,0.06275373893672596
1,nonnormal,0,random_032,0.020454465332788167,0.5849325910815959,0.58598,0.08506985721762228
1,nonnormal,0,random_033,0.04029210996647978,0.6183283706919583,0.61654,0.16757436511189144
1,nonnormal,0,random_034,0.038452838594812015,0.6156748921384465,0.61578,0.15992485922520255
1,nonnormal,0,random_035,0.05306253360382754,0.6351518672127136,0.63312,0.22068639213203928
1,nonnormal,0,random_036,0.043259304610725545,0.6224733047258741,0.62,0.17991488932585167
1,nonnormal,0,random_037,0.033911645465497034,0.6088130331546106,0.6078,0.1410380956347991
1,nonnormal,0,random_038,0.04383658151547805,0.6232614341230758,0.62748,0.18231577651910458
1,nonnormal,0,random_039,0.014678848128525563,0.5721044333352068,0.57254,0.06104913983799629
1,nonnormal,0,random_040,0.027304999924365407,0.5978799386431712,0.59616,0.1135611421321041
1,nonnormal,0,random_041,0.03364820576832052,0.6084001569703703,0.60592,0.13994245333569025
1,nonnormal,0,random_042,0.030683494260628247,0.603628581765326,0.60482,0.12761225645459467
1,nonnormal,0,random_043,0.019668132093272117,0.5833084701565362,0.5851,0.08179950742735563
1,nonnormal,0,random_044,0.03600454278804594,0.6120334850748806,0.60878,0.14974242857646644
1,nonnormal,0,random_045,0.027473006196783396,0.5981744672552742,0.5991,0.11425987804984783
1,nonnormal,0,random_046,0.034833084690132785,0.6102437375081545,0.61236,0.14487034947273383
1,nonnormal,0,random_047,0.025996863208626986,0.5955530201437583,0.59652,0.10812061842158634
1,nonnormal,0,random_048,0.033259609845941424,0.6077879431722077,0.61076,0.13832628791194054
1,nonnormal,0,random_049,0.019363073020584917,0.5826692760682634,0.5819,0.08053077068287368
1,nonnormal,0,random_050,0.08461467684363469,0.6687009890295127,0.6681,0.3519113484753242
1,nonnormal,0,random_051,0.0395560387711127,0.6172745360510041,0.61894,0.16451305451427306
1,nonnormal,0,random_052,0.03724080893239405,0.6138884319067823,0.61586,0.15488404350854154
1,nonnormal,0,random_053,0.02020076390166125,0.5844122099696211,0.5845,0.08401471624127634
1,nonnormal,0,random_054,0.02961459003185822,0.6018480039167866,0.60552,0.1231666975684859
1,nonnormal,0,random_055,0.01464853397483701,0.5720307565308627,0.57392,0.06092306366421218
1,nonnormal,0,random_056,0.03394243854516915,0.6088611808329394,0.60876,0.14116616365556522
1,nonnormal,0,random_057,0.04686356920378033,0.6273034739887976,0.62878,0.1949049792312673
1,nonnormal,0,random_058,0.02695685614361582,0.5972665378821662,0.59814,0.11211321664308656
1,nonnormal,0,random_059,0.02284719197349141,0.589682884414045,0.5883,0.09502117642219426
1,nonnormal,0,random_060,0.02794574289530631,0.5989981180525724,0.59788,0.11622598387518124
1,nonnormal,0,random_061,0.03328735205112124,0.6078317766974471,0.60644,0.13844166738508495
1,nonnormal,0,random_062,0.021204166948505337,0.5864509120931064,0.58426,0.08818785655748508
1,nonnormal,0,random_063,0.04581327483474777,0.625917742319241,0.62566,0.1905368185115222
1,nonnormal,0,random_064,0.023522813698045313,0.5909763519603568,0.5922,0.09783107845120463
1,nonnormal,0,random_065,0.03484846446280334,0.6102674433180155,0.612,0.14493431374869203
1,nonnormal,0,random_066,0.020289149587372324,0.584593888579335,0.58444,0.08438231116694125
1,nonnormal,0,random_067,0.04374836649324694,0.6231413686843817,0.62562,0.1819488913806492
1,nonnormal,0,random_068,0.09261565504474585,0.6759819982186726,0.67452,0.3851873135077017
1,nonnormal,0,random_069,0.01847962430431299,0.58078795697895,0.57962,0.07685651887870293
1,nonnormal,0,random_070,0.029049379724959218,0.6008926046903991,0.60036,0.12081599519990566
1,nonnormal,0,random_071,0.015796275996588213,0.5747673833625454,0.57356,0.06569650791340147
1,nonnormal,0,random_072,0.049659428584868215,0.6309105527393128,0.63114,0.20653292229797934
1,nonnormal,0,random_073,0.0362876736965006,0.6124613122890439,0.61294,0.1509199663690346
1,nonnormal,0,random_074,0.029465628783515004,0.6015971584836377,0.60224,0.12254716965996593
1,nonnormal,0,random_075,0.02064219810610702,0.5853154905638945,0.58228,0.08585063539791053
1,nonnormal,0,random_076,0.02711569146136493,0.5975469107976995,0.59634,0.11277381067877479
1,nonnormal,0,random_077,0.02623705809696067,0.5959848520312199,0.59492,0.10911958586084741
1,nonnormal,0,random_078,0.0329086575281004,0.607231722817446,0.60588,0.13686668175342256
1,nonnormal,0,random_079,0.04745254656807245,0.6280730538736808,0.6318,0.19735452848467291
1,nonnormal,0,random_080,0.037987469974400404,0.6149926309176799,0.61326,0.15798939714159996
1,nonnormal,0,random_081,0.019080737919072385,0.5820729970372802,0.58242,0.07935654264110262
1,nonnormal,0,random_082,0.03871529707134791,0.6160576967304302,0.61628,0.16101642064033636
1,nonnormal,0,random_083,0.04597742339117415,0.6261354634771163,0.624,0.19121951023826636
1,nonnormal,0,random_084,0.029091409943862324,0.6009639892516394,0.6009,0.12099079833764309
1,nonnormal,0,random_085,0.022457410131922123,0.588927490575809,0.58716,0.09340007877584469
1,nonnormal,0,random_086,0.025227415417797987,0.5941552792205627,0.5928,0.10492049499438966
1,nonnormal,0,random_087,0.036587653808776335,0.6129126345363366,0.61248,0.15216757978274317
1,nonnormal,0,random_088,0.04787005679751104,0.6286153920791548,0.63014,0.1990909481381508
1,nonnormal,0,random_089,0.039177601880729024,0.6167285682066427,0.61674,0.1629391403734222
1,nonnormal,0,random_090,0.026896184282783592,0.5971592099391281,0.59594,0.11186088315726074
1,nonnormal,0,random_091,0.024632214349377173,0.5930585401951817,0.59194,0.10244506143587126
1,nonnormal,0,random_092,0.024007356631926095,0.5918920000188195,0.58754,0.09984628625695306
1,nonnormal,0,random_093,0.025707733049239272,0.5950304002189253,0.59716,0.10691812982184806
1,nonnormal,0,random_094,0.012725708310359907,0.5671852202584075,0.57004,0.05292605655255522
1,nonnormal,0,random_095,0.025565118383763255,0.5947714705965377,0.59524,0.10632499726952771
1,nonnormal,0,random_096,0.033954378094292526,0.6088798430394954,0.60978,0.14121582008620978
1,nonnormal,0,random_097,0.014878316619722224,0.5725872822201368,0.573,0.06187872671741054
1,nonnormal,0,random_098,0.03842444633613824,0.6156333960789294,0.61682,0.15980677618797
1,nonnormal,0,random_099,0.026942667710108517,0.5972414501637586,0.60148,0.11205420713132613
1,nonnormal,0,random_100,0.04117531284546709,0.6195790900544514,0.61776,0.17124759448196972
1,nonnormal,0,random_101,0.033800252289292704,0.6086386633853453,0.61014,0.14057481285323803
1,nonnormal,0,random_102,0.03502105133499986,0.6105330763616408,0.6116,0.14565210032177142
1,nonnormal,0,random_103,0.041762704620675356,0.6204028094301814,0.61748,0.17369054929084812
1,nonnormal,0,random_104,0.03878556386152106,0.6161599437107286,0.616,0.16130865931340446
1,nonnormal,0,random_105,0.044879717881873546,0.6246712460239267,0.62658,0.18665416719830386
1,nonnormal,0,random_106,0.04440443212436912,0.6240311512122272,0.62594,0.18467745986957912
1,nonnormal,0,random_107,0.03260389376334264,0.6067461162722809,0.6074,0.13559917319080622
1,nonnormal,0,random_108,0.027199439782457063,0.597694390915508,0.59882,0.11312211886486577
1,nonnormal,0,random_109,0.035071459026291635,0.6106105268947869,0.6081,0.14586174525900616
1,nonnormal,0,random_110,0.03910591798280494,0.6166248275759083,0.61996,0.16264100796751524
1,nonnormal,0,random_111,0.031294249563801974,0.6046311192848598,0.6066,0.1301523798746191
1,nonnormal,0,random_112,0.034007428495766254,0.6089627212080886,0.60838,0.1414364560209693
1,nonnormal,0,random_113,0.050877220408661696,0.6324463914697471,0.62868,0.21159770276940212
1,nonnormal,0,random_114,0.02736533731832897,0.5979858253925538,0.5965,0.11381208457454164
1,nonnormal,0,random_115,0.036533627575283,0.6128314998974015,0.61288,0.15194288537521358
1,nonnormal,0,random_116,0.03380751456464197,0.6086500408317486,0.60744,0.14060501656264746
1,nonnormal,0,random_117,0.021504242491153378,0.5870507442318686,0.58622,0.0894358668648799
1,nonnormal,0,random_118,0.01834205027859584,0.5804908063911737,0.57948,0.07628435028205667
1,nonnormal,0,random_119,0.02675125381129427,0.5969023085907181,0.59786,0.11125811919763202
1,nonnormal,0,random_120,0.0360422239729077,0.612090528197858,0.611,0.1498991441377791
1,nonnormal,0,random_121,0.031717878529652715,0.6053203572654557,0.60618,0.13191424727383202
1,nonnormal,0,random_122,0.019378331890750552,0.5827013725084622,0.58218,0.08059423212687496
1,nonnormal,0,random_123,0.013452563579109029,0.5690585376852281,0.56784,0.05594903823036255
1,nonnormal,0,random_124,0.030685214619574443,0.6036314206000093,0.6018,0.12761941140523916
1,nonnormal,0,random_125,0.03881691671682291,0.6162055335512049,0.61564,0.16143905543378698
1,nonnormal,0,random_126,0.0312980189973318,0.6046372740482919,0.60228,0.1301680568999999
1,nonnormal,0,random_127,0.05599049129386856,0.6386807251353102,0.63576,0.2328637303600769
1,nonnormal,12,oracle_t0,0.11998523829796949,0.6983229733626404,0.69306,0.820060591047248
1,nonnormal,12,oracle_t12,0.1463126500747266,0.7169357525224566,0.71154,1.0
1,nonnormal,12,bottom,4.253930399319202e-32,0.5000000000000001,0.5011,-1.3085593519312567e-18
1,nonnormal,12,random_000,0.029043539454482875,0.6008826811616682,0.60148,0.1985032698105694
1,nonnormal,12,random_001,0.030754675077360426,0.6037459691607903,0.60292,0.21019833255465614
1,nonnormal,12,random_002,0.016924041241396594,0.5773577971613436,0.57468,0.11567038962627592
1,nonnormal,12,random_003,0.01716617907943885,0.5779021856982219,0.58178,0.11732532402817891
1,nonnormal,12,random_004,0.015015575042846988,0.5729176003998669,0.57174,0.1026266357364045
1,nonnormal,12,random_005,0.01605074333200955,0.5753600460621494,0.57616,0.10970167872574188
1,nonnormal,12,random_006,0.0330640014606632,0.6074783167809037,0.60902,0.2259818371396891
1,nonnormal,12,random_007,0.02033209727229523,0.5846820190587045,0.58664,0.13896335868368845
1,nonnormal,12,random_008,0.013963666669425737,0.5703447501055833,0.57038,0.09543717964437141
1,nonnormal,12,random_009,0.014759256713761989,0.572299481911472,0.56786,0.10087478222986161
1,nonnormal,12,random_010,0.016610424407377183,0.5766466610843504,0.5758,0.1135269192301124
1,nonnormal,12,random_011,0.014728702475470479,0.5722254307530213,0.5692,0.10066595381840229
1,nonnormal,12,random_012,0.00957817353409793,0.5583559320095866,0.55752,0.0654637417147871
1,nonnormal,12,random_013,0.0338518060866817,0.6087194017127291,0.60762,0.23136622888993186
1,nonnormal,12,random_014,0.026104660668207633,0.5957470827980128,0.5922,0.1784169766242026
1,nonnormal,12,random_015,0.01617718749799328,0.5756527285823768,0.57486,0.11056588401434234
1,nonnormal,12,random_016,0.014641528905826439,0.5720137199159114,0.56962,0.1000701504507542
1,nonnormal,12,random_017,0.023726457070595522,0.5913623788370734,0.59226,0.16216271838749188
1,nonnormal,12,random_018,0.02726276958966619,0.5978057542774748,0.59804,0.1863322793739448
1,nonnormal,12,random_019,0.021486750195321144,0.5870158990997228,0.5865,0.14685504079344583
1,nonnormal,12,random_020,0.02155328218344068,0.5871483534999226,0.58584,0.14730976557688433
1,nonnormal,12,random_021,0.014337166828336544,0.5712693919337654,0.5689,0.09798993334488908
1,nonnormal,12,random_022,0.015991234624037207,0.5752218868570409,0.5727,0.10929495580778538
1,nonnormal,12,random_023,0.008309135274988944,0.5543785591283448,0.55678,0.05679027254817135
1,nonnormal,12,random_024,0.02257835896891341,0.5891626204544902,0.58496,0.1543158363776606
1,nonnormal,12,random_025,0.014747607302421147,0.5722712577831693,0.57192,0.10079516224256115
1,nonnormal,12,random_026,0.029777936308177717,0.6021223009163937,0.60584,0.2035226365797433
1,nonnormal,12,random_027,0.028746293351893434,0.6003762029559617,0.60564,0.19647168810907173
1,nonnormal,12,random_028,0.022112819329709932,0.5882539204155959,0.58776,0.1511340223720656
1,nonnormal,12,random_029,0.013565068761565699,0.5693437944927714,0.56976,0.09271289088563144
1,nonnormal,12,random_030,0.0233561118119603,0.5906590398522544,0.59174,0.1596315274177016
1,nonnormal,12,random_031,0.016034467494710308,0.5753222854422234,0.57654,0.1095904386020005
1,nonnormal,12,random_032,0.016000962918412836,0.5752444908729847,0.57244,0.10936144557726642
1,nonnormal,12,random_033,0.0222681770013632,0.588558274639014,0.58884,0.15219584219129462
1,nonnormal,12,random_034,0.02618113777619266,0.5958845037968078,0.59628,0.17893967310974893
1,nonnormal,12,random_035,0.029930732592040658,0.6023781562807193,0.59972,0.20456695013557652
1,nonnormal,12,random_036,0.02429287424564529,0.5924269920361467,0.5892,0.16603399797104443
1,nonnormal,12,random_037,0.017327676347330095,0.5782630594813225,0.57654,0.11842910601701419
1,nonnormal,12,random_038,0.024358952269522113,0.5925503333915568,0.59246,0.1664856200545968
1,nonnormal,12,random_039,0.015485851594432323,0.57403766112459,0.5697,0.10584082501768097
1,nonnormal,12,random_040,0.01996774745703111,0.5839312387148933,0.58176,0.13647314464492946
1,nonnormal,12,random_041,0.012712000489645749,0.5671493692340824,0.56176,0.08688244306389999
1,nonnormal,12,random_042,0.011462334441368904,0.5637931884357786,0.56472,0.07834137674025261
1,nonnormal,12,random_043,0.01471842585440845,0.572200506534856,0.5748,0.10059571641202097
1,nonnormal,12,random_044,0.034538171144018755,0.609788072629994,0.60528,0.23605731374818914
1,nonnormal,12,random_045,0.024877856116365196,0.593512846022844,0.59218,0.1700321612906284
1,nonnormal,12,random_046,0.03400774829076289,0.6089632205978162,0.60738,0.23243204380068322
1,nonnormal,12,random_047,0.021202321192933995,0.5864472088275773,0.58906,0.1449110598578133
1,nonnormal,12,random_048,0.02784431496673307,0.5988220272490666,0.59906,0.1903069553624521
1,nonnormal,12,random_049,0.020961521455953428,0.5859626195069796,0.58538,0.14326527094716493
1,nonnormal,12,random_050,0.04179184290117566,0.6204435056071874,0.62026,0.2856338319334058
1,nonnormal,12,random_051,0.03130513390092117,0.6046488902429082,0.60634,0.21396054192807396
1,nonnormal,12,random_052,0.0322951018470433,0.6062516002863773,0.60982,0.22072665508108258
1,nonnormal,12,random_053,0.015661795421491636,0.574452176299092,0.57344,0.10704334460139062
1,nonnormal,12,random_054,0.015836549129156385,0.5748615084158868,0.57422,0.10823773010104153
1,nonnormal,12,random_055,0.024595530969752154,0.5929904907093213,0.59426,0.16810255953391876
1,nonnormal,12,random_056,0.028274430415123175,0.5995664359397415,0.60362,0.19324665639425243
1,nonnormal,12,random_057,0.03715699718187557,0.6137637404901937,0.61532,0.2539561491292673
1,nonnormal,12,random_058,0.01898785393584318,0.5818758254721788,0.58106,0.12977588695266934
1,nonnormal,12,random_059,0.020476093589050042,0.5849767974724372,0.5834,0.13994752728894075
1,nonnormal,12,random_060,0.016137968006772956,0.5755620737521073,0.57142,0.11029783138047715
1,nonnormal,12,random_061,0.024965005920146194,0.5936734570213239,0.59298,0.170627802226231
1,nonnormal,12,random_062,0.020065194170789086,0.5841327342520297,0.58216,0.13713916165513468
1,nonnormal,12,random_063,0.018270717021420402,0.5803362744857582,0.58348,0.1248744863283452
1,nonnormal,12,random_064,0.018696204287914846,0.581253429987772,0.57706,0.12778255522243695
1,nonnormal,12,random_065,0.02319048730864347,0.5903425959353396,0.5918,0.1584995370994876
1,nonnormal,12,random_066,0.02528627353507495,0.5942629872809286,0.59474,0.17282356325417136
1,nonnormal,12,random_067,0.035876034644841535,0.6118387018160484,0.61192,0.24520118135047442
1,nonnormal,12,random_068,0.04841990543739401,0.6293256533626967,0.62542,0.3309345119008122
1,nonnormal,12,random_069,0.010334084968317156,0.5605978104501274,0.56124,0.0706301537361206
1,nonnormal,12,random_070,0.017607662932451147,0.5788845868703614,0.57896,0.12034272445655479
1,nonnormal,12,random_071,0.008726710674474558,0.5557195033926496,0.5579,0.0596442663707994
1,nonnormal,12,random_072,0.023831758020535432,0.591561303252978,0.59184,0.1628824165809572
1,nonnormal,12,random_073,0.025108759283860627,0.593937738744968,0.59112,0.17161031032543503
1,nonnormal,12,random_074,0.013860356396625619,0.5700867478583451,0.5694,0.09473108709019133
1,nonnormal,12,random_075,0.015277906745619482,0.5735445985510185,0.5719,0.10441958872193598
1,nonnormal,12,random_076,0.019249447534230135,0.5824298530990772,0.58814,0.1315637952316414
1,nonnormal,12,random_077,0.01830285090062883,0.5804059261153056,0.58224,0.12509411107844037
1,nonnormal,12,random_078,0.01688444095703361,0.5772683816684177,0.57918,0.11539973439350719
1,nonnormal,12,random_079,0.04024435357169319,0.6182603176882562,0.62172,0.2750572390776812
1,nonnormal,12,random_080,0.04751539673578574,0.628154863516578,0.62372,0.3247524852534493
1,nonnormal,12,random_081,0.017815066999387476,0.579341686691234,0.57704,0.1217602646817534
1,nonnormal,12,random_082,0.019178818014033594,0.5822806562282954,0.58338,0.1310810651316776
1,nonnormal,12,random_083,0.026293620227298222,0.5960862368415414,0.59322,0.17970845455857176
1,nonnormal,12,random_084,0.033118477597357816,0.6075646451210404,0.60646,0.22635416404831118
1,nonnormal,12,random_085,0.01033542539606596,0.5606017100071432,0.5646,0.07063931512953477
1,nonnormal,12,random_086,0.014252954176501187,0.5710620095530344,0.56986,0.09741436690007146
1,nonnormal,12,random_087,0.025021359396064344,0.5937771549607347,0.59062,0.17101296014585973
1,nonnormal,12,random_088,0.028925652553395288,0.6006821452493171,0.60532,0.19769755068083328
1,nonnormal,12,random_089,0.018100790424476963,0.5799668862708737,0.57756,0.1237130925810742
1,nonnormal,12,random_090,0.01258096212747,0.5668056470337658,0.56724,0.08598683791896665
1,nonnormal,12,random_091,0.014234870459929518,0.5710173941224901,0.56584,0.09729077050179395
1,nonnormal,12,random_092,0.012181951457328657,0.5657475268979579,0.56568,0.08325972806252184
1,nonnormal,12,random_093,0.015823535311705564,0.5748311065142194,0.57488,0.1081487848359248
1,nonnormal,12,random_094,0.01996138048820345,0.5839180555456671,0.58378,0.1364296284566545
1,nonnormal,12,random_095,0.02183498331646729,0.5877068131419197,0.58902,0.14923510240102586
1,nonnormal,12,random_096,0.01924381826683754,0.5824179723921594,0.57852,0.13152532099588865
1,nonnormal,12,random_097,0.01731127385859335,0.5782264872249537,0.58072,0.11831700027134988
1,nonnormal,12,random_098,0.022263058892471828,0.5885482657721879,0.59052,0.1521608615598266
1,nonnormal,12,random_099,0.016152919838128273,0.5755966479707367,0.57616,0.11040002234856972
1,nonnormal,12,random_100,0.017787094340058453,0.5792801994991498,0.57858,0.12156908053387051
1,nonnormal,12,random_101,0.017820256651698604,0.5793530886341087,0.57798,0.12179573428953154
1,nonnormal,12,random_102,0.022646983504828525,0.5892957353993472,0.58988,0.15478486305361827
1,nonnormal,12,random_103,0.020265689839155693,0.5845457069833684,0.57946,0.13850948519355874
1,nonnormal,12,random_104,0.018722728918695516,0.581310243142579,0.58136,0.12796384255997834
1,nonnormal,12,random_105,0.029621011361013642,0.6018588020618035,0.6016,0.20245010493545998
1,nonnormal,12,random_106,0.017816474793479725,0.5793447798606378,0.58052,0.12176988650250181
1,nonnormal,12,random_107,0.02405110020972924,0.5919741817967734,0.59246,0.1643815500399013
1,nonnormal,12,random_108,0.021642477971201744,0.587325591985679,0.59022,0.14791939015627315
1,nonnormal,12,random_109,0.02266973087674091,0.5893398129966448,0.58676,0.15494033403921498
1,nonnormal,12,random_110,0.022512593942774883,0.5890348526480118,0.58968,0.15386635353318376
1,nonnormal,12,random_111,0.010216025065571737,0.5602533310213009,0.56054,0.06982325219558314
1,nonnormal,12,random_112,0.022487762086701713,0.5889865585137014,0.58986,0.15369663576742332
1,nonnormal,12,random_113,0.026270600315305512,0.5960449887428257,0.59118,0.17955112084900562
1,nonnormal,12,random_114,0.016119643120209873,0.5755196771251155,0.5743,0.11017258666271887
1,nonnormal,12,random_115,0.025654047575501483,0.5949330188354525,0.59534,0.17533718077281177
1,nonnormal,12,random_116,0.018962515601102233,0.5818219506938386,0.5797,0.12960270756778355
1,nonnormal,12,random_117,0.012058594342837523,0.5654168079900634,0.56624,0.08241662177999519
1,nonnormal,12,random_118,0.010769469887456966,0.5618510958463779,0.56306,0.07360586990910663
1,nonnormal,12,random_119,0.028076306030948187,0.5992242917248859,0.60258,0.19189253982214605
1,nonnormal,12,random_120,0.027317891306957047,0.5979025722946646,0.5979,0.1867090186187244
1,nonnormal,12,random_121,0.024598424839559402,0.592995860926127,0.59442,0.16812233820518038
1,nonnormal,12,random_122,0.015293331677192929,0.5735812916847474,0.5735,0.10452501317816422
1,nonnormal,12,random_123,0.014558105213101614,0.5718105056056193,0.5734,0.09949997628821786
1,nonnormal,12,random_124,0.019637888988332516,0.5832453335694571,0.58234,0.13421866788895429
1,nonnormal,12,random_125,0.03288346397660307,0.6071916715389601,0.60922,0.2247479213848455
1,nonnormal,12,random_126,0.022690190560103147,0.5893794378889908,0.58874,0.15508016940787095
1,nonnormal,12,random_127,0.022982559008949837,0.5899436379504153,0.58684,0.15707841391166047
2,normal,0,oracle_t0,0.13918467951162947,0.7121279222237352,0.70826,0.9999999999999994
2,normal,0,oracle_t12,0.07617228080062875,0.6605592457482332,0.66206,0.5472748945350999
2,normal,0,bottom,9.164799655692037e-33,0.5000000000000001,0.50074,-5.997904379145485e-17
2,normal,0,random_000,0.02032885792661788,0.5846753751792674,0.58034,0.14605672117037358
2,normal,0,random_001,0.02619703231381363,0.5959130378569997,0.59934,0.18821778665391645
2,normal,0,random_002,0.04115497253473233,0.6195504514675614,0.61942,0.29568608182406775
2,normal,0,random_003,0.026811849599439247,0.5970098092200959,0.59644,0.19263506366876385
2,normal,0,random_004,0.04301858840387147,0.6221429614569828,0.62194,0.30907560052453237
2,normal,0,random_005,0.051228965113639044,0.6328861810947815,0.634,0.3680646842266758
2,normal,0,random_006,0.026816063728938164,0.597017280550758,0.59858,0.19266534091992185
2,normal,0,random_007,0.03810343844862383,0.6151630709948726,0.61376,0.2737617285344978
2,normal,0,random_008,0.059171478889555436,0.6423986962228228,0.64272,0.4251292534291562
2,normal,0,random_009,0.03276537849149428,0.6070037259682901,0.60502,0.23540937556102634
2,normal,0,random_010,0.03452133281042948,0.6097619928981532,0.60888,0.24802537845083056
2,normal,0,random_011,0.04589574309707503,0.6260271791584682,0.6256,0.3297470903989848
2,normal,0,random_012,0.05554025199178056,0.6381449439269838,0.6392,0.3990399818906785
2,normal,0,random_013,0.044458062748330904,0.6241035667350601,0.62582,0.3194177901211909
2,normal,0,random_014,0.041341057005662596,0.619812165627971,0.6209,0.2970230426992385
2,normal,0,random_015,0.04254493513871452,0.6214899783602053,0.62214,0.3056725444782856
2,normal,0,random_016,0.027641784014089187,0.5984693871817269,0.60056,0.19859789246257945
2,normal,0,random_017,0.039927623174155824,0.6178078574565858,0.61476,0.2868679463447677
2,normal,0,random_018,0.03299677163167556,0.6073716722623758,0.60808,0.2370718655778383
2,normal,0,random_019,0.03951082092789713,0.6172094506402216,0.6167,0.28387334774583284
2,normal,0,random_020,0.043425855326499854,0.6227012781873396,0.62586,0.3120016906952133
2,normal,0,random_021,0.033030647608853166,0.6074254232107672,0.60918,0.237315254270448
2,normal,0,random_022,0.04752438677098724,0.6281665606022435,0.62774,0.34144840465014215
2,normal,0,random_023,0.05971328409349209,0.6430206028720532,0.64206,0.42902196062823683
2,normal,0,random_024,0.02976238980764217,0.6020962292837719,0.60624,0.21383380636484037
2,normal,0,random_025,0.028806675454414486,0.600479313031058,0.60166,0.20696728659713984
2,normal,0,random_026,0.03019948162711267,0.6028264872620426,0.60182,0.21697417943610212
2,normal,0,random_027,0.04829069280959819,0.6291591477564702,0.63,0.34695408272692296
2,normal,0,random_028,0.029148831416580354,0.6010614257302074,0.60288,0.20942557412825608
2,normal,0,random_029,0.028818772949921315,0.6004999571941828,0.60252,0.20705420345860243
2,normal,0,random_030,0.05120369595605526,0.632854643067407,0.6354,0.3678831329404826
2,normal,0,random_031,0.05018888153444309,0.631580827673313,0.63368,0.36059199698232286
2,normal,0,random_032,0.036606675467905726,0.6129411851414966,0.613,0.26300793734160277
2,normal,0,random_033,0.04429468855951894,0.6238828183227638,0.62354,0.31824399578272494
2,normal,0,random_034,0.034576940958561016,0.6098480944810505,0.60354,0.2484249062460351
2,normal,0,random_035,0.019463182231805553,0.5828796118183203,0.58616,0.13983710204383024
2,normal,0,random_036,0.019237270017874494,0.5824041498708332,0.58246,0.1382139908312763
2,normal,0,random_037,0.042485228717396996,0.6214073843001439,0.62056,0.30524357182463563
2,normal,0,random_038,0.034670301955653654,0.6099924835165418,0.6131,0.2490956768899035
2,normal,0,random_039,0.029003972177418492,0.6008154221858649,0.59898,0.2083848041263411
2,normal,0,random_040,0.03255407051790142,0.6066664971951687,0.60662,0.23389119141651918
2,normal,0,random_041,0.03353437974677763,0.6082212251362582,0.60556,0.24093441795780163
2,normal,0,random_042,0.035551254894585896,0.6113447377558674,0.60832,0.2554250584139573
2,normal,0,random_043,0.029250616256285788,0.6012338898625338,0.6044,0.21015686754404422
2,normal,0,random_044,0.03166097190823255,0.6052280588732605,0.60592,0.22747454690648705
2,normal,0,random_045,0.03735685072863658,0.614060822989388,0.61164,0.2683977206378898
2,normal,0,random_046,0.04636704992827842,0.6266505397531534,0.6232,0.33313328802401865
2,normal,0,random_047,0.04698198686589723,0.6274586306605568,0.62508,0.337551424702398
2,normal,0,random_048,0.031803859893959396,0.6054596446582763,0.60778,0.22850115404621124
2,normal,0,random_049,0.034288638484644,0.6094008846123188,0.6079,0.24635353980736815
2,normal,0,random_050,0.03806888199267926,0.6151123124975947,0.61426,0.27351345080690725
2,normal,0,random_051,0.029747505089288955,0.6020712606574552,0.60096,0.21372686414673545
2,normal,0,random_052,0.05029198579268383,0.63171089696264,0.63344,0.36133277002287956
2,normal,0,random_053,0.036126054212695685,0.612217317877814,0.61286,0.2595548183855765
2,normal,0,random_054,0.04502098473569547,0.6248607783531834,0.62744,0.32346221504884637
2,normal,0,random_055,0.03679691258847574,0.6132262814026264,0.6097,0.2643747337536612
2,normal,0,random_056,0.05275341868641231,0.6347730049283632,0.63176,0.37901742398310795
2,normal,0,random_057,0.03125489063911124,0.6045668299796428,0.60332,0.2245569752991365
2,normal,0,random_058,0.025630610318276317,0.5948904716308561,0.59248,0.18414821522173894
2,normal,0,random_059,0.030015502106192575,0.6025198011589694,0.60558,0.2156523419927452
2,normal,0,random_060,0.0264789464835195,0.5964176181613329,0.5956,0.19024325505097736
2,normal,0,random_061,0.04885268862471527,0.6298815574044858,0.62838,0.3509918533859425
2,normal,0,random_062,0.036303870038548035,0.6124857312296558,0.61132,0.2608323715363707
2,normal,0,random_063,0.027223702099279126,0.597737071635614,0.59758,0.1955940998305381
2,normal,0,random_064,0.041410866795963654,0.6199101818888915,0.61602,0.2975246050159104
2,normal,0,random_065,0.0405257907584147,0.6186607339332103,0.6183,0.2911656002701689
2,normal,0,random_066,0.0533133969766745,0.6354584272784716,0.63282,0.3830406993337217
2,normal,0,random_067,0.016446658348639936,0.5762725472298413,0.5757,0.11816428651736588
2,normal,0,random_068,0.03306575929667212,0.6074811036163514,0.60816,0.2375675211718205
2,normal,0,random_069,0.03352090414687778,0.6082000202007503,0.6039,0.24083759983135888
2,normal,0,random_070,0.035933172349720786,0.6119253534530981,0.61164,0.25816902029593275
2,normal,0,random_071,0.051782709448607814,0.6335751336387626,0.62716,0.3720431704861677
2,normal,0,random_072,0.04980499400168721,0.6310952296282473,0.63084,0.3578338806860261
2,normal,0,random_073,0.0695029970734555,0.6537450780762364,0.65204,0.4993580997371781
2,normal,0,random_074,0.04296694570042714,0.6220719583817906,0.61972,0.30870456325501705
2,normal,0,random_075,0.017120985563986,0.5778008830663146,0.579,0.12300912445292128
2,normal,0,random_076,0.06390314523762516,0.6477251529977479,0.6477,0.4591248509667026
2,normal,0,random_077,0.032361457077511854,0.6063580783789764,0.60466,0.2325073218623024
2,normal,0,random_078,0.03393778708738186,0.6088539093788143,0.60856,0.24383277819414167
2,normal,0,random_079,0.05546273244303887,0.638052449988337,0.63732,0.3984830272817827
2,normal,0,random_080,0.04358016699282617,0.6229120710277299,0.623,0.3131103735392431
2,normal,0,random_081,0.05187392346095221,0.6336882243767105,0.63468,0.3726985156912898
2,normal,0,random_082,0.052579324486762447,0.6345590820229392,0.63506,0.37776660959562863
2,normal,0,random_083,0.02166060083928127,0.5873615565945217,0.58886,0.1556248928781808
2,normal,0,random_084,0.02085493620921324,0.5857471951544336,0.58378,0.14983643517655054
2,normal,0,random_085,0.014735766822257985,0.5722425589297334,0.57472,0.10587204621918712
2,normal,0,random_086,0.020744011301216878,0.5855223868254877,0.58558,0.14903947312307184
2,normal,0,random_087,0.06249933168226091,0.6461690211183837,0.64382,0.4490388733986975
2,normal,0,random_088,0.04180448065650325,0.6204611513880818,0.6181,0.3003526020477728
2,normal,0,random_089,0.03682007347427903,0.6132609366130611,0.61064,0.26454113774212146
2,normal,0,random_090,0.03508094088366215,0.6106250888906993,0.60916,0.252045993903596
2,normal,0,random_091,0.03957514503671008,0.6173020249472173,0.61698,0.2843354970932945
2,normal,0,random_092,0.0349549731094318,0.6104314571949124,0.60838,0.2511409533871229
2,normal,0,random_093,0.026852618759248242,0.5970820637330257,0.59872,0.1929279778023599
2,normal,0,random_094,0.044372457985319816,0.6239879547811741,0.61978,0.3188027456830281
2,normal,0,random_095,0.015080329700186435,0.5730728933512386,0.57582,0.10834762671509691
2,normal,0,random_096,0.04793932738709877,0.6287051196439019,0.63306,0.34442962799719073
2,normal,0,random_097,0.04780201137155968,0.6285271814497078,0.633,0.34344305378499357
2,normal,0,random_098,0.03253287284006945,0.6066326028263606,0.60376,0.2337388924860165
2,normal,0,random_099,0.049999187263549884,0.6313411333542751,0.62926,0.3592291007816864
2,normal,0,random_100,0.050246872828894104,0.6316540038072999,0.63558,0.36100864696603147
2,normal,0,random_101,0.03140269909035728,0.6048080383668393,0.60304,0.22561893450157663
2,normal,0,random_102,0.03544469351045312,0.6111821357568803,0.61366,0.25465944696514925
2,normal,0,random_103,0.039874598558790386,0.6177319190549428,0.61702,0.28648698045432996
2,normal,0,random_104,0.029764019016085747,0.6020989618229226,0.60604,0.21384551173679153
2,normal,0,random_105,0.0423518449595377,0.621222639733118,0.62168,0.3042852496994757
2,normal,0,random_106,0.024387029391450328,0.592602688773954,0.59164,0.1752134608278684
2,normal,0,random_107,0.03642721574155828,0.6126715043848044,0.61512,0.26171857326089265
2,normal,0,random_108,0.04732593002376309,0.6279080597297266,0.62706,0.34002255269631726
2,normal,0,random_109,0.05058345237401164,0.6320777903974125,0.63118,0.36342686962026705
2,normal,0,random_110,0.043529720081527654,0.6228432046767763,0.62406,0.3127479276761242
2,normal,0,random_111,0.034270822118311825,0.6093731818335488,0.61086,0.24622553458154364
2,normal,0,random_112,0.03324276127753267,0.607761312332291,0.61008,0.23883922709147798
2,normal,0,random_113,0.04813982953915044,0.6289644299564967,0.62698,0.3458701755686273
2,normal,0,random_114,0.0352078220731379,0.6108197458422102,0.60864,0.2529575970334875
2,normal,0,random_115,0.061660613328316,0.6452297665219402,0.64684,0.44301293464676156
2,normal,0,random_116,0.05797221261224084,0.641010561522984,0.64274,0.41651288644449536
2,normal,0,random_117,0.040990514535529446,0.6193186146896239,0.6162,0.2945045006343854
2,normal,0,random_118,0.03804303505750914,0.6150743306901755,0.61524,0.273327748362782
2,normal,0,random_119,0.030652621588879762,0.6035776230369405,0.60276,0.22022985357607974
2,normal,0,random_120,0.04344509917375912,0.6227275880858492,0.62442,0.312139951941543
2,normal,0,random_121,0.04263695343820173,0.6216171463560481,0.62224,0.3063336682442783
2,normal,0,random_122,0.06282419909595299,0.6465308983024967,0.6443,0.45137294791632376
2,normal,0,random_123,0.04409863494073331,0.6236173222618667,0.62072,0.3168354095829107
2,normal,0,random_124,0.04308668342624175,0.6222365132566814,0.61984,0.3095648427501079
2,normal,0,random_125,0.030797001371700033,0.6038157024514691,0.60776,0.22126717882859215
2,normal,0,random_126,0.035487134778264394,0.6112469284657015,0.61074,0.2549643746911043
2,normal,0,random_127,0.04427103357632588,0.6238508190312031,0.61866,0.3180740418533408
2,normal,12,oracle_t0,0.05384783285955387,0.636108835573437,0.63644,0.7075254647901928
2,normal,12,oracle_t12,0.07610727180755493,0.6604945406484817,0.66554,0.9999999999999997
2,normal,12,bottom,1.0469044392201908e-32,0.5000000000000001,0.49662,-4.946470600112617e-17
2,normal,12,random_000,0.014282767586974911,0.5711355002906466,0.56768,0.1876662669382021
2,normal,12,random_001,0.012625968059350028,0.5669239071946224,0.57,0.1658969998461656
2,normal,12,random_002,0.022231776071621332,0.588487063465579,0.58564,0.29211106302478773
2,normal,12,random_003,0.01933610367235728,0.5826125147993867,0.58116,0.25406381299871844
2,normal,12,random_004,0.02205629771184374,0.5881429131148326,0.59112,0.2898053916269046
2,normal,12,random_005,0.014333802879914207,0.5712611199358649,0.57382,0.18833683745961483
2,normal,12,random_006,0.019419427944579893,0.5827877509285624,0.58602,0.25515863968536295
2,normal,12,random_007,0.027734153258704486,0.5986303870453261,0.59554,0.3644087168021622
2,normal,12,random_008,0.02266243968336863,0.589325687378474,0.58806,0.29776970248878354
2,normal,12,random_009,0.011518350269026655,0.5639475367761031,0.55926,0.15134362322370434
2,normal,12,random_010,0.019529832081067053,0.5830193344087211,0.58394,0.2566092781574175
2,normal,12,random_011,0.02357846532267214,0.5910820194769243,0.58872,0.30980568298772687
2,normal,12,random_012,0.019757740549726975,0.5834952429365988,0.57952,0.25960384705007483
2,normal,12,random_013,0.016027339894590768,0.5753057428617419,0.57536,0.21058881121264647
2,normal,12,random_014,0.017604276062972855,0.5788770993525213,0.57486,0.23130872576127898
2,normal,12,random_015,0.026850287161243755,0.5970779330488465,0.59774,0.3527952917447555
2,normal,12,random_016,0.012646506422596699,0.5669778029398955,0.56612,0.1661668605672095
2,normal,12,random_017,0.0097082104973528,0.5587478712635561,0.55872,0.12755956516088243
2,normal,12,random_018,0.026198475124496405,0.5959156275537904,0.59482,0.34423090596049644
2,normal,12,random_019,0.015251863444850425,0.5734826027195303,0.57666,0.2003995555564825
2,normal,12,random_020,0.022003165069997492,0.588038425478328,0.59384,0.28910726330638614
2,normal,12,random_021,0.020901649369002056,0.5858416800547499,0.5886,0.27463406416477537
2,normal,12,random_022,0.02491320525944092,0.5935780277798778,0.58894,0.3273432967409016
2,normal,12,random_023,0.037273171672167635,0.6139365390611532,0.61068,0.48974520813749134
2,normal,12,random_024,0.017779565963569183,0.5792636426568073,0.58162,0.23361192092822133
2,normal,12,random_025,0.014474793199640741,0.5716069623335742,0.57116,0.1901893584655319
2,normal,12,random_026,0.018249349264904596,0.5802899236058254,0.5768,0.23978456764354858
2,normal,12,random_027,0.020043189164662384,0.5840872781536516,0.58368,0.2633544560018344
2,normal,12,random_028,0.019488531062188594,0.5829327816706912,0.584,0.25606660965942046
2,normal,12,random_029,0.01389897859441467,0.570183316815866,0.56972,0.18262352945142565
2,normal,12,random_030,0.029022939897906466,0.6008476708190534,0.59728,0.38134253414435804
2,normal,12,random_031,0.024813861054041784,0.5933947183460424,0.5867,0.3260379785624976
2,normal,12,random_032,0.01460418165792279,0.5719228187445431,0.57124,0.19188943856575183
2,normal,12,random_033,0.019039445809404865,0.5819854052137436,0.57752,0.25016592182607805
2,normal,12,random_034,0.013417085127228952,0.5689683273936713,0.56396,0.17629176304145322
2,normal,12,random_035,0.0197116663113825,0.5833992648116966,0.58374,0.25899846155601874
2,normal,12,random_036,0.013197120155015576,0.5684062640196045,0.5707,0.17340156652029057
2,normal,12,random_037,0.011340712215423855,0.5634567281287809,0.55908,0.14900957485508096
2,normal,12,random_038,0.024429750570479927,0.5926822899625842,0.59424,0.3209910168932747
2,normal,12,random_039,0.019022502858373706,0.5819494359369308,0.57788,0.24994330248066254
2,normal,12,random_040,0.014252498639308489,0.5710608860284484,0.56976,0.1872685526732241
2,normal,12,random_041,0.02080229051879611,0.5856405778755227,0.5854,0.2733285535631449
2,normal,12,random_042,0.02850174298045515,0.5999574188107384,0.59576,0.3744943459873944
2,normal,12,random_043,0.01694379893598338,0.577402368457775,0.57786,0.2226304863328633
2,normal,12,random_044,0.022202871703851997,0.5884304742094123,0.59048,0.2917312784512133
2,normal,12,random_045,0.020492778309148696,0.5850108829942314,0.58036,0.26926176464407753
2,normal,12,random_046,0.014494923945907906,0.5716561999556318,0.5678,0.19045386336485431
2,normal,12,random_047,0.028478125472482366,0.5999168735556215,0.59754,0.37418402730940376
2,normal,12,random_048,0.01932826296650127,0.5825960050417582,0.58158,0.25396079122865883
2,normal,12,random_049,0.02253315097347442,0.5890748117373786,0.59332,0.2960709330174362
2,normal,12,random_050,0.028816948661442028,0.6004968443734713,0.59862,0.37863594341298457
2,normal,12,random_051,0.024837100884787897,0.593437635034267,0.59172,0.3263433348076259
2,normal,12,random_052,0.023030416138757392,0.5900356304330411,0.59564,0.3026046735322765
2,normal,12,random_053,0.026078524207452346,0.5957000695816475,0.5961,0.3426548290075955
2,normal,12,random_054,0.018492256259287725,0.5808151833179243,0.57952,0.24297620739904185
2,normal,12,random_055,0.01425591315908257,0.5710693070564197,0.57162,0.18731341723994663
2,normal,12,random_056,0.01958729324741953,0.5831395944839625,0.58094,0.2573642804717532
2,normal,12,random_057,0.023104576867156792,0.5901779861399356,0.59186,0.3035790972192392
2,normal,12,random_058,0.023965396218116494,0.5918130941115887,0.59146,0.31488970303278574
2,normal,12,random_059,0.014972683948790033,0.572814549429107,0.57012,0.19673131874507327
2,normal,12,random_060,0.02554830836113308,0.594740900233215,0.59442,0.3356881379973071
2,normal,12,random_061,0.022104613127964082,0.5882378128520638,0.58458,0.29044022473776043
2,normal,12,random_062,0.03083882737438684,0.6038845611861333,0.6011,0.40520211330614986
2,normal,12,random_063,0.009788874714879315,0.558989651275618,0.55678,0.12861944046071563
2,normal,12,random_064,0.023672069572571716,0.5912594530862173,0.592,0.311035581888009
2,normal,12,random_065,0.02673412251772147,0.596871893229033,0.5971,0.351268963960782
2,normal,12,random_066,0.027991223294862703,0.5990769670733472,0.60382,0.3677864497053761
2,normal,12,random_067,0.017628028304504575,0.5789295938165957,0.5776,0.23162081475051216
2,normal,12,random_068,0.016159669001355164,0.5756122491246211,0.57614,0.21232752951934136
2,normal,12,random_069,0.023636190523950634,0.5911914855034544,0.58994,0.31056415454908387
2,normal,12,random_070,0.022856510632687458,0.5897008606631929,0.5908,0.30031966840806595
2,normal,12,random_071,0.027553502888325487,0.598315245659111,0.5955,0.3620350885523441
2,normal,12,random_072,0.021474653608862183,0.5869917936707588,0.58284,0.2821629668077321
2,normal,12,random_073,0.029700791402744252,0.6019928566729021,0.60074,0.39024906158567535
2,normal,12,random_074,0.020358183800747606,0.5847355022160834,0.57968,0.26749328043482307
2,normal,12,random_075,0.01359874283962063,0.5694289378766547,0.569,0.17867862710946258
2,normal,12,random_076,0.02740339587696655,0.5980525510488093,0.59694,0.36006278015402843
2,normal,12,random_077,0.02711265445544216,0.5975415581173431,0.5992,0.35624262716970445
2,normal,12,random_078,0.014694134292309327,0.572141555669991,0.57038,0.1930713576156685
2,normal,12,random_079,0.01821488982913722,0.5802151147368568,0.5832,0.2393317930932466
2,normal,12,random_080,0.024689841131837788,0.5931653328235116,0.59374,0.32440843753102305
2,normal,12,random_081,0.02894861126369012,0.6007212341037412,0.6,0.38036590428427997
2,normal,12,random_082,0.019323731100044476,0.5825864609378509,0.5837,0.2539012454540023
2,normal,12,random_083,0.019365652037874867,0.5826747018574482,0.58276,0.25445205928341386
2,normal,12,random_084,0.023711721492343227,0.5913345047399143,0.59184,0.31155658229742805
2,normal,12,random_085,0.013394712353767808,0.5689113774427361,0.57154,0.17599779936453
2,normal,12,random_086,0.01658655209177908,0.5765922456717149,0.5737,0.21793649539455143
2,normal,12,random_087,0.03536963756002416,0.6110674494248846,0.61426,0.46473400924763025
2,normal,12,random_088,0.018290143351576457,0.5803783895462074,0.5848,0.24032057538240179
2,normal,12,random_089,0.015089704798191925,0.5730953478822242,0.57226,0.19826889651685045
2,normal,12,random_090,0.017322419780133578,0.5782513409918936,0.57512,0.2276053177143847
2,normal,12,random_091,0.025523807575556383,0.5946963245525273,0.59542,0.33536621362668145
2,normal,12,random_092,0.017618723356586784,0.5789090334773377,0.57348,0.2314985537930925
2,normal,12,random_093,0.01580812902853261,0.5747950987733224,0.57358,0.20770852315538368
2,normal,12,random_094,0.025312414327785027,0.5943107814242797,0.59396,0.33258864398385024
2,normal,12,random_095,0.021325468206015705,0.5866939179078168,0.58574,0.2802027677452338
2,normal,12,random_096,0.02503934784600986,0.5938102301412718,0.59606,0.32900072820011755
2,normal,12,random_097,0.02582309241181381,0.5952392901031773,0.59586,0.33929862151819273
2,normal,12,random_098,0.01535374940754064,0.5737248305787468,0.56906,0.20173827077081635
2,normal,12,random_099,0.02479425502880992,0.5933584956537136,0.59602,0.3257803681559462
2,normal,12,random_100,0.03172387991451106,0.6053300859018403,0.60696,0.4168311274476918
2,normal,12,random_101,0.01814741916862047,0.5800684273464515,0.57766,0.23844527254252493
2,normal,12,random_102,0.024130591192952494,0.5921233214028748,0.59384,0.31706025744779254
2,normal,12,random_103,0.025090097542342434,0.5939034755009,0.59186,0.3296675461680629
2,normal,12,random_104,0.020654239401616547,0.5853399876776536,0.58802,0.27138325827580445
2,normal,12,random_105,0.01835445173093707,0.5805176401761691,0.58492,0.24116554561761433
2,normal,12,random_106,0.01432818203677617,0.5712472959650478,0.56922,0.18826298324037216
2,normal,12,random_107,0.01675537001440119,0.5769761878902413,0.57642,0.22015465298465645
2,normal,12,random_108,0.022742634173788488,0.5894809213634661,0.58948,0.29882340588026296
2,normal,12,random_109,0.02057842092128203,0.5851856158092976,0.58428,0.27038705280773534
2,normal,12,random_110,0.01650665443272274,0.5764098279947322,0.57626,0.21688669217392928
2,normal,12,random_111,0.018564456445294766,0.5809706147333391,0.58238,0.24392487083542952
2,normal,12,random_112,0.023057675012959775,0.5900879833653827,0.58814,0.3029628373917208
2,normal,12,random_113,0.03299343697757272,0.6073663795709083,0.6023,0.43351228067930225
2,normal,12,random_114,0.025080566936955206,0.5938859719699602,0.59052,0.32954232021841473
2,normal,12,random_115,0.03392610731322954,0.6088356484497227,0.61074,0.44576696165138024
2,normal,12,random_116,0.024252413333602445,0.5923513802781711,0.5889,0.3186609210605678
2,normal,12,random_117,0.023604912553023768,0.5911321896466508,0.59324,0.3101531823754135
2,normal,12,random_118,0.020098702890423738,0.5842019037482754,0.5788,0.2640838702147327
2,normal,12,random_119,0.019583619362510962,0.5831319109512944,0.58276,0.25731600801602966
2,normal,12,random_120,0.026037411931479522,0.5956260679705658,0.59624,0.3421146404684927
2,normal,12,random_121,0.01219979604741249,0.5657952253500016,0.5611,0.16029737707930095
2,normal,12,random_122,0.030088202035896884,0.6026411084793167,0.60024,0.3953393850718756
2,normal,12,random_123,0.01920978191772829,0.5823460991919965,0.57864,0.2524040273878454
2,normal,12,random_124,0.021264948459576584,0.5865727679812576,0.58732,0.27940757767992513
2,normal,12,random_125,0.025290549681333506,0.5942708072972603,0.59578,0.3323013567650048
2,normal,12,random_126,0.018551049734386333,0.5809417768145722,0.58256,0.2437487153828686
2,normal,12,random_127,0.030872861898290502,0.6039405558598462,0.60318,0.4056493047912122
2,nonnormal,0,oracle_t0,0.2274195043647383,0.7627967478571095,0.76196,0.9999999999999997
2,nonnormal,0,oracle_t12,0.19997007508779235,0.7488165347323157,0.74872,0.879300461261571
2,nonnormal,0,bottom,1.409351964591051e-32,0.5000000000000001,0.50096,-9.151394290758015e-18
2,nonnormal,0,random_000,0.03431754084320357,0.609445808585238,0.60628,0.15089972576918753
2,nonnormal,0,random_001,0.028283349180482455,0.5995818078682057,0.59918,0.12436641817282851
2,nonnormal,0,random_002,0.06289277923490953,0.6466071546951173,0.64816,0.27654962757302143
2,nonnormal,0,random_003,0.03425629705940848,0.6093505909893585,0.60928,0.15063042703878107
2,nonnormal,0,random_004,0.04065538293583654,0.6188446017827977,0.61932,0.17876823295961858
2,nonnormal,0,random_005,0.027373561451269752,0.5980002484130703,0.59972,0.12036593575266825
2,nonnormal,0,random_006,0.029384593657491485,0.6014604142148416,0.604,0.1292087665900639
2,nonnormal,0,random_007,0.056979150812102246,0.6398487694185536,0.64078,0.2505464558603484
2,nonnormal,0,random_008,0.02855495689976372,0.600048708111512,0.59792,0.1255607208340711
2,nonnormal,0,random_009,0.03691636977155274,0.6134048965995631,0.61636,0.1623271929761389
2,nonnormal,0,random_010,0.02589135883077337,0.5953626727919281,0.59826,0.11384845333779496
2,nonnormal,0,random_011,0.017616855078608728,0.5789049046245653,0.57624,0.07746413452011833
2,nonnormal,0,random_012,0.021046971505943434,0.58613491267131,0.58694,0.09254690605687026
2,nonnormal,0,random_013,0.07113395497563721,0.6554454001622836,0.65414,0.31278739778427994
2,nonnormal,0,random_014,0.06227256587549268,0.645915785321727,0.64722,0.2738224500552034
2,nonnormal,0,random_015,0.053322106554877735,0.635469056035577,0.63532,0.2344658462950435
2,nonnormal,0,random_016,0.025956576715093112,0.5954803849772755,0.59598,0.1141352268249763
2,nonnormal,0,random_017,0.01510638146170817,0.5731352727567579,0.5725,0.06642517977473188
2,nonnormal,0,random_018,0.06493765927062303,0.6488594460150796,0.6485,0.2855412927401124
2,nonnormal,0,random_019,0.03161411366901909,0.6051519914961967,0.60494,0.1390123233155761
2,nonnormal,0,random_020,0.038100719281499655,0.6151590778328563,0.6173,0.16753496753907798
2,nonnormal,0,random_021,0.0281229070319267,0.5993048829118292,0.59942,0.12366092833806731
2,nonnormal,0,random_022,0.04848544283780673,0.6294100118184538,0.6309,0.21319826095498456
2,nonnormal,0,random_023,0.025968453207389292,0.5955018040834938,0.5945,0.11418744966456679
2,nonnormal,0,random_024,0.018211120700770664,0.5802069277721495,0.58094,0.08007721567963418
2,nonnormal,0,random_025,0.03485579198614518,0.610278735705993,0.61086,0.15326650228840097
2,nonnormal,0,random_026,0.04628871526812436,0.6265471757853622,0.62398,0.20353889785058152
2,nonnormal,0,random_027,0.02520682953190613,0.5941175765145561,0.5962,0.11083846832890414
2,nonnormal,0,random_028,0.05393574964324548,0.636215483233141,0.63342,0.23716413327830776
2,nonnormal,0,random_029,0.0751124890060853,0.6595003460774668,0.66108,0.33028164939458715
2,nonnormal,0,random_030,0.03061347620777037,0.60351296983601,0.60824,0.1346123600668484
2,nonnormal,0,random_031,0.04600694255769969,0.6261745711968656,0.6222,0.2022998980945502
2,nonnormal,0,random_032,0.08158992582004637,0.665841603996806,0.66698,0.35876397694188716
2,nonnormal,0,random_033,0.04126771897926992,0.6197090980795089,0.61718,0.1814607726568791
2,nonnormal,0,random_034,0.03197900499958665,0.6057427520403831,0.60866,0.14061680896242879
2,nonnormal,0,random_035,0.04685177159673286,0.62728800431596,0.6282,0.2060147467456942
2,nonnormal,0,random_036,0.054270783561951155,0.6366210058529707,0.63376,0.23863733110116606
2,nonnormal,0,random_037,0.04724289159198089,0.6277997196268902,0.63006,0.20773456403375207
2,nonnormal,0,random_038,0.028274508760499993,0.5995665709830572,0.5974,0.1243275454296698
2,nonnormal,0,random_039,0.03441591439555056,0.6095985615929103,0.61116,0.15133229004120013
2,nonnormal,0,random_040,0.026210667922947586,0.595937509358228,0.59472,0.11525250657881386
2,nonnormal,0,random_041,0.03462440374815788,0.6099215250859732,0.61254,0.15224905113075446
2,nonnormal,0,random_042,0.03903684122609065,0.6165247620702481,0.61586,0.17165124572377422
2,nonnormal,0,random_043,0.024396492419149565,0.5926203273088014,0.59316,0.1072752862042217
2,nonnormal,0,random_044,0.040070953069531214,0.6180128505661288,0.61824,0.1761984011945822
2,nonnormal,0,random_045,0.02728081073589454,0.5978374539044872,0.6013,0.11995809599576482
2,nonnormal,0,random_046,0.019721937511574472,0.5834206710832178,0.5843,0.08672051927412598
2,nonnormal,0,random_047,0.023067335147503906,0.5901065286438455,0.5906,0.10143076871062129
2,nonnormal,0,random_048,0.03032105426516625,0.6030285966159945,0.6015,0.13332653393060317
2,nonnormal,0,random_049,0.022269261852992536,0.5885603959970493,0.58718,0.0979215125597882
2,nonnormal,0,random_050,0.04322572612972992,0.6224272844279807,0.62018,0.19007044382791344
2,nonnormal,0,random_051,0.07624994938975443,0.6606365088747119,0.65864,0.3352832449562627
2,nonnormal,0,random_052,0.028972982746768815,0.6007627102444337,0.59916,0.12739884746341532
2,nonnormal,0,random_053,0.05561132473858118,0.638229681953836,0.63808,0.24453190544901984
2,nonnormal,0,random_054,0.02293467111313138,0.5898514854439817,0.58816,0.10084742369479646
2,nonnormal,0,random_055,0.022222269725731058,0.5884684561129567,0.58848,0.09771488064669548
2,nonnormal,0,random_056,0.03831073922165254,0.6154670428901254,0.61856,0.1684584588673154
2,nonnormal,0,random_057,0.0580216445293545,0.641068097578184,0.64186,0.2551304677733296
2,nonnormal,0,random_058,0.02218195066078182,0.5883894906538674,0.58754,0.09753759125781103
2,nonnormal,0,random_059,0.03805236292837494,0.6150880395161296,0.61636,0.16732233690627538
2,nonnormal,0,random_060,0.021440197050586123,0.586923091452592,0.5875,0.09427598178298753
2,nonnormal,0,random_061,0.041116379918696516,0.6194960928856869,0.62016,0.18079531055855927
2,nonnormal,0,random_062,0.015701346413019866,0.5745450242423449,0.57474,0.0690413359965724
2,nonnormal,0,random_063,0.0349676852154064,0.610451014698419,0.61156,0.15375851474605612
2,nonnormal,0,random_064,0.04942819462915146,0.6306165696363791,0.63068,0.21734369163815376
2,nonnormal,0,random_065,0.049039884164947804,0.6301211607775266,0.6309,0.21563622830826765
2,nonnormal,0,random_066,0.03238221150318911,0.6063913582878236,0.60522,0.14238977256433605
2,nonnormal,0,random_067,0.029997428825544223,0.6024896196945383,0.60586,0.1319035010182502
2,nonnormal,0,random_068,0.036752448737648644,0.6131597178418036,0.61194,0.16160640592508096
2,nonnormal,0,random_069,0.03546364020186518,0.6112110657833004,0.61156,0.15593930828812355
2,nonnormal,0,random_070,0.019438442501354614,0.5828276847098214,0.58378,0.08547394628993207
2,nonnormal,0,random_071,0.03549782540906912,0.6112632426561058,0.61258,0.1560896261216771
2,nonnormal,0,random_072,0.03286105234304143,0.6071560289445223,0.60574,0.1444953124615841
2,nonnormal,0,random_073,0.025445663910628125,0.5945540019734621,0.59144,0.11188866136045231
2,nonnormal,0,random_074,0.0478503910045941,0.6285899054840047,0.6322,0.2104058362903255
2,nonnormal,0,random_075,0.0340707578612513,0.6090615666529735,0.61102,0.14981458145563528
2,nonnormal,0,random_076,0.03668642830489316,0.6130608030375817,0.61248,0.16131610350383577
2,nonnormal,0,random_077,0.02954505651993264,0.6017309958950645,0.60418,0.12991434750709813
2,nonnormal,0,random_078,0.04450227028854718,0.6241632224857075,0.62174,0.1956836130342359
2,nonnormal,0,random_079,0.025634633125597675,0.5948977759615618,0.59374,0.11271958927711191
2,nonnormal,0,random_080,0.026006243902610627,0.595569924661224,0.59572,0.11435362140663832
2,nonnormal,0,random_081,0.046029450212636935,0.6262043805913734,0.62538,0.20239886785969913
2,nonnormal,0,random_082,0.019082298933535996,0.5820763064346538,0.58112,0.083907925957536
2,nonnormal,0,random_083,0.07427057299530852,0.6586528972831774,0.6568,0.3265796097954397
2,nonnormal,0,random_084,0.029071453192538288,0.6009301013523691,0.60056,0.12783183779133173
2,nonnormal,0,random_085,0.03898458678403081,0.6164490015906338,0.61526,0.17142147456933512
2,nonnormal,0,random_086,0.023316080037798996,0.5905826632159079,0.58912,0.10252453984951251
2,nonnormal,0,random_087,0.04604010959012757,0.6262184951858414,0.62306,0.2024457388504719
2,nonnormal,0,random_088,0.03823515102935279,0.6153563091526997,0.61326,0.16812608547431684
2,nonnormal,0,random_089,0.03867520057986995,0.6159993061058407,0.61298,0.17006105385685014
2,nonnormal,0,random_090,0.03684445705922106,0.6132974085746676,0.61468,0.16201098125748023
2,nonnormal,0,random_091,0.04101229983677556,0.6193493546286292,0.61756,0.18033765376165578
2,nonnormal,0,random_092,0.03876547670469076,0.6161307246673823,0.61598,0.17045801244258355
2,nonnormal,0,random_093,0.03328910240447743,0.6078345416502485,0.60936,0.14637751716795558
2,nonnormal,0,random_094,0.06227237305771549,0.6459155697731335,0.64868,0.273821602204542
2,nonnormal,0,random_095,0.02703472947444866,0.5974041074950862,0.59684,0.11887603725971543
2,nonnormal,0,random_096,0.06616304049268791,0.6501896970698435,0.649,0.29092949031572396
2,nonnormal,0,random_097,0.03593714780394694,0.611931379618502,0.6124,0.15802139708435245
2,nonnormal,0,random_098,0.030997249906610756,0.604144922653391,0.60316,0.13629987451250863
2,nonnormal,0,random_099,0.02148062132663997,0.5870036867080665,0.58818,0.09445373380195687
2,nonnormal,0,random_100,0.03376601288051561,0.6085850044766938,0.60884,0.1484745689462116
2,nonnormal,0,random_101,0.018966813754958164,0.581831092140358,0.58424,0.08340011912319951
2,nonnormal,0,random_102,0.019624648180125853,0.5832176756073418,0.58422,0.0862927224951277
2,nonnormal,0,random_103,0.03711182785910851,0.6136964763691493,0.61594,0.16318665350526873
2,nonnormal,0,random_104,0.029648432789974605,0.6019049000554649,0.59832,0.1303689095303983
2,nonnormal,0,random_105,0.029890417660721647,0.6023107172763594,0.60136,0.13143295578018233
2,nonnormal,0,random_106,0.027291056036277822,0.5978554507017138,0.59484,0.12000314622314921
2,nonnormal,0,random_107,0.04759074211624128,0.6282528588011814,0.62834,0.20926411852483257
2,nonnormal,0,random_108,0.048721981906414406,0.6297139553967885,0.63066,0.2142383611401837
2,nonnormal,0,random_109,0.05689326268343545,0.6397477529288214,0.63954,0.2501687919967906
2,nonnormal,0,random_110,0.06165688031636671,0.6452255698207088,0.64614,0.2711151820007513
2,nonnormal,0,random_111,0.048071480332143326,0.6288761009694503,0.62784,0.21137800148858665
2,nonnormal,0,random_112,0.02847764260581074,0.5999160444097554,0.59794,0.1252207574955309
2,nonnormal,0,random_113,0.06713168354227622,0.6512312566895789,0.6504,0.295188769009933
2,nonnormal,0,random_114,0.02722785054795542,0.5977443673010497,0.59948,0.11972522156361322
2,nonnormal,0,random_115,0.019135784616099515,0.5821896125123477,0.58218,0.08414311107375072
2,nonnormal,0,random_116,0.03553325677250492,0.6113172929128744,0.60938,0.15624542350385315
2,nonnormal,0,random_117,0.03661305554541411,0.6129507595360912,0.6121,0.1609934717239275
2,nonnormal,0,random_118,0.06270954564478305,0.6464033053911441,0.64494,0.275743920117813
2,nonnormal,0,random_119,0.04344447525946591,0.622726735179953,0.62136,0.1910323188014213
2,nonnormal,0,random_120,0.03134950431335522,0.6047213000292242,0.604,0.13784879358050345
2,nonnormal,0,random_121,0.0413244285900434,0.6197888052059224,0.62042,0.18171013390200136
2,nonnormal,0,random_122,0.024933819374772362,0.5936160164644984,0.59278,0.10963799892371225
2,nonnormal,0,random_123,0.0306517041116803,0.6035761082206252,0.59996,0.13478045428557744
2,nonnormal,0,random_124,0.07193327448678952,0.656270465919187,0.65662,0.3163021337493639
2,nonnormal,0,random_125,0.039821192923871776,0.6176553793462302,0.61536,0.17510016581518015
2,nonnormal,0,random_126,0.01832128305319476,0.5804458499071354,0.58174,0.08056161719449899
2,nonnormal,0,random_127,0.04417103884615072,0.6237154471426372,0.62234,0.19422713530897792
2,nonnormal,12,oracle_t0,0.10924955084134094,0.6899800492127612,0.68742,0.8033941806200127
2,nonnormal,12,oracle_t12,0.13598499152312576,0.7099169596608446,0.70744,1.0000000000000009
2,nonnormal,12,bottom,3.323260472912697e-32,0.5000000000000001,0.50038,-6.007121050752879e-18
2,nonnormal,12,random_000,0.01961897554603173,0.5832058233875281,0.58482,0.14427309459879112
2,nonnormal,12,random_001,0.021414070016596246,0.5868709587156621,0.5919,0.15747377542730187
2,nonnormal,12,random_002,0.043534368526875235,0.6228495522188022,0.62128,0.3201409805542529
2,nonnormal,12,random_003,0.024356837748387664,0.5925463891575733,0.59208,0.17911416161132396
2,nonnormal,12,random_004,0.01674617793691492,0.5769553341741811,0.57546,0.12314725139404119
2,nonnormal,12,random_005,0.013593259570150815,0.5694150810886797,0.57402,0.09996146940847613
2,nonnormal,12,random_006,0.01774025778767404,0.5791771345666231,0.57924,0.13045746879101075
2,nonnormal,12,random_007,0.02901112100524096,0.6008275778340935,0.60082,0.2133406097268263
2,nonnormal,12,random_008,0.02331597953084588,0.5905824713718465,0.58712,0.17145994767283376
2,nonnormal,12,random_009,0.02276541242663548,0.589524961176182,0.58938,0.16741121333793643
2,nonnormal,12,random_010,0.019036782739022498,0.5819797527167121,0.58598,0.13999179266621561
2,nonnormal,12,random_011,0.0108168859374074,0.5619860073412278,0.5616,0.07954470428133881
2,nonnormal,12,random_012,0.01747003530474349,0.5785797214887235,0.57746,0.1284703194747232
2,nonnormal,12,random_013,0.030639552169667624,0.6035560422637021,0.60754,0.2253156898160856
2,nonnormal,12,random_014,0.03266624879878979,0.6068456695913048,0.60946,0.24021951564584645
2,nonnormal,12,random_015,0.030034014480321256,0.602550705832352,0.6041,0.22086271539174712
2,nonnormal,12,random_016,0.015199610644779052,0.5733580500936709,0.5767,0.11177417797753211
2,nonnormal,12,random_017,0.02296961929693287,0.5899187475316517,0.58796,0.16891290016388782
2,nonnormal,12,random_018,0.024398606522100748,0.5926242673809266,0.5886,0.17942131884423065
2,nonnormal,12,random_019,0.013601630669597293,0.5694362345636569,0.56998,0.10002302840372049
2,nonnormal,12,random_020,0.02385984970660362,0.5916142930868247,0.59176,0.17545943445197026
2,nonnormal,12,random_021,0.02147170840294725,0.5869859235449862,0.58508,0.1578976338671593
2,nonnormal,12,random_022,0.021069000153069638,0.5861792696766565,0.58546,0.15493621698308244
2,nonnormal,12,random_023,0.015367779998623949,0.5737581222737805,0.57744,0.11301085381919147
2,nonnormal,12,random_024,0.008881890672808479,0.5562094652758082,0.55268,0.06531522760949703
2,nonnormal,12,random_025,0.011743585825253882,0.5645643062268733,0.56916,0.0863594260934065
2,nonnormal,12,random_026,0.01875249292677755,0.5813739448134223,0.57814,0.13790119568885278
2,nonnormal,12,random_027,0.017076689425572313,0.5777014570988244,0.57392,0.12557775114960568
2,nonnormal,12,random_028,0.03531022931133779,0.6109765797810927,0.60956,0.25966269450649565
2,nonnormal,12,random_029,0.04003065343196763,0.6179552537077315,0.61866,0.2943755261782694
2,nonnormal,12,random_030,0.02105810638543683,0.5861573369632069,0.5891,0.1548561069098251
2,nonnormal,12,random_031,0.02536873365320598,0.5944136634931216,0.59038,0.1865553938641218
2,nonnormal,12,random_032,0.028638293576689726,0.6001914917551491,0.59218,0.21059892901357036
2,nonnormal,12,random_033,0.01638293745346228,0.5761264588495588,0.57726,0.12047607070428931
2,nonnormal,12,random_034,0.025482323095901004,0.5946207978539518,0.59594,0.18739070253622403
2,nonnormal,12,random_035,0.028186235327203095,0.599414288358376,0.60286,0.2072746044361059
2,nonnormal,12,random_036,0.03940244792974816,0.6170532960576236,0.61572,0.28975585826357436
2,nonnormal,12,random_037,0.035003169720534216,0.6105055871267395,0.61122,0.25740465420833986
2,nonnormal,12,random_038,0.01798021285331756,0.5797036777604727,0.58464,0.1322220390053841
2,nonnormal,12,random_039,0.01560834924393949,0.5743265156813209,0.5752,0.11477994055899265
2,nonnormal,12,random_040,0.020691742423943758,0.585416236923092,0.58748,0.15216195693496734
2,nonnormal,12,random_041,0.007050657641145446,0.5501151551378867,0.55154,0.05184879273935462
2,nonnormal,12,random_042,0.014483914262679837,0.5716292758420227,0.57192,0.10651112376777765
2,nonnormal,12,random_043,0.010062901191573494,0.5598034932196798,0.55442,0.07400008691298988
2,nonnormal,12,random_044,0.024616828544877366,0.5930300052814188,0.58926,0.18102606963571413
2,nonnormal,12,random_045,0.022859676026410262,0.5897069660197019,0.58742,0.1681044045402814
2,nonnormal,12,random_046,0.012013246775998816,0.5652947952070732,0.56384,0.08834244604086208
2,nonnormal,12,random_047,0.010578665544610491,0.5613051068817528,0.56126,0.07779289042211304
2,nonnormal,12,random_048,0.012190684318676618,0.5657708742505927,0.56612,0.08964727785127273
2,nonnormal,12,random_049,0.010966460850654986,0.5624096151116947,0.5667,0.0806446412050555
2,nonnormal,12,random_050,0.02817544702777082,0.599395659822813,0.59844,0.20719526994991416
2,nonnormal,12,random_051,0.048716995345912756,0.6297075563154464,0.63154,0.3582527365722408
2,nonnormal,12,random_052,0.015222998677089726,0.5734138264135251,0.57792,0.11194616778352993
2,nonnormal,12,random_053,0.025247372510367645,0.5941918147863868,0.59634,0.18566293403102543
2,nonnormal,12,random_054,0.014364165070196097,0.5713357447510521,0.5733,0.10563051781897057
2,nonnormal,12,random_055,0.009284167730825224,0.557459639191968,0.5615,0.06827347361525808
2,nonnormal,12,random_056,0.032176925888383244,0.6060616761874948,0.61062,0.23662115596713626
2,nonnormal,12,random_057,0.02940433952525623,0.6014937532618636,0.60742,0.21623224148420603
2,nonnormal,12,random_058,0.021875267051220934,0.5877863642896911,0.58582,0.16086530437074603
2,nonnormal,12,random_059,0.02464501592559492,0.5930822751640245,0.5882,0.18123335266306775
2,nonnormal,12,random_060,0.01563698210525169,0.5743938638225481,0.5688,0.11499049954047649
2,nonnormal,12,random_061,0.01986757727802834,0.5837235755098777,0.58386,0.14610125025929532
2,nonnormal,12,random_062,0.01011768220345497,0.5599648250262359,0.56144,0.07440293292759698
2,nonnormal,12,random_063,0.015762350927520423,0.5746879983340947,0.57532,0.11591243085704692
2,nonnormal,12,random_064,0.03988693581112338,0.6177495925738621,0.61796,0.29331866233443993
2,nonnormal,12,random_065,0.023277179287166196,0.5905083783224825,0.59876,0.17117462027570635
2,nonnormal,12,random_066,0.012717767870015058,0.5671644554899122,0.56434,0.09352331994558577
2,nonnormal,12,random_067,0.015669565577743804,0.5744704267035685,0.57564,0.1152301103396328
2,nonnormal,12,random_068,0.023555145026799264,0.5910377564873583,0.58898,0.1732187115869582
2,nonnormal,12,random_069,0.01169805573062135,0.5644401225529144,0.56296,0.08602460903659333
2,nonnormal,12,random_070,0.02296695452652248,0.5899136207484916,0.59276,0.16889330410125958
2,nonnormal,12,random_071,0.02988464017679258,0.6023010486988385,0.60282,0.2197642537022946
2,nonnormal,12,random_072,0.023835792712688965,0.5915689159855841,0.59346,0.1752825252677641
2,nonnormal,12,random_073,0.015957449358994385,0.5751433302951097,0.57622,0.11734713647631213
2,nonnormal,12,random_074,0.018983075219691024,0.5818656677575457,0.58486,0.13959684085035773
2,nonnormal,12,random_075,0.02607012240258902,0.5956849514552646,0.59436,0.1917132332810089
2,nonnormal,12,random_076,0.04256904904898638,0.6215233180044952,0.61842,0.3130422598272329
2,nonnormal,12,random_077,0.020043464797067166,0.5840878476932216,0.58406,0.14739468357916952
2,nonnormal,12,random_078,0.028833027875875487,0.6005242770536936,0.60424,0.21203095689403434
2,nonnormal,12,random_079,0.012577821788624785,0.5667973871875583,0.5683,0.09249419107023872
2,nonnormal,12,random_080,0.01011828841410944,0.559966607833577,0.55528,0.07440739085084044
2,nonnormal,12,random_081,0.027629593350617175,0.5984481174874181,0.5965,0.20318119699201115
2,nonnormal,12,random_082,0.01460953395006007,0.5719358532963582,0.57402,0.10743489988434174
2,nonnormal,12,random_083,0.03558130089390235,0.6113905373643764,0.61062,0.26165608789151834
2,nonnormal,12,random_084,0.015700435402204387,0.5745428869617011,0.57306,0.11545711939493228
2,nonnormal,12,random_085,0.019523223854522563,0.5830054922621432,0.57998,0.14356896033782102
2,nonnormal,12,random_086,0.012443045437945291,0.566441888434249,0.56114,0.09150307911611862
2,nonnormal,12,random_087,0.02469327750600031,0.5931716968749592,0.59558,0.18158825639078674
2,nonnormal,12,random_088,0.012429335027837652,0.5664056138850939,0.56176,0.09140225615062754
2,nonnormal,12,random_089,0.02662337046226209,0.5966750112703633,0.59878,0.1957816826994066
2,nonnormal,12,random_090,0.02457828498266954,0.5929584800417371,0.59096,0.18074262981065622
2,nonnormal,12,random_091,0.02093379475518219,0.5859066350878016,0.58586,0.15394194992189394
2,nonnormal,12,random_092,0.022768458144574823,0.5895308480567578,0.58772,0.16743361079448832
2,nonnormal,12,random_093,0.02521851793549618,0.5941389856257895,0.59502,0.1854507446228542
2,nonnormal,12,random_094,0.04363053705201815,0.6229807888126986,0.62482,0.320848180106687
2,nonnormal,12,random_095,0.013875736733901932,0.5701252206669318,0.57276,0.10203873661706422
2,nonnormal,12,random_096,0.02256035646206149,0.5891276647743195,0.5894,0.16590328248264702
2,nonnormal,12,random_097,0.0240659138755166,0.5920019946153929,0.59264,0.17697477939265038
2,nonnormal,12,random_098,0.013879299498117715,0.5701341295285806,0.57076,0.10206493630407287
2,nonnormal,12,random_099,0.009265995456658075,0.5574037677137663,0.55868,0.06813983920484555
2,nonnormal,12,random_100,0.01818822685313582,0.5801571808383714,0.58018,0.1337517225203689
2,nonnormal,12,random_101,0.013692950862427933,0.5696665630938013,0.56726,0.10069457451927188
2,nonnormal,12,random_102,0.017412876725363215,0.5784527401306698,0.58348,0.12804998941667745
2,nonnormal,12,random_103,0.011911120256819882,0.5650191432140558,0.56622,0.08759143287363635
2,nonnormal,12,random_104,0.011359012144895755,0.5635074715981266,0.56326,0.08353136634908734
2,nonnormal,12,random_105,0.01902842888534338,0.5819620185782708,0.58314,0.13993036049207966
2,nonnormal,12,random_106,0.019640690726046378,0.5832511847099484,0.58098,0.1444327826626828
2,nonnormal,12,random_107,0.02507487781137797,0.5938755218735059,0.59212,0.18439445067078383
2,nonnormal,12,random_108,0.02341577280642293,0.5907727393478324,0.59296,0.17219380274359783
2,nonnormal,12,random_109,0.029731332268254626,0.6020441237250402,0.59892,0.21863686525434312
2,nonnormal,12,random_110,0.03160702341373696,0.6051404762635644,0.6064,0.2324302340994877
2,nonnormal,12,random_111,0.022195380965036947,0.5884158024577949,0.59106,0.16321934293213813
2,nonnormal,12,random_112,0.016003841607164056,0.5752511782371607,0.57188,0.1176882935970359
2,nonnormal,12,random_113,0.033947645476481235,0.6088693200023948,0.60158,0.24964258993764082
2,nonnormal,12,random_114,0.019522361615371582,0.5830036859632127,0.58234,0.14356261964432745
2,nonnormal,12,random_115,0.010897749818648423,0.5622153900715973,0.56146,0.08013935726719622
2,nonnormal,12,random_116,0.022519833835453418,0.5890489278545206,0.59242,0.16560528910739153
2,nonnormal,12,random_117,0.019246770051745347,0.5824242024326605,0.5794,0.141535987436321
2,nonnormal,12,random_118,0.029272227736967003,0.6012704671556744,0.6014,0.21526072406298555
2,nonnormal,12,random_119,0.021133236765327773,0.5863084783711318,0.58498,0.15540859714458885
2,nonnormal,12,random_120,0.011653216811706363,0.5643175814203277,0.56698,0.08569487471508651
2,nonnormal,12,random_121,0.02919589234856244,0.6011412055449088,0.60122,0.21469937249359886
2,nonnormal,12,random_122,0.01129910266380179,0.5633411934346831,0.5631,0.08309080684010821
2,nonnormal,12,random_123,0.022131272367164494,0.5882901295497918,0.58904,0.16274790415676735
2,nonnormal,12,random_124,0.0341240467403956,0.6091446641514067,0.61004,0.2509398012102861
2,nonnormal,12,random_125,0.018671611102890274,0.5812007162676653,0.5767,0.13730641075721184
2,nonnormal,12,random_126,0.012405340918810966,0.5663420815410867,0.56836,0.09122580940633658
2,nonnormal,12,random_127,0.0210624767537322,0.5861661366560372,0.59116,0.15488824551752314
3,normal,0,oracle_t0,0.13796628506993386,0.7112899840962266,0.7127,0.9999999999999996
3,normal,0,oracle_t12,0.08922026209630782,0.6729401503033186,0.67354,0.6466816298712604
3,normal,0,bottom,1.8344648102318883e-32,0.5000000000000001,0.4997,2.702085762627226e-18
3,normal,0,random_000,0.02084496928952958,0.5857270211154081,0.58538,0.1510874144285573
3,normal,0,random_001,0.04421048211953889,0.6237688651611122,0.62002,0.3204441005070841
3,normal,0,random_002,0.04545917817302224,0.6254466107918544,0.62716,0.32949483382827455
3,normal,0,random_003,0.05068422439752686,0.6322043666386561,0.63116,0.3673667401556509
3,normal,0,random_004,0.028243889617803886,0.5995137778384705,0.60142,0.2047158811552207
3,normal,0,random_005,0.041750824258809285,0.6203862121851476,0.62052,0.3026161372515478
3,normal,0,random_006,0.019318214842210666,0.5825748421311869,0.58408,0.1400212728234179
3,normal,0,random_007,0.04913206170905425,0.630238958074187,0.63004,0.3561164358680068
3,normal,0,random_008,0.04041160882164379,0.6184984644047501,0.61866,0.29290930607546256
3,normal,0,random_009,0.05011472935079543,0.6314871903941017,0.63062,0.36323895599126044
3,normal,0,random_010,0.04428066193128327,0.6238638449278753,0.62256,0.3209527741421594
3,normal,0,random_011,0.021076460045493982,0.5861942854516418,0.58774,0.15276529359916097
3,normal,0,random_012,0.057297935195388866,0.6402229553232544,0.64108,0.4153038922976366
3,normal,0,random_013,0.03523940408307968,0.6108681390663384,0.61218,0.2554204026383484
3,normal,0,random_014,0.0419658445112432,0.6206862036562164,0.62208,0.3041746357812787
3,normal,0,random_015,0.0318524606506107,0.6055382872796554,0.60312,0.23087133667812373
3,normal,0,random_016,0.03189327153990714,0.6056042751885031,0.60334,0.23116714002802005
3,normal,0,random_017,0.028412719976272247,0.599804495490191,0.5994,0.20593958851519484
3,normal,0,random_018,0.054245557041893586,0.6365905208263954,0.63736,0.39317980486607296
3,normal,0,random_019,0.046309654375742956,0.6265748147591093,0.6265,0.33565921088814554
3,normal,0,random_020,0.052325685349210165,0.634246706129283,0.63312,0.3792642914367574
3,normal,0,random_021,0.027636794039589394,0.5984606815120862,0.59956,0.2003155627882605
3,normal,0,random_022,0.04141482454062596,0.6199157360442384,0.61922,0.3001807616957515
3,normal,0,random_023,0.05594395834618891,0.6386254639140659,0.63874,0.4054900682281284
3,normal,0,random_024,0.04607544761594082,0.6262652750717776,0.62514,0.3339616457208047
3,normal,0,random_025,0.0384318884239116,0.6156442745033085,0.61722,0.27856000039742174
3,normal,0,random_026,0.053266824096560306,0.6354015754319638,0.63484,0.38608580400320147
3,normal,0,random_027,0.048340215189388684,0.6292229923008035,0.6325,0.3503770154055061
3,normal,0,random_028,0.0354295306740924,0.6111589773484684,0.61128,0.25679846823543506
3,normal,0,random_029,0.038412876534083235,0.6156164817214356,0.61706,0.27842219941351687
3,normal,0,random_030,0.052019729938723114,0.6338687706401496,0.63208,0.3770466814581168
3,normal,0,random_031,0.04155644925031468,0.6201142964004673,0.62004,0.3012072784974248
3,normal,0,random_032,0.03664236547902118,0.6129947324932222,0.61404,0.2655892739334648
3,normal,0,random_033,0.036145354422741874,0.6122464860945072,0.61396,0.2619868644315538
3,normal,0,random_034,0.038394941275725,0.6155902559771336,0.6135,0.2782922020134334
3,normal,0,random_035,0.03561748328672605,0.6114456630673164,0.60844,0.2581607765163196
3,normal,0,random_036,0.035762726487760944,0.6116666445833043,0.61434,0.25921352067741144
3,normal,0,random_037,0.02255900481163606,0.5891250396673614,0.58734,0.16351099690914414
3,normal,0,random_038,0.03205877998613493,0.6058714261502033,0.60646,0.23236676967771228
3,normal,0,random_039,0.04210930381818887,0.6208858873632561,0.62138,0.3052144500146833
3,normal,0,random_040,0.031901390816208776,0.6056173980044567,0.60594,0.23122598974117653
3,normal,0,random_041,0.05379821332900559,0.636048601390028,0.63676,0.3899373916006781
3,normal,0,random_042,0.05022939556264222,0.6316319551234622,0.6335,0.3640700736211125
3,normal,0,random_043,0.029422041038324097,0.6015236304638802,0.60016,0.21325529656328954
3,normal,0,random_044,0.0354465003869394,0.6111848950675008,0.60968,0.2569214672191244
3,normal,0,random_045,0.03315232824226182,0.6076182498155369,0.60872,0.24029296886161133
3,normal,0,random_046,0.04528389555944692,0.6252126457577991,0.62594,0.3282243595708394
3,normal,0,random_047,0.033716491788016306,0.6085073447900821,0.6056,0.2443821095199143
3,normal,0,random_048,0.0380926423420526,0.6151472157415755,0.61476,0.2761010947184942
3,normal,0,random_049,0.025255983518006626,0.5942075742955254,0.59262,0.18305909668586484
3,normal,0,random_050,0.0409878483198137,0.6193148519389399,0.61834,0.2970859750194573
3,normal,0,random_051,0.0426953337812877,0.621697749210899,0.61892,0.3094620816936966
3,normal,0,random_052,0.05898354430306267,0.6421822236253782,0.6429,0.42752143593026687
3,normal,0,random_053,0.03292958340312692,0.6072649770695017,0.60306,0.23867848138721143
3,normal,0,random_054,0.030741513221777927,0.6037242743229467,0.60222,0.22281902572208362
3,normal,0,random_055,0.04926499302844203,0.6304086203231429,0.62814,0.3570799416935089
3,normal,0,random_056,0.03093883966710273,0.6040490106270808,0.6014,0.22424927692602653
3,normal,0,random_057,0.03410434972794017,0.6091139572107225,0.61046,0.24719336112190723
3,normal,0,random_058,0.05757353959555442,0.6405455110003329,0.64192,0.41730151367322005
3,normal,0,random_059,0.025664856890273216,0.5949526347732981,0.59446,0.18602267124365865
3,normal,0,random_060,0.0439299197430606,0.6233883281016218,0.61956,0.31841054298731686
3,normal,0,random_061,0.03450462553607481,0.6097361093794136,0.60988,0.2500946192657483
3,normal,0,random_062,0.03099618146287286,0.6041431690929807,0.60566,0.22466489872624432
3,normal,0,random_063,0.03755284518541642,0.6143513334359468,0.61152,0.2721885652453513
3,normal,0,random_064,0.03521666606136231,0.6108332998768228,0.6073,0.25525559410048104
3,normal,0,random_065,0.034404062497399086,0.6095801706116597,0.60928,0.249365723516872
3,normal,0,random_066,0.026463978675832688,0.5963908999673758,0.59636,0.19181482390729254
3,normal,0,random_067,0.0405849074906528,0.6187446496140655,0.61454,0.29416540040982236
3,normal,0,random_068,0.024159113396976933,0.5921767711224948,0.59096,0.17510882013479517
3,normal,0,random_069,0.034214260496942484,0.6092851823832603,0.6103,0.24799001060005038
3,normal,0,random_070,0.03727354883696919,0.613937099582485,0.61056,0.2701641840836372
3,normal,0,random_071,0.0434374346433337,0.622717110021755,0.62764,0.314840938286594
3,normal,0,random_072,0.05104160634499627,0.6326521349659631,0.63172,0.369957097265638
3,normal,0,random_073,0.03758894632957194,0.6144047542002342,0.61494,0.2724502316672398
3,normal,0,random_074,0.04303065984217169,0.6221595516248488,0.62172,0.31189257448194563
3,normal,0,random_075,0.043309849017555135,0.6225425403849548,0.6196,0.3139161788374729
3,normal,0,random_076,0.043525322650912204,0.6228371995576968,0.61954,0.3154779635390603
3,normal,0,random_077,0.04574398573600889,0.6258257104388787,0.626,0.331559161086505
3,normal,0,random_078,0.035747184111628166,0.6116430206925932,0.60816,0.2591008672409222
3,normal,0,random_079,0.03262132737657102,0.6067739602992902,0.60838,0.23644419620369983
3,normal,0,random_080,0.04921146176067985,0.630340328171871,0.62902,0.3566919391627816
3,normal,0,random_081,0.04006169785680125,0.6179996256684351,0.61654,0.29037309975037984
3,normal,0,random_082,0.024658214671875497,0.5931067397012408,0.59252,0.17872637984980505
3,normal,0,random_083,0.03367193846897941,0.6084374231862285,0.60486,0.24405918048682262
3,normal,0,random_084,0.03302082005341185,0.6074098328975993,0.6079,0.2393397780963217
3,normal,0,random_085,0.03589028792943118,0.6118603244749917,0.60936,0.2601381048365455
3,normal,0,random_086,0.03367744160976175,0.6084460624617716,0.60808,0.24409906806355586
3,normal,0,random_087,0.022187347034491652,0.5884000638932285,0.58772,0.16081716647835437
3,normal,0,random_088,0.060839775560700304,0.6443034660152209,0.64656,0.4409756740921244
3,normal,0,random_089,0.04809748552592303,0.6289097161752039,0.62944,0.3486176749743086
3,normal,0,random_090,0.024571673644509115,0.5929462054446346,0.59088,0.17809911770874998
3,normal,0,random_091,0.0675830977135348,0.6517136985744518,0.64916,0.48985226846745583
3,normal,0,random_092,0.04663297195229009,0.6270007110546535,0.62658,0.3380026644092957
3,normal,0,random_093,0.041114210394333314,0.6194930362337326,0.61942,0.29800186598843986
3,normal,0,random_094,0.06027733891044088,0.6436646575120204,0.64428,0.43689905022728437
3,normal,0,random_095,0.030785524361706396,0.6037967989478261,0.60288,0.22313802496096408
3,normal,0,random_096,0.042419489384933014,0.6213163711155198,0.6222,0.30746272079030723
3,normal,0,random_097,0.042884910941729804,0.6219590732787994,0.6198,0.3108361649369034
3,normal,0,random_098,0.04557099577607786,0.6255956038680431,0.6244,0.3303053043211123
3,normal,0,random_099,0.04433425240867327,0.6239363173486903,0.61912,0.3213412058330094
3,normal,0,random_100,0.029273422019216143,0.6012724880510713,0.59678,0.21217808397448482
3,normal,0,random_101,0.03843116690443761,0.6156432198769125,0.61444,0.2785547707177676
3,normal,0,random_102,0.03870131617716689,0.6160373407493316,0.61292,0.28051285252443775
3,normal,0,random_103,0.049763919108643105,0.6310431488888992,0.62988,0.36069623157149017
3,normal,0,random_104,0.04811553919553675,0.6289330470457304,0.62918,0.34874853063665084
3,normal,0,random_105,0.045138613279695435,0.6250183463513748,0.62522,0.32717133216144123
3,normal,0,random_106,0.022413743575306972,0.5888424374840063,0.58914,0.16245812202557777
3,normal,0,random_107,0.02778688188579868,0.5987221655114074,0.5955,0.20140342165271574
3,normal,0,random_108,0.03730407937627908,0.6139824621797068,0.61176,0.2703854739393031
3,normal,0,random_109,0.04290284476384781,0.6219837614765772,0.62302,0.3109661519269053
3,normal,0,random_110,0.030813049271593694,0.6038421282424477,0.60712,0.2233375295709008
3,normal,0,random_111,0.05311351538526818,0.6352142335517981,0.63404,0.38497459983317944
3,normal,0,random_112,0.049356256486582324,0.6305249540922419,0.63036,0.3577414327099122
3,normal,0,random_113,0.028629766222380577,0.6001768917049082,0.6013,0.2075127717461436
3,normal,0,random_114,0.05035142053001099,0.6317858083411165,0.63316,0.36495452859724614
3,normal,0,random_115,0.02751652876448077,0.5982506098056822,0.5998,0.19944386232138447
3,normal,0,random_116,0.04478162611784335,0.6245394467883452,0.62134,0.32458383651588457
3,normal,0,random_117,0.02394021030605057,0.5917656974271615,0.58918,0.17352217821850816
3,normal,0,random_118,0.03947570195467702,0.6171588733005962,0.61714,0.28612571495033834
3,normal,0,random_119,0.04706875013184592,0.6275721749903568,0.62954,0.34116124898185957
3,normal,0,random_120,0.027113185066721113,0.5975424933352134,0.5972,0.19652036766067646
3,normal,0,random_121,0.037533238327000694,0.6143223084652614,0.61668,0.27204645184129894
3,normal,0,random_122,0.037953181656689025,0.614942182939443,0.61522,0.27509026308457096
3,normal,0,random_123,0.044621090412810205,0.6243234026194068,0.62656,0.3234202500284194
3,normal,0,random_124,0.034519571491665256,0.6097592645172176,0.61038,0.25020294975810625
3,normal,0,random_125,0.03921949780904934,0.6167891520031559,0.61602,0.28426870948340255
3,normal,0,random_126,0.030567291449383763,0.6034366334342013,0.6031,0.2215562405981249
3,normal,0,random_127,0.04676485807744965,0.6271739721049622,0.62778,0.3389585945127459
3,normal,12,oracle_t0,0.03500560908268465,0.6105093375809474,0.61028,0.4594846104352625
3,normal,12,oracle_t12,0.07618450822438735,0.6605714123991344,0.66668,1.0000000000000007
3,normal,12,bottom,1.278783231627027e-32,0.5000000000000001,0.50204,8.728317661372331e-18
3,normal,12,random_000,0.02734330108080109,0.597947168136894,0.59562,0.35890893986302935
3,normal,12,random_001,0.022959905703232496,0.5899000579262075,0.59306,0.30137236871843237
3,normal,12,random_002,0.016587399932822017,0.576594178966463,0.57672,0.2177266785521135
3,normal,12,random_003,0.018601330926764727,0.5810498760679568,0.57802,0.24416159348273225
3,normal,12,random_004,0.02262404014899431,0.5892512544715578,0.58654,0.29696378799689066
3,normal,12,random_005,0.01203810081708013,0.5653616970638543,0.56298,0.15801245026907762
3,normal,12,random_006,0.018795496105707004,0.5814658883061921,0.58556,0.24671021108843239
3,normal,12,random_007,0.02880985816918146,0.600484744725151,0.60128,0.3781590094974082
3,normal,12,random_008,0.016229422412412944,0.5757732915492324,0.56972,0.21302785554002923
3,normal,12,random_009,0.021558285359067685,0.5871583053406378,0.58762,0.2829746606169823
3,normal,12,random_010,0.01686717069546792,0.5772293521856309,0.57664,0.2213989574598133
3,normal,12,random_011,0.023325257407685655,0.5906001788161616,0.58734,0.3061679854779064
3,normal,12,random_012,0.0281169977235429,0.5992946673604728,0.60324,0.3690645037798173
3,normal,12,random_013,0.024684662236046564,0.5931557407963365,0.59004,0.3240115715302971
3,normal,12,random_014,0.01813637254701767,0.5800443839572635,0.57588,0.23805853669883068
3,normal,12,random_015,0.014694430060229182,0.5721422737434205,0.57536,0.1928795027061076
3,normal,12,random_016,0.010723085844657709,0.5617188260388319,0.56186,0.1407515267155739
3,normal,12,random_017,0.019973656907577294,0.5839434726015881,0.58072,0.26217478294601054
3,normal,12,random_018,0.017736284637692667,0.5791683850500835,0.57878,0.2328069715361782
3,normal,12,random_019,0.01467286605348873,0.5720899004748137,0.57104,0.1925964529464774
3,normal,12,random_020,0.015469056662208375,0.5739979659383535,0.57332,0.2030472732940291
3,normal,12,random_021,0.024593379643176178,0.5929864982299905,0.59694,0.3228133936461328
3,normal,12,random_022,0.021044926568280484,0.5861307937405746,0.5825,0.27623629867500843
3,normal,12,random_023,0.029810992860569936,0.6021777129505385,0.60284,0.39129993164446514
3,normal,12,random_024,0.019348978251572058,0.5826396165417752,0.58152,0.253975233318869
3,normal,12,random_025,0.01882651706241211,0.5815321450107174,0.5784,0.24711739303956798
3,normal,12,random_026,0.028821785766735025,0.6005050977953833,0.60188,0.37831557147872924
3,normal,12,random_027,0.02415430361495189,0.5921677600739468,0.58946,0.31705006933706104
3,normal,12,random_028,0.012685477938156404,0.5670799464506724,0.56818,0.16650994058783827
3,normal,12,random_029,0.03567958046923847,0.6115402008121585,0.6139,0.4683311778314679
3,normal,12,random_030,0.021299900241655782,0.5866427573291939,0.58702,0.27958309029075684
3,normal,12,random_031,0.02850847507905052,0.5999689728378317,0.60268,0.37420304657062453
3,normal,12,random_032,0.015830768521856622,0.5748480057933513,0.57536,0.20779511334811054
3,normal,12,random_033,0.026571030621745213,0.5965818166335124,0.59478,0.3487720960734586
3,normal,12,random_034,0.018586967420475626,0.5810190115927074,0.57912,0.2439730576947634
3,normal,12,random_035,0.016249683728075483,0.5758200023825731,0.57832,0.21329380613989218
3,normal,12,random_036,0.017780796826201737,0.5792663498905778,0.5817,0.23339123977583093
3,normal,12,random_037,0.016271175724116536,0.5758695174704591,0.5722,0.21357591068505447
3,normal,12,random_038,0.02138993107191725,0.5868227632895899,0.58524,0.28076483750367176
3,normal,12,random_039,0.020161460109327747,0.5843312867452903,0.58636,0.2646398930599632
3,normal,12,random_040,0.02247689052903974,0.5889654061922074,0.58346,0.2950322979422304
3,normal,12,random_041,0.019275557307522583,0.5824849347317048,0.58216,0.2530115079400396
3,normal,12,random_042,0.014790133575873343,0.5723742345702691,0.5691,0.19413570974707564
3,normal,12,random_043,0.015272813116166652,0.5735324775162322,0.56854,0.20047137498326328
3,normal,12,random_044,0.013423204165825394,0.5689838949015659,0.57098,0.1761933558235992
3,normal,12,random_045,0.023379193549835472,0.5907030461978618,0.58812,0.30687595279838803
3,normal,12,random_046,0.017934529166883473,0.5796037151594083,0.5788,0.23540913480809844
3,normal,12,random_047,0.023552387723874243,0.5910325214751382,0.58994,0.3091493044032662
3,normal,12,random_048,0.030854375698741967,0.6039101458779838,0.60744,0.4049954041557392
3,normal,12,random_049,0.01507369629100572,0.5730570011477107,0.5714,0.1978577619298789
3,normal,12,random_050,0.015838176375627643,0.5748653089566632,0.57168,0.20789234904528414
3,normal,12,random_051,0.022644521562681794,0.5892909634974907,0.58878,0.2972326276096259
3,normal,12,random_052,0.023685406730652662,0.5912847045388363,0.59222,0.3108953156315153
3,normal,12,random_053,0.010425090534400615,0.5608619777271353,0.55732,0.13684003188280028
3,normal,12,random_054,0.0305306870297247,0.6033760880850527,0.6036,0.40074665757245864
3,normal,12,random_055,0.022540054541229686,0.5890882267082751,0.5842,0.295861390544678
3,normal,12,random_056,0.016375342900556013,0.5761090277231339,0.57574,0.214943211975924
3,normal,12,random_057,0.013920099628680195,0.5702360682452106,0.57088,0.18271561965959182
3,normal,12,random_058,0.01713469385232008,0.5778316252654714,0.57736,0.2249104739490216
3,normal,12,random_059,0.017296684428259462,0.5781939423743933,0.57796,0.22703676680979934
3,normal,12,random_060,0.02996036543853489,0.6024276953381935,0.60396,0.39326060030855886
3,normal,12,random_061,0.021080545830738213,0.5862025084162651,0.58572,0.2767038381169225
3,normal,12,random_062,0.016655908651613087,0.5767502273446181,0.57546,0.2186259259238926
3,normal,12,random_063,0.01629879046543064,0.5759330889258728,0.57596,0.21393838255706252
3,normal,12,random_064,0.022207376259562515,0.5884392958159392,0.58686,0.291494646052644
3,normal,12,random_065,0.012147855834390242,0.5656562896480253,0.56732,0.15945309771654614
3,normal,12,random_066,0.018029342373448172,0.579811033007843,0.57994,0.23665365562702184
3,normal,12,random_067,0.010683943245527256,0.5616069779841487,0.55858,0.14023773985729074
3,normal,12,random_068,0.016121606662852783,0.5755242211896946,0.57684,0.21161266297564849
3,normal,12,random_069,0.025380943226707448,0.5944359515656268,0.58948,0.33315097541815986
3,normal,12,random_070,0.021057981714512883,0.5861570859255192,0.58098,0.2764076608920349
3,normal,12,random_071,0.01449009629083638,0.5716443952547183,0.56732,0.19019741189584752
3,normal,12,random_072,0.03446404770755928,0.6096732165965355,0.608,0.4523760605771957
3,normal,12,random_073,0.024324142284418256,0.5924853790356812,0.595,0.31927937649444454
3,normal,12,random_074,0.02222034861042043,0.5884646952888184,0.58756,0.2916649214952537
3,normal,12,random_075,0.01864830259176027,0.5811507227540392,0.58608,0.24477814487999539
3,normal,12,random_076,0.01658276254923275,0.5765836039174461,0.57624,0.21766580812455086
3,normal,12,random_077,0.024217737625426512,0.592286526735522,0.58802,0.31788270594459545
3,normal,12,random_078,0.021477491244576,0.5869974489979166,0.58174,0.2819141547953299
3,normal,12,random_079,0.0124526311045323,0.5664672376721384,0.56956,0.163453586493666
3,normal,12,random_080,0.024405783165012705,0.5926376412099557,0.592,0.3203509969918032
3,normal,12,random_081,0.015313128734302461,0.5736283572805403,0.5699,0.20100055892203822
3,normal,12,random_082,0.018529110540762634,0.5808945620454926,0.57832,0.24321362666263574
3,normal,12,random_083,0.013261058508397913,0.5685701359765735,0.57158,0.17406502735884213
3,normal,12,random_084,0.01643626333884717,0.5762487353848836,0.58184,0.21574285536420637
3,normal,12,random_085,0.032502254542817424,0.6065836242786148,0.60586,0.4266255082606569
3,normal,12,random_086,0.018514239281761224,0.5808625414353376,0.58508,0.2430184260982689
3,normal,12,random_087,0.012263557968765937,0.5659653682885855,0.56342,0.1609718071900643
3,normal,12,random_088,0.026977796007719077,0.5973035505613029,0.59754,0.35411130998261486
3,normal,12,random_089,0.01619647192305361,0.5756972622602424,0.57532,0.21259534648894657
3,normal,12,random_090,0.016345928004426958,0.5760414746502793,0.5775,0.21455711122112997
3,normal,12,random_091,0.03411478686916815,0.6091302295309486,0.61028,0.4477916529787051
3,normal,12,random_092,0.019029163413631305,0.581963578048486,0.58198,0.24977733475137018
3,normal,12,random_093,0.01368758939751142,0.5696530622789581,0.56786,0.17966368381872555
3,normal,12,random_094,0.031306466338707116,0.604651065499218,0.60452,0.4109295586249601
3,normal,12,random_095,0.009338531844687723,0.5576264516338008,0.55936,0.12257783192854399
3,normal,12,random_096,0.026267105270997848,0.5960387244941217,0.59378,0.34478276336224384
3,normal,12,random_097,0.026917351546192833,0.5971966691947044,0.59916,0.3533179142787505
3,normal,12,random_098,0.030978365294668492,0.6041139239227067,0.6082,0.40662289508291477
3,normal,12,random_099,0.01365304197919835,0.5695660022747341,0.56588,0.17921021343323315
3,normal,12,random_100,0.018725768757642404,0.5813167514998443,0.58456,0.24579496795449715
3,normal,12,random_101,0.030257012680483513,0.6029221842499091,0.6033,0.39715440035875954
3,normal,12,random_102,0.02640006583268915,0.5962767225640115,0.5905,0.34652800743863404
3,normal,12,random_103,0.019297350240901127,0.5825308796884943,0.58004,0.25329756259716707
3,normal,12,random_104,0.02481786312868174,0.5934021104363552,0.59676,0.32575997019742314
3,normal,12,random_105,0.03372807456318076,0.608525514558622,0.6086,0.442715656362065
3,normal,12,random_106,0.013346321491038225,0.5687880305560877,0.5703,0.1751841916696387
3,normal,12,random_107,0.016473548149480814,0.576334107508342,0.57488,0.21623225683837255
3,normal,12,random_108,0.03256349666661194,0.6066815654834146,0.61302,0.42742937410191356
3,normal,12,random_109,0.02436648730178971,0.5925643870823118,0.59402,0.3198351983847261
3,normal,12,random_110,0.01716233506826747,0.577893574624033,0.5812,0.22527329332781157
3,normal,12,random_111,0.026326078476052277,0.5961443644900134,0.60036,0.34555684731223446
3,normal,12,random_112,0.023149165881120128,0.590263461600741,0.59242,0.30385660314218443
3,normal,12,random_113,0.0064070358655440385,0.5477845446824552,0.54826,0.08409893316726945
3,normal,12,random_114,0.02143320116093436,0.5869091354270655,0.58854,0.2813328019104206
3,normal,12,random_115,0.023022009409394785,0.5900194780366486,0.5902,0.30218754371410705
3,normal,12,random_116,0.016429022194866777,0.5762321434847155,0.57738,0.21564780790443835
3,normal,12,random_117,0.01856411443261372,0.5809698791967915,0.58628,0.24367308873264065
3,normal,12,random_118,0.01870070870410942,0.5812630809640041,0.58044,0.2454660289862337
3,normal,12,random_119,0.023742204050256552,0.591392156043985,0.59112,0.311640838847818
3,normal,12,random_120,0.019794158689865636,0.5835710235832483,0.58174,0.2598186842863857
3,normal,12,random_121,0.017882350900068754,0.5794893792923611,0.58032,0.23472424140876025
3,normal,12,random_122,0.02285580127431925,0.5896994924041091,0.59336,0.3000058910533588
3,normal,12,random_123,0.02371834425137187,0.5913470336039656,0.59304,0.3113276544558625
3,normal,12,random_124,0.02054888420178959,0.5851253964026581,0.58538,0.26972523260590825
3,normal,12,random_125,0.017760721934148863,0.5792221837844346,0.5786,0.23312773617751734
3,normal,12,random_126,0.025270542352486696,0.5942342128137691,0.5948,0.3317018504346975
3,normal,12,random_127,0.01204890895253763,0.565390768162288,0.56298,0.15815431815940598
3,nonnormal,0,oracle_t0,0.26470769721047643,0.779867642442462,0.77832,0.999999999999999
3,nonnormal,0,oracle_t12,0.19046577832258044,0.7436488583510383,0.74194,0.7195324515672686
3,nonnormal,0,bottom,4.0887973681225567e-32,0.5000000000000001,0.50292,-2.5919936726069427e-17
3,nonnormal,0,random_000,0.027694617634469804,0.5985615112539769,0.59708,0.10462339375212433
3,nonnormal,0,random_001,0.02897579554384969,0.6007674959529471,0.6014,0.109463366004088
3,nonnormal,0,random_002,0.019458924640832202,0.582870677862775,0.58448,0.07351098908680341
3,nonnormal,0,random_003,0.03170904060193244,0.6053060286125623,0.60484,0.11978888765263093
3,nonnormal,0,random_004,0.03661967468244824,0.6129606917260249,0.61268,0.13834004476768547
3,nonnormal,0,random_005,0.047810855297231496,0.6285386501951352,0.62618,0.1806175483413152
3,nonnormal,0,random_006,0.056865853165365146,0.6397154973872454,0.63804,0.21482508353411986
3,nonnormal,0,random_007,0.026150687614497087,0.5958298136823793,0.59448,0.09879080922117627
3,nonnormal,0,random_008,0.0506465239794916,0.6321570288766427,0.63126,0.1913300010283461
3,nonnormal,0,random_009,0.037215150884711765,0.6138502751622847,0.61018,0.1405896061085104
3,nonnormal,0,random_010,0.028659740151096028,0.6002282011339601,0.60012,0.10826938715086877
3,nonnormal,0,random_011,0.02873291223074224,0.6003533373970196,0.60376,0.10854581311209809
3,nonnormal,0,random_012,0.05077753885755992,0.6323214507493384,0.63006,0.19182494272988695
3,nonnormal,0,random_013,0.016186285102354148,0.5756737411791399,0.57714,0.06114776892748976
3,nonnormal,0,random_014,0.020435917311812858,0.5848946609637858,0.58188,0.07720182498344083
3,nonnormal,0,random_015,0.025120254272925063,0.5939588370268157,0.59476,0.09489808773090276
3,nonnormal,0,random_016,0.015458679838118616,0.5739734289440085,0.57454,0.05839905677479025
3,nonnormal,0,random_017,0.027458897998980387,0.5981497712793283,0.59444,0.1037329034567025
3,nonnormal,0,random_018,0.047123505222324974,0.6276437716833305,0.62638,0.17802091030566347
3,nonnormal,0,random_019,0.041786880726940354,0.6204365762496719,0.61876,0.1578604671012434
3,nonnormal,0,random_020,0.035928591216577814,0.6119184087265621,0.61066,0.13572930290731205
3,nonnormal,0,random_021,0.025780847978065374,0.5951628523231122,0.59272,0.09739364684044785
3,nonnormal,0,random_022,0.020985258155066966,0.5860105167098179,0.58422,0.07927709838517083
3,nonnormal,0,random_023,0.024422924996423623,0.5926695769908199,0.59128,0.09226375074769458
3,nonnormal,0,random_024,0.04599782472136198,0.6261624931405428,0.63086,0.1737683686802193
3,nonnormal,0,random_025,0.011468667942257899,0.5638106593977332,0.5614,0.04332578184584798
3,nonnormal,0,random_026,0.024016869982776884,0.5919098796182112,0.59052,0.09072977565771496
3,nonnormal,0,random_027,0.023516945498231176,0.5909652021545586,0.592,0.08884118499785133
3,nonnormal,0,random_028,0.008348931608292389,0.5545078143181238,0.55704,0.03154019205438486
3,nonnormal,0,random_029,0.046035382286762384,0.6262122357586064,0.62324,0.1739102518434072
3,nonnormal,0,random_030,0.0287055625190595,0.6003065847762492,0.60422,0.10844249268745246
3,nonnormal,0,random_031,0.024971324599686116,0.5936850903866527,0.59302,0.09433546837827954
3,nonnormal,0,random_032,0.060902092084292085,0.6443740374879767,0.64364,0.23007299268621983
3,nonnormal,0,random_033,0.0237266593527298,0.5913627614143154,0.59268,0.08963343190532184
3,nonnormal,0,random_034,0.04600053422734261,0.6261660824595788,0.6301,0.1737786045215236
3,nonnormal,0,random_035,0.0678208911976193,0.651967090519768,0.64842,0.25621049902335474
3,nonnormal,0,random_036,0.08798772282701597,0.6718187563617757,0.66996,0.33239578506496714
3,nonnormal,0,random_037,0.014980333815291194,0.5728329403151295,0.56966,0.05659198418918624
3,nonnormal,0,random_038,0.035880952116382245,0.611846162291834,0.61462,0.13554933420712842
3,nonnormal,0,random_039,0.03449108446101026,0.6097151260970776,0.61186,0.13029875906322977
3,nonnormal,0,random_040,0.07770293452126328,0.6620734857383062,0.65998,0.29354240673809906
3,nonnormal,0,random_041,0.03225347194435796,0.6061847382178738,0.60406,0.12184561417839054
3,nonnormal,0,random_042,0.024617844634843275,0.593031890038527,0.59456,0.09300010877760359
3,nonnormal,0,random_043,0.03487322424641672,0.6103055952797654,0.61024,0.1317423883548352
3,nonnormal,0,random_044,0.05211651270275595,0.6339884568011488,0.63428,0.19688325368686435
3,nonnormal,0,random_045,0.025011336107458162,0.593758719792947,0.59024,0.09448662192686799
3,nonnormal,0,random_046,0.032556410844874026,0.6066702385726715,0.60752,0.12299004217843919
3,nonnormal,0,random_047,0.06274888143330125,0.6464470954928563,0.64134,0.2370497046159101
3,nonnormal,0,random_048,0.044213803228037876,0.6237733617417502,0.62616,0.16702877813516023
3,nonnormal,0,random_049,0.03715317401483849,0.6137580489187773,0.6114,0.14035547287201455
3,nonnormal,0,random_050,0.07577223827161986,0.6601605590281819,0.66226,0.2862487153570422
3,nonnormal,0,random_051,0.027991874319487634,0.5990780952552621,0.60242,0.10574635575190888
3,nonnormal,0,random_052,0.02336378322704699,0.5906736682799113,0.58664,0.08826257594039581
3,nonnormal,0,random_053,0.016660075732633176,0.5767597083231704,0.57648,0.06293763237034347
3,nonnormal,0,random_054,0.03475286407023804,0.6101199968436628,0.61072,0.13128769747335697
3,nonnormal,0,random_055,0.02643607554778314,0.5963410702770886,0.59744,0.0998689340218281
3,nonnormal,0,random_056,0.029672142174972577,0.6019447394277981,0.60096,0.11209399079687288
3,nonnormal,0,random_057,0.01840879799764866,0.5806351213560683,0.57708,0.06954387118940218
3,nonnormal,0,random_058,0.0200860700571341,0.5841758338357472,0.58452,0.07588018886040586
3,nonnormal,0,random_059,0.05119912866069788,0.6328489417738351,0.62936,0.19341760440002626
3,nonnormal,0,random_060,0.031346314873861116,0.6047160968905356,0.60746,0.11841859985256406
3,nonnormal,0,random_061,0.04371149291144205,0.6230911423307286,0.621,0.165131174393791
3,nonnormal,0,random_062,0.043321129434097466,0.622557986231554,0.62076,0.16365647803453026
3,nonnormal,0,random_063,0.029471585779574302,0.6016072028148884,0.60466,0.11133633849770751
3,nonnormal,0,random_064,0.06493352656639578,0.6488549353775124,0.64536,0.24530275186809275
3,nonnormal,0,random_065,0.04488944570973964,0.6246843079989367,0.62846,0.1695811877886073
3,nonnormal,0,random_066,0.02240705435770576,0.588829400637312,0.58974,0.08464829165843737
3,nonnormal,0,random_067,0.019956345029946827,0.5839076277885445,0.58338,0.07539011989545195
3,nonnormal,0,random_068,0.02403100807702295,0.5919364441674395,0.59122,0.09078318586979063
3,nonnormal,0,random_069,0.05471374607075941,0.6371550140747652,0.63736,0.20669495691791298
3,nonnormal,0,random_070,0.04959318682392226,0.6308264130785294,0.63036,0.18735075461175316
3,nonnormal,0,random_071,0.04185682421435229,0.6205342063295688,0.62208,0.15812469624209957
3,nonnormal,0,random_072,0.04282182393092593,0.6218721809414259,0.61904,0.16177022573271482
3,nonnormal,0,random_073,0.04924548262557188,0.6303837348346155,0.63404,0.18603721442378532
3,nonnormal,0,random_074,0.03824282356936788,0.6153675545407645,0.6152,0.14447189852193806
3,nonnormal,0,random_075,0.042796041831538206,0.6218366499956454,0.62172,0.16167282735835914
3,nonnormal,0,random_076,0.024839184774234222,0.5934414822894425,0.59426,0.09383627690464881
3,nonnormal,0,random_077,0.0440127764313666,0.6235008482985069,0.62352,0.16626934877670282
3,nonnormal,0,random_078,0.044283221720165494,0.6238673077231871,0.6255,0.16729102397409568
3,nonnormal,0,random_079,0.029868297589481833,0.6022736940949547,0.59748,0.11283501728222396
3,nonnormal,0,random_080,0.04676252658477431,0.6271709115292876,0.62498,0.1766572225800902
3,nonnormal,0,random_081,0.04546252099149622,0.6254510679087919,0.62196,0.17174612400994016
3,nonnormal,0,random_082,0.05054128062592719,0.6320247782471288,0.63314,0.19093241775187358
3,nonnormal,0,random_083,0.02585519078452067,0.5952973252121663,0.59866,0.0976744955170777
3,nonnormal,0,random_084,0.03794867592130291,0.6149355518682009,0.61366,0.14336068169233793
3,nonnormal,0,random_085,0.031628788645711226,0.6051758206271918,0.60312,0.11948571567438131
3,nonnormal,0,random_086,0.043005860270255325,0.6221254660061964,0.6226,0.1624654693590574
3,nonnormal,0,random_087,0.06008078298834367,0.6434406139057199,0.64638,0.2269702907073824
3,nonnormal,0,random_088,0.05209612140162001,0.6339632502801122,0.6314,0.1968062204107231
3,nonnormal,0,random_089,0.026931417380492796,0.5972215525641609,0.59762,0.10174021256011631
3,nonnormal,0,random_090,0.029545356983680743,0.6017315018183373,0.60308,0.11161502780249108
3,nonnormal,0,random_091,0.03539802114404978,0.6111108352917107,0.60884,0.13372494081992561
3,nonnormal,0,random_092,0.052780496649354566,0.6348062421984864,0.63052,0.1993916202874421
3,nonnormal,0,random_093,0.03185651698598525,0.6055448480729795,0.60716,0.12034601683930339
3,nonnormal,0,random_094,0.06957623146978376,0.6538219193505905,0.65314,0.2628417390313425
3,nonnormal,0,random_095,0.08127274499647036,0.6655381471928442,0.6649,0.30702826496143804
3,nonnormal,0,random_096,0.05833457561157919,0.6414316909183377,0.64054,0.2203735525121346
3,nonnormal,0,random_097,0.04002148826417876,0.6179421502992202,0.62108,0.151191252411359
3,nonnormal,0,random_098,0.03636655557282627,0.6125801856189543,0.61238,0.13738382357619994
3,nonnormal,0,random_099,0.06237259733208511,0.6460275579840425,0.64994,0.23562819664624607
3,nonnormal,0,random_100,0.031741605050616545,0.6053588137491833,0.6089,0.11991190805977169
3,nonnormal,0,random_101,0.06002781778051225,0.6433801705513614,0.64152,0.2267702012940803
3,nonnormal,0,random_102,0.03881945752523848,0.6162092272355935,0.6176,0.14665027853108487
3,nonnormal,0,random_103,0.028657954780717202,0.6002251457336586,0.5987,0.10826264246456888
3,nonnormal,0,random_104,0.06499676772928185,0.6489239419126638,0.6504,0.24554166128989105
3,nonnormal,0,random_105,0.07006522858017523,0.6543338051335813,0.65322,0.26468904878298416
3,nonnormal,0,random_106,0.02726094906709954,0.5978025548665366,0.59404,0.10298510150773428
3,nonnormal,0,random_107,0.0214834534846557,0.5870093302967518,0.58752,0.08115915672665003
3,nonnormal,0,random_108,0.024459994727164217,0.5927385986797262,0.59436,0.09240379099258066
3,nonnormal,0,random_109,0.044636629170198644,0.6243443328925165,0.62494,0.1686261096318133
3,nonnormal,0,random_110,0.019792694334978874,0.5835679778877546,0.58214,0.07477188817536018
3,nonnormal,0,random_111,0.05995769352981762,0.6433000988899706,0.64288,0.2265052892743937
3,nonnormal,0,random_112,0.028988794823271803,0.6007896097854727,0.60572,0.10951247405632476
3,nonnormal,0,random_113,0.03459077871708875,0.609869508753369,0.61064,0.13067537922625896
3,nonnormal,0,random_114,0.031177535297681414,0.6044403505324385,0.6021,0.11778099249184762
3,nonnormal,0,random_115,0.04310544231449414,0.6222622707561843,0.62008,0.16284166561359864
3,nonnormal,0,random_116,0.02154151625637487,0.5871249450638029,0.58724,0.08137850347149746
3,nonnormal,0,random_117,0.058155933355116034,0.6412242626941806,0.63932,0.21969868639246476
3,nonnormal,0,random_118,0.013222324680982415,0.5684709111191185,0.5692,0.04995066188222315
3,nonnormal,0,random_119,0.023256036197707615,0.5904679760656684,0.59276,0.08785553439806505
3,nonnormal,0,random_120,0.02727310962446214,0.5978239238439248,0.59246,0.10303104107613656
3,nonnormal,0,random_121,0.07284376374300587,0.6572038191424686,0.6578,0.2751856652097492
3,nonnormal,0,random_122,0.04575625626205771,0.6258420141223551,0.6256,0.17285578297965246
3,nonnormal,0,random_123,0.047869709942713175,0.6286149426103851,0.62496,0.18083988658875533
3,nonnormal,0,random_124,0.03716380626718929,0.6137738764301246,0.61392,0.1403956388832897
3,nonnormal,0,random_125,0.029308662309106462,0.6013320998674224,0.60472,0.11072085405133614
3,nonnormal,0,random_126,0.03854614213790011,0.6158111407008258,0.61518,0.14561776081354735
3,nonnormal,0,random_127,0.01750536035727486,0.5786580903831634,0.57666,0.06613090794770449
3,nonnormal,12,oracle_t0,0.09516792707466872,0.6782244457832063,0.67546,0.5690549368325528
3,nonnormal,12,oracle_t12,0.16723855802813709,0.7302013838662511,0.7284,1.0000000000000009
3,nonnormal,12,bottom,9.382059056623447e-32,0.5000000000000002,0.49586,-4.0459895567104305e-18
3,nonnormal,12,random_000,0.014240089711303493,0.5710302738541251,0.5714,0.08514836458293112
3,nonnormal,12,random_001,0.019597654610435743,0.5831612601012783,0.58344,0.11718382914506202
3,nonnormal,12,random_002,0.013802966373520138,0.5699429961871867,0.57052,0.0825345933154833
3,nonnormal,12,random_003,0.007561913610913756,0.551890402607701,0.54858,0.04521632869880106
3,nonnormal,12,random_004,0.015056330527342173,0.5730153794310033,0.57318,0.09002906210665265
3,nonnormal,12,random_005,0.024211268559479745,0.5922744223046424,0.59176,0.14477085215842586
3,nonnormal,12,random_006,0.02363488652338905,0.5911890142432549,0.59132,0.14132438596733543
3,nonnormal,12,random_007,0.01697438583330871,0.57747131612891,0.57916,0.10149803988654858
3,nonnormal,12,random_008,0.022159658077338044,0.5883457979642999,0.58834,0.132503283564606
3,nonnormal,12,random_009,0.010593070922827401,0.561346503105049,0.5589,0.063341080237281
3,nonnormal,12,random_010,0.022165269539130124,0.5883567984068028,0.58414,0.13253683720114912
3,nonnormal,12,random_011,0.014424353512415587,0.5714834368451419,0.5694,0.0862501667228485
3,nonnormal,12,random_012,0.018446615262073432,0.5807167650076505,0.5809,0.11030120971845433
3,nonnormal,12,random_013,0.011467562427208703,0.5638076101910808,0.56358,0.06857008672174358
3,nonnormal,12,random_014,0.006282439054364004,0.5473198402735574,0.5492,0.03756573321630181
3,nonnormal,12,random_015,0.012118899667398878,0.5655787018405068,0.56814,0.07246474623011243
3,nonnormal,12,random_016,0.01222738488251001,0.5658688996052723,0.56952,0.07311343165523361
3,nonnormal,12,random_017,0.01852952309900425,0.5808954501699205,0.57846,0.11079695566309988
3,nonnormal,12,random_018,0.01624139172908399,0.5758008894968971,0.57436,0.09711511460384309
3,nonnormal,12,random_019,0.023673254942649914,0.5912616976694722,0.592,0.14155380925173372
3,nonnormal,12,random_020,0.016892182945126455,0.577285871249077,0.57626,0.1010065091704775
3,nonnormal,12,random_021,0.010529667777779344,0.5611640873167292,0.55654,0.06296196225279452
3,nonnormal,12,random_022,0.007119181468246264,0.5503568042490773,0.55356,0.04256901968174412
3,nonnormal,12,random_023,0.013714996952158469,0.5697220491898065,0.57,0.08200858171625107
3,nonnormal,12,random_024,0.023562658452864694,0.5910520198324161,0.5947,0.14089249949703828
3,nonnormal,12,random_025,0.005873217418846218,0.5457597551051604,0.5472,0.035118799684090075
3,nonnormal,12,random_026,0.010136402476451449,0.560019854373035,0.56178,0.06061043933867244
3,nonnormal,12,random_027,0.014919759851272644,0.5726871824621282,0.57188,0.08921244016444144
3,nonnormal,12,random_028,0.007743052405291814,0.5525046600791438,0.5498,0.04629944491622012
3,nonnormal,12,random_029,0.013096252138825587,0.5681469092428492,0.5712,0.07830880804785588
3,nonnormal,12,random_030,0.008655003247270358,0.5554915957364711,0.55392,0.05175243884735122
3,nonnormal,12,random_031,0.017516679212198245,0.578683183958987,0.57926,0.10474067355478603
3,nonnormal,12,random_032,0.02902210870268769,0.6008462578686705,0.60136,0.1735371857117117
3,nonnormal,12,random_033,0.012985890959388409,0.5678619646689916,0.56966,0.07764890532722488
3,nonnormal,12,random_034,0.01806309101524073,0.579884690605386,0.57976,0.108007933267409
3,nonnormal,12,random_035,0.028795232003408187,0.6004597807347435,0.60214,0.1721805805008408
3,nonnormal,12,random_036,0.02935543228729999,0.601411156125596,0.60046,0.1755302881908435
3,nonnormal,12,random_037,0.01334890473642782,0.5687946209867267,0.5659,0.07981953978688298
3,nonnormal,12,random_038,0.028687664477074912,0.6002759763567771,0.60236,0.171537382379537
3,nonnormal,12,random_039,0.023984846523638914,0.5918496791540179,0.59272,0.1434169655995455
3,nonnormal,12,random_040,0.040797538332236,0.619045927073365,0.61764,0.24394815892500119
3,nonnormal,12,random_041,0.014327237238564064,0.5712449720419347,0.56752,0.08566946168092161
3,nonnormal,12,random_042,0.02054606595086455,0.5851196481924102,0.58694,0.12285483798184736
3,nonnormal,12,random_043,0.015250350745821876,0.5734790000720672,0.56902,0.09118920257167064
3,nonnormal,12,random_044,0.024734966818400088,0.5932488669014266,0.59278,0.14790229663567525
3,nonnormal,12,random_045,0.013904811956161367,0.5701978902206809,0.57292,0.08314357717567711
3,nonnormal,12,random_046,0.021710772448617705,0.5874610393088994,0.58654,0.12981917988652464
3,nonnormal,12,random_047,0.03482046901351556,0.6102242879595764,0.61014,0.20820837864230565
3,nonnormal,12,random_048,0.021129934808362172,0.5863018416709841,0.58798,0.126346071489131
3,nonnormal,12,random_049,0.029415845291875714,0.6015131741674307,0.60224,0.17589152668325833
3,nonnormal,12,random_050,0.026179941518567333,0.5958823558900254,0.59542,0.15654249729995096
3,nonnormal,12,random_051,0.011557363998475612,0.5640548094720559,0.56694,0.06910705362893134
3,nonnormal,12,random_052,0.019870531959101986,0.5837297086895787,0.58292,0.11881549442538775
3,nonnormal,12,random_053,0.012227776633707452,0.5658699451370199,0.56432,0.0731157741245903
3,nonnormal,12,random_054,0.013315985944928171,0.5687105886563498,0.57256,0.07962270245530241
3,nonnormal,12,random_055,0.013426540240897967,0.5689923807041438,0.56918,0.08028375991282477
3,nonnormal,12,random_056,0.01760597129823991,0.578880847185546,0.58138,0.1052745940040801
3,nonnormal,12,random_057,0.008735197553879961,0.5557464139529091,0.55796,0.05223195928543173
3,nonnormal,12,random_058,0.02494757192466896,0.5936413511037233,0.59536,0.14917356510854193
3,nonnormal,12,random_059,0.02029577332208906,0.584607487122347,0.58356,0.12135821763468209
3,nonnormal,12,random_060,0.014596286641938629,0.5719035873385993,0.57404,0.0872782378300755
3,nonnormal,12,random_061,0.025381494822724563,0.5944369583475835,0.59196,0.1517681994032397
3,nonnormal,12,random_062,0.01603633882842794,0.5753266280242691,0.57562,0.09588900441087224
3,nonnormal,12,random_063,0.015393834332728583,0.5738199021464329,0.57354,0.09204716014197305
3,nonnormal,12,random_064,0.03369468841801736,0.6084731329784887,0.60894,0.20147679348173064
3,nonnormal,12,random_065,0.02479083279336754,0.5933521714260501,0.59264,0.14823634624496476
3,nonnormal,12,random_066,0.013857816151737038,0.5700803915006812,0.5654,0.08286256659427504
3,nonnormal,12,random_067,0.028300285349595337,0.5996109910903535,0.59842,0.16922105573783983
3,nonnormal,12,random_068,0.009541991793914037,0.5582463954046819,0.55758,0.05705617117500287
3,nonnormal,12,random_069,0.02419659163803878,0.5922469536258079,0.5943,0.14468309176624114
3,nonnormal,12,random_070,0.0189920743690045,0.581884795383365,0.58334,0.11356277280152816
3,nonnormal,12,random_071,0.017126042348835857,0.5778122248962761,0.5764,0.10240486733899307
3,nonnormal,12,random_072,0.02326445966530124,0.5904840747560798,0.59166,0.13910942512065372
3,nonnormal,12,random_073,0.027595302074568517,0.5983882609460506,0.59948,0.16500562071293245
3,nonnormal,12,random_074,0.017763557322196144,0.5792284234016093,0.57794,0.10621687684730884
3,nonnormal,12,random_075,0.02413318163309068,0.5921281771813501,0.59452,0.1443039327631036
3,nonnormal,12,random_076,0.010849592742839451,0.5620788906109391,0.56116,0.06487494792327775
3,nonnormal,12,random_077,0.020396028307713896,0.5848130281672789,0.58686,0.12195769054814731
3,nonnormal,12,random_078,0.0169514957773358,0.5774197244263151,0.57618,0.10136116920168492
3,nonnormal,12,random_079,0.010790814330092565,0.561911864131838,0.56104,0.06452348344379454
3,nonnormal,12,random_080,0.02517398684104814,0.5940573919779569,0.59642,0.15052740909672732
3,nonnormal,12,random_081,0.025176518451330482,0.5940620326524166,0.5946,0.15054254681563725
3,nonnormal,12,random_082,0.029208958703226644,0.6011633440633184,0.60112,0.1746544519853633
3,nonnormal,12,random_083,0.007681947906803719,0.5522982743809757,0.5513,0.04593407164818577
3,nonnormal,12,random_084,0.014478769217844635,0.5716166900433375,0.56998,0.08657554447108222
3,nonnormal,12,random_085,0.01762117882852085,0.5789144596695812,0.57998,0.1053655271624393
3,nonnormal,12,random_086,0.024498408916190227,0.5928100654780667,0.59464,0.14648780284310092
3,nonnormal,12,random_087,0.03040798701494532,0.6031728533552694,0.60534,0.1818240205696425
3,nonnormal,12,random_088,0.021574375730606783,0.5871903025700522,0.58712,0.12900359812344842
3,nonnormal,12,random_089,0.021566137207109877,0.5871739210484926,0.58698,0.12895433601790257
3,nonnormal,12,random_090,0.01569479343186709,0.5745296491639933,0.56822,0.09384673975260252
3,nonnormal,12,random_091,0.015301197364936615,0.5735999953701443,0.57354,0.09149323903140967
3,nonnormal,12,random_092,0.030923898582341708,0.6040244611977051,0.60572,0.1849089046626373
3,nonnormal,12,random_093,0.02338911355690969,0.5907219521009147,0.59318,0.13985479086093652
3,nonnormal,12,random_094,0.04699995841552117,0.627482158970385,0.6264,0.2810354201189279
3,nonnormal,12,random_095,0.041829853372947715,0.6204965698674328,0.6177,0.2501208684537335
3,nonnormal,12,random_096,0.03980556538630828,0.6176329717489385,0.6184,0.23801667423855227
3,nonnormal,12,random_097,0.01289120166861532,0.5676164888825624,0.56722,0.07708271238769256
3,nonnormal,12,random_098,0.013045480756825956,0.5680159753278599,0.56748,0.07800522146711597
3,nonnormal,12,random_099,0.04228048178100243,0.621123666552415,0.6191,0.25281539305002243
3,nonnormal,12,random_100,0.017461642661584093,0.5785610902434903,0.57702,0.1044115834737481
3,nonnormal,12,random_101,0.040245545596578246,0.6182620168629362,0.61892,0.24064752812450785
3,nonnormal,12,random_102,0.021766719068554152,0.5875718309229352,0.58172,0.1301537117109801
3,nonnormal,12,random_103,0.01362024729101823,0.5694832540768796,0.57286,0.08144202779317615
3,nonnormal,12,random_104,0.022011889845628414,0.5880555922055521,0.58478,0.13161970603648132
3,nonnormal,12,random_105,0.037100860664242466,0.6136801378255936,0.6134,0.221843940187528
3,nonnormal,12,random_106,0.014101302939387326,0.5706869518801709,0.57224,0.08431849153479816
3,nonnormal,12,random_107,0.011150109384454335,0.5629256936963648,0.56398,0.06667188186696986
3,nonnormal,12,random_108,0.019097082414197792,0.5821076408592327,0.58256,0.11419066655062168
3,nonnormal,12,random_109,0.020773361561146193,0.5855819312454112,0.58826,0.12421394806364686
3,nonnormal,12,random_110,0.018620400013924426,0.581090832775977,0.5796,0.11134035256864419
3,nonnormal,12,random_111,0.01821917492299214,0.5802244213648009,0.58128,0.10894123423335704
3,nonnormal,12,random_112,0.015451053822291661,0.5739553910661243,0.57524,0.09238930306784936
3,nonnormal,12,random_113,0.026173146633304438,0.5958701545386615,0.59878,0.1565018674036937
3,nonnormal,12,random_114,0.019325195400924942,0.5825895448809869,0.58192,0.11555466412042116
3,nonnormal,12,random_115,0.02418315945764967,0.5922218068499101,0.59134,0.14460277428116178
3,nonnormal,12,random_116,0.012959228272006712,0.5677929368231113,0.5696,0.07748947625957403
3,nonnormal,12,random_117,0.02995919706455632,0.6024257425906616,0.60528,0.17914048899845117
3,nonnormal,12,random_118,0.009997958148187934,0.5596116510423761,0.55876,0.05978261392630422
3,nonnormal,12,random_119,0.020499019545340835,0.5850236295999002,0.58408,0.12257352483206646
3,nonnormal,12,random_120,0.012588542858550888,0.5668255818121075,0.56926,0.07527296938564212
3,nonnormal,12,random_121,0.02523807709577166,0.5941747995159234,0.59128,0.1509106356413662
3,nonnormal,12,random_122,0.021595592168885167,0.5872324743504785,0.58746,0.12913046144090667
3,nonnormal,12,random_123,0.04041841944190822,0.6185081503187475,0.61578,0.24168122422526545
3,nonnormal,12,random_124,0.015856111034500183,0.57490718314013,0.57546,0.09481133550453401
3,nonnormal,12,random_125,0.013775572571616823,0.569874271007139,0.5715,0.08237079256148072
3,nonnormal,12,random_126,0.01761230285095258,0.5788948433496495,0.57844,0.10531245341154759
3,nonnormal,12,random_127,0.007532207999420514,0.5517889568800879,0.55112,0.04503870452024146
4,normal,0,oracle_t0,0.18599521995077917,0.7411540770692876,0.73728,0.9999999999999981
4,normal,0,oracle_t12,0.06844095738985513,0.6526254316589761,0.65096,0.3679715930762461
4,normal,0,bottom,3.574455880757263e-32,0.5000000000000001,0.50422,-1.2436944641952543e-17
4,normal,0,random_000,0.046776964540199084,0.6271898630341353,0.6242,0.25149551989872554
4,normal,0,random_001,0.039290865114216034,0.6168922719862134,0.61948,0.2112466391588649
4,normal,0,random_002,0.04991372588664364,0.631232980582407,0.6302,0.2683602616231345
4,normal,0,random_003,0.015681253638902597,0.574497870592401,0.57596,0.08430998196110832
4,normal,0,random_004,0.030997307602008674,0.6041450173438077,0.6054,0.16665647434494069
4,normal,0,random_005,0.031517491058319365,0.6049949482176453,0.6071,0.16945323146831381
4,normal,0,random_006,0.04278490584618089,0.621821299591694,0.62074,0.23003228716040752
4,normal,0,random_007,0.04404264776323679,0.6235413853117991,0.62198,0.23679451426166728
4,normal,0,random_008,0.031334427167862944,0.6046967012109377,0.60892,0.16846899170933044
4,normal,0,random_009,0.030387572382897333,0.6031389970022701,0.60368,0.16337824375776372
4,normal,0,random_010,0.028387246631529618,0.5997606906025353,0.60004,0.15262352784680072
4,normal,0,random_011,0.03160927510981928,0.6051441333768813,0.6059,0.1699467067927022
4,normal,0,random_012,0.06835088696988212,0.6525300156009618,0.65258,0.3674873310613576
4,normal,0,random_013,0.04652578001315667,0.6268596916460136,0.62836,0.25014503074578454
4,normal,0,random_014,0.03750364738947864,0.6142784880134365,0.612,0.2016376947719589
4,normal,0,random_015,0.03923071108765942,0.6168053610410207,0.61802,0.21092322210238082
4,normal,0,random_016,0.028185931782211564,0.599413764268416,0.59974,0.1515411621313198
4,normal,0,random_017,0.041504500075415916,0.6200415057591757,0.62084,0.2231482082518002
4,normal,0,random_018,0.024286358440797892,0.5924148200452481,0.59004,0.13057517525033638
4,normal,0,random_019,0.03643297114294494,0.6126801643818118,0.61168,0.1958812229292039
4,normal,0,random_020,0.041976499952846136,0.620701047996604,0.62256,0.22568590721823126
4,normal,0,random_021,0.039914493741119925,0.6177890594586677,0.61642,0.21459956740653127
4,normal,0,random_022,0.027278938936788483,0.597834165532487,0.5978,0.1466647311904434
4,normal,0,random_023,0.03235528802396301,0.6063481840387739,0.60726,0.17395763198928066
4,normal,0,random_024,0.04673273055319862,0.6271317905289029,0.62874,0.25125769665244985
4,normal,0,random_025,0.031958396825209,0.6057094838596496,0.61134,0.17182375350111823
4,normal,0,random_026,0.03800697464902193,0.6150213168775083,0.61036,0.20434382485248737
4,normal,0,random_027,0.01774775371428245,0.5791936390309547,0.58064,0.09542048295100856
4,normal,0,random_028,0.02221732813669685,0.5884587819875232,0.58636,0.11945107053060983
4,normal,0,random_029,0.04451439950959599,0.624179584532406,0.62676,0.23933087915579754
4,normal,0,random_030,0.057407237579533615,0.6403509827785495,0.6433,0.30864899428450615
4,normal,0,random_031,0.0418362503066855,0.6205054976696555,0.6164,0.2249318574840621
4,normal,0,random_032,0.057606397632676026,0.6405839084294866,0.63922,0.30971977477658064
4,normal,0,random_033,0.04367391962447509,0.623039938952182,0.62466,0.23481205396586358
4,normal,0,random_034,0.04323558987904243,0.6224408050210629,0.62452,0.23245538186671688
4,normal,0,random_035,0.023016017172295296,0.5900079628678611,0.58884,0.12374520795957068
4,normal,0,random_036,0.0346694578483267,0.6099911789874279,0.60682,0.18639972499025187
4,normal,0,random_037,0.057851357801354884,0.640869776244048,0.6416,0.31103679877721735
4,normal,0,random_038,0.029347873870600602,0.6013983845284879,0.60142,0.1577883231535037
4,normal,0,random_039,0.044363469908573164,0.6239758089848215,0.62534,0.2385194088338034
4,normal,0,random_040,0.019255730605850074,0.5824431115356528,0.57964,0.10352809395287564
4,normal,0,random_041,0.034316270548575695,0.6094438345489499,0.61264,0.1845008197396521
4,normal,0,random_042,0.034383911823357365,0.6095488943101661,0.60692,0.1848644918533738
4,normal,0,random_043,0.033743069088984716,0.6085490313171981,0.60932,0.1814190122623272
4,normal,0,random_044,0.037922194464353645,0.6148965705849114,0.61368,0.2038880056938512
4,normal,0,random_045,0.04240564748167275,0.6212971977714326,0.62286,0.2279932112927133
4,normal,0,random_046,0.02617751794896829,0.5958780041584115,0.5948,0.14074296079165757
4,normal,0,random_047,0.031851940577991886,0.6055374460720161,0.60544,0.17125139337678125
4,normal,0,random_048,0.03612671466487416,0.6122183161518622,0.6121,0.19423464040868618
4,normal,0,random_049,0.03332786527768299,0.6078957535664136,0.60322,0.1791866763377179
4,normal,0,random_050,0.02334723601554721,0.5906421116646412,0.59328,0.12552600019358381
4,normal,0,random_051,0.04745546032054525,0.6280768479181541,0.62554,0.2551434404233804
4,normal,0,random_052,0.05568289740020082,0.6383149544689605,0.6394,0.2993781099048479
4,normal,0,random_053,0.03488476381615037,0.6103233714314481,0.6077,0.18755731370613724
4,normal,0,random_054,0.04091588002186133,0.619213234685402,0.62148,0.2199835029775982
4,normal,0,random_055,0.028160681655243942,0.5993701577870539,0.59894,0.1514054052716849
4,normal,0,random_056,0.0282602224363542,0.5995419424662343,0.60038,0.1519405845151977
4,normal,0,random_057,0.06460784999213989,0.648498957321863,0.64626,0.3473629591622693
4,normal,0,random_058,0.05153884155143369,0.633272229406947,0.63284,0.277097667160869
4,normal,0,random_059,0.01184087265404049,0.5648288313330804,0.56632,0.06366224173488962
4,normal,0,random_060,0.030781644451612702,0.6037904075902664,0.60528,0.16549696524329252
4,normal,0,random_061,0.046538103844317946,0.6268759137374497,0.62556,0.2502112896053646
4,normal,0,random_062,0.04262348662629199,0.6215985448113577,0.62174,0.22916441958869474
4,normal,0,random_063,0.03706271311823937,0.6136232865575838,0.6131,0.19926701948602432
4,normal,0,random_064,0.05592436156869355,0.6386021835885529,0.63484,0.3006763377225126
4,normal,0,random_065,0.014214366126444139,0.5709667712456865,0.5698,0.07642328727698343
4,normal,0,random_066,0.03454192062735311,0.6097938790130248,0.6098,0.1857140233845475
4,normal,0,random_067,0.044574067107199494,0.6242600390961479,0.62676,0.2396516809356459
4,normal,0,random_068,0.0649433545833932,0.6488656618912575,0.65096,0.349166793644371
4,normal,0,random_069,0.04313271718775773,0.6222997104388275,0.62332,0.23190228866726836
4,normal,0,random_070,0.03393478439079678,0.608849215087998,0.61,0.1824497661809645
4,normal,0,random_071,0.048319083561185784,0.629195753717981,0.62792,0.25978669545363914
4,normal,0,random_072,0.03982580105277892,0.6176619858127194,0.617,0.21412271274131764
4,normal,0,random_073,0.030354199300192338,0.6030836237164894,0.60304,0.16319881397073036
4,normal,0,random_074,0.016774308157706877,0.5770191334298633,0.57576,0.09018677018767428
4,normal,0,random_075,0.039817683251388694,0.6176503474077374,0.61746,0.21407906752617503
4,normal,0,random_076,0.03597215855079582,0.6119844348721541,0.61188,0.19340367220359359
4,normal,0,random_077,0.0379356928227439,0.6149164423086018,0.61536,0.20396057937823858
4,normal,0,random_078,0.04599872974760027,0.626163692053955,0.62614,0.24731135434433782
4,normal,0,random_079,0.036959166600910254,0.6134688112643264,0.61212,0.1987103034728035
4,normal,0,random_080,0.02946441809368708,0.6015951169583297,0.60302,0.15841492110111396
4,normal,0,random_081,0.02470257617662234,0.5931889153624987,0.59274,0.13281296252215222
4,normal,0,random_082,0.03365088096943514,0.6084043584052935,0.61042,0.1809233644732389
4,normal,0,random_083,0.03124833114539526,0.6045561114184038,0.60568,0.16800609797211244
4,normal,0,random_084,0.030538975779307014,0.6033898014438385,0.60092,0.16419226143224888
4,normal,0,random_085,0.046550923118954736,0.6268927854728634,0.63114,0.2502802122080002
4,normal,0,random_086,0.024453357504799326,0.5927262446139961,0.59668,0.1314730427549186
4,normal,0,random_087,0.028685319526268488,0.6002719653752582,0.598,0.15422611147673349
4,normal,0,random_088,0.045816866092535394,0.6259225102434618,0.62644,0.24633356762964148
4,normal,0,random_089,0.040133425239169435,0.6181020743697588,0.62024,0.21577664872134927
4,normal,0,random_090,0.06271160771315575,0.6464056013535815,0.6463,0.3371678461938501
4,normal,0,random_091,0.06044216679437377,0.6438522164439325,0.64016,0.32496623736012553
4,normal,0,random_092,0.02613577306685968,0.5958030140583432,0.5961,0.1405185201736694
4,normal,0,random_093,0.03901945484792439,0.6164995607635991,0.61604,0.2097874066777106
4,normal,0,random_094,0.021731978930431176,0.5875030523042095,0.58646,0.11684159913454864
4,normal,0,random_095,0.04811488972127125,0.6289322078101847,0.63026,0.25868885089629745
4,normal,0,random_096,0.039994771236741125,0.6179039437228169,0.6201,0.21503117793739576
4,normal,0,random_097,0.022432871875520805,0.5888797060147412,0.58694,0.1206099376180597
4,normal,0,random_098,0.04136732984163444,0.6198490645455861,0.61946,0.22241071492365017
4,normal,0,random_099,0.022788702298680893,0.5895699662205867,0.5895,0.12252305357477224
4,normal,0,random_100,0.03809627461217316,0.6151525503964206,0.61604,0.20482394451994365
4,normal,0,random_101,0.05722330723350712,0.6401354633040838,0.64244,0.30766009604252376
4,normal,0,random_102,0.04936083248394872,0.6305307839809136,0.6301,0.2653876400533908
4,normal,0,random_103,0.02269321800697582,0.5893852996426104,0.59054,0.12200968397457304
4,normal,0,random_104,0.028833717820455438,0.6005254539829694,0.59846,0.15502397227243692
4,normal,0,random_105,0.02425619148960926,0.592358443561441,0.59238,0.13041298317251515
4,normal,0,random_106,0.021464172182232844,0.5869709010898123,0.58404,0.11540174090448659
4,normal,0,random_107,0.032754766554511254,0.6069868181486199,0.60612,0.17610542122092837
4,normal,0,random_108,0.02653896180061047,0.5965246678554461,0.59318,0.14268625724700648
4,normal,0,random_109,0.032371190823463555,0.6063736879536227,0.6061,0.17404313310863603
4,normal,0,random_110,0.020547054288776692,0.5851216640904277,0.58196,0.11047087282250655
4,normal,0,random_111,0.04873639711380284,0.629732451892707,0.63032,0.2620303743649977
4,normal,0,random_112,0.05405758041298982,0.6363631093387803,0.63762,0.2906396219606893
4,normal,0,random_113,0.046620981243054666,0.6269849452367656,0.62752,0.2506568784692001
4,normal,0,random_114,0.0251994922690868,0.5941041345078674,0.59216,0.13548462307663295
4,normal,0,random_115,0.03203314520787544,0.6058300969324919,0.60726,0.172225636854283
4,normal,0,random_116,0.04044227553329657,0.618542070907034,0.6158,0.21743717684787237
4,normal,0,random_117,0.027948691589279984,0.5990032322472821,0.59514,0.150265644443315
4,normal,0,random_118,0.03374030332357096,0.608544694034568,0.60842,0.18140414217365247
4,normal,0,random_119,0.02910115394769629,0.6009805307227101,0.601,0.15646183786549675
4,normal,0,random_120,0.03257247849861965,0.6066959213259779,0.6069,0.17512535272271734
4,normal,0,random_121,0.05452456282960698,0.6369272444614439,0.63406,0.29315034463808254
4,normal,0,random_122,0.043616807848495774,0.6229620629492737,0.62228,0.23450499351563034
4,normal,0,random_123,0.05017917416397889,0.6315685738617138,0.6281,0.26978743957644696
4,normal,0,random_124,0.04127713716163031,0.6197223397714263,0.62156,0.2219257955798736
4,normal,0,random_125,0.02256094336036714,0.5891288045927374,0.58782,0.12129851168399655
4,normal,0,random_126,0.02742784899805494,0.5980953972007386,0.59772,0.14746534349276963
4,normal,0,random_127,0.03095873996657342,0.604081698609187,0.60722,0.16644911613731858
4,normal,12,oracle_t0,0.05648978394005412,0.6392720506221156,0.63742,0.5695761562441958
4,normal,12,oracle_t12,0.09917863190156986,0.681675632176847,0.6856,1.0000000000000002
4,normal,12,bottom,4.692316261874916e-33,0.5,0.49498,-2.0468393095248573e-17
4,normal,12,random_000,0.028125246493456907,0.5993089268750986,0.6005,0.28358171467186505
4,normal,12,random_001,0.019924571757603177,0.5838417978868942,0.57604,0.20089581168428886
4,normal,12,random_002,0.019342628833528372,0.5826262518216571,0.58298,0.19502818765160043
4,normal,12,random_003,0.019578479809665775,0.583121160870014,0.58254,0.19740622989331505
4,normal,12,random_004,0.027111096477171748,0.5975388120790459,0.59708,0.27335622560390055
4,normal,12,random_005,0.015369237865460688,0.5737615805888195,0.57602,0.1549652134818106
4,normal,12,random_006,0.032235736668427904,0.6061562394130591,0.60466,0.32502703506154784
4,normal,12,random_007,0.018456111111784176,0.5807372518934173,0.58626,0.18608959165822134
4,normal,12,random_008,0.023176998392608977,0.590316771581321,0.59084,0.23368943438956744
4,normal,12,random_009,0.025295746674873068,0.5942803103754719,0.59406,0.25505238567898286
4,normal,12,random_010,0.015634696471239277,0.574388490065322,0.57654,0.15764178403626272
4,normal,12,random_011,0.013441120168915953,0.5690294541778027,0.56478,0.13552435551092934
4,normal,12,random_012,0.04389882932895982,0.6233460769305836,0.62556,0.44262386450871144
4,normal,12,random_013,0.025269488482059177,0.5942322848035253,0.59058,0.2547876291249708
4,normal,12,random_014,0.026634741708001692,0.5966952457030223,0.59204,0.26855322761898376
4,normal,12,random_015,0.016760236467667868,0.5769872258242915,0.57242,0.16899039789439335
4,normal,12,random_016,0.02363482630090264,0.5911889001116356,0.59376,0.23830562942589392
4,normal,12,random_017,0.030170510338220193,0.6027782596483454,0.60342,0.30420373582248056
4,normal,12,random_018,0.018145085899699483,0.5800633495331255,0.58186,0.18295358134913203
4,normal,12,random_019,0.02129451406355551,0.5866319756775583,0.58486,0.21470868931413897
4,normal,12,random_020,0.025692486859889917,0.5950027557303603,0.59126,0.2590526443779594
4,normal,12,random_021,0.025159979906541917,0.5940317115218329,0.59234,0.25368347419343334
4,normal,12,random_022,0.02095762008822396,0.5859547443980342,0.58748,0.21131184899811306
4,normal,12,random_023,0.02524237037914421,0.59418265878907,0.59388,0.25451420225473637
4,normal,12,random_024,0.02478433257309233,0.5933401578703296,0.59332,0.24989589085771632
4,normal,12,random_025,0.01560299200914274,0.5743139076826331,0.56994,0.157322113745509
4,normal,12,random_026,0.015575791753965212,0.5742498585758598,0.57272,0.1570478585490416
4,normal,12,random_027,0.01104835419415163,0.5626402899152706,0.56002,0.11139853396159573
4,normal,12,random_028,0.017084699942280845,0.5777194472076351,0.57576,0.17226190374592593
4,normal,12,random_029,0.0176941163000187,0.579075460698787,0.57472,0.17840653738377113
4,normal,12,random_030,0.026404719484898597,0.5962850410424431,0.59978,0.2662339556277006
4,normal,12,random_031,0.015608305539078295,0.5743264128330594,0.57154,0.15737568909569963
4,normal,12,random_032,0.024456264854533713,0.5927316563709866,0.5898,0.24658804407390306
4,normal,12,random_033,0.029977739490044356,0.602456728451857,0.6023,0.3022600626291745
4,normal,12,random_034,0.02909101198992032,0.6009633136202492,0.6015,0.293319351478772
4,normal,12,random_035,0.021606941703684487,0.5872550248313405,0.58374,0.21785884004861408
4,normal,12,random_036,0.02671109158543416,0.5968309872040248,0.59626,0.2693230494643611
4,normal,12,random_037,0.0331109284665882,0.607552686568342,0.60444,0.3338514338395921
4,normal,12,random_038,0.01558644890480675,0.5742749601214809,0.5734,0.15715531265117236
4,normal,12,random_039,0.02262617854480025,0.5892554012408586,0.5878,0.22813561864067317
4,normal,12,random_040,0.012521375607161926,0.5666487389521053,0.56636,0.12625073936882703
4,normal,12,random_041,0.01675975009368841,0.5769861227211472,0.5766,0.16898549387454426
4,normal,12,random_042,0.015541977179030733,0.5741701538046479,0.5737,0.1567069123766036
4,normal,12,random_043,0.01827717498636244,0.5803502775324589,0.5797,0.18428541144328023
4,normal,12,random_044,0.028731649314730733,0.6003511790429383,0.5971,0.2896959633728921
4,normal,12,random_045,0.017183707496660088,0.5779414388952215,0.57406,0.1732601788025682
4,normal,12,random_046,0.021044552749761268,0.5861300407694929,0.58304,0.21218837511942087
4,normal,12,random_047,0.014426793298483188,0.5714894169454497,0.56642,0.1454627173401737
4,normal,12,random_048,0.016386867790650052,0.5761354781707145,0.57506,0.16522578983458094
4,normal,12,random_049,0.018407579212256022,0.580632488669574,0.582,0.18560025339454858
4,normal,12,random_050,0.00972662399365522,0.5588031533548619,0.56054,0.09807177017029675
4,normal,12,random_051,0.026473353724371495,0.5964076357772048,0.59862,0.26692598210716445
4,normal,12,random_052,0.025385369137504808,0.5944440294836222,0.58864,0.2559560325726069
4,normal,12,random_053,0.030892574913488034,0.6039729732398943,0.60522,0.3114841808278568
4,normal,12,random_054,0.02367956282310593,0.5912736410980891,0.59406,0.23875669959439233
4,normal,12,random_055,0.014188417862926296,0.5709026538781561,0.57194,0.14305922143600083
4,normal,12,random_056,0.020613627564097476,0.5852573360031965,0.58582,0.20784343531331964
4,normal,12,random_057,0.031136616867274442,0.6043733791585967,0.60242,0.3139448111986065
4,normal,12,random_058,0.019948250802480836,0.5838908628503583,0.5837,0.20113456316153397
4,normal,12,random_059,0.010939012071677821,0.5623321008125043,0.5642,0.11029605734564156
4,normal,12,random_060,0.018720992999302903,0.5813065262567136,0.58222,0.18876034726797408
4,normal,12,random_061,0.01838193570671659,0.5805770753224984,0.57808,0.1853416946198633
4,normal,12,random_062,0.016508246229185817,0.5764134667565899,0.5731,0.1664496264232549
4,normal,12,random_063,0.012542409016243917,0.5667041695880852,0.56652,0.12646281538438306
4,normal,12,random_064,0.025653925830034074,0.594932797875972,0.59748,0.2586638405689483
4,normal,12,random_065,0.014829153044536653,0.5724685851912258,0.57532,0.14951963704494223
4,normal,12,random_066,0.018753992044173717,0.5813771518676624,0.5824,0.18909307059998745
4,normal,12,random_067,0.01839689809075304,0.5806094125983633,0.5767,0.18549255760062391
4,normal,12,random_068,0.020963001381035545,0.5859656066101646,0.5833,0.21136610758898497
4,normal,12,random_069,0.020577150145147667,0.585183025884583,0.58106,0.20747564017186204
4,normal,12,random_070,0.029214731475065557,0.6011731232754554,0.60184,0.2945667924120975
4,normal,12,random_071,0.03404183914233751,0.6090164421535396,0.60778,0.3432376358661857
4,normal,12,random_072,0.018089339012043276,0.5799419282921116,0.58404,0.18239149568019952
4,normal,12,random_073,0.01494323721535914,0.5727437117806254,0.56822,0.15066992686680333
4,normal,12,random_074,0.016878695303026568,0.5772553992264615,0.57856,0.170184796658396
4,normal,12,random_075,0.022975637069877285,0.5899303240453364,0.58482,0.2316591450130056
4,normal,12,random_076,0.02553374449554171,0.5947144060853933,0.59198,0.257452074161325
4,normal,12,random_077,0.028528349601203797,0.6000030742054843,0.5954,0.28764612955658475
4,normal,12,random_078,0.02607918706798311,0.5957012622167381,0.59294,0.26295167182650264
4,normal,12,random_079,0.013680133215718232,0.5696342821828236,0.56782,0.13793428033263377
4,normal,12,random_080,0.015428378604019214,0.5739017299598076,0.56836,0.15556151872846113
4,normal,12,random_081,0.015150893192601982,0.5732417249116009,0.57286,0.15276368409314753
4,normal,12,random_082,0.02127287449620806,0.5865886447888692,0.58458,0.21449050151569332
4,normal,12,random_083,0.026005635380312416,0.5955688281690525,0.59432,0.26221006361654386
4,normal,12,random_084,0.01854255007500888,0.5809234883712301,0.5794,0.18696113990976893
4,normal,12,random_085,0.018543101690634382,0.5809246753972833,0.57496,0.18696670174919877
4,normal,12,random_086,0.012917218180000009,0.5676840271601472,0.56898,0.13024194760842983
4,normal,12,random_087,0.018160955982058143,0.5800978803489958,0.5784,0.18311359648600553
4,normal,12,random_088,0.034249836814634636,0.6093405417043423,0.61248,0.3453348383412465
4,normal,12,random_089,0.020711119349326783,0.5854556047727956,0.58178,0.20882642714694424
4,normal,12,random_090,0.023276549015178692,0.5905071742172097,0.59382,0.23469318510341597
4,normal,12,random_091,0.027956516782152607,0.5990168028183614,0.6005,0.28188044386313116
4,normal,12,random_092,0.016955129871778253,0.5774279176946782,0.57944,0.1709554724308501
4,normal,12,random_093,0.023746170486301878,0.5913996548508035,0.5885,0.23942829247603292
4,normal,12,random_094,0.020097177048431114,0.5841987553791677,0.58438,0.20263615925229353
4,normal,12,random_095,0.018261109376119862,0.5803154371007558,0.5811,0.18412342483452637
4,normal,12,random_096,0.019547704399200047,0.5830567590253268,0.58,0.19709592706017795
4,normal,12,random_097,0.020707390909523147,0.5854480312476531,0.58436,0.2087888339705498
4,normal,12,random_098,0.03367436988563668,0.6084412403144126,0.6059,0.3395325105820869
4,normal,12,random_099,0.019460640296115175,0.5828742780466714,0.58886,0.19621807563779411
4,normal,12,random_100,0.015261976862368144,0.5735066841116654,0.56962,0.15388372041182158
4,normal,12,random_101,0.027306335590232787,0.5978822839610691,0.5988,0.27532478586045683
4,normal,12,random_102,0.021706217361977774,0.5874520122401456,0.58774,0.2188598183479702
4,normal,12,random_103,0.019980491323915207,0.5839576190166814,0.5859,0.20145963844051518
4,normal,12,random_104,0.016402327958413607,0.5761709452205898,0.57202,0.16538167187758895
4,normal,12,random_105,0.010467096837208704,0.560983513824509,0.55874,0.1055378223768685
4,normal,12,random_106,0.011442831816532387,0.5637393593267502,0.55972,0.11537597965546514
4,normal,12,random_107,0.015614873510315957,0.5743418672093134,0.56968,0.15744191274803016
4,normal,12,random_108,0.014083088734164964,0.5706417655512082,0.57252,0.14199720710144265
4,normal,12,random_109,0.020382638462730286,0.5847856071524257,0.58176,0.20551441446539717
4,normal,12,random_110,0.022418126877623585,0.5888509791447197,0.58402,0.2260378717451207
4,normal,12,random_111,0.019992794588198748,0.5839830789147534,0.5847,0.201583690003313
4,normal,12,random_112,0.025461750695025105,0.5945833196026798,0.59314,0.2567261738425138
4,normal,12,random_113,0.028529074828953834,0.6000043183363472,0.5978,0.2876534418953027
4,normal,12,random_114,0.012647140870797532,0.5669794671101942,0.56474,0.1275188075123805
4,normal,12,random_115,0.02164513996129762,0.5873308756614374,0.58504,0.21824398609147386
4,normal,12,random_116,0.025797896837448056,0.5951937087811372,0.59486,0.2601154738961438
4,normal,12,random_117,0.0170967537734622,0.577746509586189,0.57242,0.17238344032039005
4,normal,12,random_118,0.02670364315051403,0.596817753783984,0.5955,0.26924794825780757
4,normal,12,random_119,0.01681794479281946,0.5771179914335036,0.5713,0.1695722603787323
4,normal,12,random_120,0.018050122542990557,0.5798563949366159,0.57826,0.18199608319768365
4,normal,12,random_121,0.013852922998300548,0.57006814585657,0.56922,0.13967648809724378
4,normal,12,random_122,0.022670177998292507,0.5893406791513993,0.58408,0.22857925708021057
4,normal,12,random_123,0.02243513756856383,0.5888841192610027,0.59116,0.22620938742963953
4,normal,12,random_124,0.026567650546676105,0.5965757948379891,0.5931,0.2678767597141615
4,normal,12,random_125,0.017374641048114394,0.5783676762492237,0.57832,0.17518532686917793
4,normal,12,random_126,0.031668860670651174,0.6052408591732843,0.60796,0.3193113280901175
4,normal,12,random_127,0.014717298888712956,0.5721977727219792,0.57296,0.14839183205631612
4,nonnormal,0,oracle_t0,0.26669929403910625,0.7807249911969159,0.78468,1.0000000000000013
4,nonnormal,0,oracle_t12,0.22102541993978578,0.7596571435049835,0.76304,0.8287439257614871
4,nonnormal,0,bottom,4.9277728452382377e-32,0.5000000000000001,0.50136,-2.1912029732041068e-17
4,nonnormal,0,random_000,0.056070991987252114,0.6387762644723272,0.63828,0.21024049647101972
4,nonnormal,0,random_001,0.024475006774760496,0.5927665345431572,0.58964,0.09177004709720656
4,nonnormal,0,random_002,0.07289490503629395,0.657256042891821,0.65838,0.2733224521606923
4,nonnormal,0,random_003,0.04447240324982073,0.6241229220615947,0.62734,0.16675110974721882
4,nonnormal,0,random_004,0.055686272060541865,0.6383189735564292,0.63612,0.2087979732423911
4,nonnormal,0,random_005,0.04432804087497604,0.6239279197266534,0.62406,0.16620981707014282
4,nonnormal,0,random_006,0.02706854322635322,0.5974637768055792,0.5962,0.1014946189635739
4,nonnormal,0,random_007,0.03626647149918971,0.6124293371979918,0.616,0.13598263028724766
4,nonnormal,0,random_008,0.033841000063774274,0.6087024838991874,0.60636,0.1268882251289806
4,nonnormal,0,random_009,0.04305266389149902,0.6221897859358723,0.62866,0.1614277384820757
4,nonnormal,0,random_010,0.05718598624064495,0.6400916849176775,0.6383,0.21442121339946182
4,nonnormal,0,random_011,0.03933098147239894,0.6169501921312535,0.61462,0.14747313679290008
4,nonnormal,0,random_012,0.04478959255145081,0.624550156668626,0.62158,0.16794042411257135
4,nonnormal,0,random_013,0.02872020912759044,0.6003316251845527,0.60626,0.10768760836456961
4,nonnormal,0,random_014,0.0404553227885808,0.6185606179700549,0.61454,0.15168890091868362
4,nonnormal,0,random_015,0.03319384573538774,0.6076839553240116,0.60926,0.12446169329012377
4,nonnormal,0,random_016,0.04766660452377421,0.6283514398118613,0.62648,0.17872789913266465
4,nonnormal,0,random_017,0.025287367440003993,0.59426498782963,0.59198,0.0948160269081782
4,nonnormal,0,random_018,0.0229459092288928,0.5898731204581448,0.5874,0.08603663279861647
4,nonnormal,0,random_019,0.03677974539860099,0.6132005868285645,0.615,0.13790717193727556
4,nonnormal,0,random_020,0.03423817168475228,0.6093223933329333,0.60516,0.12837743649869562
4,nonnormal,0,random_021,0.06723049138263613,0.6513370153232809,0.6512,0.2520834996015331
4,nonnormal,0,random_022,0.0457294629431874,0.6258064110820447,0.62662,0.17146450690072731
4,nonnormal,0,random_023,0.06449843257150098,0.6483791289392674,0.64572,0.2418395324362713
4,nonnormal,0,random_024,0.030024094625277612,0.6025341468290405,0.60476,0.1125765808021794
4,nonnormal,0,random_025,0.05517009844195632,0.6377026313481566,0.63444,0.20686255897575323
4,nonnormal,0,random_026,0.012352539346540629,0.5662020491238636,0.56616,0.0463163556208341
4,nonnormal,0,random_027,0.0512125111327822,0.6328656461325847,0.63126,0.19202342217401197
4,nonnormal,0,random_028,0.03713354612280973,0.613728823762076,0.60962,0.1392337623412114
4,nonnormal,0,random_029,0.04404452911698311,0.6235439379047792,0.62526,0.16514677804330774
4,nonnormal,0,random_030,0.03451788809768229,0.6097566567760029,0.61248,0.1294262447227211
4,nonnormal,0,random_031,0.03368166366974243,0.6084526900782917,0.60694,0.12629078674952812
4,nonnormal,0,random_032,0.028326597576228886,0.599656312060155,0.60142,0.1062117456226764
4,nonnormal,0,random_033,0.043486559292193624,0.6227842500082569,0.62484,0.16305464717809565
4,nonnormal,0,random_034,0.034808957280022396,0.6102065370411022,0.6157,0.13051762062376654
4,nonnormal,0,random_035,0.049623945654241795,0.6308654904187516,0.62916,0.18606703040978234
4,nonnormal,0,random_036,0.025986624042842445,0.5955345649283246,0.5954,0.09743791837346247
4,nonnormal,0,random_037,0.04014257075618386,0.6181151297962438,0.61662,0.1505162242772857
4,nonnormal,0,random_038,0.03918765589116367,0.616743110067236,0.61918,0.14693573161621346
4,nonnormal,0,random_039,0.022322943286412704,0.5886652989175586,0.5908,0.08370079631009261
4,nonnormal,0,random_040,0.02967755179234502,0.6019538269410799,0.6061,0.11127720416085324
4,nonnormal,0,random_041,0.03468185931941554,0.6100103431699728,0.60774,0.13004106157975115
4,nonnormal,0,random_042,0.03571897600870692,0.6116001311438338,0.60742,0.13392977337041415
4,nonnormal,0,random_043,0.049286033824149963,0.6304354516913094,0.6335,0.1848000160694958
4,nonnormal,0,random_044,0.04080451476873445,0.6190557974747048,0.6247,0.15299821064674923
4,nonnormal,0,random_045,0.025292262422047025,0.5942739392814119,0.59548,0.09483438084518674
4,nonnormal,0,random_046,0.07371608719080684,0.6580917012769912,0.661,0.27640150850942213
4,nonnormal,0,random_047,0.06444747830996315,0.6483232867056451,0.6476,0.241648477331602
4,nonnormal,0,random_048,0.07177096834448866,0.656103364183013,0.65648,0.2691082051906928
4,nonnormal,0,random_049,0.05590714827645534,0.6385817309763205,0.63504,0.20962615772150386
4,nonnormal,0,random_050,0.055502413359138275,0.6380998051129065,0.63788,0.2081085874603027
4,nonnormal,0,random_051,0.029071086062640104,0.6009294778251667,0.60122,0.10900323590049481
4,nonnormal,0,random_052,0.0917829193531333,0.6752422751614188,0.67174,0.34414384066451703
4,nonnormal,0,random_053,0.07596652414407645,0.6603543399510354,0.66284,0.28483961465956315
4,nonnormal,0,random_054,0.05565841273226198,0.6382857900892361,0.63538,0.20869351354226243
4,nonnormal,0,random_055,0.03340824253921439,0.6080225585060168,0.60382,0.12526558294644666
4,nonnormal,0,random_056,0.01939775484634977,0.5827422088694321,0.58172,0.0727326816377155
4,nonnormal,0,random_057,0.03703249987525864,0.6135782372793611,0.60984,0.1388548852695073
4,nonnormal,0,random_058,0.019455697241843414,0.5828639049403646,0.5874,0.07294993903879865
4,nonnormal,0,random_059,0.06111837774984048,0.6446186560707577,0.64768,0.22916587751026712
4,nonnormal,0,random_060,0.04387117401376474,0.6233084801639114,0.62484,0.16449677593571704
4,nonnormal,0,random_061,0.031389591017386205,0.6047866719129699,0.60454,0.11769656582886782
4,nonnormal,0,random_062,0.013798202119227262,0.5699310487482024,0.5695,0.05173692779705686
4,nonnormal,0,random_063,0.05255519910753996,0.6345294060871596,0.6352,0.1970578860993678
4,nonnormal,0,random_064,0.035623774485386214,0.6114552449393105,0.61368,0.1335728113332115
4,nonnormal,0,random_065,0.05883919641605738,0.642015691013581,0.64506,0.22061999312015357
4,nonnormal,0,random_066,0.034577493975962485,0.6098489503776958,0.61,0.12964973942110397
4,nonnormal,0,random_067,0.054047012859927746,0.6363503117028741,0.63744,0.20265150327695608
4,nonnormal,0,random_068,0.02447709354616038,0.5927704170926242,0.59148,0.09177787153261574
4,nonnormal,0,random_069,0.06578109523312825,0.6497765923185402,0.6507,0.24664892897497812
4,nonnormal,0,random_070,0.03487039523933891,0.6103012368464442,0.61204,0.13074798478553865
4,nonnormal,0,random_071,0.02612152033464516,0.5957773960694701,0.59586,0.0979437175818507
4,nonnormal,0,random_072,0.03401862128611702,0.6089801982908916,0.6039,0.12755422322613608
4,nonnormal,0,random_073,0.035699370704632284,0.6115703111064449,0.61312,0.13385626247438703
4,nonnormal,0,random_074,0.03383000030905425,0.6086852597951959,0.61286,0.12684698109509723
4,nonnormal,0,random_075,0.05054716502365148,0.6320321767291875,0.63294,0.18952867950314023
4,nonnormal,0,random_076,0.020456026076061118,0.5849357819316814,0.58396,0.07670071324996335
4,nonnormal,0,random_077,0.03610817134563939,0.6121902841571231,0.6122,0.1353890773342087
4,nonnormal,0,random_078,0.02173973298242806,0.5875184087932341,0.58832,0.08151402522737979
4,nonnormal,0,random_079,0.04093088101553374,0.6192344237219444,0.6172,0.15347202609967192
4,nonnormal,0,random_080,0.051253650053393426,0.632916981594178,0.62756,0.19217767425315394
4,nonnormal,0,random_081,0.0511616560738891,0.6328021545341618,0.62926,0.1918327390337497
4,nonnormal,0,random_082,0.03659768811205364,0.6129276965488334,0.61496,0.13722454063446957
4,nonnormal,0,random_083,0.049164692934742446,0.6302806293841571,0.62816,0.18434504340132768
4,nonnormal,0,random_084,0.06257215276915068,0.6462502313142671,0.64436,0.23461686688970287
4,nonnormal,0,random_085,0.05032433257427398,0.6317516728642606,0.63462,0.18869316004599157
4,nonnormal,0,random_086,0.027906894280061968,0.5989307124836359,0.6018,0.10463805080777598
4,nonnormal,0,random_087,0.028001388468462025,0.5990945810450657,0.59978,0.10499236066352767
4,nonnormal,0,random_088,0.03483296113203644,0.6102435470374485,0.60778,0.130607624056661
4,nonnormal,0,random_089,0.03576279195897501,0.6116667440856225,0.61142,0.13409406308263855
4,nonnormal,0,random_090,0.03059349659967736,0.6034799541324071,0.60172,0.11471157698374504
4,nonnormal,0,random_091,0.04755267172710509,0.6282033546473942,0.63246,0.1783007034136823
4,nonnormal,0,random_092,0.04155402583210499,0.620110901838822,0.61814,0.15580853328397617
4,nonnormal,0,random_093,0.05242268945940634,0.634366273813757,0.63632,0.19656103570982691
4,nonnormal,0,random_094,0.07761098521995047,0.6619830192246516,0.66156,0.2910055892707777
4,nonnormal,0,random_095,0.016797351245065605,0.5770713537311307,0.57602,0.06298236111042202
4,nonnormal,0,random_096,0.025353285556496637,0.5943854555038407,0.59058,0.09506318960401564
4,nonnormal,0,random_097,0.05303224431338231,0.6351147982472543,0.63854,0.1988465867690157
4,nonnormal,0,random_098,0.033399764356887185,0.6080091908811023,0.61078,0.1252337936522239
4,nonnormal,0,random_099,0.04536938961553441,0.6253268243745732,0.62308,0.17011439711153467
4,nonnormal,0,random_100,0.028367791448805073,0.5997272206795405,0.6018,0.10636620374647678
4,nonnormal,0,random_101,0.03576416478991262,0.6116688304739508,0.61184,0.13409921056884594
4,nonnormal,0,random_102,0.03232072663015251,0.6062927334424267,0.6036,0.12118789720310752
4,nonnormal,0,random_103,0.05439272038124628,0.636768248607545,0.63862,0.2039477478829424
4,nonnormal,0,random_104,0.03969312343750021,0.6174716050044107,0.61374,0.14883100302350272
4,nonnormal,0,random_105,0.038551036902945354,0.6158182834403636,0.61904,0.1445487024697285
4,nonnormal,0,random_106,0.054146673867385434,0.6364709485517677,0.63836,0.20302518633381136
4,nonnormal,0,random_107,0.03598482565936098,0.6120036237212159,0.61066,0.13492658759750806
4,nonnormal,0,random_108,0.040825001744106235,0.6190847775317898,0.61812,0.15307502740565973
4,nonnormal,0,random_109,0.044839629517548066,0.6246174011920864,0.62306,0.16812803978016247
4,nonnormal,0,random_110,0.05374511218350676,0.6359841062972532,0.63892,0.20151951424223172
4,nonnormal,0,random_111,0.027784640539018413,0.5987182661487148,0.5984,0.10417965536475841
4,nonnormal,0,random_112,0.03470452042071501,0.6100453521765641,0.61672,0.1301260303134747
4,nonnormal,0,random_113,0.03852414856609332,0.6157790402562233,0.61292,0.14444788354199598
4,nonnormal,0,random_114,0.029711875902822524,0.6020114667835723,0.60118,0.11140590382839895
4,nonnormal,0,random_115,0.043235809988572946,0.6224411067137448,0.61914,0.16211445232484686
4,nonnormal,0,random_116,0.060322202744775635,0.643715737237551,0.64286,0.2261805864995302
4,nonnormal,0,random_117,0.04037472888272945,0.6184459990969428,0.618,0.15138671074550844
4,nonnormal,0,random_118,0.07079332374298322,0.6550921627477749,0.65836,0.26544248644543783
4,nonnormal,0,random_119,0.01623540006037086,0.5757870756771523,0.57704,0.060875301972079014
4,nonnormal,0,random_120,0.041111010061070506,0.6194885271099554,0.61974,0.15414742738330015
4,nonnormal,0,random_121,0.041013971774644636,0.6193517134319193,0.62312,0.15378357832709819
4,nonnormal,0,random_122,0.05751998936172524,0.6404829064377278,0.63582,0.21567357187413896
4,nonnormal,0,random_123,0.05117905035584411,0.6328238749308043,0.63592,0.19189795961117076
4,nonnormal,0,random_124,0.04433068058771289,0.6239314885394431,0.62066,0.1662197147818948
4,nonnormal,0,random_125,0.037317982065314316,0.6140031122742902,0.61418,0.13992531251260976
4,nonnormal,0,random_126,0.03268448886974864,0.6068747716045466,0.60364,0.12255183871973858
4,nonnormal,0,random_127,0.06373162719547082,0.6475360790201871,0.64802,0.23896436406061838
4,nonnormal,12,oracle_t0,0.11473922715483471,0.6943075818984266,0.69302,0.7996778026021272
4,nonnormal,12,oracle_t12,0.1434818207801651,0.7150452930476233,0.71088,0.9999999999999997
4,nonnormal,12,bottom,1.0419545483936403e-32,0.5000000000000001,0.50038,-1.3412691174892715e-17
4,nonnormal,12,random_000,0.020077084063131766,0.5841572845553815,0.58536,0.13992772013879556
4,nonnormal,12,random_001,0.019205341008829674,0.5823367166045005,0.5804,0.13385208596045786
4,nonnormal,12,random_002,0.05075385887355392,0.6322917502068609,0.6348,0.35373023981425594
4,nonnormal,12,random_003,0.026762743465113384,0.5969227018484659,0.59692,0.18652358410002176
4,nonnormal,12,random_004,0.02750495609802471,0.5982303697185206,0.60006,0.1916964528918703
4,nonnormal,12,random_005,0.027340182620260414,0.597941696215756,0.59824,0.19054806017655374
4,nonnormal,12,random_006,0.01603046281211137,0.57531299136844,0.57242,0.11172469602732704
4,nonnormal,12,random_007,0.02182865229820615,0.5876943038326539,0.587,0.1521353170702426
4,nonnormal,12,random_008,0.017197397421169176,0.5779720816984233,0.57416,0.11985767484452309
4,nonnormal,12,random_009,0.036012276925274554,0.6120451959188986,0.60776,0.2509884299590159
4,nonnormal,12,random_010,0.026678878992547242,0.5967737419455921,0.5988,0.18593908864192019
4,nonnormal,12,random_011,0.018663106111433833,0.5811824780138076,0.58378,0.1300729668048219
4,nonnormal,12,random_012,0.025000150284589608,0.5937381418457647,0.5937,0.17423914854616632
4,nonnormal,12,random_013,0.018982714428265723,0.5818649007994632,0.5813,0.13230048465408017
4,nonnormal,12,random_014,0.025429452402620872,0.5945244471257893,0.59382,0.177231179980511
4,nonnormal,12,random_015,0.024147896716048355,0.5921557553834925,0.58938,0.16829934680747055
4,nonnormal,12,random_016,0.027668966702042292,0.5985167963203596,0.60016,0.19283952874026555
4,nonnormal,12,random_017,0.01303591570220141,0.5679912787415231,0.57134,0.09085412793983366
4,nonnormal,12,random_018,0.013856542291849624,0.570077203743622,0.56812,0.09657350468865213
4,nonnormal,12,random_019,0.016988017038944103,0.5775020222319844,0.57644,0.11839839323597791
4,nonnormal,12,random_020,0.013300196855079808,0.5686702456300965,0.56796,0.09269604178955622
4,nonnormal,12,random_021,0.026972088734710693,0.5972934640666536,0.59618,0.18798262099026336
4,nonnormal,12,random_022,0.019542878615402,0.5830466555996453,0.5785,0.13620456242567833
4,nonnormal,12,random_023,0.03632456662310574,0.6125169265333641,0.61428,0.2531649405171698
4,nonnormal,12,random_024,0.018836254435065612,0.5815529310297819,0.57828,0.13127972820978814
4,nonnormal,12,random_025,0.03168395446709085,0.6052653455969734,0.60852,0.22082208251061458
4,nonnormal,12,random_026,0.0108627168575516,0.562116121142699,0.56392,0.07570796633668907
4,nonnormal,12,random_027,0.03684056147282305,0.6132915825944095,0.61102,0.25676117902955875
4,nonnormal,12,random_028,0.019604028527465088,0.5831745849955853,0.57946,0.13663074820817397
4,nonnormal,12,random_029,0.027489878402313164,0.5982039927043692,0.59788,0.19159136852906003
4,nonnormal,12,random_030,0.024261149983227728,0.5923677126121014,0.59036,0.16908866817629326
4,nonnormal,12,random_031,0.01829627638358676,0.580391680736737,0.5823,0.1275163381960373
4,nonnormal,12,random_032,0.016365879246641082,0.5760873007431667,0.57644,0.11406238893299221
4,nonnormal,12,random_033,0.014087966667323808,0.5706538698236312,0.5677,0.09818642243820286
4,nonnormal,12,random_034,0.013942179504901103,0.5702911703492846,0.56828,0.09717035530419238
4,nonnormal,12,random_035,0.026313579179269863,0.5961219847000552,0.5969,0.1833931228095165
4,nonnormal,12,random_036,0.02073468368795767,0.5855034541730727,0.58496,0.14451087653624212
4,nonnormal,12,random_037,0.02418326377255573,0.5922220021692499,0.58964,0.16854583835821244
4,nonnormal,12,random_038,0.01185787393019598,0.5648749435292432,0.56384,0.08264373748339834
4,nonnormal,12,random_039,0.01878414170712303,0.5814416225506184,0.58252,0.1309165272993228
4,nonnormal,12,random_040,0.02283590764043321,0.5896611111022951,0.58822,0.1591554073977156
4,nonnormal,12,random_041,0.021171691485479833,0.5863857296804411,0.58698,0.14755661288908448
4,nonnormal,12,random_042,0.02029137193145679,0.5845984513156878,0.58724,0.14142120458971658
4,nonnormal,12,random_043,0.031017979847282055,0.6041789388281076,0.6021,0.2161805563842549
4,nonnormal,12,random_044,0.0231176859921948,0.590203124837289,0.58418,0.1611192683957811
4,nonnormal,12,random_045,0.024605694517972204,0.593009349955178,0.59424,0.17148997959589377
4,nonnormal,12,random_046,0.030901091821354087,0.6039869755818463,0.60246,0.21536590247693482
4,nonnormal,12,random_047,0.02261663150139345,0.5892368860562863,0.58994,0.1576271570741034
4,nonnormal,12,random_048,0.0481446684433022,0.6289706807299569,0.63038,0.3355454243716825
4,nonnormal,12,random_049,0.03396656128069191,0.6088988824249235,0.6097,0.2367307655841195
4,nonnormal,12,random_050,0.029881274723517013,0.6022954161774106,0.60256,0.2082582626916858
4,nonnormal,12,random_051,0.026386947368676552,0.5962532689161366,0.5949,0.18390446416975118
4,nonnormal,12,random_052,0.04233142135188854,0.6211943236838718,0.62136,0.2950298589864314
4,nonnormal,12,random_053,0.02432850615311002,0.5924935245661338,0.59212,0.16955810862189155
4,nonnormal,12,random_054,0.018889987312580087,0.5816675320804618,0.58152,0.1316542207916519
4,nonnormal,12,random_055,0.013392531655008404,0.5689058238489052,0.56916,0.09333957139788246
4,nonnormal,12,random_056,0.00931490949137219,0.5575540291805389,0.55676,0.06492048568050982
4,nonnormal,12,random_057,0.02136196509241301,0.5867668912137869,0.58868,0.1488827293678035
4,nonnormal,12,random_058,0.012641417411716491,0.5669644528091801,0.56854,0.08810466261844394
4,nonnormal,12,random_059,0.01476891135515436,0.5723228644023096,0.5701,0.10293228281360088
4,nonnormal,12,random_060,0.02160719662930914,0.5872555312737665,0.58604,0.1505918764608827
4,nonnormal,12,random_061,0.016654447606378915,0.5767469028706096,0.5744,0.11607357305491635
4,nonnormal,12,random_062,0.0043367450609106606,0.539343903508656,0.53678,0.030225048980631344
4,nonnormal,12,random_063,0.031898209583397556,0.6056122565362404,0.60546,0.22231533869555647
4,nonnormal,12,random_064,0.014458823854270548,0.571567877894735,0.56824,0.10077112052002425
4,nonnormal,12,random_065,0.026952075003643335,0.5972580847438054,0.59646,0.18784313481035209
4,nonnormal,12,random_066,0.016188043530704094,0.5756778018881867,0.57604,0.11282295863464478
4,nonnormal,12,random_067,0.021111030575453472,0.586263835037099,0.58232,0.1471338352180421
4,nonnormal,12,random_068,0.014674449520098956,0.5720937476483045,0.57028,0.10227392878281302
4,nonnormal,12,random_069,0.029801467896430463,0.6021617498081885,0.59896,0.20770204709132184
4,nonnormal,12,random_070,0.021022320588693785,0.5860852466130679,0.58522,0.1465155688322565
4,nonnormal,12,random_071,0.03423744509292402,0.6093212628060157,0.60978,0.23861869682697107
4,nonnormal,12,random_072,0.0154549295202437,0.5739645588618025,0.5744,0.10771350291074773
4,nonnormal,12,random_073,0.02313828449279413,0.590242610383234,0.59012,0.16126283014100662
4,nonnormal,12,random_074,0.02141493869576392,0.5868726925755363,0.5849,0.14925193017012728
4,nonnormal,12,random_075,0.035281728513313466,0.6109329562528245,0.61,0.24589685523555038
4,nonnormal,12,random_076,0.008495811999550313,0.5549821732825481,0.55928,0.059211766015759754
4,nonnormal,12,random_077,0.014663459067280397,0.5720670409396394,0.57096,0.10219733055762463
4,nonnormal,12,random_078,0.015611099410143263,0.5743329871973991,0.57062,0.10880193271356454
4,nonnormal,12,random_079,0.019164438864071535,0.5822502468074202,0.5828,0.13356701747905908
4,nonnormal,12,random_080,0.04280733506051822,0.6218522149162304,0.62322,0.2983467510222444
4,nonnormal,12,random_081,0.03471983328621969,0.6100690019592779,0.61392,0.24198071293934503
4,nonnormal,12,random_082,0.015440939072662429,0.5739314594580355,0.5743,0.10761599614992462
4,nonnormal,12,random_083,0.030315764185994493,0.6030198110997002,0.60488,0.21128644744787994
4,nonnormal,12,random_084,0.026826033384195275,0.5970349535123418,0.59744,0.1869646847128922
4,nonnormal,12,random_085,0.019993703488495496,0.5839849594330324,0.58472,0.13934659721895168
4,nonnormal,12,random_086,0.019168539874096967,0.5822589209485993,0.58268,0.13359559956704156
4,nonnormal,12,random_087,0.022438626455174613,0.5888909146557748,0.58814,0.15638654662428508
4,nonnormal,12,random_088,0.016610298357601035,0.5766463738685317,0.5801,0.11576587380397417
4,nonnormal,12,random_089,0.014931785991120768,0.5727161450069963,0.57008,0.10406744150534872
4,nonnormal,12,random_090,0.011353891770971545,0.5634932776528903,0.56196,0.07913122170624907
4,nonnormal,12,random_091,0.01758348391831311,0.5788311167250465,0.5769,0.12254851396995825
4,nonnormal,12,random_092,0.01824186054243433,0.5802736724043973,0.57866,0.1271370856826767
4,nonnormal,12,random_093,0.021661562822857944,0.5873634651980224,0.58468,0.15097078295407595
4,nonnormal,12,random_094,0.03440525965896036,0.609582028441685,0.61006,0.23978828448012363
4,nonnormal,12,random_095,0.0220772890128942,0.5881841570088858,0.58854,0.15386819663182139
4,nonnormal,12,random_096,0.013337311622699036,0.5687650392451077,0.56838,0.09295471405491657
4,nonnormal,12,random_097,0.03030369193373033,0.6029997590003642,0.60066,0.21120230959544314
4,nonnormal,12,random_098,0.016064928006234776,0.5753929389226604,0.57294,0.11196490202649824
4,nonnormal,12,random_099,0.019854774614772263,0.5836969948732043,0.58166,0.13837832909294226
4,nonnormal,12,random_100,0.009163287249684677,0.5570869300029198,0.55848,0.06386375082125668
4,nonnormal,12,random_101,0.012593317237163549,0.5668381336577193,0.56598,0.08776942729531101
4,nonnormal,12,random_102,0.016486094709624744,0.5763628132007479,0.57832,0.11490023349288146
4,nonnormal,12,random_103,0.017331369241787714,0.5782712909635176,0.57692,0.12079139466972526
4,nonnormal,12,random_104,0.021987787403003025,0.5880081599314975,0.59096,0.15324441300958602
4,nonnormal,12,random_105,0.02039303440484049,0.584806897781783,0.58478,0.14212974364247546
4,nonnormal,12,random_106,0.028092966073085424,0.5992531115540303,0.59564,0.19579460255196995
4,nonnormal,12,random_107,0.020378636932769527,0.5847774106056799,0.58632,0.14202940011468446
4,nonnormal,12,random_108,0.021919674923433857,0.5878739706579725,0.59304,0.15276970144543928
4,nonnormal,12,random_109,0.015103616184237648,0.5731286541027731,0.5738,0.10526501616799644
4,nonnormal,12,random_110,0.03197117003191354,0.6057301052523822,0.60574,0.22282383829584929
4,nonnormal,12,random_111,0.021727081975098476,0.5874933526632327,0.58942,0.15142742026104825
4,nonnormal,12,random_112,0.015091783785203507,0.5731003263387628,0.57586,0.10518254997841363
4,nonnormal,12,random_113,0.009943982974095905,0.5594517226992196,0.5591,0.06930482844465377
4,nonnormal,12,random_114,0.012190191062253195,0.5657695557558287,0.56902,0.08495982972595754
4,nonnormal,12,random_115,0.023730672502418546,0.5913703511498898,0.59214,0.16539149261826944
4,nonnormal,12,random_116,0.025445685143630416,0.5945540406763588,0.5942,0.17734431445929918
4,nonnormal,12,random_117,0.018370084180517426,0.5805514516229913,0.58236,0.128030743411481
4,nonnormal,12,random_118,0.02875770715752736,0.6003957023036371,0.59838,0.20042753152392953
4,nonnormal,12,random_119,0.00900073214901193,0.5565817477822186,0.55556,0.06273081913842136
4,nonnormal,12,random_120,0.013534638358665753,0.569266758870364,0.56902,0.09432998748602976
4,nonnormal,12,random_121,0.013749749561335128,0.5698094220703531,0.5715,0.09582921018546126
4,nonnormal,12,random_122,0.029067530758279742,0.6009234393394294,0.5999,0.20258685455919462
4,nonnormal,12,random_123,0.022790175615538463,0.5895728124255848,0.58584,0.1588366769505685
4,nonnormal,12,random_124,0.02569087902498264,0.5949998398880735,0.59758,0.17905319911115972
4,nonnormal,12,random_125,0.018723585045420224,0.5813120761830759,0.5813,0.1304944761894781
4,nonnormal,12,random_126,0.02347931013171075,0.5908936586617998,0.59142,0.16363961653152173
4,nonnormal,12,random_127,0.026320504772088797,0.5961343855580246,0.59506,0.18344139089519645
5,normal,0,oracle_t0,0.13394343927339658,0.7084884428673209,0.70796,1.0000000000000016
5,normal,0,oracle_t12,0.061316608871891116,0.6448424229636323,0.6482,0.45777985995070475
5,normal,0,bottom,1.8966048810003247e-32,0.5000000000000001,0.50202,5.185240801850606e-18
5,normal,0,random_000,0.0643319561533295,0.6481965889869218,0.64586,0.4802919538449316
5,normal,0,random_001,0.0568916351959417,0.6397458379450901,0.642,0.42474372395215476
5,normal,0,random_002,0.05262759144880903,0.6346184309803399,0.63622,0.3929090647089411
5,normal,0,random_003,0.04900735749719675,0.6300795643347091,0.6302,0.3658809850116378
5,normal,0,random_004,0.04087522296932756,0.6191557849016368,0.61514,0.3051677871724332
5,normal,0,random_005,0.03814066810311434,0.6152177280822285,0.61136,0.2847520439225408
5,normal,0,random_006,0.05177097923623259,0.6335605819894933,0.63356,0.38651373682111545
5,normal,0,random_007,0.03754719307173111,0.6143429671847537,0.61758,0.28032125556439
5,normal,0,random_008,0.043796896704723684,0.6232074373770667,0.62158,0.32698052956015555
5,normal,0,random_009,0.039128578100117314,0.6166576323752317,0.61396,0.29212761978024676
5,normal,0,random_010,0.036633672786043195,0.612981693050603,0.61028,0.27350106122980006
5,normal,0,random_011,0.06682868329859869,0.6509063817708142,0.6508,0.49893211389168857
5,normal,0,random_012,0.03465992624767786,0.6099764471480449,0.6078,0.2587653895980103
5,normal,0,random_013,0.05004063090037335,0.6313935439332952,0.63358,0.3735952367046045
5,normal,0,random_014,0.05544734357521104,0.6380340798172024,0.63868,0.4139608768895028
5,normal,0,random_015,0.035272316384896696,0.6109185458035757,0.6122,0.26333739506943077
5,normal,0,random_016,0.04798712232197767,0.6287669875041352,0.62872,0.3582640746145809
5,normal,0,random_017,0.05659350235332494,0.6393945172730355,0.63842,0.4225179124884951
5,normal,0,random_018,0.0493528854888086,0.6305206591988884,0.62688,0.36846064097303627
5,normal,0,random_019,0.032314781466131016,0.6062831917649022,0.60578,0.24125691890121054
5,normal,0,random_020,0.055632875901204255,0.63825536475715,0.63714,0.41534603115312096
5,normal,0,random_021,0.047928962579017645,0.6286916984739523,0.62976,0.3578298634036732
5,normal,0,random_022,0.050406357154794204,0.6318550065487212,0.62716,0.37632568962118484
5,normal,0,random_023,0.0393630808094989,0.6169965141197761,0.61866,0.2938783789861749
5,normal,0,random_024,0.03050527964394969,0.6033340403226664,0.60382,0.22774747168978057
5,normal,0,random_025,0.04331843822297596,0.6225543014586947,0.62514,0.3234084361127778
5,normal,0,random_026,0.03656206939885494,0.6128742208839338,0.61958,0.27296648195083956
5,normal,0,random_027,0.05790363066472069,0.6409306899342793,0.6379,0.4322991180369176
5,normal,0,random_028,0.034099322219093925,0.6091061179741044,0.60928,0.25458001081704845
5,normal,0,random_029,0.04832704208796165,0.629206013001701,0.62844,0.36080186047276064
5,normal,0,random_030,0.05362510196502978,0.635838213726031,0.63598,0.4003563164864969
5,normal,0,random_031,0.02342281132432321,0.5907861430089946,0.58838,0.1748709115682339
5,normal,0,random_032,0.0414962655657434,0.6200299630776899,0.61928,0.309804390501307
5,normal,0,random_033,0.04751767749576326,0.6281578311676066,0.62816,0.35475927565793897
5,normal,0,random_034,0.04713143293811271,0.6276541339972164,0.62992,0.3518756364162875
5,normal,0,random_035,0.05688052257063572,0.6397327614448123,0.63876,0.4246607588934237
5,normal,0,random_036,0.04192454286410502,0.6206286458839934,0.62064,0.3130018393699108
5,normal,0,random_037,0.06346156234970732,0.6472377808308065,0.6493,0.4737937348329084
5,normal,0,random_038,0.037328857017754374,0.61401926227177,0.60852,0.27869119398644976
5,normal,0,random_039,0.06927814315911554,0.6535088569271498,0.6496,0.5172193840544115
5,normal,0,random_040,0.05245559861954615,0.6344068096887694,0.6344,0.39162499413261515
5,normal,0,random_041,0.04380493156978718,0.6232183721060346,0.62288,0.32704051655994504
5,normal,0,random_042,0.05404681761013447,0.6363500752360902,0.63384,0.4035047771157923
5,normal,0,random_043,0.03446801032920302,0.6096793601388666,0.61104,0.2573325764679614
5,normal,0,random_044,0.0323239919043071,0.6062979736362816,0.60298,0.24132568253925088
5,normal,0,random_045,0.030317565834796327,0.603022803285783,0.60184,0.22634603082659502
5,normal,0,random_046,0.030553019139560073,0.6034130310052733,0.60022,0.22810388702351658
5,normal,0,random_047,0.05082101788554737,0.6323759640926121,0.63338,0.3794214794038167
5,normal,0,random_048,0.0496916369033479,0.6309514409009345,0.6306,0.37098970410876675
5,normal,0,random_049,0.030875717154691815,0.603945251916814,0.6007,0.23051309808217155
5,normal,0,random_050,0.043666563464967875,0.6230299114397927,0.62408,0.32600748272439534
5,normal,0,random_051,0.0629457965836133,0.6466660738161218,0.64448,0.4699431112496116
5,normal,0,random_052,0.05089776021534839,0.6324721190825673,0.63298,0.3799944251950951
5,normal,0,random_053,0.051246054719351744,0.6329075054386534,0.631,0.3825947354894457
5,normal,0,random_054,0.04387118654182464,0.6233084971984688,0.6206,0.3275351654385826
5,normal,0,random_055,0.04491510397936067,0.6247187529930629,0.62496,0.3353288837662511
5,normal,0,random_056,0.051407101831027174,0.63310826491386,0.62952,0.38379708711300464
5,normal,0,random_057,0.03332010747643553,0.607883505993646,0.60858,0.2487625198903902
5,normal,0,random_058,0.04353063947932315,0.6228444601617679,0.61812,0.3249926962863133
5,normal,0,random_059,0.04477905676249977,0.6245359923856527,0.62742,0.3343131773038898
5,normal,0,random_060,0.04808758444485758,0.6288969188855913,0.62862,0.3590141085350542
5,normal,0,random_061,0.046829200855335734,0.6272584023145551,0.6266,0.3496192206902429
5,normal,0,random_062,0.029902156047485102,0.6023303583106471,0.60386,0.22324464870915264
5,normal,0,random_063,0.06493460530464634,0.6488561127815995,0.64862,0.484791234695013
5,normal,0,random_064,0.028210899894670516,0.5994568632966661,0.6041,0.21061800449283907
5,normal,0,random_065,0.04957465584489204,0.6308028640234992,0.63276,0.37011634249366687
5,normal,0,random_066,0.05983953885493823,0.6431650632028422,0.64442,0.44675229469655287
5,normal,0,random_067,0.06462767198340333,0.6485206529200568,0.64734,0.4824997202848409
5,normal,0,random_068,0.025088047711292964,0.5938997111591826,0.59404,0.18730329643159993
5,normal,0,random_069,0.025567497307656013,0.5947757960002715,0.59142,0.19088278937999606
5,normal,0,random_070,0.03221952984797227,0.6061301893290266,0.60458,0.24054578576415317
5,normal,0,random_071,0.03926222247281496,0.6168508979408802,0.61664,0.293125386997683
5,normal,0,random_072,0.044815688142818985,0.6245852316089553,0.62238,0.3345866612499339
5,normal,0,random_073,0.061716315132157126,0.6452923700475988,0.64184,0.4607640020814001
5,normal,0,random_074,0.025315489031431337,0.5943164012997949,0.59724,0.18900133645037326
5,normal,0,random_075,0.029174627118296072,0.6011051642593672,0.60322,0.21781303568550883
5,normal,0,random_076,0.055962213004236074,0.6386471457164103,0.64076,0.4178048085655748
5,normal,0,random_077,0.04603082989497366,0.6262062075967276,0.6269,0.34365871254820185
5,normal,0,random_078,0.05651210232677322,0.6392984139953164,0.63532,0.4219101930884759
5,normal,0,random_079,0.05034883859783089,0.6317825551038987,0.63126,0.3758962654009669
5,normal,0,random_080,0.055457738623116364,0.6380464890240684,0.63858,0.41403848463170895
5,normal,0,random_081,0.038959226130034094,0.6164122128421312,0.61324,0.2908632654303666
5,normal,0,random_082,0.023743809570259553,0.5913951914640635,0.59318,0.1772674324256769
5,normal,0,random_083,0.05465532073704922,0.63708471939573,0.64084,0.40804776279852295
5,normal,0,random_084,0.043210856812235646,0.6224068993245224,0.62142,0.3226052507434614
5,normal,0,random_085,0.05331752032214665,0.6354634593353601,0.63204,0.39805996181207853
5,normal,0,random_086,0.042729364047434375,0.6217447052549814,0.61988,0.3190105038307853
5,normal,0,random_087,0.043457201090034134,0.6227441303677331,0.62406,0.32444441717919614
5,normal,0,random_088,0.029311805409674915,0.6013374148217002,0.60044,0.21883718656682838
5,normal,0,random_089,0.04161339600954324,0.620194032466725,0.61942,0.31067886740316375
5,normal,0,random_090,0.05963532310423481,0.642931313602986,0.64468,0.44522765301338263
5,normal,0,random_091,0.04171475129849018,0.6203358012717777,0.6199,0.31143556955667556
5,normal,0,random_092,0.03270541735919519,0.6069081522489695,0.60794,0.2441733431410482
5,normal,0,random_093,0.05052195468776419,0.6320004762752942,0.63112,0.37718872205933246
5,normal,0,random_094,0.057587683643643604,0.6405620410480757,0.63782,0.42994030880526724
5,normal,0,random_095,0.03548037408246972,0.6112366100922202,0.6134,0.26489072010499565
5,normal,0,random_096,0.046678106696382955,0.6270600357745726,0.62776,0.3484911761979378
5,normal,0,random_097,0.034874695802933744,0.610307862318176,0.61094,0.2603688242747735
5,normal,0,random_098,0.03527076585606401,0.6109161716656663,0.61032,0.26332581907256897
5,normal,0,random_099,0.06615167885877139,0.6501774283347019,0.64934,0.493877708513569
5,normal,0,random_100,0.0512691057185323,0.6329362621052771,0.6304,0.3827668305118343
5,normal,0,random_101,0.043781525899702495,0.6231865160227984,0.61978,0.3268657736220927
5,normal,0,random_102,0.06618133919997908,0.6502094541832616,0.6454,0.49409914781189196
5,normal,0,random_103,0.07535450741236718,0.65974292696225,0.65912,0.5625845343463117
5,normal,0,random_104,0.052199622994621414,0.6340911358815198,0.6364,0.38971392162086443
5,normal,0,random_105,0.03436552533031557,0.6095203476164803,0.60758,0.25656744008320526
5,normal,0,random_106,0.03515738345863223,0.6107424099744196,0.61098,0.26247932447718725
5,normal,0,random_107,0.03168275025376893,0.6052633922504238,0.60374,0.2365382763473784
5,normal,0,random_108,0.061507844869093414,0.6450579038883519,0.64712,0.4592075968987753
5,normal,0,random_109,0.04114490310485362,0.6195362711312652,0.61998,0.30718117533828143
5,normal,0,random_110,0.060282334864663494,0.6436703467243794,0.6473,0.4500581379101309
5,normal,0,random_111,0.02910351531227689,0.6009845389431901,0.59864,0.2172821264718515
5,normal,0,random_112,0.05493108378753406,0.6374161354196951,0.63178,0.4101065650211685
5,normal,0,random_113,0.0678674518881762,0.6520166454745706,0.65462,0.506687391755334
5,normal,0,random_114,0.040740450097022846,0.618965122859636,0.62004,0.30416159475990573
5,normal,0,random_115,0.041074976740587264,0.6194377445642969,0.61956,0.30665911644054294
5,normal,0,random_116,0.05300234540169105,0.6350781954165101,0.63254,0.39570691695847976
5,normal,0,random_117,0.033597743205167445,0.608320871237398,0.60454,0.2508353032251918
5,normal,0,random_118,0.03417258843390646,0.6092202982084706,0.6132,0.2551270044974405
5,normal,0,random_119,0.046067432345789125,0.6262546663280749,0.627,0.34393198051126167
5,normal,0,random_120,0.03194685908320884,0.605690853235404,0.60278,0.23851007004532004
5,normal,0,random_121,0.05752855855100025,0.6404929267258197,0.64016,0.429498890450146
5,normal,0,random_122,0.04264304478360374,0.621625559200448,0.61632,0.31836605820284786
5,normal,0,random_123,0.02188735481008605,0.5878102198517514,0.58826,0.16340744219215578
5,normal,0,random_124,0.046442729699021926,0.6267503090110397,0.62364,0.3467338896997122
5,normal,0,random_125,0.03806836763915875,0.6151115567968787,0.61066,0.2842122603814596
5,normal,0,random_126,0.07326551088475974,0.6576338572673992,0.65726,0.5469884249814962
5,normal,0,random_127,0.048326278693373956,0.6292050289554493,0.6313,0.360796161092546
5,normal,12,oracle_t0,0.036686144013589855,0.6130603768912092,0.60874,0.5393426933910227
5,normal,12,oracle_t12,0.06802010013880441,0.652178973063942,0.6538,1.0
5,normal,12,bottom,2.7861110813324205e-33,0.5,0.50122,-4.696373898892754e-19
5,normal,12,random_000,0.022770495622785335,0.5895347859418143,0.591,0.3347612775682334
5,normal,12,random_001,0.02725539731762775,0.597792797446903,0.6003,0.4006962245278871
5,normal,12,random_002,0.02636754156917432,0.5962185632218852,0.59686,0.3876433806384834
5,normal,12,random_003,0.02056548022001046,0.5851592379018338,0.58574,0.30234416265256525
5,normal,12,random_004,0.017842940514093936,0.5794029060310386,0.5759,0.26231864518992104
5,normal,12,random_005,0.020766733009264744,0.5855684874036723,0.58558,0.3053028879241188
5,normal,12,random_006,0.023860330203530643,0.5916151991705124,0.59062,0.3507835206775695
5,normal,12,random_007,0.00889562456579468,0.556252617343311,0.55382,0.13077935121591897
5,normal,12,random_008,0.02523188503483493,0.594163463101331,0.59296,0.3709474843957269
5,normal,12,random_009,0.015445206038664058,0.573941556134975,0.57548,0.22706826375065578
5,normal,12,random_010,0.012177872114563965,0.5657366178065563,0.5635,0.17903343408365083
5,normal,12,random_011,0.01837820622597591,0.5805690128926695,0.58132,0.2701878737089866
5,normal,12,random_012,0.010587145263490756,0.5613294782395786,0.55888,0.15564730486850537
5,normal,12,random_013,0.016104605264145838,0.5754848667436789,0.5739,0.23676244567829455
5,normal,12,random_014,0.030306623969256544,0.6030046295250439,0.60168,0.4455539451928428
5,normal,12,random_015,0.019830201734092598,0.583645952049827,0.58098,0.2915344389912148
5,normal,12,random_016,0.03126622543881603,0.6045853488074795,0.61128,0.4596615614357076
5,normal,12,random_017,0.023719034554736347,0.5913483394063803,0.59396,0.34870625750821277
5,normal,12,random_018,0.02436272231177173,0.592557365234981,0.59196,0.3581694567055359
5,normal,12,random_019,0.014033860914437075,0.5705194886879925,0.5721,0.20631932157993066
5,normal,12,random_020,0.021304021993888506,0.5866510069821297,0.58244,0.3132018616616956
5,normal,12,random_021,0.018926737808973977,0.5817458154226124,0.5816,0.2782521309194099
5,normal,12,random_022,0.02405690460681629,0.591985080690927,0.59238,0.35367346648600717
5,normal,12,random_023,0.01836525691120041,0.5805410123148126,0.58132,0.2699974988822947
5,normal,12,random_024,0.019825277112312762,0.5836357186451708,0.58504,0.2914620394832783
5,normal,12,random_025,0.0236625383960404,0.5912414029680896,0.59468,0.3478756771565128
5,normal,12,random_026,0.010112322777453654,0.5599490610920153,0.55904,0.1486666846537723
5,normal,12,random_027,0.019976784274604184,0.5839499461868352,0.58318,0.2936894275932966
5,normal,12,random_028,0.01706026051091804,0.5776645471436042,0.58416,0.2508120463819404
5,normal,12,random_029,0.014554695434318504,0.5718021868464069,0.56966,0.21397638939986316
5,normal,12,random_030,0.024674095943013567,0.5931361672740321,0.59342,0.3627471275793871
5,normal,12,random_031,0.02005895667394201,0.5841198520001762,0.58806,0.2948974881396666
5,normal,12,random_032,0.021698049108487615,0.5874358222692064,0.58658,0.3189946657562948
5,normal,12,random_033,0.021447695048254337,0.5869380464784445,0.58546,0.31531407634636444
5,normal,12,random_034,0.024831052913333367,0.5934264683667195,0.59808,0.36505463624226014
5,normal,12,random_035,0.02027884010537396,0.5845727185699143,0.58318,0.2981301124813427
5,normal,12,random_036,0.019601150254616683,0.5831685681466136,0.58156,0.28816703025455453
5,normal,12,random_037,0.016543706409217075,0.5764944797134388,0.58002,0.2432179072870719
5,normal,12,random_038,0.01793991597011281,0.5796155091574792,0.57774,0.2637443334176799
5,normal,12,random_039,0.028788785543939793,0.6004487757519845,0.60026,0.4232393878455382
5,normal,12,random_040,0.024804602872687896,0.5933776154747125,0.59122,0.36466577999842203
5,normal,12,random_041,0.01716146711913064,0.577891630168913,0.5771,0.2522999390490501
5,normal,12,random_042,0.031652551859081335,0.6052143946229067,0.60304,0.46534115348977634
5,normal,12,random_043,0.013698959095050079,0.5696816893107026,0.56846,0.20139575018406997
5,normal,12,random_044,0.016020170893354488,0.5752891003479017,0.57242,0.23552113067553726
5,normal,12,random_045,0.014753647532664487,0.5722858934561731,0.57152,0.21690129097954322
5,normal,12,random_046,0.020308681522597072,0.5846339810230955,0.58024,0.29856882717247396
5,normal,12,random_047,0.01757229040433671,0.5788063501348683,0.5758,0.2583396726626103
5,normal,12,random_048,0.01965728454389159,0.5832858302583516,0.58148,0.2889922905696726
5,normal,12,random_049,0.012114568876960207,0.5655670893412619,0.56826,0.17810277921142068
5,normal,12,random_050,0.01777923993503073,0.5792629255535814,0.57924,0.2613821487876339
5,normal,12,random_051,0.01700399447922371,0.5775379972631791,0.57994,0.24998484925080539
5,normal,12,random_052,0.02241195324617989,0.5888389484501695,0.58816,0.3294901536523058
5,normal,12,random_053,0.018206741703899524,0.580197414997818,0.58006,0.2676670817412227
5,normal,12,random_054,0.021248427602005057,0.5865396647410589,0.58692,0.31238453866790417
5,normal,12,random_055,0.020276122985678352,0.5845671381626618,0.58516,0.2980901666463608
5,normal,12,random_056,0.024954016907572568,0.5936532213688591,0.58862,0.36686239591900693
5,normal,12,random_057,0.00883336894502355,0.5560567362562109,0.55674,0.12986409792102396
5,normal,12,random_058,0.02448920693053757,0.5927929512422139,0.59162,0.36002897497304415
5,normal,12,random_059,0.020538610659258657,0.5851044401111164,0.5859,0.30194913881847835
5,normal,12,random_060,0.019598133521401398,0.583162261359841,0.58386,0.2881226796404107
5,normal,12,random_061,0.0173006989838464,0.5782028991224689,0.57996,0.2543468614209907
5,normal,12,random_062,0.01500937238925754,0.5729027072035321,0.57404,0.2206608393493812
5,normal,12,random_063,0.019898244808687095,0.5837872104687115,0.58546,0.29253477675101885
5,normal,12,random_064,0.012408322028878767,0.5663499784504594,0.57018,0.18242140196144777
5,normal,12,random_065,0.020936188838077897,0.585911470635487,0.5848,0.3077941490141107
5,normal,12,random_066,0.02464757093027392,0.5930870115327407,0.59386,0.36235716913055316
5,normal,12,random_067,0.023894665524831778,0.5916799211762876,0.5925,0.3512883026645273
5,normal,12,random_068,0.016967904990859338,0.5774567126800687,0.57502,0.2494542783123515
5,normal,12,random_069,0.021480398988680108,0.5870032436428316,0.58628,0.3157948745274762
5,normal,12,random_070,0.016238676202655462,0.5757946291655515,0.57824,0.23873349450409806
5,normal,12,random_071,0.01839775646450135,0.5806112673330722,0.58052,0.2704752922585852
5,normal,12,random_072,0.02262177339833029,0.5892468585721174,0.58932,0.3325748323240841
5,normal,12,random_073,0.0188534689509489,0.581589664539952,0.57846,0.27717496611260184
5,normal,12,random_074,0.015131733018912342,0.5731959221925199,0.57162,0.22245972863953373
5,normal,12,random_075,0.01816585570385286,0.5801085382040121,0.58652,0.2670659947101359
5,normal,12,random_076,0.01895727354211156,0.5818108002584541,0.58322,0.2787010531214542
5,normal,12,random_077,0.019874477379671428,0.5837378976542285,0.5855,0.2921853590205661
5,normal,12,random_078,0.018975930769884165,0.5818504789152554,0.5793,0.27897534304067695
5,normal,12,random_079,0.01782049440244094,0.5793536109437986,0.57702,0.2619886528551965
5,normal,12,random_080,0.023375377000193313,0.5906957713569131,0.58732,0.3436539633504307
5,normal,12,random_081,0.01865376205804855,0.5811624354679663,0.5799,0.27423896789306346
5,normal,12,random_082,0.010709860167350427,0.561681057736234,0.56138,0.15745140253389045
5,normal,12,random_083,0.018338460155555993,0.5804830364582508,0.57586,0.2696035453951674
5,normal,12,random_084,0.020911076199900965,0.5858607339314181,0.58834,0.3074249546417754
5,normal,12,random_085,0.0157734875380019,0.5747140678677465,0.57346,0.2318945062682047
5,normal,12,random_086,0.039498502878198366,0.6171917133256142,0.6169,0.5806886905134838
5,normal,12,random_087,0.0066638328712488905,0.5487280668949035,0.54766,0.09796858366351145
5,normal,12,random_088,0.014018520277360965,0.5704813389166654,0.57336,0.20609379064062294
5,normal,12,random_089,0.020866277220670467,0.5857701443545315,0.58452,0.3067663408035263
5,normal,12,random_090,0.030810371335358334,0.6038377190441313,0.60366,0.4529598055940157
5,normal,12,random_091,0.021261171758872963,0.5865652017034683,0.58756,0.31257189735808394
5,normal,12,random_092,0.011877849141050013,0.5649290785228986,0.56932,0.17462263532120095
5,normal,12,random_093,0.02360241175639927,0.5911274469242966,0.5893,0.3469917231558803
5,normal,12,random_094,0.01865637852647957,0.5811680481942747,0.57606,0.27427743399978316
5,normal,12,random_095,0.02017749083002082,0.5843643026083859,0.58038,0.2966401223880273
5,normal,12,random_096,0.026895388928165447,0.5971578021123132,0.59662,0.39540354797011007
5,normal,12,random_097,0.018374283441330245,0.5805605316571619,0.58404,0.27013020274646726
5,normal,12,random_098,0.021066215183669947,0.5861736631885255,0.58852,0.3097057361086124
5,normal,12,random_099,0.021168639042171505,0.586379600343932,0.58604,0.31121152422554466
5,normal,12,random_100,0.02100159162343947,0.5860434587969173,0.58624,0.3087556704648011
5,normal,12,random_101,0.01225532830241266,0.5659434337522979,0.56822,0.18017215907362624
5,normal,12,random_102,0.023954197806276868,0.5917920233665606,0.58952,0.35216351868631507
5,normal,12,random_103,0.021877644627855304,0.5877910570561795,0.5842,0.32163499587932015
5,normal,12,random_104,0.01892371253978252,0.5817393741999016,0.5824,0.27820765481329873
5,normal,12,random_105,0.017628883981693842,0.5789314842492492,0.57728,0.25917168521833484
5,normal,12,random_106,0.011154549415787411,0.5629381166754076,0.55716,0.16398901784950345
5,normal,12,random_107,0.024969724038282577,0.593682143728826,0.59482,0.3670933148779318
5,normal,12,random_108,0.022864156967728266,0.5897156080217407,0.58726,0.3361382432703096
5,normal,12,random_109,0.024783632485695675,0.593338863885898,0.59676,0.3643574830839891
5,normal,12,random_110,0.022129044050605194,0.5882857579179924,0.5892,0.32533095372467574
5,normal,12,random_111,0.016082521322629065,0.5754337151906944,0.57676,0.23643777780112735
5,normal,12,random_112,0.02979580041817087,0.6021522502379494,0.60128,0.43804405399828017
5,normal,12,random_113,0.0239000054519945,0.5916899825233902,0.59304,0.3513668077998009
5,normal,12,random_114,0.018416196612934633,0.5806511010856998,0.57926,0.27074639077792945
5,normal,12,random_115,0.014327574476837848,0.5712458015570472,0.56758,0.21063736230320815
5,normal,12,random_116,0.01952923569347062,0.5830180852655221,0.58244,0.2871097756930454
5,normal,12,random_117,0.015642605520423278,0.5744070833112186,0.57786,0.2299703394805708
5,normal,12,random_118,0.01563874521955792,0.5743980088052257,0.57638,0.22991358712564228
5,normal,12,random_119,0.021223210191670748,0.5864891099984084,0.58862,0.31201380398384965
5,normal,12,random_120,0.024963457601695355,0.5936706061641569,0.59058,0.36700118863033093
5,normal,12,random_121,0.01499608076524311,0.5728707819585103,0.57608,0.22046543205084296
5,normal,12,random_122,0.015329006955839016,0.5736660834834418,0.57126,0.22535995866748298
5,normal,12,random_123,0.016656583754068692,0.5767517634270451,0.5789,0.24487737771744875
5,normal,12,random_124,0.018660940654573716,0.5811778336783024,0.57782,0.274344504293488
5,normal,12,random_125,0.03184748623273199,0.6055302409512,0.6051,0.4682069883423103
5,normal,12,random_126,0.023443092059132083,0.5908247523710287,0.59204,0.3446494787760268
5,normal,12,random_127,0.030455167389242973,0.6032510525381933,0.607,0.4477377617365308
5,nonnormal,0,oracle_t0,0.24486933903336944,0.7710363346272038,0.77094,0.9999999999999988
5,nonnormal,0,oracle_t12,0.13578359787153038,0.7097766647278683,0.70856,0.5545144949855333
5,nonnormal,0,bottom,1.3909124241869512e-31,0.5000000000000002,0.49622,-2.328837974153758e-17
5,nonnormal,0,random_000,0.030492792513678382,0.6033133679817368,0.60412,0.12452678899714327
5,nonnormal,0,random_001,0.05838583012184407,0.6414911381080988,0.64006,0.23843667137880215
5,nonnormal,0,random_002,0.055124022287913715,0.6376474563210144,0.63932,0.22511606600286382
5,nonnormal,0,random_003,0.03604719654694444,0.6120980534498436,0.6168,0.1472099230113578
5,nonnormal,0,random_004,0.01945405697167266,0.5828604624940071,0.58318,0.07944668388646874
5,nonnormal,0,random_005,0.03730594708480747,0.6139852365875298,0.61404,0.15235042178850972
5,nonnormal,0,random_006,0.029622438752477616,0.6018612022021115,0.60186,0.12097242908978822
5,nonnormal,0,random_007,0.03347415536464427,0.6081264216941278,0.60844,0.1367021101816367
5,nonnormal,0,random_008,0.01074816113192965,0.5617903676078885,0.56012,0.043893454257517076
5,nonnormal,0,random_009,0.020525215771968853,0.585077108566247,0.58538,0.08382109353908032
5,nonnormal,0,random_010,0.044025388268631734,0.6235179650874694,0.6259,0.17979134685634174
5,nonnormal,0,random_011,0.0398782251930894,0.6177371146367635,0.61706,0.16285511836847388
5,nonnormal,0,random_012,0.04064335375510217,0.6188275480301758,0.61836,0.16597975849301191
5,nonnormal,0,random_013,0.01791260300951676,0.5795556904719695,0.58272,0.07315167787125731
5,nonnormal,0,random_014,0.03094786933691502,0.6040638440425021,0.60102,0.12638523654730643
5,nonnormal,0,random_015,0.026907008680816625,0.5971783675982467,0.59862,0.10988312700574512
5,nonnormal,0,random_016,0.0587228766609931,0.6418813257737859,0.64394,0.23981310560482463
5,nonnormal,0,random_017,0.04234326041576357,0.6212107387135631,0.61834,0.1729218553164519
5,nonnormal,0,random_018,0.0450893861194373,0.624952432208707,0.6248,0.1841365125475863
5,nonnormal,0,random_019,0.030682795786813415,0.6036274291608238,0.6027,0.12530272637617607
5,nonnormal,0,random_020,0.022573650548585227,0.5891534794736566,0.58724,0.09218651317349694
5,nonnormal,0,random_021,0.05272863071293661,0.6347425701743794,0.63618,0.21533374052090284
5,nonnormal,0,random_022,0.048542577859346944,0.6294835033196661,0.63226,0.19823869354558832
5,nonnormal,0,random_023,0.020493271363947553,0.585011890044101,0.58758,0.08369063862730004
5,nonnormal,0,random_024,0.07508667259813938,0.6594744427151926,0.6562,0.3066397487515041
5,nonnormal,0,random_025,0.04553302541020842,0.6255450322923332,0.62628,0.1859482513815393
5,nonnormal,0,random_026,0.06549292865116574,0.6494640046677761,0.6507,0.2674607156196091
5,nonnormal,0,random_027,0.04660957559845995,0.6269699466040431,0.62548,0.19034467844137964
5,nonnormal,0,random_028,0.06304288701764962,0.646773898744689,0.64426,0.25745520964982227
5,nonnormal,0,random_029,0.034470872500171876,0.6096837973352937,0.60972,0.14077251417530198
5,nonnormal,0,random_030,0.04383392458230562,0.6232578198320714,0.6221,0.17900944542645303
5,nonnormal,0,random_031,0.051849773938515586,0.6336582936574584,0.63476,0.21174465591810865
5,nonnormal,0,random_032,0.03044204145728932,0.603229303444417,0.60534,0.12431953129558952
5,nonnormal,0,random_033,0.02691530128006084,0.5971930415657442,0.60042,0.10991699241036029
5,nonnormal,0,random_034,0.04445227816725969,0.6240957583335454,0.6226,0.18153468434527817
5,nonnormal,0,random_035,0.023936572770872473,0.5917588498773799,0.59368,0.09775242937871653
5,nonnormal,0,random_036,0.053364133256704034,0.635520329774796,0.64002,0.21792901253934363
5,nonnormal,0,random_037,0.03924287877445158,0.6168229468449331,0.62056,0.1602604839354907
5,nonnormal,0,random_038,0.03125816907333974,0.6045721866641537,0.60836,0.12765244189710498
5,nonnormal,0,random_039,0.06866959292260313,0.6528673116583364,0.65288,0.2804336108133372
5,nonnormal,0,random_040,0.044562771263838966,0.624244812561306,0.62318,0.18198591722325078
5,nonnormal,0,random_041,0.04293526174163205,0.6220283732356069,0.62536,0.1753394766005434
5,nonnormal,0,random_042,0.022482801397284556,0.5889769073804413,0.58904,0.09181550244728966
5,nonnormal,0,random_043,0.03441500198570008,0.6095971458976842,0.60908,0.14054434957661305
5,nonnormal,0,random_044,0.03021969910560771,0.6028601280427904,0.60166,0.12341152724510555
5,nonnormal,0,random_045,0.06538753598883741,0.6493494833190727,0.6474,0.267030311949046
5,nonnormal,0,random_046,0.03843821154506584,0.6156535163862055,0.61354,0.156974375382406
5,nonnormal,0,random_047,0.05666643461028027,0.6394805570951924,0.63774,0.23141498577965292
5,nonnormal,0,random_048,0.026446571956938697,0.5963598181391632,0.59744,0.10800279063657975
5,nonnormal,0,random_049,0.046623569769103444,0.6269883489139553,0.62428,0.19040182798365698
5,nonnormal,0,random_050,0.03050782533544273,0.6033382541390183,0.60288,0.12458818019386761
5,nonnormal,0,random_051,0.05153998516850618,0.6332736517391097,0.63236,0.21047953725836827
5,nonnormal,0,random_052,0.03615129473615353,0.6122554619366665,0.61552,0.14763504029888772
5,nonnormal,0,random_053,0.057227817368114886,0.6401407527046772,0.64272,0.23370756663134587
5,nonnormal,0,random_054,0.0837994023362568,0.6679363429677624,0.66742,0.34222088672701073
5,nonnormal,0,random_055,0.032425071469360536,0.6064600484364079,0.60478,0.13241785025989636
5,nonnormal,0,random_056,0.03775930157978512,0.6146564631701914,0.61022,0.15420183567628867
5,nonnormal,0,random_057,0.028046524675066287,0.5991727509738182,0.60162,0.11453669449095147
5,nonnormal,0,random_058,0.02618195026347906,0.5958859626059057,0.5961,0.1069221257623891
5,nonnormal,0,random_059,0.024674190679651743,0.5931363427885042,0.59238,0.10076472120623177
5,nonnormal,0,random_060,0.04481664770025006,0.6245865211304976,0.62628,0.18302270050291042
5,nonnormal,0,random_061,0.04568550495524591,0.6257479746530145,0.62678,0.1865709489623773
5,nonnormal,0,random_062,0.04400218800674615,0.6234864756042999,0.62418,0.17969660138115431
5,nonnormal,0,random_063,0.03238440349410055,0.6063948724969179,0.60804,0.13225176995184093
5,nonnormal,0,random_064,0.018057343115525853,0.5798721506744152,0.57842,0.07374276904902771
5,nonnormal,0,random_065,0.019839803197813224,0.5836659001544451,0.58554,0.08102199840997468
5,nonnormal,0,random_066,0.04416470104570028,0.6237068614157797,0.6275,0.18036027385070735
5,nonnormal,0,random_067,0.03432931164479996,0.609464098524768,0.60798,0.14019440645495315
5,nonnormal,0,random_068,0.031432103391537965,0.6048559506779789,0.60438,0.12836275670779074
5,nonnormal,0,random_069,0.03402799673866765,0.60899483529327,0.60836,0.13896389345025534
5,nonnormal,0,random_070,0.03652922302228075,0.6128248824379252,0.61232,0.1491784278361723
5,nonnormal,0,random_071,0.03929372721108447,0.6168964053580168,0.61964,0.1604681393195155
5,nonnormal,0,random_072,0.04083706142535391,0.6191018329630403,0.62072,0.1667708239282208
5,nonnormal,0,random_073,0.01967986705854178,0.5833329548384192,0.5853,0.08036884951063589
5,nonnormal,0,random_074,0.03370516486762082,0.6084895731304413,0.6053,0.13764550923636712
5,nonnormal,0,random_075,0.022873902561402513,0.5897344004275448,0.59032,0.09341268552321838
5,nonnormal,0,random_076,0.044788268500474175,0.6245483767192301,0.6242,0.18290680522631952
5,nonnormal,0,random_077,0.03222343701970274,0.6061364701765442,0.60992,0.13159441335900152
5,nonnormal,0,random_078,0.05548205964008463,0.6380755174054108,0.63314,0.22657822273340544
5,nonnormal,0,random_079,0.040466126623148774,0.6185759734740004,0.61698,0.1652559964546407
5,nonnormal,0,random_080,0.04006248097630968,0.6180007447429017,0.6208,0.16360758408732484
5,nonnormal,0,random_081,0.039132307763303745,0.61666303077645,0.61508,0.15980893286917794
5,nonnormal,0,random_082,0.06724742720500773,0.6513551335392067,0.6511,0.2746257553945679
5,nonnormal,0,random_083,0.03538829889038531,0.6110959764083786,0.60868,0.14451910978353535
5,nonnormal,0,random_084,0.036016992200005496,0.6120523350071091,0.61234,0.14708657417945345
5,nonnormal,0,random_085,0.038894593713742355,0.6163183966424991,0.61984,0.15883815371610066
5,nonnormal,0,random_086,0.04249405158110334,0.6214195932899309,0.62208,0.17353765787439981
5,nonnormal,0,random_087,0.04542384923625144,0.6253994942251049,0.62234,0.18550239656611836
5,nonnormal,0,random_088,0.037490896337653956,0.6142595995321402,0.615,0.15310571950596416
5,nonnormal,0,random_089,0.0507670778150338,0.6323083309726495,0.6363,0.20732313002288733
5,nonnormal,0,random_090,0.02624632322541217,0.5960014672349468,0.59562,0.10718501274606466
5,nonnormal,0,random_091,0.0551524500715098,0.6376815009329817,0.63806,0.22523215968657403
5,nonnormal,0,random_092,0.06137723515084665,0.6449107768024582,0.6448,0.2506530029163121
5,nonnormal,0,random_093,0.013452580097085434,0.5690585796565681,0.56596,0.05493778906820251
5,nonnormal,0,random_094,0.025131268479580877,0.593979048080715,0.59606,0.10263134036620279
5,nonnormal,0,random_095,0.03839058581731524,0.6155838862250826,0.61684,0.15677988093104436
5,nonnormal,0,random_096,0.04086040773010955,0.6191348427143993,0.62078,0.1668661658148277
5,nonnormal,0,random_097,0.038836895055603116,0.616234573390924,0.61812,0.15860252332494182
5,nonnormal,0,random_098,0.02318298260911458,0.5903282292613883,0.59164,0.09467490989533522
5,nonnormal,0,random_099,0.07170601690649052,0.6560364321674567,0.65338,0.29283379123557285
5,nonnormal,0,random_100,0.05743481187023728,0.6403832591997842,0.63964,0.23455289297126056
5,nonnormal,0,random_101,0.04486384053052889,0.62464992346961,0.62744,0.18321542708299232
5,nonnormal,0,random_102,0.02568042339553953,0.5949808760300382,0.59288,0.10487398502774538
5,nonnormal,0,random_103,0.060090936169617824,0.6434521971576888,0.64466,0.24540000151439492
5,nonnormal,0,random_104,0.03781052801582818,0.6147320324479324,0.61494,0.15441103473830803
5,nonnormal,0,random_105,0.04279368079643521,0.6218333956086708,0.6215,0.17476128683715467
5,nonnormal,0,random_106,0.042584761871931644,0.6215450368242909,0.62134,0.1739081015207394
5,nonnormal,0,random_107,0.10340698441071819,0.6852228764416541,0.68838,0.42229453805413486
5,nonnormal,0,random_108,0.03276350682122556,0.6070007440812681,0.60796,0.13379995613399637
5,nonnormal,0,random_109,0.027158335349762128,0.5976220364923187,0.59406,0.11090949751802574
5,nonnormal,0,random_110,0.04191250652806543,0.6206118662674096,0.62214,0.17116273802802953
5,nonnormal,0,random_111,0.05613955615221673,0.6388575764849977,0.63668,0.22926331395277824
5,nonnormal,0,random_112,0.0611150285990654,0.644614871944734,0.64594,0.2495822010232851
5,nonnormal,0,random_113,0.025899310126694153,0.5953770325296884,0.59492,0.10576787697852488
5,nonnormal,0,random_114,0.031656294919497036,0.6052204691881914,0.60652,0.12927831244394
5,nonnormal,0,random_115,0.022139616549364853,0.5883064975650966,0.58692,0.09041400053090258
5,nonnormal,0,random_116,0.02980895512659198,0.6021742980864598,0.6002,0.12173412663367274
5,nonnormal,0,random_117,0.02120767174063225,0.5864579435323104,0.5869,0.08660811445136529
5,nonnormal,0,random_118,0.040095748368105866,0.6180482726977402,0.61756,0.16374344181425582
5,nonnormal,0,random_119,0.028947256213316425,0.6007189274916421,0.5991,0.1182151114859326
5,nonnormal,0,random_120,0.02638839415258134,0.5962558558298752,0.59878,0.10776520350302103
5,nonnormal,0,random_121,0.03285897301124717,0.6071527213941063,0.60756,0.13418982197182835
5,nonnormal,0,random_122,0.019933181541755288,0.5838596416031967,0.58578,0.08140333787987593
5,nonnormal,0,random_123,0.025867861039834336,0.5953202230338035,0.59446,0.10563944486454946
5,nonnormal,0,random_124,0.03796682340753857,0.6149622568405834,0.61712,0.15504931551420004
5,nonnormal,0,random_125,0.05110202104396215,0.6327276564633582,0.63342,0.20869097472835577
5,nonnormal,0,random_126,0.01895607216487661,0.5818082445706876,0.58456,0.07741300825863441
5,nonnormal,0,random_127,0.04503909478603768,0.6248850522213487,0.62644,0.1839311322676456
5,nonnormal,12,oracle_t0,0.08789223149162081,0.6717314840837323,0.67476,0.5392513387443427
5,nonnormal,12,oracle_t12,0.16298936168852124,0.727602862643203,0.72664,1.0000000000000016
5,nonnormal,12,bottom,2.0518671694826958e-32,0.5000000000000001,0.5026,-1.3785190969311088e-17
5,nonnormal,12,random_000,0.01659745816096409,0.5766171103934711,0.57828,0.10183154280144055
5,nonnormal,12,random_001,0.0236082696600033,0.5911385559324723,0.58904,0.14484546362675882
5,nonnormal,12,random_002,0.017161680598752053,0.5778921084292575,0.57772,0.10529325608102377
5,nonnormal,12,random_003,0.017034997077922664,0.577607753127169,0.57328,0.10451600583894062
5,nonnormal,12,random_004,0.01036173566364169,0.5606781992159325,0.5567,0.06357307959425824
5,nonnormal,12,random_005,0.014239326557107766,0.5710283907435312,0.5701,0.08736353348214024
5,nonnormal,12,random_006,0.014315296355640668,0.5712155941953656,0.5721,0.08782963628631027
5,nonnormal,12,random_007,0.014099684977819396,0.5706829392130831,0.5712,0.08650678076011144
5,nonnormal,12,random_008,0.006223180064592026,0.547097184379241,0.54284,0.03818151074476113
5,nonnormal,12,random_009,0.011032972749243315,0.5625970308986714,0.56154,0.06769136730732006
5,nonnormal,12,random_010,0.021326407311335026,0.5866957964117417,0.58712,0.13084539438893333
5,nonnormal,12,random_011,0.015643885565955203,0.5744100920904254,0.57028,0.09598102234335557
5,nonnormal,12,random_012,0.019594173151967032,0.5831539810363984,0.58404,0.12021749731993094
5,nonnormal,12,random_013,0.015172900271507223,0.573294296266833,0.56864,0.09309135341301122
5,nonnormal,12,random_014,0.018321991466160932,0.5804473839026203,0.58076,0.11241219228267778
5,nonnormal,12,random_015,0.010176420145050897,0.5601373146319238,0.55556,0.062436100366467046
5,nonnormal,12,random_016,0.036911171052413455,0.6133971298714224,0.61068,0.2264636824761124
5,nonnormal,12,random_017,0.01612134267510131,0.5755236102813286,0.57396,0.09891039824985526
5,nonnormal,12,random_018,0.019552060121490356,0.5830658771963256,0.58574,0.11995911830647635
5,nonnormal,12,random_019,0.017309043787659427,0.5782215134966161,0.57948,0.10619738373316462
5,nonnormal,12,random_020,0.005680396326189463,0.5450055755437214,0.54542,0.03485133181296164
5,nonnormal,12,random_021,0.027396234152706072,0.5980399986111363,0.6007,0.16808602640619785
5,nonnormal,12,random_022,0.02227138848241962,0.588564554327563,0.58806,0.13664320328452542
5,nonnormal,12,random_023,0.017220061006550803,0.5780227828362944,0.5772,0.10565144146928437
5,nonnormal,12,random_024,0.03718444904879423,0.6138045989317016,0.61368,0.22814034402966232
5,nonnormal,12,random_025,0.02635650062367827,0.596198811350195,0.59296,0.1617068767595186
5,nonnormal,12,random_026,0.03321251605141637,0.6077134885374571,0.60842,0.20377106645086926
5,nonnormal,12,random_027,0.014418332583949043,0.5714686768590996,0.5761,0.08846180164508553
5,nonnormal,12,random_028,0.0300473256165636,0.6025729212428994,0.59886,0.18435145278981582
5,nonnormal,12,random_029,0.024021594517495835,0.5919187576248671,0.58984,0.14738136445617864
5,nonnormal,12,random_030,0.028062275878748794,0.5992000142304386,0.60102,0.1721724386673585
5,nonnormal,12,random_031,0.024332881242776116,0.5925016902680155,0.5911,0.14929122361542346
5,nonnormal,12,random_032,0.013109545732419667,0.5681811488059266,0.56334,0.08043191038119724
5,nonnormal,12,random_033,0.015740920780369698,0.5746378059618938,0.57422,0.09657636926299035
5,nonnormal,12,random_034,0.015199664351922017,0.5733581782265267,0.5751,0.09325556094249371
5,nonnormal,12,random_035,0.008371245305129523,0.554580150059384,0.55118,0.05136068525212891
5,nonnormal,12,random_036,0.02390549375323732,0.5917003221987611,0.58996,0.14666904333867906
5,nonnormal,12,random_037,0.02291430875159442,0.5898122707196121,0.58976,0.14058775685854003
5,nonnormal,12,random_038,0.01597778765759758,0.5751906306519711,0.57658,0.09802963513736411
5,nonnormal,12,random_039,0.03471879658779603,0.610067401019535,0.60736,0.2130126544954818
5,nonnormal,12,random_040,0.022140420188866118,0.5883080738198798,0.58978,0.13583966437746603
5,nonnormal,12,random_041,0.027972860600772913,0.5990451400127748,0.59706,0.17162384287528004
5,nonnormal,12,random_042,0.02097240757640394,0.58598458963672,0.58684,0.1286734751221557
5,nonnormal,12,random_043,0.013154985153691113,0.5682980498206393,0.56728,0.08071069803212555
5,nonnormal,12,random_044,0.015222831999085102,0.5734134290728053,0.57326,0.09339770302417973
5,nonnormal,12,random_045,0.04179659047068757,0.6204501348617196,0.62028,0.2564375370127682
5,nonnormal,12,random_046,0.022611552780662396,0.5892270348988148,0.58536,0.13873023703150608
5,nonnormal,12,random_047,0.018973662197852483,0.5818456553894189,0.58284,0.11641043317975497
5,nonnormal,12,random_048,0.007498836088367248,0.5516747476622513,0.55,0.04600813213010685
5,nonnormal,12,random_049,0.01531625835816923,0.5736357947782793,0.57674,0.09397090828197238
5,nonnormal,12,random_050,0.022761571478092817,0.5895175366531279,0.59056,0.13965065721032185
5,nonnormal,12,random_051,0.023424164172359974,0.5907887190352562,0.59402,0.14371590838624465
5,nonnormal,12,random_052,0.016532284621754427,0.5764683951351262,0.5742,0.10143167904018338
5,nonnormal,12,random_053,0.027673508379385335,0.5985247150162837,0.59856,0.1697872063102529
5,nonnormal,12,random_054,0.040423432084051525,0.6185152786191638,0.61996,0.24801270257933927
5,nonnormal,12,random_055,0.010156666432405339,0.5600793629195506,0.55876,0.06231490403536351
5,nonnormal,12,random_056,0.014727459083774395,0.5722224155931223,0.56772,0.09035840702241132
5,nonnormal,12,random_057,0.016707807997096084,0.5768682215518315,0.57576,0.10250857984845269
5,nonnormal,12,random_058,0.019528883691316716,0.5830173479821312,0.58596,0.119816922337773
5,nonnormal,12,random_059,0.008777972701658782,0.5558818447658143,0.5561,0.05385610821909857
5,nonnormal,12,random_060,0.01929812413391738,0.5825325107507942,0.58396,0.11840112712875607
5,nonnormal,12,random_061,0.03433897435525702,0.6094791103040613,0.61248,0.2106823046578962
5,nonnormal,12,random_062,0.02846963129858566,0.5999022868452076,0.5971,0.17467171478953475
5,nonnormal,12,random_063,0.02578870193108583,0.5951770684076814,0.59896,0.15822322183437373
5,nonnormal,12,random_064,0.009660120347951526,0.558603238996597,0.559,0.059268410207117685
5,nonnormal,12,random_065,0.014489649212584683,0.5716433019452565,0.57202,0.08889935553140563
5,nonnormal,12,random_066,0.020794036840287147,0.5856238498458405,0.58448,0.1275791047027067
5,nonnormal,12,random_067,0.011618814560343999,0.5642233987442749,0.56666,0.07128572343603634
5,nonnormal,12,random_068,0.01134112390755633,0.5634578701622456,0.56462,0.06958198860383086
5,nonnormal,12,random_069,0.02525627299369038,0.5942081040325875,0.59394,0.15495657343548658
5,nonnormal,12,random_070,0.01252040905339398,0.5666461905835758,0.56142,0.07681733901946906
5,nonnormal,12,random_071,0.02126776001950563,0.5865784002297801,0.58528,0.1304855715684632
5,nonnormal,12,random_072,0.012056660726429833,0.5654116101897754,0.56658,0.07397207156053894
5,nonnormal,12,random_073,0.011710013992589387,0.5644727627844676,0.56552,0.0718452656742572
5,nonnormal,12,random_074,0.014278424417541801,0.5711247992083501,0.57142,0.08760341331251072
5,nonnormal,12,random_075,0.009314948877375426,0.5575541500098675,0.55536,0.05715065560644783
5,nonnormal,12,random_076,0.018245568047750443,0.5802817184584079,0.58142,0.11194330635283074
5,nonnormal,12,random_077,0.01464531651834945,0.5720229320674168,0.57042,0.08985443201095063
5,nonnormal,12,random_078,0.023374066180311993,0.5906932726191867,0.59294,0.14340853868107503
5,nonnormal,12,random_079,0.013111450036611091,0.5681860521516615,0.56694,0.08044359399153658
5,nonnormal,12,random_080,0.015913024255959293,0.5750399030489104,0.57568,0.0976322877217576
5,nonnormal,12,random_081,0.012768196748411283,0.5672962172331507,0.56724,0.07833760814900179
5,nonnormal,12,random_082,0.018813148668361764,0.5815035988520538,0.5779,0.11542562332573841
5,nonnormal,12,random_083,0.02055859560997795,0.5851452009964901,0.58268,0.12613458569931835
5,nonnormal,12,random_084,0.019494518672208607,0.5829453355727021,0.58438,0.11960608023892623
5,nonnormal,12,random_085,0.02707206304706344,0.5974699857713912,0.59542,0.1660971168093731
5,nonnormal,12,random_086,0.027871648672166086,0.5988695152774267,0.59588,0.17100287026971664
5,nonnormal,12,random_087,0.02880852740216109,0.6004824736464666,0.60094,0.1767509676933106
5,nonnormal,12,random_088,0.01839376621930953,0.5806026450117243,0.5809,0.11285255693227839
5,nonnormal,12,random_089,0.027878906360174066,0.5988821202146211,0.59918,0.17104739886920808
5,nonnormal,12,random_090,0.01079177715679597,0.5619146038774077,0.56256,0.06621154316451326
5,nonnormal,12,random_091,0.03070316344684699,0.6036610336216527,0.60654,0.18837526037755728
5,nonnormal,12,random_092,0.027761373599514617,0.5986777778269446,0.59698,0.17032629192430168
5,nonnormal,12,random_093,0.00731271362778534,0.5510329838747199,0.54786,0.04486620201482979
5,nonnormal,12,random_094,0.028176521898420067,0.5993975160098048,0.60254,0.1728733802410154
5,nonnormal,12,random_095,0.0384140145358642,0.6156181455345702,0.61876,0.23568418293014032
5,nonnormal,12,random_096,0.022645786789567423,0.5892934158793877,0.58854,0.13894027533431544
5,nonnormal,12,random_097,0.023676787548330695,0.591268386560664,0.59052,0.14526584620644112
5,nonnormal,12,random_098,0.010849427717399161,0.5620784223194177,0.56032,0.06656525067036484
5,nonnormal,12,random_099,0.03942717964253474,0.6170889525361059,0.61784,0.24190032548186555
5,nonnormal,12,random_100,0.03046158310658946,0.6032616812784337,0.60012,0.1868930756646727
5,nonnormal,12,random_101,0.011378982288927005,0.5635627985583107,0.56372,0.0698142637718447
5,nonnormal,12,random_102,0.008855436679695836,0.5561262504838462,0.55392,0.054331378367006036
5,nonnormal,12,random_103,0.01951282556724157,0.5829837061832736,0.583,0.11971839980900925
5,nonnormal,12,random_104,0.022613497953254152,0.5892308080732259,0.59086,0.13874217138459274
5,nonnormal,12,random_105,0.024287330200193087,0.592416635470764,0.59326,0.14901175112647608
5,nonnormal,12,random_106,0.025469132742593402,0.594596769860974,0.5957,0.15626254670084483
5,nonnormal,12,random_107,0.042776384377368304,0.6218095516900684,0.62052,0.26244893491340643
5,nonnormal,12,random_108,0.011779777888772054,0.5646628441838775,0.56534,0.07227329297284857
5,nonnormal,12,random_109,0.011939349463468618,0.5650954582586698,0.56872,0.07325232358591094
5,nonnormal,12,random_110,0.022119139106065992,0.5882663230659287,0.58932,0.13570909706571235
5,nonnormal,12,random_111,0.01724872712684754,0.5780868627435942,0.57808,0.1058273187167303
5,nonnormal,12,random_112,0.020787450933856224,0.5856104994573389,0.58344,0.1275386977315848
5,nonnormal,12,random_113,0.015128715696660043,0.5731887065003595,0.57264,0.09282026470888088
5,nonnormal,12,random_114,0.01681458894253072,0.5771103935435541,0.57762,0.10316372043142334
5,nonnormal,12,random_115,0.013309290343489372,0.5686934835981163,0.57046,0.08165741742656767
5,nonnormal,12,random_116,0.021583022819884144,0.5872074929586502,0.58586,0.132419825418607
5,nonnormal,12,random_117,0.008479467274573525,0.554929594729593,0.55332,0.052024667050222066
5,nonnormal,12,random_118,0.022829667613996532,0.5896490684369351,0.58948,0.14006845218294006
5,nonnormal,12,random_119,0.03083249944046587,0.603874146627035,0.60732,0.1891687845209676
5,nonnormal,12,random_120,0.01449470260663553,0.571655658775804,0.57358,0.08893035997242242
5,nonnormal,12,random_121,0.013659335513658806,0.5695818705246961,0.56988,0.08380507397631466
5,nonnormal,12,random_122,0.010396453702268577,0.5607789795740062,0.55838,0.06378608759838329
5,nonnormal,12,random_123,0.011104482830711066,0.5627978857616791,0.5604,0.0681301080982952
5,nonnormal,12,random_124,0.010448266132253112,0.5609290622026241,0.56322,0.0641039760142147
5,nonnormal,12,random_125,0.028287724845870103,0.599589348598966,0.5998,0.17355565144140533
5,nonnormal,12,random_126,0.007988729874157326,0.5533262081182829,0.55274,0.04901381164633369
5,nonnormal,12,random_127,0.01802130073792754,0.5797934712747695,0.57834,0.11056734348323265
6,normal,0,oracle_t0,0.12147829386672207,0.6994453839235294,0.69854,0.9999999999999993
6,normal,0,oracle_t12,0.06437445968570965,0.6482432194240564,0.64326,0.5299256158169049
6,normal,0,bottom,6.319647273564195e-33,0.5,0.49872,-5.184633169504231e-18
6,normal,0,random_000,0.04147325558835096,0.6199977023207043,0.61594,0.34140465978105217
6,normal,0,random_001,0.04344461898438304,0.6227269316559794,0.6216,0.357632772090523
6,normal,0,random_002,0.04422425531987423,0.6237875120322002,0.62416,0.3640506786207757
6,normal,0,random_003,0.049465718952004856,0.630664328673184,0.6309,0.40719800531834377
6,normal,0,random_004,0.039271622161418565,0.6168644775191039,0.6154,0.3232809822346102
6,normal,0,random_005,0.05447459730287517,0.6368670137825391,0.63602,0.4484307078155136
6,normal,0,random_006,0.02862236243547957,0.6001642134856151,0.59638,0.23561709276952902
6,normal,0,random_007,0.027251207446523245,0.5977854328840817,0.59668,0.22432985004235775
6,normal,0,random_008,0.036194181143506476,0.6123202398570908,0.61288,0.29794772375726897
6,normal,0,random_009,0.035010537275771386,0.6105169141162465,0.60778,0.28820405820139844
6,normal,0,random_010,0.041547519760692694,0.6201017880350751,0.62084,0.3420159967530978
6,normal,0,random_011,0.03892134029922609,0.6163572305157554,0.61868,0.32039748880510277
6,normal,0,random_012,0.05481674369570193,0.6372788335048143,0.6364,0.45124723068504075
6,normal,0,random_013,0.02124792384928793,0.5865386551477932,0.58494,0.17491127980937668
6,normal,0,random_014,0.03918782202828027,0.6167433503466138,0.6117,0.32259114596451716
6,normal,0,random_015,0.022790431070169398,0.5895733059119305,0.5871,0.18760908097024756
6,normal,0,random_016,0.03857855086438193,0.6158584243229033,0.61672,0.3175756724629977
6,normal,0,random_017,0.022458813793056955,0.5889302231651486,0.58824,0.18487923297389458
6,normal,0,random_018,0.03562922375286563,0.6114635437611374,0.61304,0.29329703783916844
6,normal,0,random_019,0.049604112196174735,0.6308402946832984,0.6308,0.40833724789217923
6,normal,0,random_020,0.04117849364697369,0.6195835678348631,0.61802,0.3389782020823569
6,normal,0,random_021,0.05707822152541348,0.6399651838526812,0.64082,0.4698635427662153
6,normal,0,random_022,0.02786421249319246,0.5988565985333618,0.59928,0.22937606058052817
6,normal,0,random_023,0.03634315489914393,0.61254493585739,0.61206,0.29917406429017845
6,normal,0,random_024,0.048693532627002455,0.6296774425378469,0.62736,0.40084142670315853
6,normal,0,random_025,0.04575950686579375,0.6258463327519802,0.62182,0.3766887516217342
6,normal,0,random_026,0.0318754728188202,0.6055755016622718,0.60802,0.2623964479925264
6,normal,0,random_027,0.03230506451214459,0.6062675945343662,0.60594,0.26593281387033263
6,normal,0,random_028,0.026674417910709312,0.5967658112336498,0.59794,0.21958176281249628
6,normal,0,random_029,0.03982779233718767,0.6176648404984635,0.61656,0.32785933247370147
6,normal,0,random_030,0.03587476405853314,0.6118367740732946,0.6126,0.2953183068070788
6,normal,0,random_031,0.029326564714471516,0.6013623686097288,0.60358,0.2414140319310598
6,normal,0,random_032,0.05452389393308704,0.6369264383483351,0.63514,0.44883651389528917
6,normal,0,random_033,0.032621289154309535,0.6067738992614918,0.60762,0.26853595087612464
6,normal,0,random_034,0.047027267428746744,0.6275179023452999,0.62494,0.3871248593624628
6,normal,0,random_035,0.047601731255117935,0.628267144255386,0.62764,0.39185380153053
6,normal,0,random_036,0.03399634694290178,0.6089454147676269,0.60952,0.27985532115062717
6,normal,0,random_037,0.04045050560654555,0.618553770581955,0.61764,0.3329854603566059
6,normal,0,random_038,0.02149133602652595,0.5870250356387151,0.58644,0.1769150301872431
6,normal,0,random_039,0.041807100327087676,0.6204648088032846,0.61988,0.3441528440706916
6,normal,0,random_040,0.038742352131854535,0.6160970771653601,0.61824,0.3189240719363415
6,normal,0,random_041,0.037206753352542386,0.6138377838795122,0.61316,0.30628314053672134
6,normal,0,random_042,0.041515620859511604,0.62005709227402,0.6172,0.3417534074446235
6,normal,0,random_043,0.03842144249558129,0.6156290049099183,0.61476,0.31628236841830126
6,normal,0,random_044,0.02923476981155234,0.6012070607035978,0.60366,0.24065838332917955
6,normal,0,random_045,0.030562464150474068,0.6034286510842861,0.60206,0.251587861317884
6,normal,0,random_046,0.02216750554784592,0.5883611813644918,0.5904,0.18248120583720595
6,normal,0,random_047,0.03218151611301521,0.6060690602495882,0.6038,0.2649157729225487
6,normal,0,random_048,0.03747185537240508,0.6142313871451749,0.61534,0.30846544003586923
6,normal,0,random_049,0.050674436281474666,0.6321920782756237,0.63154,0.41714807368854934
6,normal,0,random_050,0.052501266723136035,0.6344630378536256,0.63184,0.43218640180061224
6,normal,0,random_051,0.03915144077440987,0.616690719941494,0.6188,0.3222916582724171
6,normal,0,random_052,0.03891297813965233,0.6163450908978029,0.61464,0.3203286521487126
6,normal,0,random_053,0.03529137197901845,0.6109477187395896,0.61376,0.2905158679437643
6,normal,0,random_054,0.035041434147784704,0.6105644014328985,0.60742,0.2884583988826006
6,normal,0,random_055,0.04564667692593906,0.6256963320443316,0.62568,0.3757599442087945
6,normal,0,random_056,0.026168988100657358,0.5958626863714485,0.59372,0.21542110337315254
6,normal,0,random_057,0.025413104054199998,0.5944946327193857,0.59662,0.2091987238648705
6,normal,0,random_058,0.02657777889667878,0.5965938378541521,0.5947,0.21878623785940005
6,normal,0,random_059,0.045295170189645746,0.6252277099933249,0.62574,0.37286636770961373
6,normal,0,random_060,0.028637133879215883,0.6001895063231482,0.59824,0.23573869016167306
6,normal,0,random_061,0.020375703326780924,0.584771401009735,0.58528,0.16773122735108364
6,normal,0,random_062,0.03970656437421786,0.6174909073402058,0.621,0.32686139317844914
6,normal,0,random_063,0.035696941783352615,0.6115666160555497,0.60542,0.2938544874734321
6,normal,0,random_064,0.03671356795765482,0.6131014765492626,0.61342,0.30222327618409334
6,normal,0,random_065,0.047035843868783095,0.6275291252422444,0.6274,0.3871954599591897
6,normal,0,random_066,0.02616773077829348,0.5958604282653143,0.59646,0.21541075319186626
6,normal,0,random_067,0.05897594820523318,0.642173465845439,0.64084,0.4854854832743834
6,normal,0,random_068,0.0380940218213135,0.6151492417923929,0.61492,0.3135870665347646
6,normal,0,random_069,0.032004643965354095,0.605784125489702,0.60648,0.2634597749657849
6,normal,0,random_070,0.03458245490517344,0.6098566280027133,0.6072,0.28468011695253964
6,normal,0,random_071,0.054844978219930215,0.637312753043848,0.63816,0.4514796551234285
6,normal,0,random_072,0.029797359487588056,0.6021548635755725,0.60658,0.2452895784022101
6,normal,0,random_073,0.03615589874250432,0.6122624180639106,0.61316,0.29763258596776276
6,normal,0,random_074,0.0478404745634526,0.6285770517135094,0.63026,0.39381911813759873
6,normal,0,random_075,0.02059732509185553,0.5852241338669069,0.58654,0.16955560072693748
6,normal,0,random_076,0.042006521047904546,0.62074285998789,0.62178,0.3457944601526204
6,normal,0,random_077,0.04347813517754718,0.6227727395014209,0.62372,0.35790867482258587
6,normal,0,random_078,0.02648864509521388,0.5964349263372417,0.59664,0.21805249524063483
6,normal,0,random_079,0.021849708266636327,0.5877359004659328,0.58912,0.17986512298739032
6,normal,0,random_080,0.027354762734431798,0.5979672769022928,0.59928,0.22518230923166896
6,normal,0,random_081,0.033422404074061336,0.6080448830564313,0.60742,0.2751306674650053
6,normal,0,random_082,0.023858198411134988,0.5916111791291301,0.59512,0.1963988598433116
6,normal,0,random_083,0.029621848569025833,0.6018602098237404,0.60262,0.24384478597900736
6,normal,0,random_084,0.033605731950846165,0.6083334272538886,0.60858,0.2766398084888821
6,normal,0,random_085,0.025186544887048287,0.5940804096098196,0.58934,0.20733370617372407
6,normal,0,random_086,0.04135633112329401,0.6198336189407672,0.6196,0.3404421465506209
6,normal,0,random_087,0.03252127157475369,0.6066140477782738,0.60328,0.26771261383069683
6,normal,0,random_088,0.02840706445101295,0.5997947718486277,0.60112,0.23384477627072434
6,normal,0,random_089,0.04106474602166215,0.6194233217537488,0.62244,0.3380418403531057
6,normal,0,random_090,0.03888286863260464,0.6163013681973833,0.61656,0.3200807929955314
6,normal,0,random_091,0.02418508105200653,0.5922254047739351,0.59138,0.1990897326771874
6,normal,0,random_092,0.0542190673217513,0.6365585007215787,0.63524,0.44632720460526726
6,normal,0,random_093,0.036065854924184126,0.6121262851296566,0.61134,0.296891352160026
6,normal,0,random_094,0.05029793635047569,0.6317183992482154,0.63278,0.4140487551270618
6,normal,0,random_095,0.031049545599661065,0.6042307123555858,0.60244,0.2555974784575633
6,normal,0,random_096,0.030562932832341454,0.6034294261192045,0.6016,0.2515917194710773
6,normal,0,random_097,0.02626421663903978,0.596033546799128,0.59842,0.2162050173988705
6,normal,0,random_098,0.030427295770254756,0.6032048645111061,0.60244,0.2504751655768028
6,normal,0,random_099,0.0373843708608015,0.6141016641591828,0.61012,0.3077452742447726
6,normal,0,random_100,0.03901237605725808,0.6164892984081677,0.6165,0.32114688818448384
6,normal,0,random_101,0.04129850637436668,0.6197523781449045,0.61868,0.3399661376515267
6,normal,0,random_102,0.04141294606378961,0.6199130998941347,0.6209,0.34090819639947456
6,normal,0,random_103,0.04539746594378359,0.6253642948760031,0.62528,0.37370845851350737
6,normal,0,random_104,0.04146948663030932,0.6199924171831032,0.62318,0.34137363400746196
6,normal,0,random_105,0.025745301151443564,0.5950984819553248,0.5958,0.21193334489608145
6,normal,0,random_106,0.0406448759627113,0.6188297062139776,0.61834,0.3345855022239949
6,normal,0,random_107,0.051492788126247635,0.6332149374935436,0.63504,0.42388468332245477
6,normal,0,random_108,0.04846139614219732,0.6293790667317323,0.6278,0.3989304969607648
6,normal,0,random_109,0.023590771609812766,0.5911053680823726,0.5907,0.19419742292145603
6,normal,0,random_110,0.01651491538506792,0.5764287101136764,0.57456,0.1359495170650567
6,normal,0,random_111,0.04114070429588315,0.6195303575727339,0.61502,0.33866712304191543
6,normal,0,random_112,0.041087804989517175,0.6194558264841921,0.61496,0.3382316600082972
6,normal,0,random_113,0.03131052818604727,0.6046576963166241,0.6046,0.2577458670962163
6,normal,0,random_114,0.02818713049528554,0.5994158339061971,0.6002,0.2320342968119932
6,normal,0,random_115,0.019433907922009996,0.5828181631789227,0.58102,0.15997843979708484
6,normal,0,random_116,0.039209885717735246,0.61677525550896,0.6187,0.3227727725642385
6,normal,0,random_117,0.0280979329576858,0.599261701896852,0.59598,0.2313000295222532
6,normal,0,random_118,0.07144155883108672,0.6557635458539546,0.65602,0.5881014340674525
6,normal,0,random_119,0.022702680636038447,0.5894036185700827,0.59006,0.18688672612529697
6,normal,0,random_120,0.06304223477664804,0.6467731747071455,0.64818,0.5189588425222186
6,normal,0,random_121,0.028631732749296687,0.6001802588855599,0.60364,0.2356942284743438
6,normal,0,random_122,0.05330269194753395,0.6354453620353754,0.63158,0.43878367279354535
6,normal,0,random_123,0.024555562525888846,0.592916286274867,0.59418,0.20213950776119355
6,normal,0,random_124,0.038118527708840944,0.6151852271241437,0.6185,0.31378879712174784
6,normal,0,random_125,0.02429407162906994,0.5924292286470221,0.59448,0.19998693475003665
6,normal,0,random_126,0.0412393167329152,0.6196691553412159,0.62002,0.33947889306183554
6,normal,0,random_127,0.03930452320150795,0.6169119951945706,0.61346,0.3235518210737323
6,normal,12,oracle_t0,0.046186011107400865,0.626411509417261,0.62534,0.5819653470638737
6,normal,12,oracle_t12,0.07936213271188411,0.6636952289862674,0.66212,0.9999999999999997
6,normal,12,bottom,2.569602930050759e-32,0.5000000000000001,0.4959,-2.4833936587382437e-17
6,normal,12,random_000,0.015017003210201127,0.5729210291231933,0.5746,0.1892212658235732
6,normal,12,random_001,0.017496543387737866,0.5786385375722641,0.57608,0.22046463205893443
6,normal,12,random_002,0.015152135367065387,0.5732446933166384,0.57316,0.19092399421867368
6,normal,12,random_003,0.030590943129779,0.6034757337695753,0.60174,0.3854601947358974
6,normal,12,random_004,0.01500914717462112,0.5729021663806481,0.5732,0.1891222760999914
6,normal,12,random_005,0.02487658894497828,0.5935105085251232,0.5938,0.3134566586723431
6,normal,12,random_006,0.012912602876173587,0.5676720510455675,0.5629,0.16270483711736208
6,normal,12,random_007,0.024925999358316023,0.5936016073145636,0.59438,0.3140792529959752
6,normal,12,random_008,0.026782765049394818,0.5969582275435584,0.59604,0.3374753693506047
6,normal,12,random_009,0.01637702874916977,0.5761128974688275,0.57666,0.20635822387264774
6,normal,12,random_010,0.023920628450414254,0.5917288287060625,0.5944,0.301411109215721
6,normal,12,random_011,0.018476280792386477,0.5807807489038861,0.58018,0.23280978170612743
6,normal,12,random_012,0.02977605536971071,0.6021191469504878,0.60608,0.37519222773170086
6,normal,12,random_013,0.01418848450835494,0.5709028186344399,0.56784,0.17878154257603857
6,normal,12,random_014,0.027882708396484476,0.5988887227825153,0.59426,0.35133517010826437
6,normal,12,random_015,0.019383287598229118,0.5827117938093027,0.58276,0.24423849178295273
6,normal,12,random_016,0.011431517722996616,0.5637081097788122,0.56062,0.1440424712941817
6,normal,12,random_017,0.022448712193316702,0.5889105557886043,0.5898,0.28286427577260775
6,normal,12,random_018,0.027499376676825997,0.5982206099395714,0.59564,0.346505011107244
6,normal,12,random_019,0.03178072550799783,0.6054221874617113,0.60778,0.40045200931500163
6,normal,12,random_020,0.017808462187090573,0.5793271730680725,0.58046,0.22439495485513616
6,normal,12,random_021,0.03502878216342108,0.6105449585460864,0.61096,0.4413790427052832
6,normal,12,random_022,0.020506501235595873,0.5850389069356091,0.58368,0.2583915090845978
6,normal,12,random_023,0.02477880403689683,0.5933299388495353,0.59284,0.3122245230839959
6,normal,12,random_024,0.026171479281835577,0.5958671602743717,0.59454,0.32977288270274147
6,normal,12,random_025,0.021447353599732776,0.586937365506653,0.58286,0.2702466890298315
6,normal,12,random_026,0.021024265799922,0.586089166884482,0.58418,0.2649155848198835
6,normal,12,random_027,0.02169621799609857,0.5874321924555047,0.58764,0.273382496849781
6,normal,12,random_028,0.023199163705358492,0.590359202607791,0.59094,0.29232031590658725
6,normal,12,random_029,0.02861923220320471,0.6001588527616613,0.59646,0.36061571463942144
6,normal,12,random_030,0.018737946144336173,0.5813428180150723,0.57664,0.23610688755508
6,normal,12,random_031,0.018163074071654132,0.5801024877925172,0.57768,0.22886323049801663
6,normal,12,random_032,0.01837318555121587,0.580558157800878,0.58094,0.2315107334365342
6,normal,12,random_033,0.026428520718109638,0.5963275739927494,0.59608,0.33301172505098353
6,normal,12,random_034,0.016605395114184043,0.576635200507368,0.57952,0.20923574690801436
6,normal,12,random_035,0.023095826224231272,0.59016120130468,0.5938,0.29101821530021416
6,normal,12,random_036,0.013216423984531234,0.5684557821123736,0.5685,0.16653312521869923
6,normal,12,random_037,0.011476840444391147,0.5638331959336382,0.5665,0.14461355878699236
6,normal,12,random_038,0.025920583998528576,0.5954154408662838,0.5973,0.326611484757227
6,normal,12,random_039,0.030037284516099445,0.6025561637937972,0.60212,0.37848383718651596
6,normal,12,random_040,0.020403123693219023,0.584827554965552,0.58348,0.25708890368773735
6,normal,12,random_041,0.019803760081738356,0.5835909904971104,0.58842,0.24953664178398297
6,normal,12,random_042,0.013376270634918173,0.5688643971530545,0.5669,0.16854726779431833
6,normal,12,random_043,0.021954176131441724,0.5879419692332812,0.58646,0.2766328900351512
6,normal,12,random_044,0.014022206444386096,0.5704905078036169,0.56916,0.17668636118049194
6,normal,12,random_045,0.017167542529819686,0.5779052397599942,0.5776,0.21631906733334186
6,normal,12,random_046,0.016441947100044912,0.5762617561416703,0.57248,0.20717622546429879
6,normal,12,random_047,0.02322583137988396,0.5904102242421763,0.59552,0.29265634108149396
6,normal,12,random_048,0.025497716550289037,0.5946488307773388,0.59504,0.3212831570801633
6,normal,12,random_049,0.016551424347374732,0.5765121003154824,0.5789,0.2085556899971794
6,normal,12,random_050,0.020884572583249692,0.585807152332486,0.5891,0.2631553849374099
6,normal,12,random_051,0.02361921117725104,0.5911593016880736,0.59126,0.29761311056241513
6,normal,12,random_052,0.015435042066517883,0.5739175033342598,0.57546,0.19448875098345925
6,normal,12,random_053,0.026674804113111558,0.5967664978348158,0.59254,0.3361150110462835
6,normal,12,random_054,0.013321833136587637,0.5687255226841895,0.56938,0.16786132984796595
6,normal,12,random_055,0.020009691723547565,0.5840180318533492,0.58488,0.25213147681137343
6,normal,12,random_056,0.02308939056056935,0.5901488547564415,0.58626,0.29093712292729
6,normal,12,random_057,0.009139597106168388,0.5570135930063999,0.55964,0.1151631992974373
6,normal,12,random_058,0.019031691625148082,0.5819689454310559,0.58208,0.23980821803568
6,normal,12,random_059,0.024978170882064478,0.5936976933707561,0.5936,0.3147366386025069
6,normal,12,random_060,0.012559336129457688,0.5667487439537638,0.56836,0.1582535108406554
6,normal,12,random_061,0.02446776034767502,0.5927530508228677,0.59482,0.3083052270848446
6,normal,12,random_062,0.020585729001531803,0.585200508529974,0.58406,0.2593898160003602
6,normal,12,random_063,0.017469054541469183,0.578577544483679,0.58432,0.2201182597358963
6,normal,12,random_064,0.019909466093343403,0.5838104817693732,0.5831,0.2508685869824418
6,normal,12,random_065,0.02156417746302053,0.5871700238004764,0.58814,0.2717187243607351
6,normal,12,random_066,0.02133206304545159,0.5867071087298188,0.58756,0.2687939741097355
6,normal,12,random_067,0.022564790607309877,0.5891362759663905,0.58738,0.28432691809365757
6,normal,12,random_068,0.030378373176303673,0.6031237367392719,0.60116,0.38278171387592547
6,normal,12,random_069,0.021049273014878234,0.5861395481394126,0.58088,0.2652306874274082
6,normal,12,random_070,0.029050260766121827,0.6008941016242352,0.59964,0.36604687617942083
6,normal,12,random_071,0.02279467887169995,0.5895815113736806,0.58816,0.28722361777314664
6,normal,12,random_072,0.01691851438718905,0.5773453243216242,0.57378,0.21318119623385037
6,normal,12,random_073,0.03645542957449851,0.6127139499004557,0.61574,0.4593554675105077
6,normal,12,random_074,0.04248712533238709,0.6214100089340174,0.62054,0.5353576558562521
6,normal,12,random_075,0.007873033567142928,0.5529409443821938,0.5496,0.0992039061717903
6,normal,12,random_076,0.01771305485414354,0.579117208913326,0.577,0.22319277782577887
6,normal,12,random_077,0.02529427286087565,0.5942776155049004,0.58958,0.318719671416894
6,normal,12,random_078,0.015511811677496325,0.5740989745424945,0.57622,0.1954560839967635
6,normal,12,random_079,0.01897125839987732,0.5818405440128365,0.58388,0.23904673112491157
6,normal,12,random_080,0.017299304109167267,0.5781997871840672,0.57888,0.21797932487488156
6,normal,12,random_081,0.025414216567902187,0.5944966619268378,0.59342,0.3202310182384566
6,normal,12,random_082,0.0137426102273621,0.5697914820928764,0.56854,0.173163318043042
6,normal,12,random_083,0.022840805959765637,0.5896705631869701,0.58932,0.287804840662319
6,normal,12,random_084,0.014855892129841428,0.572533167309092,0.57128,0.18719119083876157
6,normal,12,random_085,0.02664680526492594,0.5967167070566891,0.59572,0.3357622124604986
6,normal,12,random_086,0.017765420794310045,0.5792325239172241,0.58114,0.2238526131701315
6,normal,12,random_087,0.023227033375968105,0.590412523221834,0.58756,0.29267148679448163
6,normal,12,random_088,0.025388731971109534,0.5944501666365629,0.59464,0.3199099003964603
6,normal,12,random_089,0.017861700558327066,0.5794440812156321,0.57622,0.22506578323911836
6,normal,12,random_090,0.0249902208777544,0.5937198711841658,0.59504,0.3148884741855256
6,normal,12,random_091,0.021154650903722434,0.5863515060991781,0.58852,0.26655849812557525
6,normal,12,random_092,0.016155188136131184,0.5756018916739878,0.5769,0.20356292836510434
6,normal,12,random_093,0.03287782872859309,0.6071827106865938,0.61062,0.414276023150141
6,normal,12,random_094,0.02795625621348425,0.5990163509686208,0.59882,0.35226190701019194
6,normal,12,random_095,0.01770776331234345,0.5791055465574264,0.58554,0.22312610192356616
6,normal,12,random_096,0.027132844532198407,0.5975771368752758,0.60072,0.341886534610925
6,normal,12,random_097,0.030055966900533714,0.6025873401651938,0.6024,0.3787192439705309
6,normal,12,random_098,0.014197025689721388,0.570923930256817,0.5724,0.17888916545705982
6,normal,12,random_099,0.031186274128667903,0.604454647319703,0.60356,0.39296164383442655
6,normal,12,random_100,0.015120179148363798,0.5731682879758826,0.57062,0.19052133091301884
6,normal,12,random_101,0.03501686907228079,0.6105266476875707,0.611,0.4412289321836378
6,normal,12,random_102,0.016869217152874035,0.5772339781071738,0.57762,0.2125600280188531
6,normal,12,random_103,0.026581868475809838,0.5966011221486061,0.5978,0.33494397853838564
6,normal,12,random_104,0.014357887107011816,0.5713203213258318,0.57124,0.18091609457039934
6,normal,12,random_105,0.016590348534328545,0.5766009021341255,0.57526,0.20904615296262327
6,normal,12,random_106,0.012086607440305814,0.5654920626967327,0.56466,0.15229690820161002
6,normal,12,random_107,0.024469079982354022,0.592755506477417,0.59292,0.3083218550991621
6,normal,12,random_108,0.022013395209596984,0.5880585537741077,0.5858,0.2773790781242522
6,normal,12,random_109,0.019102011644793904,0.5821180858305218,0.58336,0.24069428318089361
6,normal,12,random_110,0.018261347602530578,0.5803159538432139,0.57886,0.2301015229621723
6,normal,12,random_111,0.021007985467052806,0.5860563505398393,0.58486,0.2647104450093355
6,normal,12,random_112,0.022208213472190878,0.5884409352881814,0.58678,0.2798338793743793
6,normal,12,random_113,0.02298331848821877,0.5899450986316137,0.58926,0.2896005651921839
6,normal,12,random_114,0.01553806726263146,0.5741609319044094,0.57584,0.19578691665256484
6,normal,12,random_115,0.014159674779986335,0.5708315599294413,0.5694,0.17841852652059567
6,normal,12,random_116,0.01059926879402763,0.5613643048401662,0.5579,0.133555745439795
6,normal,12,random_117,0.00984212501654104,0.5591487042981889,0.55854,0.12401537963038156
6,normal,12,random_118,0.03937950484055762,0.6170202073990938,0.6169,0.4962001838272257
6,normal,12,random_119,0.022185534207814803,0.5883965121307411,0.58922,0.27954811003324515
6,normal,12,random_120,0.02296885498436721,0.589917277093699,0.58966,0.2894183182772218
6,normal,12,random_121,0.017450546654252833,0.5785364505214402,0.57536,0.21988505169846181
6,normal,12,random_122,0.030270973152885964,0.6029453914054268,0.60076,0.38142842333612087
6,normal,12,random_123,0.011464134220742838,0.5637981536305903,0.55994,0.14445345442469604
6,normal,12,random_124,0.04032315608964479,0.6183725879197008,0.61884,0.50809063103223
6,normal,12,random_125,0.03622074058623394,0.6123603358499833,0.61308,0.45639827646428677
6,normal,12,random_126,0.02799831640522113,0.5990892582051403,0.59966,0.3527918851030133
6,normal,12,random_127,0.02136568949014693,0.5867743342458154,0.58456,0.26921768304429017
6,nonnormal,0,oracle_t0,0.2604802074578044,0.778030603542815,0.778,0.9999999999999987
6,nonnormal,0,oracle_t12,0.17657093884399336,0.7357525307728555,0.73816,0.6778670078900186
6,nonnormal,0,bottom,5.355997829978994e-32,0.5000000000000001,0.4991,-2.1030180475836055e-17
6,nonnormal,0,random_000,0.0804241755148294,0.6647228358041001,0.6657,0.30875349916118816
6,nonnormal,0,random_001,0.045848755616748844,0.6259648392499964,0.62494,0.17601627418918536
6,nonnormal,0,random_002,0.019245943914943452,0.5824224588376404,0.58336,0.07388639660102052
6,nonnormal,0,random_003,0.07327444642978731,0.657642952860084,0.65708,0.28130523675837077
6,nonnormal,0,random_004,0.05204021314336979,0.6338941115130479,0.63264,0.19978567143839449
6,nonnormal,0,random_005,0.052548671935911194,0.6345213758917945,0.6366,0.20173767691897887
6,nonnormal,0,random_006,0.0255927120163735,0.5948216287780566,0.5963,0.09825204097520256
6,nonnormal,0,random_007,0.039912311610342206,0.6177859348776831,0.6133,0.15322588998170855
6,nonnormal,0,random_008,0.025619270953988037,0.5948698791467693,0.59154,0.09835400241739331
6,nonnormal,0,random_009,0.07457850655183232,0.6589635020317102,0.65992,0.2863116060897384
6,nonnormal,0,random_010,0.04718673475302737,0.6277263921754132,0.62778,0.1811528607626403
6,nonnormal,0,random_011,0.052643877376528994,0.6346384492555224,0.6344,0.20210317663025051
6,nonnormal,0,random_012,0.023590833180574332,0.5911054848838869,0.5901,0.09056670144274137
6,nonnormal,0,random_013,0.03277511996600988,0.6070192443069847,0.6077,0.12582575960716377
6,nonnormal,0,random_014,0.033241249670625035,0.6077589227325266,0.60634,0.12761526104055257
6,nonnormal,0,random_015,0.03958504798795913,0.6173162698487672,0.61576,0.15196950422565797
6,nonnormal,0,random_016,0.051650262514384725,0.6334107225428983,0.63392,0.19828862629707314
6,nonnormal,0,random_017,0.03471174357462824,0.6100565085960276,0.61008,0.13326058019303139
6,nonnormal,0,random_018,0.025192499539494338,0.5940913217680266,0.59348,0.0967155999504311
6,nonnormal,0,random_019,0.03060354258055044,0.6034965562545982,0.60288,0.11748893660378365
6,nonnormal,0,random_020,0.039502623982041685,0.6171976478238606,0.61536,0.151653073251029
6,nonnormal,0,random_021,0.06178316481453431,0.6453674602647966,0.64688,0.23718947945226357
6,nonnormal,0,random_022,0.02826094232535903,0.5995431836575382,0.59894,0.10849554598092452
6,nonnormal,0,random_023,0.0695303432159036,0.6537737765220732,0.65242,0.2669313875879297
6,nonnormal,0,random_024,0.04433233749071662,0.6239337285631317,0.62454,0.17019464904218504
6,nonnormal,0,random_025,0.03999634888642211,0.617906200220695,0.61842,0.15354851440258138
6,nonnormal,0,random_026,0.054828526615815776,0.6372929901059449,0.6347,0.21049018330767985
6,nonnormal,0,random_027,0.07637888518234869,0.6607646698413157,0.66042,0.29322337358289047
6,nonnormal,0,random_028,0.0435890872066013,0.6229242436821201,0.6267,0.16734126416749848
6,nonnormal,0,random_029,0.03637088905021819,0.6125867120351437,0.61092,0.13963014466697982
6,nonnormal,0,random_030,0.05612263304837023,0.6388375121397755,0.63598,0.21545833979520904
6,nonnormal,0,random_031,0.04844283507976718,0.6293551751450379,0.62786,0.18597510940486509
6,nonnormal,0,random_032,0.025613411045019994,0.5948592355604538,0.59226,0.09833150585604133
6,nonnormal,0,random_033,0.0779464383582665,0.6623127594090787,0.66228,0.29924130942230254
6,nonnormal,0,random_034,0.06026543761515876,0.6436511036677897,0.64606,0.2313628286898582
6,nonnormal,0,random_035,0.029958220840295504,0.6024241109590383,0.60164,0.11501150560603902
6,nonnormal,0,random_036,0.035728602977295854,0.6116147707080499,0.613,0.13716436778822647
6,nonnormal,0,random_037,0.06184872593490513,0.6454410581508647,0.64498,0.237441172742171
6,nonnormal,0,random_038,0.04463895412706317,0.6243474641998036,0.6235,0.1713717697122698
6,nonnormal,0,random_039,0.030432782794588477,0.6032139592327505,0.60398,0.11683337897954603
6,nonnormal,0,random_040,0.05133967215256349,0.6330242506032954,0.6308,0.19709625024342797
6,nonnormal,0,random_041,0.035313378598271286,0.6109813989363877,0.61178,0.13557029512114357
6,nonnormal,0,random_042,0.035943647314409174,0.6119412310815475,0.61388,0.13798993660672548
6,nonnormal,0,random_043,0.07961491573272914,0.6639405476333645,0.66332,0.30564669964655955
6,nonnormal,0,random_044,0.09207420629327256,0.6755014857202554,0.67584,0.35347870455066227
6,nonnormal,0,random_045,0.04172218812771459,0.620346195974889,0.62424,0.1601741204635411
6,nonnormal,0,random_046,0.01785495451476858,0.5794292773601937,0.58034,0.0685463002699002
6,nonnormal,0,random_047,0.07968964335622886,0.664012980687134,0.66174,0.3059335837220485
6,nonnormal,0,random_048,0.03817133950210905,0.6152627351969865,0.61158,0.1465421878869336
6,nonnormal,0,random_049,0.026463617359699366,0.5963902549032649,0.59706,0.10159550170039774
6,nonnormal,0,random_050,0.044076143906089646,0.6235868234232352,0.62632,0.16921110565849634
6,nonnormal,0,random_051,0.03487146800135965,0.6103028895907097,0.61054,0.1338737723748493
6,nonnormal,0,random_052,0.03814305529629908,0.6152212317470412,0.61526,0.14643360303096303
6,nonnormal,0,random_053,0.043840728337521825,0.6232670749057916,0.61704,0.16830733039332219
6,nonnormal,0,random_054,0.03890000086433887,0.6163262485575085,0.6154,0.14933956496729328
6,nonnormal,0,random_055,0.03226933804236848,0.6062102263205467,0.60556,0.12388403079568268
6,nonnormal,0,random_056,0.08410207502527509,0.668220733899296,0.66812,0.32287318812466315
6,nonnormal,0,random_057,0.04382942095136188,0.6232516931581594,0.62218,0.1682639206223062
6,nonnormal,0,random_058,0.05666347868786105,0.6394770711412681,0.63672,0.21753468043071944
6,nonnormal,0,random_059,0.05635866956126392,0.6391170544041866,0.63972,0.21636449890494447
6,nonnormal,0,random_060,0.03400419938880103,0.6089576785146238,0.60618,0.13054427328920712
6,nonnormal,0,random_061,0.056060047518334905,0.6387632799633325,0.63692,0.2152180699848993
6,nonnormal,0,random_062,0.05501237714552817,0.6375136565130126,0.63528,0.21119599712557668
6,nonnormal,0,random_063,0.12293548653857156,0.7005323970613377,0.70058,0.4719571123594331
6,nonnormal,0,random_064,0.027047187986567817,0.597426096965089,0.59738,0.10383586626615075
6,nonnormal,0,random_065,0.03238061597918615,0.6063888002567516,0.60578,0.12431123383695669
6,nonnormal,0,random_066,0.02452500047897249,0.5928595025213856,0.59412,0.0941530288167684
6,nonnormal,0,random_067,0.05225336374421166,0.634157481575838,0.63468,0.20060397008350894
6,nonnormal,0,random_068,0.029221875699344906,0.6011852243349145,0.59924,0.11218463001292937
6,nonnormal,0,random_069,0.028235918822830237,0.5995000297008759,0.59514,0.10839947917119268
6,nonnormal,0,random_070,0.022981057916027225,0.5899407508736969,0.58912,0.08822573561467215
6,nonnormal,0,random_071,0.04939347662294166,0.6305723643911979,0.62936,0.18962468244710276
6,nonnormal,0,random_072,0.03420952917008403,0.6092778177618638,0.61198,0.13133254731312222
6,nonnormal,0,random_073,0.023053070921269545,0.5900791431103584,0.58754,0.08850219809888597
6,nonnormal,0,random_074,0.0435021813500995,0.62280559237187,0.6205,0.167007627084858
6,nonnormal,0,random_075,0.07658527700434697,0.6609695577657557,0.66052,0.29401572484831906
6,nonnormal,0,random_076,0.03946435041767749,0.6171425199037526,0.619,0.15150613861542755
6,nonnormal,0,random_077,0.03611403469892271,0.6121991486481657,0.61024,0.13864406455823647
6,nonnormal,0,random_078,0.04045672172085922,0.6185626064003664,0.61698,0.15531591484705345
6,nonnormal,0,random_079,0.07276936049746953,0.6571278029629105,0.65708,0.2793661799016244
6,nonnormal,0,random_080,0.0598705760281526,0.6432005493628052,0.64404,0.22984693006992118
6,nonnormal,0,random_081,0.04987879116197255,0.6311887404628318,0.63156,0.19148783567385805
6,nonnormal,0,random_082,0.050374293992823116,0.6318146248735037,0.63286,0.19339010239763907
6,nonnormal,0,random_083,0.054545723289202264,0.6369527428860333,0.63578,0.20940448344060134
6,nonnormal,0,random_084,0.011331470004873181,0.5634310846506138,0.56312,0.043502230420746156
6,nonnormal,0,random_085,0.08048997658647705,0.6647862391769048,0.66522,0.3090061136392317
6,nonnormal,0,random_086,0.042460130660708084,0.6213726462656355,0.62036,0.16300712854578867
6,nonnormal,0,random_087,0.04951434883038128,0.6307261923525725,0.62838,0.1900887185004339
6,nonnormal,0,random_088,0.03986881324937971,0.617723630383169,0.6172,0.15305889702133343
6,nonnormal,0,random_089,0.044662064662916896,0.6243785851419319,0.62346,0.1714604925218809
6,nonnormal,0,random_090,0.037892746773694114,0.6148532055904057,0.6147,0.14547265277279225
6,nonnormal,0,random_091,0.04872879260140335,0.6297226947400612,0.62984,0.1870729184262376
6,nonnormal,0,random_092,0.0314400536158657,0.6048689009070656,0.60514,0.12070035540400392
6,nonnormal,0,random_093,0.052268384736602606,0.6341760189380454,0.63402,0.20066163662384826
6,nonnormal,0,random_094,0.03845179974239146,0.6156733741207577,0.60976,0.14761889249731303
6,nonnormal,0,random_095,0.07340131985977387,0.657772029114067,0.66024,0.2817923118848258
6,nonnormal,0,random_096,0.046307888306591466,0.6265724838689664,0.62628,0.17777891364008103
6,nonnormal,0,random_097,0.029715014132975122,0.602016734982713,0.60164,0.11407781966615886
6,nonnormal,0,random_098,0.03222821702213262,0.6061441535594121,0.6053,0.12372616459679871
6,nonnormal,0,random_099,0.05043129095107793,0.6318863993224206,0.63092,0.19360891732723035
6,nonnormal,0,random_100,0.0721792804769597,0.6565233234704566,0.65872,0.2771008253617583
6,nonnormal,0,random_101,0.06843836098587966,0.652622682174079,0.65124,0.26273919870463097
6,nonnormal,0,random_102,0.0494942765194449,0.6307006617944526,0.63072,0.19001165962854397
6,nonnormal,0,random_103,0.04974910050841562,0.6310243538400818,0.63074,0.19098994504783823
6,nonnormal,0,random_104,0.02611793398665954,0.5957709487702179,0.59306,0.10026840135594717
6,nonnormal,0,random_105,0.028128343448745916,0.5993142799573355,0.59816,0.1079864905025555
6,nonnormal,0,random_106,0.05169463040239124,0.6334658241661985,0.63416,0.19845895742679515
6,nonnormal,0,random_107,0.04473508921032113,0.6244768627335335,0.61892,0.17174083838046614
6,nonnormal,0,random_108,0.029676531612530213,0.6019521132280268,0.6002,0.11393008283494065
6,nonnormal,0,random_109,0.04075842268590507,0.6189905684046048,0.61792,0.15647416394394398
6,nonnormal,0,random_110,0.02503411963409109,0.5938006183750887,0.59278,0.09610756947107538
6,nonnormal,0,random_111,0.08037358591202999,0.6646740687844943,0.66646,0.30855928247465697
6,nonnormal,0,random_112,0.05156356112489954,0.6333029695551927,0.62814,0.19795577417624846
6,nonnormal,0,random_113,0.030382880685642315,0.60313121440751,0.60376,0.11664180162542309
6,nonnormal,0,random_114,0.06788958637593057,0.6520401965342264,0.6524,0.2606324182497744
6,nonnormal,0,random_115,0.06037789144442232,0.643779111615316,0.64,0.2317945460566441
6,nonnormal,0,random_116,0.023799613055924464,0.5915006272638598,0.59322,0.09136822059610718
6,nonnormal,0,random_117,0.07655054875681004,0.6609351052336249,0.65768,0.2938824009083704
6,nonnormal,0,random_118,0.08074336267784137,0.6650301067353231,0.6661,0.3099788788786228
6,nonnormal,0,random_119,0.05462323075322296,0.6370460922482686,0.63914,0.20970203949976274
6,nonnormal,0,random_120,0.04723715382609312,0.6277922296838767,0.63106,0.18134642277473262
6,nonnormal,0,random_121,0.03482748281682657,0.6102351015867591,0.61228,0.13370491046797978
6,nonnormal,0,random_122,0.05329719334883625,0.6354386505503036,0.63232,0.2046112979907308
6,nonnormal,0,random_123,0.03861216735476692,0.6159074472452812,0.61572,0.1482345539095201
6,nonnormal,0,random_124,0.0314901373158879,0.6049504426494211,0.60658,0.12089262989775913
6,nonnormal,0,random_125,0.023629851399487346,0.5911794713178473,0.58966,0.0907164948542785
6,nonnormal,0,random_126,0.03514965369165607,0.6107305528881497,0.61008,0.13494174484389557
6,nonnormal,0,random_127,0.07513819086638263,0.6595261293375152,0.66074,0.28846026959094123
6,nonnormal,12,oracle_t0,0.08554103385567013,0.6695645158702541,0.673,0.7609565722075026
6,nonnormal,12,oracle_t12,0.11241250418209697,0.692489603467287,0.69256,0.9999999999999992
6,nonnormal,12,bottom,2.6527440860993143e-32,0.5000000000000001,0.49978,1.545222922502053e-17
6,nonnormal,12,random_000,0.03487566675816485,0.6103093581161377,0.61366,0.31024721859829524
6,nonnormal,12,random_001,0.016957638351037106,0.577433572669152,0.5785,0.15085188675778827
6,nonnormal,12,random_002,0.013532558704362443,0.5692614908969932,0.56874,0.12038303748167596
6,nonnormal,12,random_003,0.023700909827052967,0.5913140473873175,0.59254,0.21083873186082436
6,nonnormal,12,random_004,0.02317316563739693,0.5903094323789836,0.5893,0.2061440211300578
6,nonnormal,12,random_005,0.029993885461498622,0.6024837013179484,0.60148,0.26681983183037633
6,nonnormal,12,random_006,0.011479354202402921,0.5638401262308901,0.56238,0.10211812543387086
6,nonnormal,12,random_007,0.01843807370202529,0.5806983322683348,0.5824,0.16402155468538845
6,nonnormal,12,random_008,0.011225771166971401,0.5631370461242607,0.56092,0.0998622995604365
6,nonnormal,12,random_009,0.022311074571293103,0.5886421167856709,0.58526,0.19847502494163266
6,nonnormal,12,random_010,0.01924839585385523,0.5824276336395335,0.58098,0.17123002457693443
6,nonnormal,12,random_011,0.02246299155763704,0.5889383557333373,0.58832,0.19982644921110582
6,nonnormal,12,random_012,0.008553445767809687,0.5551671624333167,0.55182,0.07608980717975962
6,nonnormal,12,random_013,0.0157867871993396,0.5747451883738857,0.57126,0.14043622027818703
6,nonnormal,12,random_014,0.02052503245941164,0.585076734462156,0.58512,0.18258673809243792
6,nonnormal,12,random_015,0.02020798062685235,0.5844270596579884,0.58214,0.17976630601625448
6,nonnormal,12,random_016,0.021009159064409214,0.5860587166109176,0.58994,0.18689343518561305
6,nonnormal,12,random_017,0.011722965191604338,0.5645080939618315,0.56544,0.10428524190346566
6,nonnormal,12,random_018,0.012472926220060254,0.5665208749059427,0.56166,0.11095675085980963
6,nonnormal,12,random_019,0.018209027126935784,0.5802023799166673,0.57844,0.16198400044036884
6,nonnormal,12,random_020,0.014083783325675461,0.570643489266697,0.57008,0.12528662561294013
6,nonnormal,12,random_021,0.03711883886861218,0.6137069197555058,0.61038,0.3302020459261664
6,nonnormal,12,random_022,0.01924450627075537,0.5824194245385436,0.58482,0.17119542359434659
6,nonnormal,12,random_023,0.03181922006829549,0.6054845064605017,0.60356,0.2830576571513035
6,nonnormal,12,random_024,0.01624782299403838,0.5758157138691761,0.57322,0.1445375059674725
6,nonnormal,12,random_025,0.01613462773454088,0.5755543475271547,0.57548,0.1435305427268517
6,nonnormal,12,random_026,0.02633847874782163,0.5961665614171432,0.59618,0.2343020372996577
6,nonnormal,12,random_027,0.022464211351706218,0.5889407300730615,0.58638,0.19983730026435875
6,nonnormal,12,random_028,0.024969042442930543,0.5936808888711594,0.59554,0.22211979552099637
6,nonnormal,12,random_029,0.009210331213761037,0.55723227655957,0.55422,0.08193333366936845
6,nonnormal,12,random_030,0.02474527557810854,0.5932679385957098,0.5909,0.22012920856227577
6,nonnormal,12,random_031,0.031420878540961185,0.6048376633792878,0.6063,0.2795140875970746
6,nonnormal,12,random_032,0.011647791509960207,0.5643027381139375,0.56042,0.10361651130101986
6,nonnormal,12,random_033,0.029581779624600603,0.6017928102421098,0.60124,0.2631538176276285
6,nonnormal,12,random_034,0.0321742100257576,0.6060573070507598,0.60918,0.2862155794842768
6,nonnormal,12,random_035,0.012565561674319608,0.5667651299846074,0.56386,0.11178081803039146
6,nonnormal,12,random_036,0.014777543951138368,0.5723437649242653,0.57538,0.13145818660173444
6,nonnormal,12,random_037,0.013314090891882742,0.5687057478689452,0.56978,0.11843958987262877
6,nonnormal,12,random_038,0.019898268758491166,0.5837872601443963,0.58286,0.17701116884877816
6,nonnormal,12,random_039,0.020547009963383343,0.5851215736816741,0.58592,0.1827822457375314
6,nonnormal,12,random_040,0.026559506385318725,0.5965612838847464,0.59768,0.2362682566193434
6,nonnormal,12,random_041,0.007731883395588571,0.5524669978333092,0.55046,0.0687813464511358
6,nonnormal,12,random_042,0.013016824870872648,0.5679419590843527,0.56522,0.11579516856760604
6,nonnormal,12,random_043,0.030959851480401014,0.6040835240364398,0.60062,0.275412879605005
6,nonnormal,12,random_044,0.036578088521373495,0.6128982744598371,0.61196,0.3253916349209749
6,nonnormal,12,random_045,0.019123481522077157,0.5821635638169552,0.58278,0.17011881072499746
6,nonnormal,12,random_046,0.009983022743193267,0.5595674417266957,0.55744,0.08880704878722176
6,nonnormal,12,random_047,0.030789829798730788,0.6038038907698209,0.60328,0.2739003994507081
6,nonnormal,12,random_048,0.019581517994734038,0.5831275158297284,0.58292,0.17419341502270894
6,nonnormal,12,random_049,0.014457834112657775,0.5715654548019794,0.56854,0.12861410941648915
6,nonnormal,12,random_050,0.014915342340726705,0.5726765407447209,0.57212,0.1326840145520229
6,nonnormal,12,random_051,0.02032295836776156,0.5846632737955845,0.58486,0.1807891258684211
6,nonnormal,12,random_052,0.017493819472090888,0.5786324958891849,0.57622,0.15562165080632523
6,nonnormal,12,random_053,0.019092120064933774,0.5820971242897282,0.58124,0.16983982523871574
6,nonnormal,12,random_054,0.01330014712690215,0.5686701185296635,0.56916,0.11831554882326287
6,nonnormal,12,random_055,0.02541831045652439,0.5945041287108614,0.59352,0.2261163972946395
6,nonnormal,12,random_056,0.041000630221253546,0.6193328894396345,0.62112,0.36473371463050586
6,nonnormal,12,random_057,0.012843768299663032,0.5674931721976386,0.56784,0.1142556906201236
6,nonnormal,12,random_058,0.023598405172182826,0.5911198479473392,0.58796,0.2099268701812368
6,nonnormal,12,random_059,0.018923907430946227,0.5817397891667183,0.58126,0.16834343802439786
6,nonnormal,12,random_060,0.008551245921660958,0.5551601131901006,0.55636,0.07607023777184782
6,nonnormal,12,random_061,0.02100178855255197,0.5860438558907091,0.58648,0.18682786853081007
6,nonnormal,12,random_062,0.02008003374819929,0.5841633739020791,0.58602,0.1786281152110234
6,nonnormal,12,random_063,0.0359200327240993,0.6119054332766068,0.61202,0.31953769721126773
6,nonnormal,12,random_064,0.02343359411739557,0.5908066728948601,0.59122,0.20846074276074728
6,nonnormal,12,random_065,0.012357278441696373,0.5662146299919653,0.56644,0.10992797048341538
6,nonnormal,12,random_066,0.008594683933044248,0.5552991364612956,0.55664,0.0764566539601477
6,nonnormal,12,random_067,0.015247354804291274,0.5734718643853743,0.57454,0.13563753352200103
6,nonnormal,12,random_068,0.010960167950515316,0.5623918529929484,0.55734,0.09749954447025697
6,nonnormal,12,random_069,0.011362961238711456,0.5635184164525856,0.56272,0.10108271603223591
6,nonnormal,12,random_070,0.014688850281633479,0.5721287257462977,0.57234,0.13066918478961206
6,nonnormal,12,random_071,0.018010217837992303,0.579769261190652,0.57556,0.16021543127281943
6,nonnormal,12,random_072,0.020215235778214432,0.5844419856209404,0.5863,0.1798308464462971
6,nonnormal,12,random_073,0.01390862359351144,0.5702074110772258,0.57344,0.12372843835042456
6,nonnormal,12,random_074,0.023649476898775584,0.591216660917613,0.59092,0.21038119443069953
6,nonnormal,12,random_075,0.027770137837342064,0.5986930311653935,0.5979,0.2470378009937151
6,nonnormal,12,random_076,0.03348280173893095,0.6081400381958968,0.60756,0.2978565594864086
6,nonnormal,12,random_077,0.016423480467174206,0.5762194429583115,0.57356,0.14610012103786787
6,nonnormal,12,random_078,0.016458280852248597,0.5762991616561121,0.57522,0.1464096985650975
6,nonnormal,12,random_079,0.03555759446103906,0.6113544030001222,0.61222,0.31631351618534614
6,nonnormal,12,random_080,0.021730152960989478,0.5874994356505018,0.58878,0.19330725811239627
6,nonnormal,12,random_081,0.022548378292943292,0.5891043985020166,0.587,0.20058603317311707
6,nonnormal,12,random_082,0.023220884251001925,0.590400761531764,0.58974,0.2065685167317899
6,nonnormal,12,random_083,0.024624015675813116,0.5930433358926327,0.5882,0.21905050381161037
6,nonnormal,12,random_084,0.004807607650271796,0.5414174569072259,0.54232,0.04276755228656727
6,nonnormal,12,random_085,0.031237195042196398,0.6045379116764427,0.60712,0.2778800745475365
6,nonnormal,12,random_086,0.014793730318246474,0.5723829370125223,0.56634,0.1316021774079697
6,nonnormal,12,random_087,0.024972773604456315,0.5936877579403985,0.59324,0.2221529872157541
6,nonnormal,12,random_088,0.010484920373952603,0.5610350069140411,0.56298,0.09327183350499933
6,nonnormal,12,random_089,0.022753724033701614,0.5895023655580097,0.59296,0.2024127493578725
6,nonnormal,12,random_090,0.022955949584161382,0.5898924448964249,0.59078,0.20421170893030757
6,nonnormal,12,random_091,0.016988246473033448,0.577502538953305,0.5783,0.1511241707196041
6,nonnormal,12,random_092,0.0238685236296522,0.5916306482161331,0.58944,0.2123297919863751
6,nonnormal,12,random_093,0.03382266997282865,0.6086737798229839,0.6077,0.3008799618771883
6,nonnormal,12,random_094,0.017370101712786065,0.5783575710186353,0.57722,0.15452108143279353
6,nonnormal,12,random_095,0.030716077795468727,0.6036823347429738,0.60242,0.27324431582550407
6,nonnormal,12,random_096,0.023375334980338953,0.590695691258116,0.58886,0.20794248069123378
6,nonnormal,12,random_097,0.012000786097585085,0.5652612269281012,0.5631,0.10675668320799087
6,nonnormal,12,random_098,0.010526932034925881,0.5611562037354533,0.5585,0.09364556115459628
6,nonnormal,12,random_099,0.014409375674015337,0.5714467135819952,0.5723,0.12818303247362575
6,nonnormal,12,random_100,0.020470979626384386,0.5849663471555084,0.58584,0.18210589449393844
6,nonnormal,12,random_101,0.03283168654392697,0.6071093069519694,0.60992,0.2920643640385673
6,nonnormal,12,random_102,0.013568786142006904,0.5693531990648989,0.56644,0.12070530979388933
6,nonnormal,12,random_103,0.026404741383798874,0.5962850801852448,0.59684,0.2348914969550524
6,nonnormal,12,random_104,0.012444383348122812,0.566445427132272,0.56984,0.11070283896499758
6,nonnormal,12,random_105,0.006950373076826371,0.5497593412389121,0.54974,0.06182918108084717
6,nonnormal,12,random_106,0.016120536528552578,0.5755217447018178,0.57676,0.1434051900706608
6,nonnormal,12,random_107,0.01644329564147972,0.5762648451319304,0.57482,0.14627639301445708
6,nonnormal,12,random_108,0.011944940601973434,0.5651105623882837,0.56762,0.10625989242819303
6,nonnormal,12,random_109,0.014874600297778371,0.5725783168851061,0.57498,0.13232158117999937
6,nonnormal,12,random_110,0.014120268584849906,0.5707339704177337,0.56978,0.12561119145585864
6,nonnormal,12,random_111,0.0349527611702706,0.6104280537471773,0.609,0.31093303564922464
6,nonnormal,12,random_112,0.018310513004138856,0.5804225246681642,0.58172,0.16288679926992505
6,nonnormal,12,random_113,0.01414527825469519,0.5707959231727979,0.56984,0.12583367266493103
6,nonnormal,12,random_114,0.019984184685024504,0.5839652627751324,0.58346,0.1777754603940867
6,nonnormal,12,random_115,0.03177567720698505,0.6054140117478921,0.60162,0.2826703082382331
6,nonnormal,12,random_116,0.016610054238193755,0.5766458176171616,0.57746,0.1477598453930634
6,nonnormal,12,random_117,0.028332923434717945,0.5996672045699665,0.60214,0.2520442333427732
6,nonnormal,12,random_118,0.02240090110787456,0.5888174065515974,0.58946,0.19927410452121352
6,nonnormal,12,random_119,0.02507120321725611,0.5938687715127107,0.59196,0.22302859810544967
6,nonnormal,12,random_120,0.030191365460078667,0.6028129790202815,0.60352,0.2685765758867151
6,nonnormal,12,random_121,0.015616310244973583,0.574345247384322,0.57678,0.13891969010561953
6,nonnormal,12,random_122,0.015832603302817765,0.5748522918401249,0.57378,0.14084379151602677
6,nonnormal,12,random_123,0.010324504219397259,0.5605699307070046,0.56366,0.0918448022710409
6,nonnormal,12,random_124,0.012358582209445357,0.5662180906671471,0.5652,0.10993956855036062
6,nonnormal,12,random_125,0.011376879004843235,0.5635569737910111,0.56286,0.10120652580084706
6,nonnormal,12,random_126,0.014546223798036804,0.5717815144322469,0.57358,0.12940040704433883
6,nonnormal,12,random_127,0.025020908308693995,0.5937763253895736,0.593,0.22258118427966525
7,normal,0,oracle_t0,0.13052908483708148,0.7060673714769186,0.70696,1.0000000000000018
7,normal,0,oracle_t12,0.06422752163316733,0.6480819393946667,0.65084,0.4920552512363996
7,normal,0,bottom,1.1159032921112829e-32,0.5000000000000001,0.50074,-5.601879647341387e-18
7,normal,0,random_000,0.018745734979468333,0.5813594859121698,0.57922,0.14361347130308658
7,normal,0,random_001,0.06319130951917465,0.6469385480160561,0.64548,0.4841166978075906
7,normal,0,random_002,0.048433323826351335,0.6293429304017147,0.62508,0.37105388340692774
7,normal,0,random_003,0.045132491967510416,0.6250101521979796,0.62098,0.34576578870404345
7,normal,0,random_004,0.028404285943718292,0.5997899943361418,0.59874,0.21760886456203105
7,normal,0,random_005,0.06391355512175607,0.647736619052143,0.6451,0.48964991366889005
7,normal,0,random_006,0.0360673163088545,0.6121284959930179,0.61488,0.27631631949210095
7,normal,0,random_007,0.041421270005248506,0.619924780754637,0.62464,0.31733364297273736
7,normal,0,random_008,0.06419743341743436,0.648048888361633,0.6501,0.4918247415705227
7,normal,0,random_009,0.033517516244297246,0.608194688343721,0.6077,0.25678197534389996
7,normal,0,random_010,0.024128784438564803,0.5921199344801988,0.58864,0.18485370114010166
7,normal,0,random_011,0.03900089560724993,0.6164726526691265,0.61538,0.2987908453960934
7,normal,0,random_012,0.04307142302167215,0.6222155549262146,0.6216,0.32997567611411177
7,normal,0,random_013,0.05315696105749111,0.6352673544807363,0.63696,0.4072422718954821
7,normal,0,random_014,0.03382476034228414,0.608677053667815,0.60966,0.2591358116430695
7,normal,0,random_015,0.042545842369774114,0.6214912328759323,0.62182,0.3259491355729437
7,normal,0,random_016,0.020081116405892482,0.5841656088295262,0.58248,0.1538439990670015
7,normal,0,random_017,0.045218232480140605,0.6251248710516766,0.625,0.3464226577285769
7,normal,0,random_018,0.01887581912994911,0.5816373308062482,0.581,0.14461006260412226
7,normal,0,random_019,0.05330705260764375,0.6354506842985961,0.63336,0.4083921424422646
7,normal,0,random_020,0.026032925555848012,0.5956179888057507,0.59554,0.19944156958076262
7,normal,0,random_021,0.04632014504205749,0.6265886595195586,0.62932,0.35486455068517136
7,normal,0,random_022,0.03626958120532447,0.6124340275867389,0.6127,0.27786589671255285
7,normal,0,random_023,0.033296783243336944,0.6078466737949734,0.60838,0.25509091161480235
7,normal,0,random_024,0.05434946752892826,0.6367160405715337,0.63572,0.41637821637042854
7,normal,0,random_025,0.030079003843311407,0.602625768999962,0.60388,0.23043909241265462
7,normal,0,random_026,0.042106375931404254,0.6208818157077655,0.62122,0.32258232702664646
7,normal,0,random_027,0.0449998899323492,0.6248324970811322,0.62524,0.3447499075666959
7,normal,0,random_028,0.03873865538512267,0.6160916971872367,0.61436,0.2967817895411889
7,normal,0,random_029,0.060116182079509015,0.6434809941274229,0.63832,0.4605577535040753
7,normal,0,random_030,0.024911441784400017,0.5935747771925811,0.5968,0.1908497390868327
7,normal,0,random_031,0.049229666359574736,0.630363557192825,0.63,0.37715476532314834
7,normal,0,random_032,0.04301551767884863,0.6221387408530192,0.61964,0.3295473781382752
7,normal,0,random_033,0.04047499949306181,0.6185885828228733,0.61738,0.31008414364951925
7,normal,0,random_034,0.04618232203512746,0.6264066332654549,0.6275,0.35380867101588503
7,normal,0,random_035,0.03743547339974807,0.614177459523314,0.61446,0.2867979458101067
7,normal,0,random_036,0.030367834090673066,0.6031062507604559,0.60512,0.23265185784897208
7,normal,0,random_037,0.071967580912863,0.6563057579367656,0.65736,0.5513528345248776
7,normal,0,random_038,0.02232992152294646,0.5886789258804652,0.58502,0.17107238245650266
7,normal,0,random_039,0.04693643132701688,0.6273989671568745,0.62622,0.3595859986730175
7,normal,0,random_040,0.040793264366182067,0.6190398797258987,0.61872,0.31252241151539384
7,normal,0,random_041,0.043170836079420905,0.622352013741596,0.62078,0.3307372922540917
7,normal,0,random_042,0.058193478899559975,0.6412678881090073,0.64418,0.4458276787291786
7,normal,0,random_043,0.029975148491387625,0.6024523993028814,0.60328,0.2296434432892932
7,normal,0,random_044,0.024390691444946412,0.5926095150574215,0.594,0.18686020418659513
7,normal,0,random_045,0.03535020279112483,0.6110377314726145,0.6112,0.27082242118870953
7,normal,0,random_046,0.0396722411637605,0.6174416092083993,0.6193,0.3039341094996343
7,normal,0,random_047,0.034008139968180355,0.6089638322352074,0.60568,0.2605407063921984
7,normal,0,random_048,0.0418299991454992,0.6204967733214249,0.62048,0.3204649691500477
7,normal,0,random_049,0.04170894008737064,0.6203276780436113,0.62282,0.3195375202348907
7,normal,0,random_050,0.0483949211799512,0.6292934774492738,0.62874,0.37075967582516084
7,normal,0,random_051,0.04244148013146824,0.6213468249209144,0.62024,0.32514960312823155
7,normal,0,random_052,0.0361852200712501,0.6123067080062033,0.61218,0.27721959528341406
7,normal,0,random_053,0.03127886746811372,0.6046059991528596,0.60208,0.23963140097974447
7,normal,0,random_054,0.03761053741984075,0.6144366903785774,0.61746,0.2881391336404755
7,normal,0,random_055,0.037418384345983186,0.6141521192581461,0.61214,0.2866670243853054
7,normal,0,random_056,0.029276219845791797,0.6012772221994651,0.60076,0.22428886161526862
7,normal,0,random_057,0.0427979685054171,0.6218393055979263,0.61958,0.3278807061187549
7,normal,0,random_058,0.0385308188880346,0.6157887768935718,0.61614,0.2951895275763749
7,normal,0,random_059,0.05084200906596208,0.6324022732140834,0.63114,0.3895071288473375
7,normal,0,random_060,0.04712848282687717,0.6276502780207087,0.63002,0.3610573297568137
7,normal,0,random_061,0.044616317185638105,0.6243169724103196,0.6252,0.341811307735173
7,normal,0,random_062,0.035436919100280385,0.6111702624616139,0.61412,0.2714867659151266
7,normal,0,random_063,0.04253480646373388,0.6214759714708842,0.61834,0.3258645880864278
7,normal,0,random_064,0.045288598958248744,0.6252189303044391,0.62828,0.34696174430990084
7,normal,0,random_065,0.027696473074955548,0.5985647448210362,0.5995,0.21218621971895885
7,normal,0,random_066,0.05021346059833418,0.6316118484304815,0.62996,0.38469173871101325
7,normal,0,random_067,0.0306389790287961,0.6035550957568522,0.6041,0.23472913387110514
7,normal,0,random_068,0.06023285789859171,0.6436139923330112,0.64326,0.4614516218647422
7,normal,0,random_069,0.05495058710083141,0.637439539362838,0.63788,0.4209834702313087
7,normal,0,random_070,0.045037105464001186,0.6248823860895263,0.6242,0.3450350205106688
7,normal,0,random_071,0.057784180201331935,0.6407914483431008,0.63904,0.44269198909541674
7,normal,0,random_072,0.0476506885062729,0.6283307646097567,0.62558,0.365058014202334
7,normal,0,random_073,0.03249334280239023,0.6065693639652134,0.60928,0.24893565172043058
7,normal,0,random_074,0.05076188400431031,0.6323018165655128,0.63322,0.38889328051038047
7,normal,0,random_075,0.019354757275322276,0.5826517786651693,0.57898,0.14827926894208854
7,normal,0,random_076,0.03766320845256617,0.6145145563583496,0.61388,0.2885426531533195
7,normal,0,random_077,0.021502674786349905,0.5870476219272481,0.58938,0.16473473948881412
7,normal,0,random_078,0.02995225570359897,0.6024141403939733,0.59782,0.22946805871644324
7,normal,0,random_079,0.02767329512844457,0.5985243432154969,0.59622,0.21200865050869497
7,normal,0,random_080,0.06718374603966022,0.6512869927639763,0.6509,0.5147032642074753
7,normal,0,random_081,0.05208141314421732,0.6339450653802025,0.63434,0.39900236188143245
7,normal,0,random_082,0.026895504954908174,0.5971580074881917,0.60242,0.20604990059094913
7,normal,0,random_083,0.05129374510116148,0.6329669923462077,0.6353,0.3929679363429484
7,normal,0,random_084,0.02390800371853901,0.5917050504266292,0.59434,0.18316227182914502
7,normal,0,random_085,0.023834199171481173,0.5915659093433513,0.5904,0.18259684576222687
7,normal,0,random_086,0.028208776240570763,0.5994531983132488,0.59826,0.21611103974090737
7,normal,0,random_087,0.04983027854209773,0.6311272771811525,0.62772,0.38175613200914527
7,normal,0,random_088,0.030862434531097285,0.6039234039347454,0.6022,0.23644105503089954
7,normal,0,random_089,0.031009300995102247,0.6041646990060087,0.60386,0.23756621778055237
7,normal,0,random_090,0.04221309763779953,0.6210301278741046,0.62284,0.32339993565792186
7,normal,0,random_091,0.05007028422518043,0.631431029393848,0.63232,0.3835948462189495
7,normal,0,random_092,0.03786875736989272,0.6148178650109087,0.61646,0.2901173896772375
7,normal,0,random_093,0.038354452195023606,0.6155310265374209,0.61742,0.29383835980230266
7,normal,0,random_094,0.044810383079755794,0.6245781020135069,0.62662,0.34329807135080626
7,normal,0,random_095,0.07050565597723035,0.6547930807684981,0.65634,0.5401528407651933
7,normal,0,random_096,0.04412646100049204,0.6236550438015408,0.62214,0.33805845689922737
7,normal,0,random_097,0.014493741251919627,0.5716533081909618,0.57378,0.11103840396958156
7,normal,0,random_098,0.040216569031197774,0.6182207043723025,0.61774,0.30810427485486264
7,normal,0,random_099,0.04231890089983457,0.6211769611643124,0.62166,0.3242105079695802
7,normal,0,random_100,0.028395708608828552,0.5997752444441291,0.60098,0.21754315250329373
7,normal,0,random_101,0.032950357000226506,0.6072979781063468,0.6049,0.25243689589452944
7,normal,0,random_102,0.04693736705877142,0.6274001929946724,0.62758,0.35959316743357117
7,normal,0,random_103,0.026055016575880753,0.5956577636886508,0.59418,0.19961081170837205
7,normal,0,random_104,0.027860037055987597,0.5988493449391386,0.59706,0.21343930428042812
7,normal,0,random_105,0.04832042271153641,0.6291974800733021,0.628,0.37018893353804705
7,normal,0,random_106,0.02629995105624651,0.596097577348227,0.5924,0.20148728606404123
7,normal,0,random_107,0.025287530414096884,0.5942652858750263,0.59332,0.19373100214147124
7,normal,0,random_108,0.05204709568587297,0.6339026250256539,0.63336,0.3987394514474309
7,normal,0,random_109,0.035545010657637634,0.611335216940242,0.60846,0.2723148691496829
7,normal,0,random_110,0.03468612262058217,0.6100169304611521,0.60676,0.2657348181355545
7,normal,0,random_111,0.060522004323389514,0.6439429597603616,0.64454,0.4636668095768043
7,normal,0,random_112,0.04609139645682063,0.6262863813956306,0.62314,0.3531120785405734
7,normal,0,random_113,0.028848189725942917,0.6005501371618556,0.59744,0.22100966816667356
7,normal,0,random_114,0.020412056937883324,0.5848458407640662,0.58956,0.1563793767753788
7,normal,0,random_115,0.054355912847094436,0.636723821823174,0.63432,0.4164275947765839
7,normal,0,random_116,0.03872946986472625,0.6160783280361198,0.61514,0.2967114180955615
7,normal,0,random_117,0.025436866394719395,0.5945379646490881,0.59402,0.1948750841735249
7,normal,0,random_118,0.036354423084596216,0.6125619112960303,0.61084,0.2785158811920858
7,normal,0,random_119,0.0485623191422279,0.6295088849384626,0.62628,0.3720421330069118
7,normal,0,random_120,0.04176356845815993,0.620404016138019,0.62078,0.31995603516478144
7,normal,0,random_121,0.03430614871284581,0.6094281038222644,0.60756,0.2628237894693334
7,normal,0,random_122,0.05419398701263102,0.6365281761879752,0.63836,0.4151870602653252
7,normal,0,random_123,0.06734328855217586,0.6514576380745429,0.64998,0.5159255397847137
7,normal,0,random_124,0.05845794824220294,0.6415747338411468,0.63888,0.4478538121612261
7,normal,0,random_125,0.02443995368156284,0.5927012902721748,0.5887,0.18723760847681842
7,normal,0,random_126,0.017444850416576476,0.5785237983304485,0.58124,0.1336472284192455
7,normal,0,random_127,0.05209059604182356,0.633956419207961,0.62984,0.3990727132335293
7,normal,12,oracle_t0,0.04815869927988444,0.6289888034401463,0.63146,0.5244468522749923
7,normal,12,oracle_t12,0.09182760668879475,0.6752820737500734,0.67444,1.0000000000000002
7,normal,12,bottom,1.328753213876348e-32,0.5000000000000001,0.49592,1.4375700922910887e-18
7,normal,12,random_000,0.025493719258835437,0.5946415521951368,0.59744,0.27762587067344635
7,normal,12,random_001,0.026923612325250593,0.5972077457685893,0.5985,0.293197365107153
7,normal,12,random_002,0.020184571565537084,0.5843788812799621,0.58126,0.21980940474625368
7,normal,12,random_003,0.016146242809710692,0.5755812102372538,0.57606,0.1758321205564093
7,normal,12,random_004,0.015010102483234046,0.5729044603979133,0.56744,0.16345958502548733
7,normal,12,random_005,0.025180474480937604,0.5940692839248843,0.59418,0.27421464403700124
7,normal,12,random_006,0.017771085443501557,0.5792449874381675,0.57952,0.19352661018083653
7,normal,12,random_007,0.013696991967798392,0.5696767372835556,0.56786,0.1491598492185223
7,normal,12,random_008,0.020198790259467872,0.5844081483688867,0.58132,0.21996424591486854
7,normal,12,random_009,0.021537413777035448,0.587116781561935,0.58672,0.23454181758244108
7,normal,12,random_010,0.015133643494301414,0.5732004905616245,0.57382,0.16480494308851565
7,normal,12,random_011,0.017833390786083324,0.5793819373146673,0.57932,0.19420511357244638
7,normal,12,random_012,0.01884675796802697,0.5815753462660002,0.58044,0.20524065308484993
7,normal,12,random_013,0.015318155003668744,0.5736403017414313,0.57416,0.16681426812725517
7,normal,12,random_014,0.015873984279609933,0.5749488895399301,0.5712,0.17286723298154902
7,normal,12,random_015,0.017517543416255922,0.5786850995282183,0.57536,0.19076554478462188
7,normal,12,random_016,0.01514924017255351,0.5732377745200936,0.57372,0.1649747904668204
7,normal,12,random_017,0.018401588115867402,0.580619546040539,0.57974,0.2003927661779391
7,normal,12,random_018,0.01939893703622864,0.5827446937101052,0.57944,0.21125386728167656
7,normal,12,random_019,0.014678916162653037,0.572104598599804,0.57416,0.1598529755044158
7,normal,12,random_020,0.017791825116928332,0.579290601833733,0.5805,0.19375246462891188
7,normal,12,random_021,0.02038454042305976,0.584789502743943,0.58654,0.22198705986254538
7,normal,12,random_022,0.020333077986657826,0.5846840303890991,0.58614,0.22142663540787857
7,normal,12,random_023,0.021330795190512328,0.5867045729661058,0.58162,0.23229174710828224
7,normal,12,random_024,0.03204646200509645,0.6058515689151147,0.6068,0.34898505101741817
7,normal,12,random_025,0.0164891048350717,0.5763696984818193,0.57674,0.1795658781672656
7,normal,12,random_026,0.008827109070441498,0.5560370012871775,0.55204,0.0961269643055896
7,normal,12,random_027,0.02767299847260656,0.5985238259966124,0.59842,0.3013581587331442
7,normal,12,random_028,0.015403277108758898,0.573842279441199,0.57364,0.16774124540739527
7,normal,12,random_029,0.026440208086108547,0.5963484519632027,0.5981,0.28793310682390794
7,normal,12,random_030,0.021115900512727145,0.5862736276658705,0.5855,0.22995155023792868
7,normal,12,random_031,0.016766157971201345,0.5770006545471787,0.57462,0.18258297886410266
7,normal,12,random_032,0.015959144244063042,0.5751472732461893,0.5754,0.17379462254906455
7,normal,12,random_033,0.01947386866046621,0.5829020312932678,0.58272,0.21206987051795298
7,normal,12,random_034,0.023608087451587607,0.5911382104118238,0.58834,0.25709139443866585
7,normal,12,random_035,0.013192990271277412,0.5683956652196943,0.56988,0.14367128521587927
7,normal,12,random_036,0.026284239296901067,0.5960694299842529,0.59756,0.2862346111881014
7,normal,12,random_037,0.026357638084761326,0.5962008464314089,0.5929,0.2870339218802444
7,normal,12,random_038,0.013825554915059376,0.5699996131209059,0.56938,0.1505598960224936
7,normal,12,random_039,0.017682037863929512,0.5790488228182606,0.57714,0.19255688459630915
7,normal,12,random_040,0.01592175820833123,0.57506024859109,0.5736,0.17338748969348972
7,normal,12,random_041,0.02276642070416164,0.5895269100595331,0.5926,0.2479256677277609
7,normal,12,random_042,0.02534204262707252,0.5943649203741334,0.59216,0.27597411650896125
7,normal,12,random_043,0.01864863142927035,0.5811514282910811,0.582,0.2030830607670183
7,normal,12,random_044,0.028282073316146683,0.5995796090116253,0.60132,0.30799096628963746
7,normal,12,random_045,0.023003880845176183,0.5899846358861877,0.58668,0.2505116018447122
7,normal,12,random_046,0.017260330171648863,0.5781127843262908,0.57444,0.18796449993676081
7,normal,12,random_047,0.01364162882737746,0.5695372160197494,0.57206,0.1485569462090977
7,normal,12,random_048,0.013517648744022765,0.5692237102475216,0.5675,0.1472068066614683
7,normal,12,random_049,0.03197311270630829,0.6057332411689013,0.60282,0.34818627925984924
7,normal,12,random_050,0.0266678089762844,0.596754060873109,0.59382,0.2904116739823356
7,normal,12,random_051,0.01817136003631311,0.5801205094214744,0.58118,0.19788558900262038
7,normal,12,random_052,0.01771259613727342,0.5791161979905892,0.58064,0.19288966331553958
7,normal,12,random_053,0.01414558243333686,0.5707966763215668,0.57114,0.15404498650690598
7,normal,12,random_054,0.03298646254281256,0.6073553089686797,0.60752,0.359221629880916
7,normal,12,random_055,0.023306288330856233,0.5905639711130468,0.58814,0.2538048106800998
7,normal,12,random_056,0.018885129729361294,0.5816571788576526,0.58128,0.2056585204639309
7,normal,12,random_057,0.023205634263752394,0.5903715851662733,0.59132,0.2527086907796331
7,normal,12,random_058,0.013302485351071439,0.568676094540705,0.56534,0.14486368349067155
7,normal,12,random_059,0.024579317048174287,0.5929603960152579,0.59308,0.26766805685651796
7,normal,12,random_060,0.02423059778472686,0.5923105846387746,0.59172,0.26387051409109186
7,normal,12,random_061,0.028907555290312987,0.6006513217118078,0.59534,0.31480244702751703
7,normal,12,random_062,0.017190430493217806,0.5779564888789249,0.57836,0.1872032944458245
7,normal,12,random_063,0.01670107837626515,0.5768529323629309,0.5811,0.18187426394401604
7,normal,12,random_064,0.01595167463480583,0.5751298944485981,0.57606,0.17371327871874429
7,normal,12,random_065,0.016381444714508964,0.5761230330245963,0.57726,0.17839346254581104
7,normal,12,random_066,0.022642812725113433,0.5892876511532948,0.58866,0.24657958038534414
7,normal,12,random_067,0.02106361940989017,0.5861684372250875,0.58506,0.2293822105292924
7,normal,12,random_068,0.02522891842329914,0.5941580313131534,0.59284,0.2747421971782446
7,normal,12,random_069,0.021234785814478768,0.5865123201972384,0.58306,0.23124620776019794
7,normal,12,random_070,0.021879494807812847,0.5877947086829134,0.58776,0.23826707018470822
7,normal,12,random_071,0.020455242493908246,0.5849341799588386,0.58696,0.22275700338386678
7,normal,12,random_072,0.025468676637663154,0.5945959388871731,0.59622,0.27735315724798215
7,normal,12,random_073,0.012225026004440375,0.5658626037101822,0.56568,0.1331301821452364
7,normal,12,random_074,0.024997313152935137,0.5937329217566377,0.59444,0.27222002243455423
7,normal,12,random_075,0.019611534257773393,0.5831902730852718,0.58316,0.21356904491954354
7,normal,12,random_076,0.014147880391359146,0.5708023658141836,0.57106,0.1540700112037825
7,normal,12,random_077,0.013472939226095434,0.5691102910042519,0.57034,0.14671992129507896
7,normal,12,random_078,0.020614420773275584,0.5852589511278375,0.58618,0.22449045027535333
7,normal,12,random_079,0.02232061905390778,0.5886607597055002,0.5822,0.24307090055774527
7,normal,12,random_080,0.02596770292227097,0.5955004511070339,0.59718,0.2827875391577604
7,normal,12,random_081,0.024115179621999647,0.5920944267402759,0.5899,0.2626136136132392
7,normal,12,random_082,0.0177472085157445,0.5791924387399174,0.5797,0.193266591123191
7,normal,12,random_083,0.026217914593389673,0.5959505120410579,0.5949,0.28551233707138435
7,normal,12,random_084,0.017214106402799023,0.5780094650372586,0.57504,0.18746112442130727
7,normal,12,random_085,0.02529455431176616,0.594278130144584,0.58786,0.27545697011890796
7,normal,12,random_086,0.036029149283769185,0.6120707389202951,0.61346,0.39235640111881115
7,normal,12,random_087,0.029154425805801503,0.6010709131836256,0.5998,0.3174908598522699
7,normal,12,random_088,0.018715971623743735,0.5812957736634624,0.57988,0.20381639355115141
7,normal,12,random_089,0.012251170374684803,0.5659323487465363,0.5643,0.13341489358645944
7,normal,12,random_090,0.01801433174083086,0.5797782487261337,0.58054,0.1961755553739055
7,normal,12,random_091,0.02119083990501984,0.586424169341601,0.5802,0.23076763806810238
7,normal,12,random_092,0.019385459037154846,0.5827163596654402,0.58148,0.21110709225878527
7,normal,12,random_093,0.02748044971111136,0.5981874941899923,0.5986,0.29926130824952296
7,normal,12,random_094,0.015336850560548771,0.5736847122066743,0.57424,0.16701786220483356
7,normal,12,random_095,0.017248515858161846,0.5780863906784768,0.57614,0.1878358424021367
7,normal,12,random_096,0.024002533819488678,0.5918829344935002,0.58942,0.26138690405853277
7,normal,12,random_097,0.007037564892460093,0.5500688480485862,0.55084,0.07663887959435245
7,normal,12,random_098,0.019036857551852013,0.5819799115162273,0.5833,0.2073108320939718
7,normal,12,random_099,0.021396305183875034,0.5868354925067584,0.58888,0.23300514905487474
7,normal,12,random_100,0.018002498176472374,0.5797523933659008,0.58162,0.1960466881978436
7,normal,12,random_101,0.01730685649465027,0.5782166348525303,0.57522,0.18847117025823715
7,normal,12,random_102,0.01357283491607152,0.5693634405169278,0.57134,0.14780778249040155
7,normal,12,random_103,0.0212635488690269,0.5865699641104731,0.5869,0.23155943659829228
7,normal,12,random_104,0.011065428222873139,0.5626882730549045,0.5669,0.1205021956019615
7,normal,12,random_105,0.03159692642821162,0.6051240754338846,0.60594,0.3440896214936115
7,normal,12,random_106,0.014209377621963861,0.5709544494954581,0.56902,0.15473971427916736
7,normal,12,random_107,0.007054698117046947,0.5501294368746439,0.54912,0.07682545991812062
7,normal,12,random_108,0.026501963479497945,0.5964586889017423,0.5943,0.2886056212846048
7,normal,12,random_109,0.020710135750802217,0.5854536068728116,0.58608,0.2255327836321511
7,normal,12,random_110,0.014104487992226657,0.5706948503582506,0.5687,0.15359746922324782
7,normal,12,random_111,0.032995684176997365,0.6073699463092046,0.60494,0.35932205321238814
7,normal,12,random_112,0.021438708614628824,0.5869201223875055,0.5846,0.23346692119816373
7,normal,12,random_113,0.015679642176888716,0.5744940874647427,0.57276,0.17075085306347224
7,normal,12,random_114,0.017732810910992783,0.5791607345090477,0.58128,0.19310980162087382
7,normal,12,random_115,0.018769472058886235,0.581410260375796,0.58376,0.2043990117535817
7,normal,12,random_116,0.020711060080494434,0.5854554843864657,0.5835,0.225542849555957
7,normal,12,random_117,0.01982177767391036,0.5836284459763591,0.58226,0.21585858968410976
7,normal,12,random_118,0.019305232039394247,0.5825474898260252,0.5835,0.2102334225569004
7,normal,12,random_119,0.028004708541345503,0.5991003332523148,0.59884,0.30497047185661635
7,normal,12,random_120,0.015531398169491173,0.5741451994586865,0.5751,0.1691364800797579
7,normal,12,random_121,0.023047766326279737,0.590068956676987,0.58876,0.250989513473753
7,normal,12,random_122,0.024587830966322322,0.5929762000223642,0.59502,0.2677607731806718
7,normal,12,random_123,0.032190690497623145,0.6060838169256796,0.60394,0.350555695159495
7,normal,12,random_124,0.02696530163705165,0.5972814677185032,0.59418,0.2936513605155528
7,normal,12,random_125,0.010345425925522133,0.5606307952696998,0.56006,0.11266139125876322
7,normal,12,random_126,0.016284867856255922,0.5759010448932746,0.5743,0.1773417433326515
7,normal,12,random_127,0.024211147263340775,0.5922741953281219,0.59012,0.2636586984717216
7,nonnormal,0,oracle_t0,0.3244003101122831,0.8035423109469575,0.80136,0.999999999999999
7,nonnormal,0,oracle_t12,0.3021546273640032,0.7951804499314351,0.79222,0.9314252112133294
7,nonnormal,0,bottom,2.994481907659887e-32,0.5000000000000001,0.50308,-1.7981209431388815e-17
7,nonnormal,0,random_000,0.027860548836984335,0.5988502340391744,0.59882,0.08588323737218706
7,nonnormal,0,random_001,0.06055624245691666,0.6439818539805178,0.63862,0.1866713457701584
7,nonnormal,0,random_002,0.03944121868980237,0.617109187649504,0.61742,0.12158193892031338
7,nonnormal,0,random_003,0.04069394537184883,0.6188992531379232,0.6195,0.12544360810803049
7,nonnormal,0,random_004,0.05169335573017732,0.6334642414862868,0.63232,0.15935051268072115
7,nonnormal,0,random_005,0.05189335149623692,0.6337122976769368,0.63234,0.1599670218511051
7,nonnormal,0,random_006,0.02465162111073399,0.593094519069532,0.59152,0.07599136111245211
7,nonnormal,0,random_007,0.05758078533054359,0.6405539793254232,0.63698,0.17749916857543496
7,nonnormal,0,random_008,0.11643595140461835,0.6956187445103315,0.69132,0.35892675738909363
7,nonnormal,0,random_009,0.039981428727131195,0.6178848581133538,0.6154,0.12324719638305086
7,nonnormal,0,random_010,0.07932225423330035,0.6636564860349019,0.66094,0.24451966216014043
7,nonnormal,0,random_011,0.07215530194147246,0.6564986991533712,0.65172,0.22242673540138613
7,nonnormal,0,random_012,0.06845278977069319,0.6526379609010231,0.64878,0.21101333024928337
7,nonnormal,0,random_013,0.05235287892710005,0.6342802375388367,0.63618,0.16138356621477754
7,nonnormal,0,random_014,0.03187046010948376,0.6055673965306074,0.60394,0.09824423441041893
7,nonnormal,0,random_015,0.03404216646073123,0.6090169530135445,0.61084,0.10493876053616703
7,nonnormal,0,random_016,0.0384466647007663,0.615665870240654,0.61398,0.11851611574433728
7,nonnormal,0,random_017,0.06225958497614453,0.6459012732864292,0.64438,0.19192208834385774
7,nonnormal,0,random_018,0.03456996046719671,0.609837290246126,0.61024,0.10656574420422452
7,nonnormal,0,random_019,0.02927613867900517,0.6012770848621068,0.6023,0.09024695034623093
7,nonnormal,0,random_020,0.01712442088913488,0.5778085883242479,0.5775,0.05278793008307443
7,nonnormal,0,random_021,0.021995573436990115,0.5880234853976967,0.58764,0.0678037990450036
7,nonnormal,0,random_022,0.06663127220813564,0.6506942628057737,0.64986,0.20539829997410547
7,nonnormal,0,random_023,0.027880805880510097,0.598885418957278,0.5982,0.08594568195961286
7,nonnormal,0,random_024,0.059068635307250816,0.6422802840927141,0.64496,0.18208563144346437
7,nonnormal,0,random_025,0.0393306557209151,0.6169497219395769,0.61654,0.12124111628408038
7,nonnormal,0,random_026,0.07057328573355529,0.6548634574526953,0.65664,0.2175499946628535
7,nonnormal,0,random_027,0.039404772313009796,0.6170566477117493,0.61508,0.12146958891429781
7,nonnormal,0,random_028,0.023245848093061086,0.5904485007513356,0.58968,0.07165790959020689
7,nonnormal,0,random_029,0.05164157844824496,0.6333999344864449,0.63382,0.15919090345619719
7,nonnormal,0,random_030,0.028486407192770853,0.5999310931993281,0.6004,0.08781251529294458
7,nonnormal,0,random_031,0.04637934610627693,0.6266667560195819,0.63018,0.1429694875760871
7,nonnormal,0,random_032,0.03421698383485798,0.6092894211891413,0.60748,0.10547765451584984
7,nonnormal,0,random_033,0.0498813140624307,0.6311919359533473,0.63184,0.15376469290416353
7,nonnormal,0,random_034,0.07289345269929379,0.6572545601089012,0.65466,0.224702167128211
7,nonnormal,0,random_035,0.02319984028206311,0.5903604974420925,0.5895,0.07151608540088339
7,nonnormal,0,random_036,0.05288996789308395,0.6349405172501228,0.63612,0.1630392026283124
7,nonnormal,0,random_037,0.07795342513742276,0.6623196183268651,0.66378,0.24030009438166386
7,nonnormal,0,random_038,0.03682997545992799,0.6132757491717047,0.61486,0.1135324915293089
7,nonnormal,0,random_039,0.04448433892696431,0.6241390289873217,0.62866,0.1371279173918394
7,nonnormal,0,random_040,0.05415117440093409,0.6364763933810241,0.63518,0.16692701182126163
7,nonnormal,0,random_041,0.02547066932991779,0.5945995692988203,0.59214,0.07851616825243392
7,nonnormal,0,random_042,0.05826827162524197,0.6413547448518174,0.64072,0.17961842146536106
7,nonnormal,0,random_043,0.052393241732896764,0.6343299895009226,0.6298,0.16150798904835223
7,nonnormal,0,random_044,0.041538496367462416,0.6200891466370035,0.62476,0.12804703038996743
7,nonnormal,0,random_045,0.02782209494962717,0.5987834051978794,0.59818,0.08576469899180188
7,nonnormal,0,random_046,0.019260426474538524,0.5824530192085645,0.58518,0.05937240463140119
7,nonnormal,0,random_047,0.031028826209253242,0.6041967319950324,0.60222,0.09564980439911829
7,nonnormal,0,random_048,0.06856250811343916,0.6527540815674372,0.65296,0.21135154923158936
7,nonnormal,0,random_049,0.046697620474194526,0.6270856747030065,0.62298,0.14395060367861928
7,nonnormal,0,random_050,0.03254563947612308,0.6066530176638467,0.60662,0.10032554982718166
7,nonnormal,0,random_051,0.10000537145275427,0.6823763934856648,0.68026,0.3082776690877385
7,nonnormal,0,random_052,0.02405151657018428,0.5919749636413554,0.5892,0.07414147218866532
7,nonnormal,0,random_053,0.032381022321956415,0.6063894517340523,0.60318,0.09981809915887098
7,nonnormal,0,random_054,0.06917179711382151,0.6533969803179055,0.64892,0.21322975027329458
7,nonnormal,0,random_055,0.037264866928017976,0.6139241962336587,0.61334,0.1148730928004342
7,nonnormal,0,random_056,0.02400264523777858,0.5918831439392502,0.59254,0.07399082087643705
7,nonnormal,0,random_057,0.029567868078695235,0.6017693983811323,0.60086,0.09114623863479362
7,nonnormal,0,random_058,0.06279081296045498,0.6464937580255143,0.64756,0.19355965763017124
7,nonnormal,0,random_059,0.04267176258796258,0.621665212903447,0.62024,0.1315404494317307
7,nonnormal,0,random_060,0.0354372621614448,0.6111707864238144,0.60978,0.10923929804252973
7,nonnormal,0,random_061,0.04623445613607345,0.6264755232785977,0.62262,0.14252284814422803
7,nonnormal,0,random_062,0.02363715524188679,0.5911933137302657,0.58908,0.07286415735455166
7,nonnormal,0,random_063,0.10031362828065099,0.6826367701462644,0.68256,0.3092279050101088
7,nonnormal,0,random_064,0.032533559130519,0.60663370036714,0.60458,0.10028831081961138
7,nonnormal,0,random_065,0.038028646437729095,0.6150531806908749,0.61478,0.11722752800256689
7,nonnormal,0,random_066,0.04455031447045847,0.6242280186306871,0.62646,0.13733129433519478
7,nonnormal,0,random_067,0.03840233511648827,0.6156010683908666,0.6164,0.11837946487534556
7,nonnormal,0,random_068,0.05543658731655232,0.638021238033491,0.6398,0.1708894399557271
7,nonnormal,0,random_069,0.028377888136067356,0.5997445921424693,0.59942,0.08747799324311689
7,nonnormal,0,random_070,0.038486829903313396,0.6157245494753328,0.61628,0.11863992944393949
7,nonnormal,0,random_071,0.028858849550351024,0.6005683142659184,0.60084,0.08896061024221037
7,nonnormal,0,random_072,0.0500908206537545,0.6314569827349237,0.63204,0.15441052025017096
7,nonnormal,0,random_073,0.043316358044778284,0.6225514532184556,0.62258,0.13352748654828767
7,nonnormal,0,random_074,0.02551055327909383,0.5946722008228003,0.59566,0.07863911495726979
7,nonnormal,0,random_075,0.013939524933039106,0.5702845480330604,0.57398,0.04297013442500801
7,nonnormal,0,random_076,0.03195991468903059,0.605711934569205,0.6033,0.09851998809115943
7,nonnormal,0,random_077,0.024025189084977937,0.5919255116617627,0.58982,0.07406031479027314
7,nonnormal,0,random_078,0.0255397808272377,0.5947253881683919,0.59978,0.07872921212189257
7,nonnormal,0,random_079,0.022542906912965177,0.589093768789512,0.5906,0.06949101529885245
7,nonnormal,0,random_080,0.024956789924584027,0.5936583281685397,0.591,0.07693207788841452
7,nonnormal,0,random_081,0.02634724675397614,0.5961822531195182,0.59258,0.08121831555850444
7,nonnormal,0,random_082,0.02504004698714521,0.593811515391586,0.59486,0.07718872703444143
7,nonnormal,0,random_083,0.07262304561239022,0.6569781842093796,0.65996,0.22386860723793225
7,nonnormal,0,random_084,0.029999132293551153,0.6024924648141594,0.60282,0.09247565849480127
7,nonnormal,0,random_085,0.06225350717446815,0.6458944779970063,0.64158,0.1919033528448865
7,nonnormal,0,random_086,0.045289409967231437,0.625220013915043,0.62202,0.13960963832480797
7,nonnormal,0,random_087,0.03051772290046642,0.6033546355338006,0.60634,0.09407427166115664
7,nonnormal,0,random_088,0.06349217266147524,0.6472716276399334,0.64384,0.1957216768365571
7,nonnormal,0,random_089,0.05326573212128054,0.6354002421160797,0.63896,0.1641975376128459
7,nonnormal,0,random_090,0.06405312545142583,0.6478902469143497,0.64924,0.19745087613897577
7,nonnormal,0,random_091,0.03306904352655202,0.6074863101506048,0.60406,0.10193900096798905
7,nonnormal,0,random_092,0.03792384811404817,0.6148990052257387,0.61348,0.11690447552569147
7,nonnormal,0,random_093,0.05433170167809925,0.6366945896775822,0.63546,0.16748350721148692
7,nonnormal,0,random_094,0.06775751973544447,0.6518996121998941,0.65532,0.2088700831142603
7,nonnormal,0,random_095,0.05043130181568771,0.6318864129995705,0.63576,0.15546009126265048
7,nonnormal,0,random_096,0.07451966561507897,0.658904208616446,0.65554,0.22971514912943755
7,nonnormal,0,random_097,0.033579386264253566,0.6082920133073788,0.6096,0.10351218916107348
7,nonnormal,0,random_098,0.0450480196082898,0.6248970126604902,0.62108,0.13886552572251698
7,nonnormal,0,random_099,0.054026015367461336,0.6363248789206111,0.63818,0.16654119519417693
7,nonnormal,0,random_100,0.04313509837554974,0.622302978432097,0.62744,0.13296873347815094
7,nonnormal,0,random_101,0.07187435274768801,0.6562098285884318,0.65904,0.2215606782953149
7,nonnormal,0,random_102,0.03370056553518264,0.6084823559738267,0.6129,0.1038857377279263
7,nonnormal,0,random_103,0.06903737194823904,0.6532554220209683,0.6566,0.21281536976442278
7,nonnormal,0,random_104,0.0232156623262954,0.5903907720499136,0.59314,0.07156485861021479
7,nonnormal,0,random_105,0.04446554078245798,0.6241136602409049,0.62334,0.13706997002273918
7,nonnormal,0,random_106,0.06649476708715454,0.6505473761366442,0.6515,0.2049775077716139
7,nonnormal,0,random_107,0.02692815264829047,0.5972157776562912,0.59924,0.0830090225221114
7,nonnormal,0,random_108,0.026726177058370174,0.5968577831387272,0.593,0.08238641032469891
7,nonnormal,0,random_109,0.02788026269539799,0.5988844756640127,0.59996,0.08594400753115158
7,nonnormal,0,random_110,0.01692616764073584,0.5773625953927609,0.57752,0.05217679241699013
7,nonnormal,0,random_111,0.046400478768608575,0.6266946203445345,0.62712,0.143034631355772
7,nonnormal,0,random_112,0.044557121712131206,0.6242371963000882,0.6257,0.1373522784140028
7,nonnormal,0,random_113,0.03389080817206437,0.6087804388717919,0.6085,0.10447218179395039
7,nonnormal,0,random_114,0.07841890193246923,0.6627757651541035,0.66352,0.24173497832146446
7,nonnormal,0,random_115,0.04189937187435461,0.6205935524993037,0.6234,0.12915946923679614
7,nonnormal,0,random_116,0.03693578222443497,0.6134338929792762,0.6085,0.11385865263707833
7,nonnormal,0,random_117,0.01689719921645632,0.5772972010633937,0.5755,0.052087494030470444
7,nonnormal,0,random_118,0.0486801551412762,0.6296602692861837,0.62876,0.15006198706908366
7,nonnormal,0,random_119,0.024495893273155545,0.5928053871173452,0.59414,0.07551131275021555
7,nonnormal,0,random_120,0.056305356765607245,0.639053972848432,0.63342,0.17356751831130643
7,nonnormal,0,random_121,0.05798489927694227,0.6410253307530918,0.64066,0.17874489471626023
7,nonnormal,0,random_122,0.060321704071228305,0.6437151695912867,0.6439,0.18594835513674252
7,nonnormal,0,random_123,0.04048226382293611,0.6185989051322932,0.62006,0.12479107621359588
7,nonnormal,0,random_124,0.05217585780612719,0.63406178437513,0.63272,0.1608378789405835
7,nonnormal,0,random_125,0.027631932531038295,0.5984521991653869,0.59888,0.08517850220757851
7,nonnormal,0,random_126,0.027508617870655214,0.5982367744875113,0.60182,0.0847983710654708
7,nonnormal,0,random_127,0.019329568509781618,0.5825987542973056,0.58208,0.059585542637401116
7,nonnormal,12,oracle_t0,0.14252255066464453,0.7143990833420326,0.71462,0.9272726918897841
7,nonnormal,12,oracle_t12,0.1537007957973865,0.7217574785508836,0.72182,1.0000000000000004
7,nonnormal,12,bottom,8.104070184063579e-32,0.5000000000000002,0.49954,7.080224228738656e-18
7,nonnormal,12,random_000,0.011002925413069818,0.5625124360605878,0.56408,0.07158665220949308
7,nonnormal,12,random_001,0.03144230352708201,0.6048725654999147,0.6061,0.20456825460116881
7,nonnormal,12,random_002,0.01647569401051764,0.5763390178986596,0.5814,0.10719329021715966
7,nonnormal,12,random_003,0.01991737641990264,0.5838268825106824,0.58282,0.12958538253867208
7,nonnormal,12,random_004,0.016929614426746297,0.5773703724191592,0.57522,0.11014656325568731
7,nonnormal,12,random_005,0.01285148956513808,0.5675132617942051,0.5649,0.08361368266485324
7,nonnormal,12,random_006,0.012545509867812684,0.5667123374096878,0.56534,0.08162293371825219
7,nonnormal,12,random_007,0.018581069402803428,0.5810063342630758,0.5808,0.12089117240028881
7,nonnormal,12,random_008,0.03406091689145312,0.609046213210571,0.61028,0.22160533857191847
7,nonnormal,12,random_009,0.01650803629503539,0.5764129868687295,0.57222,0.1074037138805504
7,nonnormal,12,random_010,0.035655475870922604,0.6115035141465694,0.61038,0.23197977398844996
7,nonnormal,12,random_011,0.03211862231182578,0.6059678369829012,0.60536,0.20896848415909067
7,nonnormal,12,random_012,0.03144654991201167,0.6048794815111492,0.60548,0.2045958822065278
7,nonnormal,12,random_013,0.0328154513617272,0.6070834665885392,0.60368,0.2135021565209437
7,nonnormal,12,random_014,0.020527957311989267,0.5850827032899802,0.58724,0.13355791169129605
7,nonnormal,12,random_015,0.013113847687851071,0.5681922252831879,0.56796,0.08532062322655891
7,nonnormal,12,random_016,0.01455088667308041,0.5717928935088854,0.56854,0.09467021037589081
7,nonnormal,12,random_017,0.031005995567243354,0.6041592750664542,0.60224,0.20172957079621434
7,nonnormal,12,random_018,0.02110288252957504,0.5862474480344172,0.58864,0.13729845977761607
7,nonnormal,12,random_019,0.011589311523901061,0.564142514568125,0.5614,0.0754017665541464
7,nonnormal,12,random_020,0.006010009714298957,0.54628720967887,0.54372,0.039102007788050445
7,nonnormal,12,random_021,0.011346576216135718,0.5634729928549715,0.56144,0.07382249491468583
7,nonnormal,12,random_022,0.036431940558335124,0.612678613743386,0.61218,0.23703156752916837
7,nonnormal,12,random_023,0.011254748608620833,0.5632177977926358,0.56178,0.07322505098449344
7,nonnormal,12,random_024,0.02236674494131515,0.5887507969193859,0.58954,0.1455213346507311
7,nonnormal,12,random_025,0.011055065904448852,0.5626591563630047,0.56354,0.07192588592073401
7,nonnormal,12,random_026,0.031020757007438258,0.6041834950020563,0.60364,0.2018256108987937
7,nonnormal,12,random_027,0.01760395761549293,0.5788763953066074,0.57648,0.11453393929527249
7,nonnormal,12,random_028,0.013999312023279583,0.5704335406129135,0.5714,0.09108158452044679
7,nonnormal,12,random_029,0.03534020719568082,0.6110224436462152,0.61586,0.22992858958432122
7,nonnormal,12,random_030,0.012811506273456409,0.567409163862679,0.5681,0.08335354548420798
7,nonnormal,12,random_031,0.020520424738492447,0.5850673304555714,0.58694,0.1335089036594395
7,nonnormal,12,random_032,0.012942674974562857,0.5677500447105057,0.5697,0.0842069483597491
7,nonnormal,12,random_033,0.018519035783647164,0.5808728706666808,0.57796,0.12048757254360339
7,nonnormal,12,random_034,0.02029662679541594,0.584609239136342,0.58498,0.13205284130195152
7,nonnormal,12,random_035,0.01314056304437023,0.5682609689215454,0.56768,0.08549443726818803
7,nonnormal,12,random_036,0.017208973667857938,0.5779979834728673,0.57704,0.11196411559601413
7,nonnormal,12,random_037,0.02516709634735628,0.594044759820401,0.5896,0.16374083306980658
7,nonnormal,12,random_038,0.0175992446928577,0.5788659748742222,0.5769,0.11450327632693341
7,nonnormal,12,random_039,0.03079188498836726,0.6038072758464353,0.6001,0.20033653585605485
7,nonnormal,12,random_040,0.012080122343316759,0.5654746490328462,0.56518,0.07859505398554467
7,nonnormal,12,random_041,0.008893711049076245,0.5562466070875128,0.5589,0.057863793111391774
7,nonnormal,12,random_042,0.029854362500498853,0.6022503629088694,0.60034,0.1942368765601831
7,nonnormal,12,random_043,0.010996206187990746,0.5624935026623186,0.56284,0.07154293594215552
7,nonnormal,12,random_044,0.016483427176808983,0.5763567110121259,0.57608,0.10724360333526181
7,nonnormal,12,random_045,0.006171465041855319,0.546901993708276,0.54096,0.040152459913029674
7,nonnormal,12,random_046,0.012911337249132727,0.5676687665228327,0.56602,0.08400306050563908
7,nonnormal,12,random_047,0.0067874505528328945,0.5491756809020822,0.54466,0.04416015231164019
7,nonnormal,12,random_048,0.024831811351636875,0.5934278687874475,0.5945,0.16155941953853645
7,nonnormal,12,random_049,0.019865653687285528,0.5837195823600292,0.58216,0.12924886682742426
7,nonnormal,12,random_050,0.017831350670457897,0.5793774569949488,0.5796,0.1160133919798554
7,nonnormal,12,random_051,0.04742281075321306,0.6280343270121882,0.62798,0.30853978671475063
7,nonnormal,12,random_052,0.010383742699912142,0.560742101781592,0.56026,0.06755815834291672
7,nonnormal,12,random_053,0.011307078743851942,0.5633633570066924,0.56282,0.07356551854654883
7,nonnormal,12,random_054,0.03394216147542878,0.6088607477149521,0.61164,0.22083269835617822
7,nonnormal,12,random_055,0.013635106731408273,0.5695207604142529,0.56918,0.08871201128576152
7,nonnormal,12,random_056,0.014689238234917114,0.5721296678033377,0.57002,0.09557034600055661
7,nonnormal,12,random_057,0.011617749530954381,0.5642204807429225,0.55966,0.07558678841370017
7,nonnormal,12,random_058,0.02921224290088229,0.6011689076981609,0.60352,0.19005915193432607
7,nonnormal,12,random_059,0.017312907516201105,0.5782301305611294,0.58094,0.11264032451089952
7,nonnormal,12,random_060,0.014765107459879622,0.5723136527248793,0.57232,0.09606396234501925
7,nonnormal,12,random_061,0.022209872683001113,0.5884441843430959,0.58652,0.1445007006488042
7,nonnormal,12,random_062,0.013530622136989526,0.5692565850021356,0.56678,0.08803221913584655
7,nonnormal,12,random_063,0.033968630813807674,0.6089021162414147,0.61014,0.22100491176757647
7,nonnormal,12,random_064,0.014767077264140303,0.5723184230411671,0.5738,0.09607677818146602
7,nonnormal,12,random_065,0.012111951725555022,0.5655600707275525,0.5671,0.07880214063121314
7,nonnormal,12,random_066,0.018863807597386185,0.5816117174483662,0.5821,0.12273070870923199
7,nonnormal,12,random_067,0.01802206942357746,0.5797951501458434,0.58098,0.11725423625870333
7,nonnormal,12,random_068,0.02255781425904599,0.5891227273680057,0.59106,0.14676445975453806
7,nonnormal,12,random_069,0.013498703903061864,0.5691756745482162,0.56686,0.08782455440800913
7,nonnormal,12,random_070,0.015503801127149705,0.5740800606168314,0.57192,0.10087001206934114
7,nonnormal,12,random_071,0.01072076875928602,0.5617122109085315,0.56092,0.06975089949058236
7,nonnormal,12,random_072,0.024399177319188673,0.5926253311495693,0.5901,0.15874463884593348
7,nonnormal,12,random_073,0.028143669285187686,0.5993407660300306,0.59892,0.18310685471197963
7,nonnormal,12,random_074,0.009985561157628543,0.5595749579051834,0.55832,0.06496753062223469
7,nonnormal,12,random_075,0.008979690947920088,0.5565160176468433,0.55974,0.05842319098827192
7,nonnormal,12,random_076,0.011811995775325244,0.564750431240469,0.56536,0.07685058306982491
7,nonnormal,12,random_077,0.01039884175707893,0.560785905342565,0.55936,0.06765639503120743
7,nonnormal,12,random_078,0.015094531889235496,0.5731069065556372,0.57384,0.09820724616893735
7,nonnormal,12,random_079,0.011363922321251569,0.563521079783353,0.56206,0.07393535122766626
7,nonnormal,12,random_080,0.011345876512773403,0.5634710523443944,0.56378,0.07381794254162433
7,nonnormal,12,random_081,0.019123540968732276,0.5821636897012481,0.58358,0.12442057225221902
7,nonnormal,12,random_082,0.017315745366125096,0.5782364590278051,0.57824,0.11265878798019566
7,nonnormal,12,random_083,0.029383823903713004,0.6014591143159203,0.59876,0.19117548319299366
7,nonnormal,12,random_084,0.018084220094560007,0.5799307691200399,0.57894,0.11765859767179888
7,nonnormal,12,random_085,0.03026292150517046,0.6029320074672953,0.60372,0.1968950215785744
7,nonnormal,12,random_086,0.011730853320649265,0.5645296031496323,0.56772,0.076322658316703
7,nonnormal,12,random_087,0.007029374931233732,0.5500398591339958,0.5518,0.04573414792529824
7,nonnormal,12,random_088,0.03630756387521213,0.612491299537204,0.60904,0.2362223545223149
7,nonnormal,12,random_089,0.025393705320964757,0.5944592421853113,0.59066,0.16521518440567864
7,nonnormal,12,random_090,0.03914351426148925,0.6166792496386405,0.61746,0.25467346514646266
7,nonnormal,12,random_091,0.01708494293956702,0.5777199928652325,0.57666,0.11115715342221756
7,nonnormal,12,random_092,0.0210572019855602,0.5861555158436715,0.58608,0.13700125543473776
7,nonnormal,12,random_093,0.017461918618115028,0.578561702927072,0.57582,0.11360981267223837
7,nonnormal,12,random_094,0.020357299091938594,0.5847336889544519,0.58308,0.13244758419321576
7,nonnormal,12,random_095,0.017657072536020738,0.578993734082081,0.58004,0.11487951278597727
7,nonnormal,12,random_096,0.03485585945369678,0.610278839673753,0.61164,0.22677735188596523
7,nonnormal,12,random_097,0.018539600636195606,0.5809171411382666,0.57836,0.12062137050113349
7,nonnormal,12,random_098,0.028083343156097847,0.599236466196811,0.60092,0.18271436403698432
7,nonnormal,12,random_099,0.02011220257213015,0.584229753080616,0.57892,0.13085295016066625
7,nonnormal,12,random_100,0.010264594087811685,0.5603952927349485,0.55978,0.06678295993563249
7,nonnormal,12,random_101,0.03166900164472865,0.6052410879021837,0.60518,0.20604318592127394
7,nonnormal,12,random_102,0.006708802901165514,0.5488913851780468,0.5461,0.04364845911409127
7,nonnormal,12,random_103,0.02186084525475946,0.5877578933839226,0.58712,0.14222987682885632
7,nonnormal,12,random_104,0.008090325753088426,0.5536621826682749,0.55514,0.052636850128956816
7,nonnormal,12,random_105,0.01685737455782077,0.5772072044378818,0.57982,0.10967656003579011
7,nonnormal,12,random_106,0.022960833861628276,0.5899018439448201,0.5868,0.14938656460761615
7,nonnormal,12,random_107,0.010800191990640449,0.5619385431548977,0.56018,0.07026763872372939
7,nonnormal,12,random_108,0.009134020392932948,0.5569963152118235,0.55612,0.05942728107259589
7,nonnormal,12,random_109,0.018105175314756927,0.5799764408203094,0.58002,0.11779493541870642
7,nonnormal,12,random_110,0.016496937423137882,0.5763876114819759,0.57482,0.10733150298639119
7,nonnormal,12,random_111,0.01883364595923373,0.5815473633595523,0.58446,0.12253447265205367
7,nonnormal,12,random_112,0.02105268718949737,0.5861464241380767,0.5842,0.13697188150704007
7,nonnormal,12,random_113,0.01791561359092378,0.5795622863347015,0.57862,0.11656161894269398
7,nonnormal,12,random_114,0.025929955796411313,0.5954323556325061,0.59542,0.1687041089272762
7,nonnormal,12,random_115,0.02589080377628992,0.5953616702975357,0.59344,0.16844938012175326
7,nonnormal,12,random_116,0.01945523402661712,0.5828629328027115,0.58698,0.12657861610725601
7,nonnormal,12,random_117,0.006213060133369359,0.5470590531051831,0.54952,0.04042308370061812
7,nonnormal,12,random_118,0.022058127756344643,0.5881465096219362,0.5848,0.14351342582131066
7,nonnormal,12,random_119,0.021116466457666766,0.5862747656096983,0.58458,0.13738683881313932
7,nonnormal,12,random_120,0.02179739203266587,0.5876325094972265,0.58596,0.14181704082651547
7,nonnormal,12,random_121,0.0160138737756054,0.5752744786893645,0.57728,0.10418861979553724
7,nonnormal,12,random_122,0.02301073287773788,0.5899978068305864,0.59026,0.14971121495084125
7,nonnormal,12,random_123,0.013195686240946162,0.5684025842625081,0.56498,0.08585307689845123
7,nonnormal,12,random_124,0.023869284531112454,0.5916320827856794,0.58896,0.1552970783741273
7,nonnormal,12,random_125,0.013348026453244934,0.5687923803656724,0.5642,0.08684422474195089
7,nonnormal,12,random_126,0.009526534483802217,0.5581995352782692,0.55614,0.061981035520209116
7,nonnormal,12,random_127,0.009420736083958946,0.5578777507389908,0.55984,0.061292695558828963
8,normal,0,oracle_t0,0.14291119096586982,0.7146612351385958,0.71422,1.0
8,normal,0,oracle_t12,0.06986564552213737,0.6541251305548228,0.65316,0.48887455943756547
8,normal,0,bottom,1.5261543688222996e-32,0.5000000000000001,0.49798,-1.908234617781005e-17
8,normal,0,random_000,0.05073387432698607,0.6322666786473949,0.631,0.35500280967571246
8,normal,0,random_001,0.04999313881840453,0.6313334823305626,0.6311,0.3498196221060389
8,normal,0,random_002,0.044976651995647744,0.6248013341127676,0.62072,0.31471749477190425
8,normal,0,random_003,0.05121901945298932,0.6328737691118249,0.63318,0.35839754120600326
8,normal,0,random_004,0.03559399766390586,0.6114098849809932,0.61242,0.24906375367347167
8,normal,0,random_005,0.03435304489651543,0.6095009659262309,0.6084,0.24038036954516517
8,normal,0,random_006,0.030208072307152594,0.602840783153651,0.60268,0.21137653463658365
8,normal,0,random_007,0.04236758279911912,0.6212444541582486,0.62268,0.2964609175305061
8,normal,0,random_008,0.02634932676722702,0.5961859752188611,0.59386,0.184375531329242
8,normal,0,random_009,0.031923740808483196,0.6056535120356796,0.60532,0.22338167216105037
8,normal,0,random_010,0.03895276435220427,0.6164028371566711,0.61516,0.2725662286413036
8,normal,0,random_011,0.041351439667562016,0.6198267491017186,0.61558,0.28935060570195387
8,normal,0,random_012,0.026102109521068707,0.5957424949946432,0.59514,0.1826456650781285
8,normal,0,random_013,0.03474969594598186,0.6101151068386113,0.60994,0.24315587681499928
8,normal,0,random_014,0.06344868085762691,0.6472235345606743,0.64944,0.44397279477420193
8,normal,0,random_015,0.046142680973036226,0.6263542228237575,0.62274,0.32287661072012247
8,normal,0,random_016,0.043623997092600474,0.622971869078515,0.6216,0.30525249140928945
8,normal,0,random_017,0.051194370696810224,0.6328430021696885,0.63172,0.35822506516677577
8,normal,0,random_018,0.03942507490933484,0.6170859185509411,0.61748,0.27587115216715524
8,normal,0,random_019,0.04672509769898021,0.6271217666784309,0.62528,0.3269519859374704
8,normal,0,random_020,0.03838408097613548,0.6155743723220258,0.6168,0.2685869505160194
8,normal,0,random_021,0.036203262879773504,0.6123339520709672,0.6102,0.2533269972427814
8,normal,0,random_022,0.05627777384402938,0.6390213225669998,0.64052,0.3937954296208314
8,normal,0,random_023,0.034294455944572144,0.6094099285379259,0.6104,0.23997040198736
8,normal,0,random_024,0.018100284445651392,0.5799657836801029,0.58234,0.126654073227716
8,normal,0,random_025,0.030554390832456153,0.6034152996595049,0.60304,0.21379984748537434
8,normal,0,random_026,0.035021890323305084,0.6105343659443758,0.60878,0.24506051686091573
8,normal,0,random_027,0.05228334481324274,0.6341944781657174,0.63318,0.36584500107993034
8,normal,0,random_028,0.05125216896277383,0.6329151338047173,0.62966,0.3586295000159499
8,normal,0,random_029,0.060255337297403413,0.6436395996827391,0.64154,0.4216278437690277
8,normal,0,random_030,0.028997116606828216,0.6008037636842191,0.59914,0.20290305056483182
8,normal,0,random_031,0.06667860947908866,0.6507451597867997,0.65012,0.4665737443543726
8,normal,0,random_032,0.023620067783599475,0.5911609256501072,0.59084,0.16527794376327357
8,normal,0,random_033,0.03440531598601783,0.6095821158526703,0.6098,0.24074612879151322
8,normal,0,random_034,0.0273619681409734,0.5979799160549981,0.59384,0.19146134012351784
8,normal,0,random_035,0.048790075206344694,0.6298013008483394,0.63094,0.34140136175897384
8,normal,0,random_036,0.039317405801540806,0.6169305951285475,0.61868,0.275117753451027
8,normal,0,random_037,0.048487290590753275,0.6294123892930227,0.62824,0.3392826710284226
8,normal,0,random_038,0.030566634690940092,0.6034355474677675,0.5993,0.21388552208091274
8,normal,0,random_039,0.03715622665385202,0.6137625934260907,0.61296,0.2599952208272178
8,normal,0,random_040,0.03151352247616406,0.6049884924681465,0.60454,0.2205112298286715
8,normal,0,random_041,0.0369695938689872,0.6134843777311456,0.61066,0.2586892854165374
8,normal,0,random_042,0.036988836749601045,0.6135130984443371,0.612,0.2588239346380841
8,normal,0,random_043,0.036774493770415376,0.6131927252848901,0.61172,0.2573241012258999
8,normal,0,random_044,0.028123716360574525,0.5993062819272079,0.59586,0.19679156104220732
8,normal,0,random_045,0.03125942369874564,0.6045742365365063,0.60446,0.21873321107659816
8,normal,0,random_046,0.060483539450277415,0.6438992490886033,0.64354,0.42322465470686726
8,normal,0,random_047,0.0344165823484012,0.609599597975809,0.6096,0.24082496350212768
8,normal,0,random_048,0.028922193119986225,0.6006762538831013,0.59934,0.20237878450606045
8,normal,0,random_049,0.034175198634948625,0.6092243635902083,0.60818,0.239135916536518
8,normal,0,random_050,0.01696418470338796,0.577448328352604,0.58138,0.11870438269204096
8,normal,0,random_051,0.04673713791197105,0.6271375780835097,0.62888,0.32703623555367944
8,normal,0,random_052,0.023583122909867717,0.5910908570287945,0.58948,0.1650194274533746
8,normal,0,random_053,0.0520077605672407,0.6338539601077697,0.63138,0.3639166409274501
8,normal,0,random_054,0.043421892455866605,0.6226958594156932,0.62232,0.30383829399502144
8,normal,0,random_055,0.03779245545909243,0.6147053781432124,0.6145,0.26444713813992404
8,normal,0,random_056,0.05538852942066481,0.6379638450961486,0.63798,0.38757307280360404
8,normal,0,random_057,0.07358271460712414,0.6579563477382162,0.65608,0.514884202628311
8,normal,0,random_058,0.04433290912244077,0.6239345013608774,0.62322,0.31021299887584314
8,normal,0,random_059,0.029865431109774444,0.6022688952911439,0.60428,0.20897895334807576
8,normal,0,random_060,0.034470706871729956,0.6096835405685068,0.609,0.2412036918785617
8,normal,0,random_061,0.03126449481704267,0.6045825215451619,0.60208,0.21876869547962338
8,normal,0,random_062,0.05904606360710196,0.6422542798439609,0.6409,0.4131661293145575
8,normal,0,random_063,0.04563437288943478,0.6256799622011391,0.62818,0.31931979980723285
8,normal,0,random_064,0.0440264045330596,0.6235193442445089,0.62302,0.30806827817685756
8,normal,0,random_065,0.04484450880669816,0.6246239562429612,0.6259,0.3137928422792864
8,normal,0,random_066,0.03780185802045331,0.6147192463706973,0.61184,0.26451293117752556
8,normal,0,random_067,0.024443549385238315,0.5927079852212596,0.59344,0.17104013492600428
8,normal,0,random_068,0.0509265276260384,0.6325081426478816,0.63086,0.3563508727472626
8,normal,0,random_069,0.06087690888132211,0.6443455232597669,0.64536,0.42597719933536066
8,normal,0,random_070,0.05106199997222258,0.6326776336230915,0.63392,0.3572988205270591
8,normal,0,random_071,0.06343593186548369,0.6472094332013936,0.65126,0.443883585580317
8,normal,0,random_072,0.04927937310001969,0.63042695857821,0.6281,0.3448251516691135
8,normal,0,random_073,0.0458145927290987,0.6259194920422496,0.62872,0.32058086157885424
8,normal,0,random_074,0.03512669705151146,0.610695330223843,0.61154,0.2457938864976673
8,normal,0,random_075,0.04079339054968059,0.6190400582712188,0.61596,0.2854457392313168
8,normal,0,random_076,0.05120916401342613,0.6328614683971678,0.63294,0.35832857921991546
8,normal,0,random_077,0.05343120257538056,0.6356021093782565,0.63548,0.37387696662706454
8,normal,0,random_078,0.046585354111479196,0.626938088176208,0.62728,0.32597415077595127
8,normal,0,random_079,0.03378786557149167,0.6086192546941107,0.60636,0.23642561050072644
8,normal,0,random_080,0.06301462140646186,0.6467425178240122,0.64468,0.44093552772582434
8,normal,0,random_081,0.03795053489410942,0.6149382877621984,0.61168,0.26555327569254394
8,normal,0,random_082,0.042632977757378995,0.6216116551310965,0.62088,0.29831797964346024
8,normal,0,random_083,0.0466663108816057,0.6270445345171228,0.62564,0.32654063384546717
8,normal,0,random_084,0.04279746273374342,0.6218386084814069,0.62174,0.29946893902776567
8,normal,0,random_085,0.04565455060178035,0.6257068062600558,0.62294,0.3194609903760694
8,normal,0,random_086,0.051222137071212634,0.6328776599807957,0.6353,0.35841935628012195
8,normal,0,random_087,0.051595391787684936,0.6333425406243453,0.63524,0.3610311511574136
8,normal,0,random_088,0.03817601502912126,0.6152695943257621,0.61238,0.2671310397114982
8,normal,0,random_089,0.042567410861776726,0.6215210533913534,0.61962,0.29785918495314123
8,normal,0,random_090,0.037262956659129126,0.6139213569083068,0.61256,0.26074204831186604
8,normal,0,random_091,0.01522934824829894,0.5734289613680236,0.57214,0.10656512023565753
8,normal,0,random_092,0.049840786394944395,0.6311405929746614,0.63218,0.34875355847288003
8,normal,0,random_093,0.03863951484915495,0.6159473109851491,0.613,0.27037431140282686
8,normal,0,random_094,0.03880646016047482,0.6161903310138477,0.61546,0.27154248661843855
8,normal,0,random_095,0.0300033354193701,0.6024994844748542,0.59852,0.20994391843348034
8,normal,0,random_096,0.051656295814095046,0.6334182170047732,0.6317,0.36145731810766074
8,normal,0,random_097,0.03566241055505898,0.6115140699546978,0.60866,0.24954246279828368
8,normal,0,random_098,0.021420894479006063,0.5868845791635092,0.5881,0.14988955262518122
8,normal,0,random_099,0.04756410027509102,0.6282182178601617,0.62834,0.332822782831964
8,normal,0,random_100,0.06438051002804018,0.648249855794796,0.6436,0.45049313208379616
8,normal,0,random_101,0.04367544224685213,0.6230420143914754,0.62462,0.3056124712954266
8,normal,0,random_102,0.028674469822768854,0.6002534049481806,0.59758,0.2006453772372307
8,normal,0,random_103,0.042541430349362946,0.6214851318128767,0.622,0.29767739014590355
8,normal,0,random_104,0.04106169695802186,0.6194190229404103,0.62406,0.28732317378719663
8,normal,0,random_105,0.03654978208741144,0.6128557669584533,0.61146,0.2557517143366351
8,normal,0,random_106,0.021910139937940845,0.587855168212649,0.58988,0.15331297563095286
8,normal,0,random_107,0.03871150533492673,0.6160521764115963,0.61632,0.27087805421880407
8,normal,0,random_108,0.04077255766789218,0.6190105763733393,0.61768,0.285299964210847
8,normal,0,random_109,0.035568367192443134,0.6113708248726751,0.61028,0.24888440822620814
8,normal,0,random_110,0.03686122111914425,0.6133224759840432,0.61212,0.25793096306885777
8,normal,0,random_111,0.02434905594253917,0.5925318721344964,0.5892,0.17037893098486767
8,normal,0,random_112,0.03936210472317524,0.6169951058499246,0.61302,0.27543052756852154
8,normal,0,random_113,0.05656012590279961,0.6393551214782783,0.63828,0.39577114654588086
8,normal,0,random_114,0.03143158614572911,0.6048551080684567,0.60886,0.219937892430241
8,normal,0,random_115,0.03430238771441535,0.6094222580757656,0.60988,0.24002590337804605
8,normal,0,random_116,0.017990808477924575,0.5797268436577686,0.57808,0.1258880312754595
8,normal,0,random_117,0.04267709228112454,0.6216725705641727,0.62194,0.29862666452284164
8,normal,0,random_118,0.03887054511533128,0.6162834676281314,0.61584,0.271990911646761
8,normal,0,random_119,0.0318445335908238,0.6055254646112312,0.60576,0.22282743132711652
8,normal,0,random_120,0.039309649250979184,0.616919396596517,0.61746,0.2750634781314443
8,normal,0,random_121,0.03848123601521862,0.6157163790957035,0.61468,0.26926677858565157
8,normal,0,random_122,0.059938204659857074,0.6432778360083401,0.64308,0.4194087548691102
8,normal,0,random_123,0.03242644611768829,0.6064622507301479,0.60782,0.2268992784857024
8,normal,0,random_124,0.050617757504045395,0.6321208956349225,0.63114,0.35419029931766494
8,normal,0,random_125,0.049460695488283565,0.6306579362331095,0.6308,0.3460939283620961
8,normal,0,random_126,0.03454407164619607,0.6097972098891405,0.60706,0.24171705107716804
8,normal,0,random_127,0.07281705665078528,0.6571765382870847,0.65334,0.5095266239029211
8,normal,12,oracle_t0,0.04601965839261696,0.6261914131820396,0.62382,0.5184568040983757
8,normal,12,oracle_t12,0.08876276293190456,0.6725249973196523,0.6703,1.0000000000000002
8,normal,12,bottom,6.012840060322811e-33,0.5,0.50022,-1.5241341765420266e-17
8,normal,12,random_000,0.014024127700026714,0.5704952861978083,0.56818,0.1579956192979876
8,normal,12,random_001,0.01898955924681993,0.5818794499854818,0.58186,0.21393609909808703
8,normal,12,random_002,0.016399794567207436,0.5761651345753489,0.579,0.18475984777297602
8,normal,12,random_003,0.027907995594386507,0.5989326240418282,0.59658,0.3144110736593056
8,normal,12,random_004,0.01754418953449886,0.5787441384432525,0.57592,0.1976525848790682
8,normal,12,random_005,0.02274602068635449,0.5894874703638915,0.59194,0.2562563392016581
8,normal,12,random_006,0.016642971792875157,0.5767207854502425,0.57362,0.1874994788709205
8,normal,12,random_007,0.021006880845097848,0.5860541234657455,0.58376,0.23666321497015075
8,normal,12,random_008,0.014735103430990415,0.5722409506553692,0.56932,0.16600546157282914
8,normal,12,random_009,0.013589720892570857,0.5694061369558948,0.5703,0.15310159850472868
8,normal,12,random_010,0.01729693523228784,0.5781945019669562,0.5822,0.19486702149591048
8,normal,12,random_011,0.01975985854186797,0.5834996521550506,0.58678,0.22261427978562365
8,normal,12,random_012,0.011378308063762728,0.5635609314409529,0.56394,0.1281878536441204
8,normal,12,random_013,0.01359531917446672,0.5694202862590885,0.57156,0.15316466866738412
8,normal,12,random_014,0.022228819676279984,0.588481277179656,0.59142,0.25042956012233536
8,normal,12,random_015,0.01619321903187948,0.5756897522598255,0.57756,0.18243257078762087
8,normal,12,random_016,0.017327896216037385,0.5782635495954018,0.5784,0.1952158274898529
8,normal,12,random_017,0.018437755313592395,0.5806976450981751,0.5824,0.20771948398831555
8,normal,12,random_018,0.03740369795733957,0.6141303367384257,0.61452,0.4213895187786604
8,normal,12,random_019,0.010065353735644218,0.5598107256280727,0.56108,0.11339612922330936
8,normal,12,random_020,0.032600688959369205,0.6067409968628052,0.60776,0.36727888905823314
8,normal,12,random_021,0.007892441344532222,0.5530057715913598,0.549,0.08891612973547264
8,normal,12,random_022,0.022375506243342128,0.5887678878594789,0.58924,0.2520821288596861
8,normal,12,random_023,0.023618809525271414,0.5911585402219515,0.58902,0.2660891656041722
8,normal,12,random_024,0.006818698776753536,0.549288172602816,0.55242,0.07681936153772717
8,normal,12,random_025,0.023316008821574457,0.5905825272809819,0.59094,0.2626778172673787
8,normal,12,random_026,0.012972488680900732,0.5678272762264928,0.56598,0.14614786935882945
8,normal,12,random_027,0.028547052091723348,0.6000351530193273,0.59682,0.32161067489104167
8,normal,12,random_028,0.013870948291368547,0.5701132450801906,0.57094,0.1562699023013718
8,normal,12,random_029,0.02538040088945157,0.5944349616716351,0.59352,0.2859352283673557
8,normal,12,random_030,0.013724581845961566,0.5697461583280089,0.571,0.15462094004994592
8,normal,12,random_031,0.03041064992349797,0.6031772687223389,0.60272,0.3426059410389002
8,normal,12,random_032,0.013623565294383317,0.5694916307930306,0.57144,0.15348288904475413
8,normal,12,random_033,0.013613315539185874,0.5694657506050048,0.56918,0.1533674154513364
8,normal,12,random_034,0.02119880187008685,0.5864401473016384,0.58356,0.2388253944545392
8,normal,12,random_035,0.02259753719122204,0.5891998429296369,0.58956,0.2545835262987254
8,normal,12,random_036,0.013735498896314464,0.5697736077057296,0.57296,0.15474393138090828
8,normal,12,random_037,0.02247032377862332,0.5889526269452121,0.59042,0.25315034183717017
8,normal,12,random_038,0.014296585141038924,0.5711695340285275,0.56922,0.16106512087739683
8,normal,12,random_039,0.01741533351214407,0.5784582024867724,0.57844,0.19620089479982125
8,normal,12,random_040,0.016475480898477397,0.5763385302475711,0.57832,0.1856125288835001
8,normal,12,random_041,0.017613325233015183,0.5788971031230079,0.57944,0.1984314666559836
8,normal,12,random_042,0.01683021535716423,0.5771457661912464,0.58062,0.18960896215089368
8,normal,12,random_043,0.014289336005571189,0.5711516809474432,0.57146,0.16098345222234062
8,normal,12,random_044,0.01943414270293552,0.5828186561911113,0.58138,0.21894476986757017
8,normal,12,random_045,0.015548637269639669,0.5741858594818945,0.57294,0.17517072200161235
8,normal,12,random_046,0.02048513951682389,0.5849952793670037,0.58548,0.23078528473183427
8,normal,12,random_047,0.017525038701857273,0.5787017112974995,0.57808,0.19743683187624322
8,normal,12,random_048,0.02160273585336822,0.5872466689183872,0.5875,0.24337610885254932
8,normal,12,random_049,0.02074965996188563,0.5855338499858402,0.58514,0.23376536822996374
8,normal,12,random_050,0.021654098756400966,0.5873486551066036,0.5819,0.2439547625732783
8,normal,12,random_051,0.02849571459865604,0.5999470713118152,0.59988,0.3210323074386147
8,normal,12,random_052,0.01078491778744243,0.5618950826520134,0.55984,0.12150272739612915
8,normal,12,random_053,0.02645681332079085,0.5963781066604112,0.59682,0.29806207520925787
8,normal,12,random_054,0.017208541260847317,0.577997016127799,0.57884,0.19387117629550443
8,normal,12,random_055,0.019785088779611416,0.5835521572842257,0.58252,0.22289852327816564
8,normal,12,random_056,0.023941295631843745,0.5917677404138966,0.59028,0.2697222894042924
8,normal,12,random_057,0.024726714305586418,0.5932335963375751,0.59714,0.2785708047929495
8,normal,12,random_058,0.02027841107875663,0.5845718374631185,0.5837,0.22845628514643548
8,normal,12,random_059,0.012234247356398895,0.5658872121446747,0.56496,0.1378308533025786
8,normal,12,random_060,0.018097508102212098,0.5799597333970892,0.5806,0.20388626383899114
8,normal,12,random_061,0.010298461776629407,0.5604940808838006,0.55702,0.11602232103263853
8,normal,12,random_062,0.026670995763067983,0.596759727016017,0.59622,0.3004750514979911
8,normal,12,random_063,0.028708523136803943,0.6003116469111494,0.60332,0.32342980534335164
8,normal,12,random_064,0.01986380253961573,0.5837157394028363,0.58178,0.22378531135690868
8,normal,12,random_065,0.013001363387734912,0.5679019882722732,0.56698,0.14647317138729757
8,normal,12,random_066,0.010615752798943293,0.5614116248390063,0.56062,0.11959691708883942
8,normal,12,random_067,0.015527230650981882,0.5741353664733023,0.5744,0.1749295553462413
8,normal,12,random_068,0.025270033369377422,0.5942332816565489,0.59372,0.28469182948669197
8,normal,12,random_069,0.025975880010342317,0.5955151955958691,0.59322,0.2926438875079862
8,normal,12,random_070,0.020824411019857752,0.5856853931736264,0.58676,0.2346075125650772
8,normal,12,random_071,0.021663002524613537,0.5873663215253049,0.58636,0.24405507229684345
8,normal,12,random_072,0.015063029693652802,0.57303143872098,0.56984,0.1696998740925696
8,normal,12,random_073,0.023934209113299652,0.5917544000696898,0.59074,0.2696424527891397
8,normal,12,random_074,0.01703617162677995,0.5776103945664411,0.57632,0.19192926249771503
8,normal,12,random_075,0.022391524322256086,0.5887991257322842,0.58982,0.25226258830444503
8,normal,12,random_076,0.0328524408629874,0.6071423301087471,0.6078,0.3701151223536222
8,normal,12,random_077,0.021242697191968286,0.5865281794308728,0.58382,0.23931991851430875
8,normal,12,random_078,0.013567075524747951,0.5693488715523968,0.56592,0.15284647611922705
8,normal,12,random_079,0.016955319636936087,0.577428345505754,0.57934,0.19101838515260705
8,normal,12,random_080,0.030229469393273357,0.602876380960902,0.60496,0.3405647638127745
8,normal,12,random_081,0.022971820244421126,0.5899229817245999,0.58988,0.2588001937484106
8,normal,12,random_082,0.024486905868455217,0.5927886711009717,0.58964,0.27586912641780503
8,normal,12,random_083,0.01935491230259719,0.5826521048984756,0.58032,0.21805216132631614
8,normal,12,random_084,0.01624147142657028,0.5758010732220171,0.57484,0.18297618156647674
8,normal,12,random_085,0.0370234190313575,0.6135646934497236,0.61326,0.4171053019131511
8,normal,12,random_086,0.02459309078158639,0.592985962140245,0.59348,0.277065404109303
8,normal,12,random_087,0.01832030650966643,0.5804437352518467,0.5794,0.20639630746646642
8,normal,12,random_088,0.021395397236818853,0.5868336794414131,0.5873,0.24104023500521968
8,normal,12,random_089,0.024211144259035054,0.5922741897062794,0.59098,0.2727624001250271
8,normal,12,random_090,0.03333121300151688,0.6079010382879708,0.6049,0.375508962323394
8,normal,12,random_091,0.013530329747691545,0.5692558442625955,0.56702,0.1524324987277774
8,normal,12,random_092,0.019771544034816808,0.5835239744810996,0.583,0.2227459283797284
8,normal,12,random_093,0.01686994462610857,0.577235622456332,0.57782,0.19005655151868764
8,normal,12,random_094,0.01586416983678597,0.5749259909987532,0.57508,0.17872550732739562
8,normal,12,random_095,0.022442276217798866,0.588898022799009,0.59226,0.2528343584236528
8,normal,12,random_096,0.03010782953024936,0.6026738321441696,0.60162,0.33919437087990334
8,normal,12,random_097,0.012386856844698244,0.5662930957593412,0.56322,0.1395501495846967
8,normal,12,random_098,0.015895305472057836,0.5749986097722372,0.57828,0.17907628094285577
8,normal,12,random_099,0.013126143531954742,0.568223873748873,0.5719,0.14787894268258214
8,normal,12,random_100,0.024707019390020554,0.5931971417194086,0.59438,0.2783489221597897
8,normal,12,random_101,0.019437663262469766,0.5828260485772263,0.58096,0.21898443244022972
8,normal,12,random_102,0.011789556746218576,0.5646894418189127,0.56474,0.1328209753369562
8,normal,12,random_103,0.02072286621958303,0.5854794613543582,0.58344,0.23346351031773122
8,normal,12,random_104,0.02990265629148471,0.60233119524307,0.60482,0.33688289214729494
8,normal,12,random_105,0.01721396698857912,0.5780091532010196,0.57254,0.19393230246544974
8,normal,12,random_106,0.014689960524914458,0.5721314216874358,0.57472,0.16549688224761602
8,normal,12,random_107,0.03139842137836861,0.60480106612495,0.60804,0.35373415992533175
8,normal,12,random_108,0.00985507958551122,0.5591873316715628,0.55862,0.11102718369719597
8,normal,12,random_109,0.015647691885427813,0.5744190381872939,0.5745,0.1762866698666437
8,normal,12,random_110,0.024141544009742562,0.5921438505764842,0.59268,0.271978284725804
8,normal,12,random_111,0.02897398118258738,0.6007644090169861,0.60224,0.32642045183761514
8,normal,12,random_112,0.019907709362596886,0.5838068390195849,0.58414,0.22427996498790084
8,normal,12,random_113,0.020664018674800576,0.5853598773781085,0.58442,0.23280053473158832
8,normal,12,random_114,0.009819310546051388,0.5590806138680348,0.55726,0.1106242102173453
8,normal,12,random_115,0.02493085228479734,0.5936105495901923,0.59328,0.2808706203064382
8,normal,12,random_116,0.013069718884871812,0.5680785155005458,0.563,0.14724326342678648
8,normal,12,random_117,0.01240634818288716,0.5663447498754149,0.56688,0.13976973871807988
8,normal,12,random_118,0.026503812176806425,0.5964619868339482,0.59632,0.29859156363957656
8,normal,12,random_119,0.0340536567840758,0.6090348847839187,0.61066,0.3836480035012034
8,normal,12,random_120,0.01750233946875185,0.578651391734736,0.57806,0.19718110264524993
8,normal,12,random_121,0.018054317358361098,0.5798655486834194,0.57638,0.2033996775450951
8,normal,12,random_122,0.018204146873594212,0.5801917775204619,0.57846,0.20508765469096263
8,normal,12,random_123,0.00970248744924012,0.5587306782778901,0.55948,0.10930808290277656
8,normal,12,random_124,0.02310939646004106,0.590187229298133,0.58952,0.2603501253985271
8,normal,12,random_125,0.02808217998462548,0.5992344539814817,0.59728,0.3163734324738076
8,normal,12,random_126,0.010548656159531962,0.5612187772069437,0.5584,0.11884100732223148
8,normal,12,random_127,0.02389693644381792,0.5916842001255118,0.59092,0.2692225394352671
8,nonnormal,0,oracle_t0,0.2469036869907983,0.77196721747577,0.77286,1.0000000000000013
8,nonnormal,0,oracle_t12,0.111113860551048,0.6914646392177286,0.69114,0.45002916685966365
8,nonnormal,0,bottom,6.333753420087804e-32,0.5000000000000001,0.49752,3.0924467137607397e-18
8,nonnormal,0,random_000,0.039801703628081705,0.617627433815473,0.62126,0.16120335873949548
8,nonnormal,0,random_001,0.034190425908672176,0.6092480766998384,0.60794,0.1384767733741718
8,nonnormal,0,random_002,0.03374452918905387,0.6085513209739083,0.608,0.13667081929931454
8,nonnormal,0,random_003,0.06750703590670258,0.6516325389717725,0.65174,0.27341445050684304
8,nonnormal,0,random_004,0.021121386926370646,0.5862846585085792,0.58362,0.08554504464389723
8,nonnormal,0,random_005,0.025437515289200185,0.594539147643518,0.59378,0.10302606493741115
8,nonnormal,0,random_006,0.03941796606074252,0.617075670452434,0.6167,0.1596491593185955
8,nonnormal,0,random_007,0.035003282500780455,0.6105057605264667,0.61318,0.14176897448309483
8,nonnormal,0,random_008,0.039234460139756934,0.6168107798149404,0.61616,0.15890593055914634
8,nonnormal,0,random_009,0.036439313606796656,0.6126897068587183,0.60976,0.14758513350250113
8,nonnormal,0,random_010,0.028463719867111974,0.5998921340102084,0.59662,0.11528268457235635
8,nonnormal,0,random_011,0.019688896326095853,0.5833517889675991,0.58776,0.07974322524729917
8,nonnormal,0,random_012,0.04203535572905688,0.6207830042030622,0.61964,0.1702500122269277
8,nonnormal,0,random_013,0.04561904613810168,0.6256595673983287,0.62794,0.1847645399471167
8,nonnormal,0,random_014,0.03250417952136889,0.6065867042989687,0.60676,0.1316472018604579
8,nonnormal,0,random_015,0.06560036151500498,0.6495806341705066,0.6483,0.2656921098041354
8,nonnormal,0,random_016,0.054585112133015326,0.6370001917900645,0.63584,0.2210785622454059
8,nonnormal,0,random_017,0.045203055686311666,0.6251045735800349,0.62374,0.1830797111101722
8,nonnormal,0,random_018,0.030433284749634706,0.6032147911775645,0.60342,0.12325974196881455
8,nonnormal,0,random_019,0.018455110740599884,0.5807350938944952,0.57806,0.07474619340653142
8,nonnormal,0,random_020,0.07055435616967828,0.6548437629630538,0.65798,0.285756592092964
8,nonnormal,0,random_021,0.0458872855275778,0.626015960808732,0.62796,0.18585095300455365
8,nonnormal,0,random_022,0.04528960235173604,0.6252202709635115,0.62458,0.1834302391499887
8,nonnormal,0,random_023,0.041558664070557375,0.6201173986774159,0.62014,0.16831933365217935
8,nonnormal,0,random_024,0.03341782964637844,0.6080376723856105,0.61052,0.13534763313446965
8,nonnormal,0,random_025,0.03527616218530648,0.6109244341711031,0.60774,0.14287418148851383
8,nonnormal,0,random_026,0.03227995148267319,0.6062272725366249,0.60888,0.13073904191587168
8,nonnormal,0,random_027,0.052191032252681076,0.6340805266353069,0.63244,0.21138215021724732
8,nonnormal,0,random_028,0.027041613069708103,0.5974162578133779,0.59706,0.10952292126247568
8,nonnormal,0,random_029,0.05179180104074693,0.6335864107416602,0.63026,0.20976519902141919
8,nonnormal,0,random_030,0.019512326322062765,0.5829826600321495,0.5824,0.07902808807707268
8,nonnormal,0,random_031,0.052424160090731975,0.6343680855682307,0.63274,0.21232635579348724
8,nonnormal,0,random_032,0.02809008384782537,0.599248126307981,0.5982,0.11376939806035495
8,nonnormal,0,random_033,0.010833178307694384,0.5620322936051563,0.55944,0.043876130161224096
8,nonnormal,0,random_034,0.046662746100068264,0.6270398494977337,0.62902,0.1889916941653746
8,nonnormal,0,random_035,0.04252202859793269,0.6214582984230685,0.61962,0.17222111632345727
8,nonnormal,0,random_036,0.02894508484610081,0.6007152311977889,0.59792,0.1172322908534759
8,nonnormal,0,random_037,0.02741862577656177,0.5980792388836383,0.59672,0.11104988390709473
8,nonnormal,0,random_038,0.0319852619203523,0.6057528504363877,0.60582,0.12954550136606255
8,nonnormal,0,random_039,0.04047981624725089,0.618595427342331,0.6184,0.16394982489167756
8,nonnormal,0,random_040,0.05134329217922094,0.6330287625546553,0.63044,0.20794866534793582
8,nonnormal,0,random_041,0.03574404158268771,0.6116382434796107,0.60946,0.14476916897567382
8,nonnormal,0,random_042,0.031330806786942715,0.6046907935068802,0.60406,0.12689485187035868
8,nonnormal,0,random_043,0.02467837390162153,0.593144092508378,0.59434,0.09995141912377067
8,nonnormal,0,random_044,0.046801277589054446,0.6272217694501272,0.62308,0.18955276917674674
8,nonnormal,0,random_045,0.03544473007259775,0.6111821915922819,0.60708,0.1435569087873474
8,nonnormal,0,random_046,0.040320778365347365,0.6183692021188482,0.6188,0.1633056956611997
8,nonnormal,0,random_047,0.033388943422397614,0.6079921267680646,0.6057,0.13523063923967243
8,nonnormal,0,random_048,0.038377725347461436,0.6155650758094953,0.61562,0.15543601561888287
8,nonnormal,0,random_049,0.03818664735192836,0.6152851905426814,0.61588,0.15466211872871538
8,nonnormal,0,random_050,0.017751590646463887,0.5792020857515162,0.57934,0.07189682285759261
8,nonnormal,0,random_051,0.03296542849438467,0.6073219137612035,0.6034,0.13351533505294838
8,nonnormal,0,random_052,0.025176196490110662,0.594061442481576,0.59382,0.10196768139411772
8,nonnormal,0,random_053,0.07811847491218689,0.6624815426414538,0.6639,0.3163925005101214
8,nonnormal,0,random_054,0.06535497407705101,0.649314079619672,0.65214,0.2646982508587925
8,nonnormal,0,random_055,0.03670303320940805,0.6130856903215395,0.6132,0.148653240689662
8,nonnormal,0,random_056,0.03255543872485206,0.6066686845047956,0.60498,0.13185480995294074
8,nonnormal,0,random_057,0.03761612931670641,0.6144449599385247,0.61566,0.152351428102037
8,nonnormal,0,random_058,0.04136167655921215,0.6198411258676603,0.6193,0.16752150226397264
8,nonnormal,0,random_059,0.06983457131803611,0.6540926098201876,0.6529,0.2828413466366699
8,nonnormal,0,random_060,0.02167015628392136,0.5873805129041196,0.58642,0.08776764959661784
8,nonnormal,0,random_061,0.029737816902219938,0.602055005460782,0.60086,0.1204429843258204
8,nonnormal,0,random_062,0.07553413737796819,0.6599226799992388,0.66044,0.30592551410859775
8,nonnormal,0,random_063,0.01867514601529098,0.5812082953228876,0.58096,0.07563737197649457
8,nonnormal,0,random_064,0.03912380328568575,0.616650720789191,0.62008,0.15845775234269346
8,nonnormal,0,random_065,0.041720901027201496,0.6203443970242897,0.61754,0.1689764196545045
8,nonnormal,0,random_066,0.03004138145100576,0.6025630014710015,0.60066,0.12167247001105093
8,nonnormal,0,random_067,0.044640113284800984,0.6243490253475343,0.6259,0.1807997030294031
8,nonnormal,0,random_068,0.043383817479021876,0.6226437824086647,0.62186,0.17571150114351589
8,nonnormal,0,random_069,0.016668454853856898,0.576778768848783,0.57494,0.06750994712556935
8,nonnormal,0,random_070,0.05923564625191585,0.6424725182319493,0.64108,0.23991398011858583
8,nonnormal,0,random_071,0.04816411051210662,0.6289957919915905,0.62684,0.195072463676501
8,nonnormal,0,random_072,0.07254567193558116,0.6568989925032791,0.65612,0.29382174409685874
8,nonnormal,0,random_073,0.03761818004664737,0.6144479924872805,0.61446,0.15235973389109167
8,nonnormal,0,random_074,0.0695748519566515,0.6538204723271644,0.65706,0.2817894410756391
8,nonnormal,0,random_075,0.03955495671350992,0.6172729790381177,0.61448,0.16020399369323363
8,nonnormal,0,random_076,0.050179611635198525,0.6315691261189336,0.63004,0.2032355703018267
8,nonnormal,0,random_077,0.025311205442745278,0.5943085717520604,0.59042,0.1025144895616266
8,nonnormal,0,random_078,0.03195823264937297,0.6057092187812156,0.60668,0.12943602843226898
8,nonnormal,0,random_079,0.046424928760408185,0.6267268499684516,0.6262,0.18802849534660213
8,nonnormal,0,random_080,0.03549618368976503,0.6112607375206791,0.61296,0.14376530428680057
8,nonnormal,0,random_081,0.04627500922812572,0.6265290804989867,0.62482,0.18742129691182124
8,nonnormal,0,random_082,0.016043717056142798,0.5753437472441106,0.5756,0.06497965766198036
8,nonnormal,0,random_083,0.04602866592051859,0.6262033420012236,0.62912,0.1864235665392638
8,nonnormal,0,random_084,0.028662624623703014,0.600233137272944,0.60032,0.11608828111494042
8,nonnormal,0,random_085,0.036438749044928304,0.6126888574904537,0.61096,0.14758284693531679
8,nonnormal,0,random_086,0.038011025512996434,0.6150272735713735,0.61402,0.15395082178101743
8,nonnormal,0,random_087,0.029057002771274425,0.6009055558340776,0.60204,0.11768557661254106
8,nonnormal,0,random_088,0.051611569228074555,0.6333626467849087,0.62858,0.209035230931963
8,nonnormal,0,random_089,0.03847143330012598,0.6157020597871782,0.61846,0.1558155480341604
8,nonnormal,0,random_090,0.022016995742880862,0.5880656368300828,0.58724,0.08917240569073166
8,nonnormal,0,random_091,0.03516277985104225,0.6107506869439548,0.611,0.14241496463498637
8,nonnormal,0,random_092,0.024495166898244616,0.5928040362251714,0.59334,0.09920940102914522
8,nonnormal,0,random_093,0.022549582321172948,0.589106737487547,0.58868,0.09132946776130306
8,nonnormal,0,random_094,0.04652888534648957,0.6268637794785125,0.62546,0.18844953639037273
8,nonnormal,0,random_095,0.062080371868261,0.6457007449375585,0.64686,0.25143558050866494
8,nonnormal,0,random_096,0.0466698083752216,0.6270491309110988,0.62668,0.18902029752581612
8,nonnormal,0,random_097,0.057987228390861525,0.6410280420016834,0.63688,0.23485768518727188
8,nonnormal,0,random_098,0.02978853921453987,0.6021400779285744,0.5974,0.12064841792196516
8,nonnormal,0,random_099,0.02317812124348941,0.5903189215663494,0.58848,0.09387515239638058
8,nonnormal,0,random_100,0.04782086150149302,0.6285516247594063,0.63172,0.19368224948084833
8,nonnormal,0,random_101,0.03766405718253164,0.614515810590748,0.6137,0.1525455437363938
8,nonnormal,0,random_102,0.0378396356329547,0.6147749472808478,0.6151,0.1532566649535896
8,nonnormal,0,random_103,0.07341265625326954,0.6577835560069725,0.65548,0.29733317127826286
8,nonnormal,0,random_104,0.027496177204642903,0.5982150128020666,0.59698,0.1113639797759184
8,nonnormal,0,random_105,0.059570779446273016,0.6428573411978998,0.64182,0.24127132394136025
8,nonnormal,0,random_106,0.020139227574164156,0.584285475296935,0.58008,0.081567139882017
8,nonnormal,0,random_107,0.06407513867433218,0.6479144598223834,0.65072,0.2595147097852785
8,nonnormal,0,random_108,0.03868476343288385,0.6160132350232512,0.6142,0.15667956969117933
8,nonnormal,0,random_109,0.032620007534364746,0.6067718525979477,0.60404,0.13211632410973473
8,nonnormal,0,random_110,0.038647452392794115,0.6159588784672873,0.61374,0.15652845392395662
8,nonnormal,0,random_111,0.05058103263114497,0.6320747493165346,0.63488,0.20486139047826415
8,nonnormal,0,random_112,0.046352828449495356,0.6266317814279603,0.62634,0.187736477386921
8,nonnormal,0,random_113,0.026587286375929775,0.596610771513204,0.59668,0.10768282442424879
8,nonnormal,0,random_114,0.06004748846216019,0.6434026220643368,0.64098,0.2432020728163454
8,nonnormal,0,random_115,0.0472324390262678,0.6277860747197468,0.62416,0.19129904296661288
8,nonnormal,0,random_116,0.03022980123911498,0.6028769329387142,0.6051,0.12243560072977619
8,nonnormal,0,random_117,0.041398089547839204,0.6198922487815541,0.6194,0.16766898077703515
8,nonnormal,0,random_118,0.05282613025245651,0.6348622343044028,0.63532,0.21395440018044493
8,nonnormal,0,random_119,0.03695791924473538,0.6134669489750719,0.61128,0.14968557049580547
8,nonnormal,0,random_120,0.029432823488178023,0.6015418247450092,0.60074,0.11920771150442555
8,nonnormal,0,random_121,0.03678250799355692,0.6132047221136884,0.61328,0.1489751264626834
8,nonnormal,0,random_122,0.08753392791178843,0.671403512976565,0.67274,0.3545266131042053
8,nonnormal,0,random_123,0.0588696099785113,0.6420507980351741,0.64414,0.23843147381069832
8,nonnormal,0,random_124,0.04473948066291604,0.6244827700048212,0.62134,0.18120215703617046
8,nonnormal,0,random_125,0.03812320015367626,0.6151920868854452,0.61756,0.15440514727954266
8,nonnormal,0,random_126,0.028349549123027444,0.599695826213937,0.5978,0.11482027453111313
8,nonnormal,0,random_127,0.04958810594495537,0.6308199568152474,0.63384,0.2008398762664225
8,nonnormal,12,oracle_t0,0.08703679157593044,0.6709471287323212,0.67026,0.5571374878197008
8,nonnormal,12,oracle_t12,0.15622138785982592,0.7233668490653195,0.72358,1.0000000000000013
8,nonnormal,12,bottom,6.753735554341476e-33,0.5,0.49666,-6.683502473698411e-18
8,nonnormal,12,random_000,0.018831190971702126,0.5815421229358176,0.583,0.1205416955365866
8,nonnormal,12,random_001,0.012731038191077057,0.5671991545060645,0.56526,0.08149356733727367
8,nonnormal,12,random_002,0.031680269758132595,0.6052593685293539,0.60418,0.2027908610475196
8,nonnormal,12,random_003,0.02618577090218443,0.5958928221857593,0.59152,0.16761962789423165
8,nonnormal,12,random_004,0.013152143372739143,0.568290744931693,0.56836,0.08418913410589013
8,nonnormal,12,random_005,0.0247942517280813,0.5933584895542503,0.59536,0.15871227408585478
8,nonnormal,12,random_006,0.018206258523250814,0.580196365280717,0.57918,0.1165413953407386
8,nonnormal,12,random_007,0.026522044002224215,0.5964945044666925,0.59336,0.1697721699030219
8,nonnormal,12,random_008,0.03620754687223725,0.6123404196841838,0.6134,0.2317707413067252
8,nonnormal,12,random_009,0.012616444817996593,0.5668989014836187,0.56804,0.08076003542688454
8,nonnormal,12,random_010,0.013154665991802516,0.568297229445281,0.56484,0.08420528182482881
8,nonnormal,12,random_011,0.009549287493109829,0.5582684994579351,0.5558,0.06112663332422964
8,nonnormal,12,random_012,0.02918733927675769,0.6011267110894593,0.59904,0.18683318383361758
8,nonnormal,12,random_013,0.03231085168225685,0.6062768841502943,0.60732,0.20682732450980865
8,nonnormal,12,random_014,0.014491465825951972,0.5716477442819563,0.56808,0.09276236771724794
8,nonnormal,12,random_015,0.024417262721085877,0.5926590292986065,0.5926,0.15629910254666918
8,nonnormal,12,random_016,0.023555261755423856,0.5910379781010746,0.59162,0.1507812859565652
8,nonnormal,12,random_017,0.022046762716279786,0.5881241718673271,0.58572,0.14112512389188275
8,nonnormal,12,random_018,0.017359204323917313,0.5783333062204219,0.57638,0.11111925557525691
8,nonnormal,12,random_019,0.015787704973873343,0.5747473354171193,0.5733,0.10105981767387273
8,nonnormal,12,random_020,0.03479445278236776,0.6101841668187445,0.61176,0.22272528274801992
8,nonnormal,12,random_021,0.013620871269978201,0.5694848294703979,0.56564,0.08718954207601799
8,nonnormal,12,random_022,0.02601743724648182,0.59559009144943,0.59588,0.16654209518242621
8,nonnormal,12,random_023,0.020146160058377438,0.5842997629238492,0.58346,0.12895903905586967
8,nonnormal,12,random_024,0.026648666539540986,0.5967200178497825,0.5969,0.1705827025647237
8,nonnormal,12,random_025,0.024491896682397266,0.5927979541055014,0.59218,0.15677684738259615
8,nonnormal,12,random_026,0.01789692456037594,0.5795213313378328,0.58034,0.11456129538699585
8,nonnormal,12,random_027,0.021920847315462778,0.587876282251635,0.59008,0.14031911773266217
8,nonnormal,12,random_028,0.013515672444506726,0.5692187008510915,0.5694,0.08651614628231358
8,nonnormal,12,random_029,0.026725901732374623,0.5968572941561304,0.5983,0.17107709833147317
8,nonnormal,12,random_030,0.013189001047800571,0.5683854257837314,0.56668,0.0844250664296671
8,nonnormal,12,random_031,0.017390239324856248,0.5784023898652044,0.57808,0.11131791595949819
8,nonnormal,12,random_032,0.014716776800862178,0.5721965061955886,0.57156,0.09420462205896699
8,nonnormal,12,random_033,0.014316327389515073,0.5712181313201878,0.57108,0.09164127643239749
8,nonnormal,12,random_034,0.025493360680827082,0.5946408992386498,0.5916,0.16318739085650522
8,nonnormal,12,random_035,0.024169022196302223,0.5921953321164982,0.59196,0.15471007220847754
8,nonnormal,12,random_036,0.014511953279487688,0.5716978242996018,0.57174,0.09289351143461204
8,nonnormal,12,random_037,0.014988023341045138,0.5728514216539574,0.57218,0.09594091786262703
8,nonnormal,12,random_038,0.022091116508901026,0.5882113141522642,0.59086,0.14140904015475103
8,nonnormal,12,random_039,0.013551607024888598,0.5693097266325033,0.56806,0.08674616971811938
8,nonnormal,12,random_040,0.03162365054884597,0.6051674780929714,0.60498,0.20242843174086528
8,nonnormal,12,random_041,0.01597849697568318,0.5751922797352895,0.57148,0.10228111012571692
8,nonnormal,12,random_042,0.013736606718010151,0.569776392537989,0.56334,0.08793038460480022
8,nonnormal,12,random_043,0.014929893772015215,0.5727115887763118,0.57538,0.09556882048322028
8,nonnormal,12,random_044,0.018074572864476793,0.5799097338180991,0.57968,0.11569845276688195
8,nonnormal,12,random_045,0.01527018306477136,0.5735262181065746,0.57126,0.09774707083304739
8,nonnormal,12,random_046,0.026544199942566092,0.5965340050730528,0.5953,0.16991399389169212
8,nonnormal,12,random_047,0.012370897359326793,0.5662507703154206,0.56486,0.0791882438685473
8,nonnormal,12,random_048,0.021760914214992967,0.5875603424666602,0.58756,0.139295358421208
8,nonnormal,12,random_049,0.021301913544913002,0.5866467870434695,0.58626,0.13635721610684176
8,nonnormal,12,random_050,0.02171559771857271,0.5874706007316844,0.58558,0.13900527972557558
8,nonnormal,12,random_051,0.012998520892462853,0.567894637231313,0.56772,0.08320577016078082
8,nonnormal,12,random_052,0.019436134863172472,0.5828228393670275,0.58314,0.12441404553781146
8,nonnormal,12,random_053,0.05343017238870326,0.6356008536760918,0.63478,0.342015732420999
8,nonnormal,12,random_054,0.03782174853321505,0.6147485775468182,0.61612,0.24210352405236435
8,nonnormal,12,random_055,0.01753899561863988,0.578732634115756,0.58172,0.11227013060706686
8,nonnormal,12,random_056,0.009575405664887283,0.5583475600353782,0.55818,0.06129382023848813
8,nonnormal,12,random_057,0.023895419734075163,0.591681342308895,0.5906,0.15295869574219909
8,nonnormal,12,random_058,0.018339812069674846,0.5804859624347741,0.5766,0.1173962945850333
8,nonnormal,12,random_059,0.04226749509624074,0.6211056455586192,0.61962,0.2705615132171691
8,nonnormal,12,random_060,0.016194917362430648,0.5756936733194907,0.57402,0.10366645428193234
8,nonnormal,12,random_061,0.012239136123992028,0.5659002546221324,0.5622,0.07834481751611344
8,nonnormal,12,random_062,0.024670931376831223,0.5931303042147618,0.5941,0.1579228792856964
8,nonnormal,12,random_063,0.019832451139736956,0.5836506258916793,0.58134,0.12695093425704426
8,nonnormal,12,random_064,0.05776794198951595,0.6407725071529142,0.63946,0.36978254246051095
8,nonnormal,12,random_065,0.023036769597641626,0.5900478356900364,0.58816,0.1474623283868919
8,nonnormal,12,random_066,0.019414091460183355,0.5827765397432628,0.58254,0.12427294192011158
8,nonnormal,12,random_067,0.02008324907871543,0.5841700111162792,0.58404,0.12855633504380154
8,nonnormal,12,random_068,0.020253468305328384,0.5845205948627789,0.58598,0.1296459376196389
8,nonnormal,12,random_069,0.009317155798625493,0.5575609200393138,0.55704,0.05964071838220759
8,nonnormal,12,random_070,0.03189490086665204,0.6056069087385743,0.60646,0.20416475172574106
8,nonnormal,12,random_071,0.015109736396812073,0.5731433019073542,0.57136,0.09672002408767315
8,nonnormal,12,random_072,0.023457297045645573,0.5908517845845188,0.58886,0.15015419698289537
8,nonnormal,12,random_073,0.017296629338994063,0.578193819458964,0.58018,0.11071870232335904
8,nonnormal,12,random_074,0.04008391386131283,0.6180313676174062,0.62202,0.2565840337897863
8,nonnormal,12,random_075,0.018586732959427754,0.5810185076769439,0.5811,0.11897687771219426
8,nonnormal,12,random_076,0.035205276677564484,0.6108158445038173,0.60914,0.22535503723186395
8,nonnormal,12,random_077,0.01373680386252022,0.5697768881059594,0.57046,0.0879316465607512
8,nonnormal,12,random_078,0.02407015163057924,0.5920099493866086,0.59138,0.1540771846949465
8,nonnormal,12,random_079,0.022317349117226864,0.5886543731186387,0.58642,0.14285719403063918
8,nonnormal,12,random_080,0.011278190462869382,0.5632830454375666,0.56088,0.07219363889526495
8,nonnormal,12,random_081,0.020987791435573926,0.5860156268253968,0.58704,0.13434646640321643
8,nonnormal,12,random_082,0.008538916280003124,0.5551205866544946,0.55458,0.054659073235637325
8,nonnormal,12,random_083,0.017189598462250398,0.5779546264745672,0.57842,0.11003357925404086
8,nonnormal,12,random_084,0.02109538493208389,0.586232366258002,0.58592,0.13503519089852375
8,nonnormal,12,random_085,0.017363264255504933,0.5783423472392201,0.57782,0.11114524389633917
8,nonnormal,12,random_086,0.02156674032637443,0.5871751204051582,0.58408,0.1380524179296488
8,nonnormal,12,random_087,0.01021147953494846,0.560240027303901,0.56072,0.06536543859225609
8,nonnormal,12,random_088,0.028250314386554988,0.5995248578669281,0.59844,0.1808351261858166
8,nonnormal,12,random_089,0.02430912313880346,0.5924573386364219,0.59342,0.1556068824623139
8,nonnormal,12,random_090,0.013168127085263827,0.5683318210161099,0.56406,0.08429144860164293
8,nonnormal,12,random_091,0.023523457005974392,0.5909775741811443,0.59208,0.15057769827958198
8,nonnormal,12,random_092,0.015998178912519104,0.5752380228698591,0.57494,0.10240709759200158
8,nonnormal,12,random_093,0.01648383091748725,0.5763576346331891,0.57552,0.10551583968949152
8,nonnormal,12,random_094,0.034595938655435504,0.609877492703382,0.60924,0.2214545596437649
8,nonnormal,12,random_095,0.023703042720069192,0.591318083541795,0.59174,0.1517272573543992
8,nonnormal,12,random_096,0.04617914708082961,0.6264024364937402,0.62574,0.29560067103145443
8,nonnormal,12,random_097,0.024942957752253483,0.5936328518009805,0.59442,0.15966416694898578
8,nonnormal,12,random_098,0.026456382639134877,0.5963773376459521,0.59702,0.16935186021310766
8,nonnormal,12,random_099,0.0191157804014577,0.5821472541906503,0.57946,0.12236340147361836
8,nonnormal,12,random_100,0.018861446618925255,0.5816066819050276,0.57766,0.12073536714351332
8,nonnormal,12,random_101,0.026340577694087312,0.5961703180577891,0.59784,0.1686105728219633
8,nonnormal,12,random_102,0.02075314122500204,0.5855409139050762,0.586,0.13284443000611035
8,nonnormal,12,random_103,0.03336714739553488,0.6079577464151311,0.608,0.21358885523072255
8,nonnormal,12,random_104,0.00813400801649456,0.5538059780604853,0.55252,0.05206718572871113
8,nonnormal,12,random_105,0.035992011221104896,0.6120145071917709,0.6108,0.23039106049550517
8,nonnormal,12,random_106,0.016355303470508994,0.5760630128073476,0.57298,0.10469311337308228
8,nonnormal,12,random_107,0.024480093762017027,0.5927759988482274,0.59488,0.15670129485715822
8,nonnormal,12,random_108,0.0243186390895966,0.5924751057577123,0.59418,0.1556677957016821
8,nonnormal,12,random_109,0.017444878157955767,0.5785238599533791,0.5781,0.11166766853722167
8,nonnormal,12,random_110,0.023792462618201456,0.5914871244172347,0.5923,0.1522996495175804
8,nonnormal,12,random_111,0.025914915383881458,0.5954052082499391,0.5954,0.1658858350889469
8,nonnormal,12,random_112,0.02982427645567689,0.6021999707399188,0.59876,0.19091032837601987
8,nonnormal,12,random_113,0.026427372843338563,0.5963255231992706,0.59712,0.16916616351565966
8,nonnormal,12,random_114,0.022574431199985385,0.5891549951084434,0.58698,0.14450282070366036
8,nonnormal,12,random_115,0.020411177693602876,0.5848440411911927,0.58358,0.13065546256647909
8,nonnormal,12,random_116,0.02003248605001903,0.5840651591290545,0.58468,0.12823139215735155
8,nonnormal,12,random_117,0.011840848161837041,0.5648287648788957,0.56388,0.07579530769795487
8,nonnormal,12,random_118,0.02329515591927131,0.590542714620748,0.5893,0.14911630371747558
8,nonnormal,12,random_119,0.021397468625479855,0.5868378157062564,0.586,0.13696888062906826
8,nonnormal,12,random_120,0.01589335181305195,0.5749940553496231,0.57536,0.10173608128045009
8,nonnormal,12,random_121,0.0255777809358153,0.5947944914367185,0.59446,0.16372777944314337
8,nonnormal,12,random_122,0.02825396616889864,0.5995311550608813,0.59984,0.18085850187331803
8,nonnormal,12,random_123,0.013715379492255583,0.5697230115694377,0.56876,0.08779450547809828
8,nonnormal,12,random_124,0.020479759905010428,0.5849842887018055,0.58466,0.1310944691093546
8,nonnormal,12,random_125,0.03336592482219015,0.6079558176096789,0.60982,0.213581029328255
8,nonnormal,12,random_126,0.013336947911878182,0.5687641109627625,0.56722,0.08537209977832967
8,nonnormal,12,random_127,0.02276803638919821,0.589530032896463,0.5913,0.14574212085241173
9,normal,0,oracle_t0,0.13160664301991082,0.7068358429768679,0.70814,1.0000000000000002
9,normal,0,oracle_t12,0.10506199855091083,0.6865869704728994,0.68572,0.7983031565892609
9,normal,0,bottom,1.203643356332141e-32,0.5000000000000001,0.4981,-1.86616487650013e-17
9,normal,0,random_000,0.04972232633347539,0.6309903871432434,0.63254,0.3778101560264924
9,normal,0,random_001,0.052960093046511406,0.6350264495511952,0.634,0.40241200467744653
9,normal,0,random_002,0.04488185483515551,0.624674115537052,0.62406,0.34103031431601305
9,normal,0,random_003,0.04102303788525624,0.61936450316722,0.62106,0.311709477150404
9,normal,0,random_004,0.03703094234455833,0.6135759143928594,0.61572,0.28137593585572973
9,normal,0,random_005,0.04179431980421894,0.6204469642747604,0.62244,0.31756998617384274
9,normal,0,random_006,0.06397334803225195,0.647802457779013,0.64874,0.486095128363493
9,normal,0,random_007,0.04005376807510848,0.6179882933722045,0.61932,0.30434457680870053
9,normal,0,random_008,0.04029092702899604,0.6183266855339721,0.61728,0.3061466055547091
9,normal,0,random_009,0.026840602381118787,0.5970607733519464,0.5938,0.20394565019835714
9,normal,0,random_010,0.044623831389083234,0.6243270949293256,0.62478,0.33906974879932233
9,normal,0,random_011,0.03815467070082721,0.6152382778870016,0.60894,0.28991447411248666
9,normal,0,random_012,0.05393944628998639,0.6362199653231889,0.63752,0.40985352298535477
9,normal,0,random_013,0.0386385768651524,0.6159459439639514,0.61298,0.29359138701917026
9,normal,0,random_014,0.04169911948411441,0.6203139488611615,0.61738,0.31684661600103076
9,normal,0,random_015,0.06286742370936799,0.6465789666284458,0.64372,0.47769187228532795
9,normal,0,random_016,0.021822363938010094,0.587681876926351,0.5887,0.16581506402156757
9,normal,0,random_017,0.04450651636934779,0.6241689506323433,0.62462,0.3381783422787738
9,normal,0,random_018,0.06526682439305721,0.649218186024531,0.64868,0.4959234799658478
9,normal,0,random_019,0.04079531131897481,0.6190427760566305,0.61608,0.3099791194643791
9,normal,0,random_020,0.025914014519900736,0.5954035819595104,0.5963,0.19690506440453923
9,normal,0,random_021,0.03491552668773383,0.6103707446659001,0.60718,0.26530216018390096
9,normal,0,random_022,0.0687184217703121,0.6529189088161499,0.65122,0.5221500996717594
9,normal,0,random_023,0.0474343863190429,0.6280494042118926,0.6286,0.3604254711661215
9,normal,0,random_024,0.06059055956235325,0.644020825377432,0.6463,0.46039134630298645
9,normal,0,random_025,0.07276308251096333,0.6571213868118454,0.65622,0.5528830524151809
9,normal,0,random_026,0.03041500420284426,0.603184488105339,0.60294,0.23110538727321514
9,normal,0,random_027,0.0445425226106462,0.6242175125310161,0.6245,0.338451932125549
9,normal,0,random_028,0.04744671428770217,0.6280654591792679,0.62852,0.3605191440110203
9,normal,0,random_029,0.041279606793958895,0.6197258117298059,0.6197,0.31365899050942053
9,normal,0,random_030,0.046961107240044854,0.6274312888548441,0.62626,0.35682930711134475
9,normal,0,random_031,0.034803858503077184,0.6101986737929683,0.60762,0.2644536605786054
9,normal,0,random_032,0.0510783091592642,0.6326980213184672,0.62838,0.38811345679212084
9,normal,0,random_033,0.029678001131990043,0.6019545817384548,0.60168,0.2255053426710388
9,normal,0,random_034,0.03615906045227775,0.6122671947685487,0.61388,0.27475102793106904
9,normal,0,random_035,0.03430383235940776,0.6094245035385402,0.6067,0.26065426161062344
9,normal,0,random_036,0.04589912745783004,0.6260316679469609,0.62678,0.34875995925894065
9,normal,0,random_037,0.04420204317713831,0.6237574385065199,0.62166,0.33586483298150066
9,normal,0,random_038,0.03407401558528824,0.6090666486828363,0.60882,0.25890802168803273
9,normal,0,random_039,0.03947914015481672,0.6171638259794354,0.61748,0.29997832365379845
9,normal,0,random_040,0.046186961839599854,0.6264127660437664,0.62958,0.35094704020839
9,normal,0,random_041,0.022844414624992492,0.5896775259976534,0.58908,0.17358101461137
9,normal,0,random_042,0.050840037500743764,0.6323998024267701,0.63124,0.3863029732705223
9,normal,0,random_043,0.04433972028045959,0.6239437090489026,0.62354,0.33691095877091426
9,normal,0,random_044,0.03150014568772509,0.6049667290474303,0.60952,0.23935072702188312
9,normal,0,random_045,0.028541453704490453,0.6000255517481446,0.60172,0.21686939997529162
9,normal,0,random_046,0.05366376870535004,0.6358852396017738,0.63408,0.407758814250974
9,normal,0,random_047,0.0418561449261467,0.6205332585797002,0.61812,0.3180397582196081
9,normal,0,random_048,0.04057914336211376,0.6187364704200752,0.61418,0.30833658872352315
9,normal,0,random_049,0.060725045273212166,0.6441734300887809,0.6408,0.46141322261388484
9,normal,0,random_050,0.03693384269570881,0.6134309962764835,0.61132,0.2806381338221739
9,normal,0,random_051,0.03610445691840437,0.6121846681100851,0.6123,0.2743361284045679
9,normal,0,random_052,0.03354911236399506,0.6082444028467684,0.6059,0.25491959671761716
9,normal,0,random_053,0.04822442901276966,0.6290736632815768,0.6278,0.3664285320724561
9,normal,0,random_054,0.04252839229676146,0.6214671004093908,0.62166,0.32314776306791254
9,normal,0,random_055,0.056402523425810897,0.6391689186266191,0.63948,0.42856896986026566
9,normal,0,random_056,0.023948194634567065,0.591780725761594,0.5918,0.1819679773379216
9,normal,0,random_057,0.04298895842487373,0.6221022291922155,0.62218,0.32664732902859567
9,normal,0,random_058,0.061790377176736744,0.6453755589263136,0.64826,0.46950804122698003
9,normal,0,random_059,0.03351082937896095,0.6081841637520125,0.60774,0.25462870725979303
9,normal,0,random_060,0.05322719366554195,0.6353531763602078,0.63514,0.4044415421909151
9,normal,0,random_061,0.02871395411257399,0.600320932200813,0.60022,0.21818012718575197
9,normal,0,random_062,0.025408118001712512,0.5944855376613973,0.59454,0.19306105997908105
9,normal,0,random_063,0.04577033052640188,0.6258607114401472,0.62762,0.3477813085732858
9,normal,0,random_064,0.029473928585162963,0.6016111528172914,0.60344,0.22395471770147535
9,normal,0,random_065,0.025958648450398414,0.5954841216995371,0.59758,0.19724421089041166
9,normal,0,random_066,0.036475909825122596,0.6127447497120388,0.61298,0.2771585764071511
9,normal,0,random_067,0.03498318715819479,0.6104748591615351,0.60698,0.26581627154567095
9,normal,0,random_068,0.04234232924326688,0.6212094477207879,0.6219,0.3217339814439374
9,normal,0,random_069,0.04730165145972991,0.6278763944138794,0.6264,0.35941689852672276
9,normal,0,random_070,0.036838907642422224,0.6132891091346522,0.60884,0.27991677925291997
9,normal,0,random_071,0.05592965258074689,0.6386084695889118,0.63702,0.42497590773047283
9,normal,0,random_072,0.031209042910178213,0.6044918871363513,0.60506,0.23713881149188337
9,normal,0,random_073,0.0360570745785932,0.6121130007187221,0.6106,0.2739760984036202
9,normal,0,random_074,0.033453485630993,0.6080938628740813,0.60488,0.2541929864887733
9,normal,0,random_075,0.05990941828012143,0.6432449447101523,0.64142,0.45521576195099606
9,normal,0,random_076,0.041847052894872755,0.6205205724743026,0.62186,0.3179706733233953
9,normal,0,random_077,0.040524344458703135,0.6186586800867925,0.61478,0.30792020470100584
9,normal,0,random_078,0.029361540097878586,0.6014214753261571,0.6065,0.22310074494823537
9,normal,0,random_079,0.040629347517867384,0.6188076879362195,0.61646,0.30871806001252206
9,normal,0,random_080,0.03726882121369497,0.6139300734297365,0.61144,0.28318343480622454
9,normal,0,random_081,0.01963791206411596,0.5832453817626327,0.5854,0.14921672351406254
9,normal,0,random_082,0.04765173490435495,0.6283321240176876,0.6275,0.36207697279495005
9,normal,0,random_083,0.048509747317536336,0.6294412799940706,0.62894,0.3685964948608049
9,normal,0,random_084,0.04253734296389096,0.6214794793545925,0.62194,0.3232157738227201
9,normal,0,random_085,0.025970514601132415,0.5955055212534588,0.59472,0.1973343746576936
9,normal,0,random_086,0.044951553399046745,0.6247676659678991,0.62486,0.34155991192819973
9,normal,0,random_087,0.03682037205308666,0.6132613832940107,0.61178,0.27977593841912735
9,normal,0,random_088,0.045172363251846856,0.6250635139870748,0.62476,0.3432377136541103
9,normal,0,random_089,0.01896399016927912,0.5818250869727469,0.57978,0.14409599495984443
9,normal,0,random_090,0.04477333632916181,0.6245283010839708,0.6247,0.34020574723107283
9,normal,0,random_091,0.03153700317499723,0.6050266825284141,0.60162,0.23963078497660628
9,normal,0,random_092,0.025242220297035496,0.5941823840610746,0.59196,0.19180050275438296
9,normal,0,random_093,0.0459903434785158,0.6261525820317004,0.6235,0.34945305512851593
9,normal,0,random_094,0.045655686224092024,0.6257083168767236,0.62662,0.34691019523372213
9,normal,0,random_095,0.0514767256204846,0.6331949485056483,0.63216,0.391140784684377
9,normal,0,random_096,0.04138177961051753,0.6198693530826143,0.61976,0.31443534050372274
9,normal,0,random_097,0.05713030458176235,0.640026339062841,0.6382,0.43409894265838145
9,normal,0,random_098,0.04360182298844222,0.6229416207464945,0.61952,0.33130411951808314
9,normal,0,random_099,0.05793605141001118,0.6409684542914666,0.64234,0.4402213298704537
9,normal,0,random_100,0.04563858812537193,0.6256855706144941,0.62286,0.346780277029536
9,normal,0,random_101,0.0324419798739923,0.6064871335381306,0.60924,0.24650716050164842
9,normal,0,random_102,0.0438104730521464,0.6232259129234088,0.62136,0.3328895262947957
9,normal,0,random_103,0.030361351275704863,0.603095493153957,0.6028,0.2306977108375258
9,normal,0,random_104,0.023401430458728167,0.5907454202193332,0.5887,0.17781344407658636
9,normal,0,random_105,0.03612100714021108,0.6122096888974937,0.61074,0.2744618836204669
9,normal,0,random_106,0.05006104327566227,0.6314193490186977,0.63454,0.3803838630553665
9,normal,0,random_107,0.0410472642765943,0.6193986722276612,0.617,0.31189355897775045
9,normal,0,random_108,0.0430823786584254,0.6222306015880754,0.62294,0.32735717339061265
9,normal,0,random_109,0.028762327036889992,0.6004035937350894,0.60022,0.21854768404463093
9,normal,0,random_110,0.0503266364783414,0.631754576576987,0.63002,0.38240194661547205
9,normal,0,random_111,0.03862150035547286,0.6159210534447761,0.61756,0.29346163285716365
9,normal,0,random_112,0.03988022979171503,0.6177399863504932,0.61446,0.3030259634058255
9,normal,0,random_113,0.034559535191078995,0.6098211520677576,0.61202,0.26259719416937405
9,normal,0,random_114,0.05417535691963695,0.636505645496925,0.63518,0.4116460664636872
9,normal,0,random_115,0.04926313415827901,0.6304062495730849,0.62852,0.3743210299105189
9,normal,0,random_116,0.05484121015151174,0.6373082268429681,0.63892,0.41670548608412417
9,normal,0,random_117,0.03555445500834385,0.6113496167359583,0.61236,0.27015699354146433
9,normal,0,random_118,0.04795767671742884,0.6287288758610998,0.626,0.3644016412619332
9,normal,0,random_119,0.03401035828679842,0.6089672962556704,0.6056,0.2584243280307133
9,normal,0,random_120,0.06011901333171636,0.643484223192106,0.64514,0.4568083491242988
9,normal,0,random_121,0.02563633390858532,0.5949008639414143,0.58958,0.19479513587096658
9,normal,0,random_122,0.02288144365074876,0.5897489390041413,0.58856,0.17386237598422008
9,normal,0,random_123,0.04689515470479872,0.6273448800462808,0.62722,0.3563281733255968
9,normal,0,random_124,0.06781146532255089,0.651957056091403,0.65264,0.515258681222434
9,normal,0,random_125,0.0408289876914461,0.6190904149710278,0.61922,0.31023500603437687
9,normal,0,random_126,0.043896067010969736,0.6233423222076803,0.62312,0.33353990348594087
9,normal,0,random_127,0.04573876809459912,0.6258187770978898,0.62606,0.34754148457140793
9,normal,12,oracle_t0,0.05729116275924785,0.6402150181373801,0.63922,0.7718502811678885
9,normal,12,oracle_t12,0.07422574579173637,0.6586076185909769,0.65648,1.0000000000000009
9,normal,12,bottom,6.1017870730430984e-33,0.5,0.49702,-1.2553151534184358e-17
9,normal,12,random_000,0.023102171208906994,0.5901733721177388,0.5918,0.3112420220569749
9,normal,12,random_001,0.025699045225085888,0.595014648463424,0.59394,0.34622818472168215
9,normal,12,random_002,0.017130060329866175,0.5778212355601312,0.57756,0.2307832699711762
9,normal,12,random_003,0.02862508672310254,0.600168878749328,0.60236,0.3856490280800847
9,normal,12,random_004,0.01988114203706484,0.5837517286347351,0.58238,0.26784698253955774
9,normal,12,random_005,0.020282150460815527,0.5845795168336388,0.58408,0.2732495341673425
9,normal,12,random_006,0.035701646851243184,0.6115737736222,0.60734,0.48098737803747227
9,normal,12,random_007,0.023023041498304028,0.5900214612232713,0.59298,0.3101759538112614
9,normal,12,random_008,0.028724780394505392,0.6003394390073294,0.60108,0.3869921425256112
9,normal,12,random_009,0.01210364178400766,0.5655377801613255,0.56514,0.1630652768106667
9,normal,12,random_010,0.014690429936791484,0.572132561502165,0.5689,0.19791555854501094
9,normal,12,random_011,0.020804867990806573,0.5856458010197326,0.58286,0.2802918013000662
9,normal,12,random_012,0.019015317193662375,0.581934175984337,0.58416,0.2561822315267243
9,normal,12,random_013,0.02253242499694024,0.5890734008987291,0.58798,0.30356616503607864
9,normal,12,random_014,0.025254331906712595,0.5942045518051039,0.59312,0.34023682264603416
9,normal,12,random_015,0.022312511850757333,0.5886449244435512,0.59094,0.3006034040178204
9,normal,12,random_016,0.022723976338349095,0.589444830752217,0.589,0.30614682406975563
9,normal,12,random_017,0.025834558987213894,0.5952600264979082,0.5963,0.34805388227018813
9,normal,12,random_018,0.02345220019561848,0.5908420862258361,0.5927,0.3159577575875224
9,normal,12,random_019,0.013062983800743336,0.5680611433646887,0.56772,0.17598992992802864
9,normal,12,random_020,0.011742680716850883,0.5645618399464469,0.56356,0.15820225976305666
9,normal,12,random_021,0.015692364670790444,0.5745239497850307,0.57774,0.21141403839606157
9,normal,12,random_022,0.027837509817126613,0.5988102005178569,0.59706,0.3750384656994019
9,normal,12,random_023,0.011076691821177605,0.5627199063754244,0.56216,0.14922978143266827
9,normal,12,random_024,0.029570557618713623,0.6017739250892703,0.60064,0.39838680370666985
9,normal,12,random_025,0.025682679157990204,0.5949849677560051,0.59376,0.346007694285094
9,normal,12,random_026,0.009637416676360918,0.5585348293494834,0.55808,0.12983927037124993
9,normal,12,random_027,0.02321313276742662,0.590385932607892,0.59064,0.31273694214617087
9,normal,12,random_028,0.024988906592055597,0.5937174525379846,0.59286,0.3366609028378084
9,normal,12,random_029,0.015035204807292387,0.572964712497467,0.5719,0.20256050844512077
9,normal,12,random_030,0.021189106564939768,0.5864206904821753,0.58538,0.28546842256583693
9,normal,12,random_031,0.018612725556829357,0.5810743521561946,0.58112,0.2507583501963486
9,normal,12,random_032,0.02193155366408593,0.5878973888522138,0.58942,0.2954709774910422
9,normal,12,random_033,0.019763479320031176,0.5835071892893842,0.58114,0.2662617816664833
9,normal,12,random_034,0.022290912765888717,0.5886027216315433,0.58814,0.3003124121976879
9,normal,12,random_035,0.02418444881095993,0.5922242210052202,0.59004,0.3258229143135459
9,normal,12,random_036,0.016560835546008793,0.5765335809865539,0.57478,0.223114437845804
9,normal,12,random_037,0.028151815705564773,0.599354841532342,0.59968,0.3792729248494661
9,normal,12,random_038,0.019689804799582187,0.5833536837006994,0.58402,0.26526920800268067
9,normal,12,random_039,0.026130937791700226,0.5957943239204673,0.59602,0.3520468203178288
9,normal,12,random_040,0.01923654806960215,0.5824026257795788,0.58494,0.25916274554621976
9,normal,12,random_041,0.017709232140019977,0.579108783979144,0.58012,0.2385861125559964
9,normal,12,random_042,0.02971181905142217,0.6020113713434441,0.60446,0.40028993625457177
9,normal,12,random_043,0.02685442645516659,0.5970852661357458,0.59838,0.36179395934282893
9,normal,12,random_044,0.01604711798722082,0.5753516368290937,0.57282,0.21619342205393344
9,normal,12,random_045,0.02396918258187309,0.5918202172967686,0.58792,0.3229227584876841
9,normal,12,random_046,0.02149896891179401,0.5870402406823585,0.58492,0.28964301648266544
9,normal,12,random_047,0.024454600120691398,0.5927285576676694,0.5927,0.3294625046854562
9,normal,12,random_048,0.014062194042661992,0.5705898922504496,0.57012,0.18945170429298078
9,normal,12,random_049,0.030142099994549972,0.6027309418032918,0.60412,0.4060868593913913
9,normal,12,random_050,0.011568966931729057,0.5640866772087811,0.56338,0.15586191567801067
9,normal,12,random_051,0.013571565836872166,0.569360230526032,0.5675,0.18284175783092124
9,normal,12,random_052,0.017367192040740213,0.5783510929375077,0.57872,0.23397800662682922
9,normal,12,random_053,0.01911755310147381,0.5821510087627408,0.57884,0.25755959603442896
9,normal,12,random_054,0.020733319878976444,0.5855006856186552,0.58694,0.2793278754941757
9,normal,12,random_055,0.015368019618080084,0.5737586907046812,0.57198,0.2070443274655657
9,normal,12,random_056,0.021205908377256492,0.5864544058857893,0.58572,0.28569478354257766
9,normal,12,random_057,0.01845926765673337,0.5807440607872005,0.58122,0.2486909017866477
9,normal,12,random_058,0.026674892523720246,0.5967666550128666,0.59608,0.3593752038351365
9,normal,12,random_059,0.01876541478662197,0.5814015840969247,0.58256,0.25281544276125234
9,normal,12,random_060,0.0176097986564901,0.5788893080349602,0.57674,0.23724650346929396
9,normal,12,random_061,0.014065760186562686,0.5705987483955256,0.5686,0.1894997488611109
9,normal,12,random_062,0.009892189769306737,0.559297841786019,0.55554,0.13327167903522838
9,normal,12,random_063,0.020231583480740625,0.584475607354005,0.58478,0.2725682748612146
9,normal,12,random_064,0.013656853804916564,0.5695756136999356,0.5724,0.18399079267233195
9,normal,12,random_065,0.00951479160266986,0.5581639097921068,0.55624,0.12818721457331808
9,normal,12,random_066,0.022286971881605215,0.5885950191561063,0.5875,0.3002593189718609
9,normal,12,random_067,0.009724174599510063,0.5587958027236095,0.55832,0.13100810905685342
9,normal,12,random_068,0.013602570792019517,0.5694386098010126,0.56668,0.18325946943242324
9,normal,12,random_069,0.0176437500036502,0.5789643198817517,0.57858,0.23770391008472044
9,normal,12,random_070,0.01945606052480462,0.5828646673443408,0.58482,0.26212010828957816
9,normal,12,random_071,0.024478366423148636,0.5927727852623974,0.59016,0.3297826941588489
9,normal,12,random_072,0.022501555327692616,0.589013387699002,0.58992,0.30315027606226835
9,normal,12,random_073,0.023799347038537068,0.5915001249563885,0.5916,0.3206346636827824
9,normal,12,random_074,0.019393028406221452,0.5827322735922286,0.58266,0.2612709134729977
9,normal,12,random_075,0.02706166764815987,0.5974516470460873,0.59742,0.36458599855756124
9,normal,12,random_076,0.026249613730082805,0.5960073673669306,0.60044,0.35364567172870676
9,normal,12,random_077,0.014210416851650143,0.5709570166068555,0.57068,0.19144862338631047
9,normal,12,random_078,0.01303622664269811,0.5679920817240135,0.56676,0.17562944640900405
9,normal,12,random_079,0.013904778500658011,0.5701978066482614,0.57254,0.18733093689179292
9,normal,12,random_080,0.013175679658073378,0.5683512212265495,0.56992,0.17750821520934124
9,normal,12,random_081,0.0164794333510008,0.5763475738678603,0.57818,0.22201775374866617
9,normal,12,random_082,0.025336724988186128,0.5943552060677272,0.59624,0.34134685637617296
9,normal,12,random_083,0.019816018250474958,0.5836164750586327,0.58344,0.2669696079049855
9,normal,12,random_084,0.01719860830872691,0.5779747914751912,0.58082,0.23170677674270898
9,normal,12,random_085,0.01712757522204407,0.5778156626241862,0.57764,0.23074978956898426
9,normal,12,random_086,0.016253571403647474,0.5758289616535862,0.57452,0.2189748480163741
9,normal,12,random_087,0.019624567491894767,0.5832175070324793,0.582,0.26439030396484897
9,normal,12,random_088,0.02129230121241437,0.5866275457422465,0.59138,0.286858703611502
9,normal,12,random_089,0.022095705540858906,0.5882203250196574,0.58798,0.29768249958518933
9,normal,12,random_090,0.021442876876133592,0.5869284367757006,0.58848,0.28888732133858697
9,normal,12,random_091,0.011507086060597273,0.5639165298877796,0.56144,0.15502823094407195
9,normal,12,random_092,0.012489327270725131,0.5665641878876027,0.56682,0.1682613914822476
9,normal,12,random_093,0.028760528584524325,0.6004005217949255,0.60286,0.3874737569524872
9,normal,12,random_094,0.024197242136616143,0.5922481712562657,0.59162,0.32599527129722794
9,normal,12,random_095,0.027425012233103684,0.5980904277316248,0.59882,0.3694811273443206
9,normal,12,random_096,0.014295996071809074,0.5711680834505388,0.57032,0.19260158209687775
9,normal,12,random_097,0.02325691573744773,0.5904696571603085,0.59098,0.31332680445815037
9,normal,12,random_098,0.016154931155808495,0.5756012976228165,0.57756,0.21764592572954725
9,normal,12,random_099,0.018673501278567314,0.5812047690058707,0.58286,0.25157714589977587
9,normal,12,random_100,0.025750605904036244,0.5951080911089537,0.60042,0.3469228315507626
9,normal,12,random_101,0.011148425620070856,0.5629209819472576,0.56544,0.15019620889160584
9,normal,12,random_102,0.02663608041963611,0.5966976275568279,0.59788,0.3588523110885545
9,normal,12,random_103,0.019097856955399475,0.5821092821943938,0.578,0.2572942413941455
9,normal,12,random_104,0.022569406227755516,0.5891452386423431,0.58762,0.3040643914994278
9,normal,12,random_105,0.02437311773829723,0.5925767517035233,0.59176,0.32836474027062906
9,normal,12,random_106,0.027139351500415576,0.5975886003987867,0.59858,0.3656325876005823
9,normal,12,random_107,0.026807018092014828,0.5970012425592859,0.59606,0.36115525423254563
9,normal,12,random_108,0.024501938721159865,0.5928166294562721,0.59264,0.3301002699239665
9,normal,12,random_109,0.014249183976408121,0.5710527102756635,0.5725,0.1919709101527749
9,normal,12,random_110,0.018484472185114946,0.5807984070256288,0.57996,0.24903046763556888
9,normal,12,random_111,0.01765614154070084,0.5789916789557984,0.57832,0.2378708540058419
9,normal,12,random_112,0.029171364463235802,0.6010996333238434,0.5987,0.3930087081251465
9,normal,12,random_113,0.02163010503090354,0.5873010289662396,0.58516,0.29140973661071196
9,normal,12,random_114,0.023908940319100645,0.5917068147110544,0.59288,0.3221111497644592
9,normal,12,random_115,0.023354172977682476,0.5906553423378618,0.58994,0.31463709429353476
9,normal,12,random_116,0.0206267537534316,0.5852840592376244,0.58594,0.2778921724991011
9,normal,12,random_117,0.013425191691205155,0.5689889505984433,0.5695,0.18086974469577927
9,normal,12,random_118,0.030428508039611245,0.6032068739182833,0.60334,0.40994546723704206
9,normal,12,random_119,0.01682195903452604,0.5771270789363527,0.57354,0.22663240166997228
9,normal,12,random_120,0.02408348778059102,0.5920349781136236,0.59198,0.32446272548294536
9,normal,12,random_121,0.017696689006738694,0.5790811333455796,0.57742,0.2384171262676475
9,normal,12,random_122,0.014000373317832344,0.5704361824475247,0.5698,0.18861882987494394
9,normal,12,random_123,0.023142298565091767,0.5902503028600036,0.59046,0.31178263442478266
9,normal,12,random_124,0.029504921117284352,0.6016633909052603,0.60512,0.39750252156535704
9,normal,12,random_125,0.020878474039150503,0.5857948180443754,0.58524,0.2812834524793007
9,normal,12,random_126,0.018904294835067646,0.5816980183954267,0.5814,0.25468649231372625
9,normal,12,random_127,0.025139993931189625,0.5939950559506939,0.5921,0.33869641406807555
9,nonnormal,0,oracle_t0,0.2506311025233734,0.7736574397390703,0.77314,1.0000000000000004
9,nonnormal,0,oracle_t12,0.23378069388927508,0.7658546800594104,0.76714,0.9327680863849418
9,nonnormal,0,bottom,1.5143533624047944e-32,0.5000000000000001,0.49958,-3.102842624445201e-18
9,nonnormal,0,random_000,0.031787336733720126,0.6054328932769343,0.60452,0.12682917807759206
9,nonnormal,0,random_001,0.015730430651361618,0.5746132237301074,0.5715,0.06276328234200154
9,nonnormal,0,random_002,0.04801257404963986,0.6287999194081664,0.62512,0.19156670327922418
9,nonnormal,0,random_003,0.07892277026032929,0.663267742421725,0.6612,0.31489615401172777
9,nonnormal,0,random_004,0.042553659099624136,0.6215020412137489,0.61442,0.16978602683861105
9,nonnormal,0,random_005,0.028765349574105443,0.6004087563067565,0.59876,0.1147716675404357
9,nonnormal,0,random_006,0.0560464564172404,0.6387471535051065,0.63806,0.22362131376736713
9,nonnormal,0,random_007,0.06590944323224454,0.6499155643587292,0.65248,0.2629739189137469
9,nonnormal,0,random_008,0.03137269823109452,0.6047591292460035,0.60678,0.12517480039481044
9,nonnormal,0,random_009,0.017525622553518957,0.5787030051304018,0.58144,0.06992596839366558
9,nonnormal,0,random_010,0.029201196285534317,0.6011501927203874,0.6032,0.11651066444481313
9,nonnormal,0,random_011,0.03996318933028935,0.6178587622022528,0.61634,0.15945023952708526
9,nonnormal,0,random_012,0.03719352445666019,0.6138181028706595,0.61072,0.14839947668981593
9,nonnormal,0,random_013,0.04441207042119183,0.6240414678690437,0.62528,0.17720095380839684
9,nonnormal,0,random_014,0.019459873212034646,0.5828726683942816,0.58148,0.07764348884121383
9,nonnormal,0,random_015,0.02670676188221118,0.5968232949829362,0.5958,0.10655805130857836
9,nonnormal,0,random_016,0.03674676811274421,0.6131512106560856,0.61404,0.14661695113964276
9,nonnormal,0,random_017,0.01983393417289081,0.5836537072041889,0.58722,0.07913596506260087
9,nonnormal,0,random_018,0.04299913570483915,0.6221162216111927,0.61914,0.1715634463237824
9,nonnormal,0,random_019,0.04751908825708913,0.6281596667650986,0.62764,0.18959773060351762
9,nonnormal,0,random_020,0.0450163327382514,0.6248545421645045,0.62184,0.1796119168172804
9,nonnormal,0,random_021,0.031773222929862496,0.6054100367994021,0.60256,0.1267728650194139
9,nonnormal,0,random_022,0.022660050209068895,0.5893210576027835,0.58912,0.09041196396187766
9,nonnormal,0,random_023,0.040604900865969275,0.6187730149401368,0.61966,0.16201062221390725
9,nonnormal,0,random_024,0.036056784395172466,0.6121125616496833,0.6075,0.14386396593299863
9,nonnormal,0,random_025,0.03457094896200391,0.6098388202858204,0.61278,0.13793558985273946
9,nonnormal,0,random_026,0.07352969534831844,0.6579025012795306,0.65784,0.2933781745681832
9,nonnormal,0,random_027,0.023753952023913616,0.5914143644401663,0.59278,0.09477655320810939
9,nonnormal,0,random_028,0.05304681779945112,0.6351326352064999,0.63858,0.21165297229821706
9,nonnormal,0,random_029,0.05079445941837975,0.6323426685807618,0.63344,0.20266622500949488
9,nonnormal,0,random_030,0.02458142802764456,0.5929643148017149,0.5937,0.09807812270766414
9,nonnormal,0,random_031,0.05530470935525007,0.6378636762926553,0.63484,0.22066179655452978
9,nonnormal,0,random_032,0.024349323242708852,0.592532370825748,0.59312,0.0971520413769799
9,nonnormal,0,random_033,0.04321760193812359,0.6224161470374291,0.62532,0.1724351108182721
9,nonnormal,0,random_034,0.027667232624828595,0.5985137726671511,0.59998,0.11039026021221135
9,nonnormal,0,random_035,0.032651256628855096,0.6068217430691796,0.6085,0.1302761560720905
9,nonnormal,0,random_036,0.033611754347016645,0.608342891671869,0.60956,0.13410847260619657
9,nonnormal,0,random_037,0.03051865793969183,0.6033561829643028,0.59974,0.12176724130575828
9,nonnormal,0,random_038,0.045415972759484294,0.6253889869798916,0.62362,0.181206451642405
9,nonnormal,0,random_039,0.038034858088407585,0.6150623118010666,0.6163,0.15175633712444184
9,nonnormal,0,random_040,0.030241708468463954,0.6028967367609019,0.59922,0.12066223291518133
9,nonnormal,0,random_041,0.04572716913066799,0.6258033625227679,0.62602,0.1824481026907009
9,nonnormal,0,random_042,0.024350925055602893,0.5925353592036032,0.5914,0.0971584324947539
9,nonnormal,0,random_043,0.030194669169388226,0.6028184778232074,0.60156,0.12047454950876398
9,nonnormal,0,random_044,0.030547915853336584,0.6034045901599997,0.60106,0.12188397826837055
9,nonnormal,0,random_045,0.03210866896325352,0.6059518080130405,0.60434,0.12811127046875256
9,nonnormal,0,random_046,0.03737712370016356,0.6140909106132568,0.61762,0.1491320244129631
9,nonnormal,0,random_047,0.029827869950395713,0.6022059910358427,0.60098,0.11901104711301357
9,nonnormal,0,random_048,0.03712020226552444,0.6137089505059312,0.61404,0.14810692644207116
9,nonnormal,0,random_049,0.03987111362511502,0.6177269262334142,0.61716,0.15908286411259243
9,nonnormal,0,random_050,0.023700507588724124,0.5913132861950083,0.58974,0.0945633137711385
9,nonnormal,0,random_051,0.009282902027712802,0.557455749540131,0.5539,0.037038108735315906
9,nonnormal,0,random_052,0.013145252265333968,0.5682730277445792,0.56896,0.05244860726775949
9,nonnormal,0,random_053,0.034693058750072975,0.6100276466473098,0.6072,0.1384227990891018
9,nonnormal,0,random_054,0.016578165118064824,0.576573118461407,0.57476,0.06614568164587148
9,nonnormal,0,random_055,0.0283905892088809,0.599766439811337,0.59886,0.11327640074612548
9,nonnormal,0,random_056,0.042251310534104324,0.6210831827811752,0.61624,0.16857967789597889
9,nonnormal,0,random_057,0.038193588237244086,0.6152953706351361,0.61418,0.1523896589557644
9,nonnormal,0,random_058,0.05160139761108698,0.6333500053831851,0.63078,0.2058858501261819
9,nonnormal,0,random_059,0.03864956290490138,0.6159619539258141,0.61478,0.15420896495197367
9,nonnormal,0,random_060,0.042898969808160436,0.6219784275841758,0.62496,0.17116379162941184
9,nonnormal,0,random_061,0.019281560969576977,0.582497594656887,0.586,0.07693203587044359
9,nonnormal,0,random_062,0.03251493808434072,0.6066039165034529,0.60594,0.12973225492358217
9,nonnormal,0,random_063,0.02882799347489765,0.6005156887594176,0.59852,0.11502161218083146
9,nonnormal,0,random_064,0.01797709830827906,0.5796968668792901,0.58,0.07172732405229933
9,nonnormal,0,random_065,0.03399103090579197,0.6089371114527946,0.6073,0.135621758686642
9,nonnormal,0,random_066,0.04200620150996,0.6207424150363517,0.62124,0.16760171058994006
9,nonnormal,0,random_067,0.039648907635527225,0.6174080821977403,0.6142,0.15819627826051497
9,nonnormal,0,random_068,0.021092140218729016,0.5862258384913491,0.58866,0.08415611632543496
9,nonnormal,0,random_069,0.03568358879267612,0.6115463000934952,0.6113,0.1423749424289763
9,nonnormal,0,random_070,0.048743407960338714,0.6297414465797533,0.6276,0.19448267780649064
9,nonnormal,0,random_071,0.03636864089282221,0.6125833262592495,0.61322,0.1451082508382237
9,nonnormal,0,random_072,0.03137059749689905,0.6047557035709258,0.60122,0.12516641861707287
9,nonnormal,0,random_073,0.042553037733720864,0.6215011820793506,0.62238,0.16978354763352835
9,nonnormal,0,random_074,0.055369068536672776,0.6379405960530131,0.63762,0.22091858504077388
9,nonnormal,0,random_075,0.029166322634584886,0.6010910856399148,0.59844,0.1163715210958899
9,nonnormal,0,random_076,0.047471130178780754,0.6280972496848415,0.6288,0.18940638133431073
9,nonnormal,0,random_077,0.03551836700247423,0.6112945822364851,0.61182,0.14171571941739303
9,nonnormal,0,random_078,0.02775309250257487,0.5986633629994859,0.59914,0.11073283492413584
9,nonnormal,0,random_079,0.03675210881614873,0.6131592088024582,0.61632,0.14663826016055337
9,nonnormal,0,random_080,0.027600834771707862,0.5983979211208249,0.59966,0.11012533757311255
9,nonnormal,0,random_081,0.030011671641523373,0.6025134052869772,0.60102,0.11974440258756217
9,nonnormal,0,random_082,0.04095895548466398,0.6192740677672292,0.62208,0.16342327457480751
9,nonnormal,0,random_083,0.040308182768554475,0.618351264588658,0.62112,0.1608267384324155
9,nonnormal,0,random_084,0.04600586676860638,0.6261731462080686,0.6244,0.1835600861402107
9,nonnormal,0,random_085,0.060366568898018294,0.6437662291172125,0.6442,0.24085825059317473
9,nonnormal,0,random_086,0.03973699155187976,0.6175345902289663,0.62294,0.15854772672587186
9,nonnormal,0,random_087,0.06402488107381356,0.6478591732263761,0.64864,0.25545465199333256
9,nonnormal,0,random_088,0.053436782216749884,0.635608910208802,0.63358,0.2132089021623583
9,nonnormal,0,random_089,0.036833913772142485,0.6132816399645168,0.61156,0.14696465602750738
9,nonnormal,0,random_090,0.03665521180427958,0.6130139995119738,0.61048,0.14625164808051386
9,nonnormal,0,random_091,0.03186581528992338,0.6055598856361646,0.60774,0.1271423018495944
9,nonnormal,0,random_092,0.038631041306523006,0.6159349609596747,0.61674,0.15413506511196218
9,nonnormal,0,random_093,0.030266053007403308,0.6029372130665619,0.60016,0.12075936586753343
9,nonnormal,0,random_094,0.017386736423231228,0.5783945956449841,0.57928,0.06937182276333713
9,nonnormal,0,random_095,0.049797341061593614,0.631085527925539,0.62784,0.19868779477179865
9,nonnormal,0,random_096,0.026944070477829315,0.5972439308230323,0.60144,0.10750489546809769
9,nonnormal,0,random_097,0.04663031923638619,0.6269972233608486,0.63024,0.18605160639245705
9,nonnormal,0,random_098,0.0782556540952587,0.6626159711553401,0.66464,0.3122344086882064
9,nonnormal,0,random_099,0.07203834360971907,0.6563785227196042,0.6544,0.28742778882760944
9,nonnormal,0,random_100,0.054807919003444144,0.6372682299500938,0.63496,0.21867963892603035
9,nonnormal,0,random_101,0.04048525853470653,0.6186031601985147,0.61964,0.16153325795201726
9,nonnormal,0,random_102,0.0335925722837949,0.6083127431763709,0.61054,0.13403193755915482
9,nonnormal,0,random_103,0.031933154895280036,0.6056687196462577,0.60112,0.127410982012107
9,nonnormal,0,random_104,0.03812934385885253,0.6152011059551202,0.61412,0.15213332852532402
9,nonnormal,0,random_105,0.05310303988476897,0.6352014215411101,0.6356,0.21187729435861496
9,nonnormal,0,random_106,0.023070740547329105,0.590113065269255,0.5923,0.09205058875395399
9,nonnormal,0,random_107,0.04495364727163338,0.6247704751582708,0.62376,0.17936180633224122
9,nonnormal,0,random_108,0.03633333180343203,0.6125301351130981,0.6116,0.14496737012136662
9,nonnormal,0,random_109,0.024360778756149067,0.5925537402070087,0.58992,0.09719774804835819
9,nonnormal,0,random_110,0.050442145739436416,0.6319000632906109,0.63502,0.20126051887248228
9,nonnormal,0,random_111,0.030832556919707058,0.6038742412319261,0.60524,0.12301967556812579
9,nonnormal,0,random_112,0.03957557649099902,0.6173026456131345,0.61992,0.15790369228938092
9,nonnormal,0,random_113,0.05457419862436126,0.6369870469975951,0.63742,0.21774711149136733
9,nonnormal,0,random_114,0.042870898675501326,0.6219397796645595,0.62422,0.17105178983723013
9,nonnormal,0,random_115,0.05805722689261085,0.6411094963589238,0.64488,0.2316441427583656
9,nonnormal,0,random_116,0.0730694735357513,0.6574341458443367,0.65748,0.29154192277048696
9,nonnormal,0,random_117,0.03961690930711456,0.617362087606852,0.61918,0.15806860724087504
9,nonnormal,0,random_118,0.028257036890583436,0.5995364499292221,0.59688,0.11274353664046251
9,nonnormal,0,random_119,0.04100222486067591,0.6193351395395655,0.61738,0.1635959162604415
9,nonnormal,0,random_120,0.03175563855916383,0.6053815523309689,0.60266,0.1267027046501635
9,nonnormal,0,random_121,0.03378943192803725,0.6086217092223996,0.60708,0.13481739332366433
9,nonnormal,0,random_122,0.04339481137326309,0.6226588218700728,0.62056,0.173142163667481
9,nonnormal,0,random_123,0.06206724653573624,0.6456860455464843,0.6432,0.24764383155497624
9,nonnormal,0,random_124,0.020133312902081976,0.5842732833158082,0.58348,0.08033046457274547
9,nonnormal,0,random_125,0.024300773185399978,0.592441745513939,0.58896,0.0969583301543101
9,nonnormal,0,random_126,0.02936048815095604,0.601419698133998,0.6019,0.11714622748474698
9,nonnormal,0,random_127,0.012747872102052499,0.5672431447826927,0.56524,0.050863089112667736
9,nonnormal,12,oracle_t0,0.14400698213480612,0.7153978570931074,0.71604,0.9397411122998693
9,nonnormal,12,oracle_t12,0.1532411216769815,0.7214620684131446,0.72218,1.0000000000000009
9,nonnormal,12,bottom,6.539483226396787e-33,0.5,0.50044,-1.8391455914361857e-17
9,nonnormal,12,random_000,0.011086648812997972,0.5627478564249068,0.56204,0.07234773989952671
9,nonnormal,12,random_001,0.007918983982034139,0.5530942999604955,0.55344,0.05167662501666262
9,nonnormal,12,random_002,0.019046125890706013,0.581999582199024,0.5803,0.12428860923410331
9,nonnormal,12,random_003,0.05171970503950626,0.6334969533303423,0.6349,0.3375053932881461
9,nonnormal,12,random_004,0.022423327680545155,0.5888611127161012,0.58804,0.14632709180902195
9,nonnormal,12,random_005,0.012214108643893874,0.5658334569137908,0.56746,0.07970516340672665
9,nonnormal,12,random_006,0.04320674512122498,0.6224012617190442,0.61966,0.2819526811628339
9,nonnormal,12,random_007,0.029029467191225115,0.6008587658286149,0.60276,0.18943653553004292
9,nonnormal,12,random_008,0.013800178131040185,0.569936004300237,0.56958,0.09005531922514724
9,nonnormal,12,random_009,0.009822780255521187,0.559090974522834,0.5598,0.06410015893923524
9,nonnormal,12,random_010,0.013909473308748276,0.5702095333457079,0.5685,0.09076854278101808
9,nonnormal,12,random_011,0.018213997470711445,0.5802131765150912,0.58036,0.11885841914616713
9,nonnormal,12,random_012,0.02102322005158996,0.5860870593645844,0.58756,0.13719046050775477
9,nonnormal,12,random_013,0.021740153431823242,0.5875192413888681,0.58614,0.14186892652515
9,nonnormal,12,random_014,0.009895604023463027,0.5593079984132802,0.55878,0.06457538234627438
9,nonnormal,12,random_015,0.015494269123114907,0.5740575477562357,0.57586,0.10111038703942303
9,nonnormal,12,random_016,0.01689986966868125,0.5773032318687779,0.57476,0.11028286326632787
9,nonnormal,12,random_017,0.007065912169079241,0.550169053060634,0.55036,0.046109765392957344
9,nonnormal,12,random_018,0.025715792479221775,0.5950450101257029,0.59536,0.16781260929052955
9,nonnormal,12,random_019,0.028515288025822996,0.5999806641434917,0.6007,0.18608117529921686
9,nonnormal,12,random_020,0.024182970022446872,0.5922214521501015,0.59098,0.15780992567662364
9,nonnormal,12,random_021,0.022700276080049805,0.589398963913597,0.59138,0.14813436388112558
9,nonnormal,12,random_022,0.013158678819849185,0.5683075432937427,0.57124,0.08586911056150127
9,nonnormal,12,random_023,0.021338258671297818,0.5867194991088497,0.58674,0.13924629654093085
9,nonnormal,12,random_024,0.026096348574612495,0.5957321340409127,0.59786,0.17029599032576434
9,nonnormal,12,random_025,0.014973662997842262,0.5728169034116622,0.57328,0.0977130866309202
9,nonnormal,12,random_026,0.02753019851221325,0.5982745117746429,0.59988,0.1796528125801928
9,nonnormal,12,random_027,0.015948653178602133,0.5751228635294087,0.57722,0.10407554450182424
9,nonnormal,12,random_028,0.030274298308245736,0.6029509181260291,0.60214,0.1975598845593239
9,nonnormal,12,random_029,0.017328007782024722,0.5782637982883159,0.57538,0.11307674854110382
9,nonnormal,12,random_030,0.014320935100346054,0.5712294686290679,0.56798,0.0934536039910574
9,nonnormal,12,random_031,0.03240733130066074,0.6064316228083905,0.60522,0.2114793401798018
9,nonnormal,12,random_032,0.007852908868683797,0.5528736365261276,0.55292,0.05124544105881075
9,nonnormal,12,random_033,0.026844712082949567,0.5970680554088855,0.5977,0.17517955878406985
9,nonnormal,12,random_034,0.020138684896365076,0.5842843567469718,0.58354,0.13141828169866596
9,nonnormal,12,random_035,0.021606412430709248,0.5872539733527363,0.58744,0.14099617775086276
9,nonnormal,12,random_036,0.02196411922598012,0.5879615557105252,0.58596,0.1433304519414738
9,nonnormal,12,random_037,0.017825800907471347,0.5793652677520257,0.57954,0.11632517898848684
9,nonnormal,12,random_038,0.027157411123317432,0.5976204089472905,0.59746,0.17722012750965654
9,nonnormal,12,random_039,0.023402937428811485,0.5907482910917748,0.59046,0.15271969542315672
9,nonnormal,12,random_040,0.015146484353383727,0.5732311881609163,0.5748,0.0988408606490832
9,nonnormal,12,random_041,0.022797098273336952,0.5895861845631795,0.59008,0.14876619293737092
9,nonnormal,12,random_042,0.010120366542597141,0.5599727189954322,0.55722,0.06604210692173063
9,nonnormal,12,random_043,0.013787557505311684,0.5699043472990325,0.57076,0.08997296126802458
9,nonnormal,12,random_044,0.028720303061711444,0.6003317857560182,0.6008,0.18741903444332184
9,nonnormal,12,random_045,0.01637508778345358,0.5761084421019624,0.57798,0.10685831325334988
9,nonnormal,12,random_046,0.0205313848160052,0.5850896973264605,0.58662,0.13398090924499714
9,nonnormal,12,random_047,0.013248166069284835,0.5685371258673428,0.5694,0.0864530742421136
9,nonnormal,12,random_048,0.015924996096424806,0.5750677897086222,0.57418,0.10392116634328269
9,nonnormal,12,random_049,0.019164239842980185,0.5822498258286757,0.58202,0.1250593811455955
9,nonnormal,12,random_050,0.01159076220192416,0.5641464941484716,0.56196,0.07563741425983851
9,nonnormal,12,random_051,0.0076100416002734695,0.5520543322364835,0.55108,0.04966057098116758
9,nonnormal,12,random_052,0.008845628390445344,0.5560953649078607,0.55586,0.05772359464381328
9,nonnormal,12,random_053,0.02088646109385691,0.5858109714574726,0.585,0.1362980175640042
9,nonnormal,12,random_054,0.009810504360809331,0.5590543099360747,0.55662,0.06402005058073773
9,nonnormal,12,random_055,0.018380584627329118,0.5805741546435746,0.58094,0.1199455108797347
9,nonnormal,12,random_056,0.0366832792080616,0.6130560825113538,0.613,0.2393827375225476
9,nonnormal,12,random_057,0.01970311709334998,0.5833814428917836,0.58376,0.12857591276891317
9,nonnormal,12,random_058,0.01837728878066825,0.5805670294194127,0.5812,0.11992400329335837
9,nonnormal,12,random_059,0.014726278729717612,0.5722195531745359,0.57094,0.09609874013294742
9,nonnormal,12,random_060,0.01717268337417002,0.5779167538657298,0.5782,0.1120631537164581
9,nonnormal,12,random_061,0.008506565477344538,0.5550167375170489,0.55282,0.05551098415525576
9,nonnormal,12,random_062,0.01801389736550722,0.5797772998081983,0.58082,0.11755263318601197
9,nonnormal,12,random_063,0.018749390066270397,0.5813673064552238,0.58304,0.12235221108464892
9,nonnormal,12,random_064,0.010038763659857647,0.5597322649160511,0.55712,0.06550959396537484
9,nonnormal,12,random_065,0.03751957435965362,0.6143020761791405,0.61186,0.24484011829893507
9,nonnormal,12,random_066,0.019633426181612408,0.583236012557431,0.58416,0.12812113332737096
9,nonnormal,12,random_067,0.01993018718658854,0.5838534362801945,0.58328,0.13005769579656043
9,nonnormal,12,random_068,0.005281178100863453,0.5434017576819742,0.54288,0.03446319136188332
9,nonnormal,12,random_069,0.014834009122669514,0.5724803184010785,0.57464,0.09680175242999255
9,nonnormal,12,random_070,0.0184983513161754,0.5808283168609203,0.57932,0.12071401666693797
9,nonnormal,12,random_071,0.018806565306225476,0.5814895372052509,0.58166,0.12272531746320711
9,nonnormal,12,random_072,0.00837204909059017,0.5545827539083298,0.55342,0.054633175475168445
9,nonnormal,12,random_073,0.016225595544525014,0.5757644656205607,0.57592,0.10588277720080327
9,nonnormal,12,random_074,0.03224371990474832,0.6061690687112926,0.60436,0.21041166725936145
9,nonnormal,12,random_075,0.023134257122687546,0.590234891717331,0.58944,0.1509663781465428
9,nonnormal,12,random_076,0.03737116518304636,0.6140820683471004,0.61158,0.24387164994668625
9,nonnormal,12,random_077,0.016959915848126866,0.5774387065543501,0.57518,0.1106747044300345
9,nonnormal,12,random_078,0.013844120995727661,0.5700461122807359,0.56788,0.09034207557492192
9,nonnormal,12,random_079,0.015140005710134175,0.573215701877018,0.57128,0.09879858320306448
9,nonnormal,12,random_080,0.018240184855629983,0.5802700355378538,0.5801,0.11902930920904291
9,nonnormal,12,random_081,0.012468093832300943,0.5665081076330571,0.56456,0.08136258528949282
9,nonnormal,12,random_082,0.026099619965115787,0.5957380177236797,0.59746,0.17031733831948498
9,nonnormal,12,random_083,0.022574569604708133,0.5891552638183553,0.58556,0.1473140457187028
9,nonnormal,12,random_084,0.03042447142051092,0.6032001828207407,0.60422,0.19853986376217606
9,nonnormal,12,random_085,0.033573974392068086,0.6082835039836773,0.60874,0.21909246046135727
9,nonnormal,12,random_086,0.015346165661749383,0.573706829364191,0.57604,0.1001439136819798
9,nonnormal,12,random_087,0.037660736963056635,0.614510903964244,0.61422,0.24576129795266122
9,nonnormal,12,random_088,0.019911442096610957,0.583814579001127,0.5849,0.12993537164640767
9,nonnormal,12,random_089,0.021969346268637845,0.5879718503728655,0.58838,0.1433645618631484
9,nonnormal,12,random_090,0.016453271456788605,0.5762876918129765,0.57136,0.10736851359957178
9,nonnormal,12,random_091,0.009591288071993904,0.5583955827651422,0.55504,0.06258951883823641
9,nonnormal,12,random_092,0.017784109731450826,0.579273636010794,0.58044,0.11605311640134129
9,nonnormal,12,random_093,0.010789068153132127,0.5619068950256219,0.56274,0.07040582863831107
9,nonnormal,12,random_094,0.013482109282944126,0.5691335694208615,0.56988,0.0879797089410714
9,nonnormal,12,random_095,0.02674663388267856,0.5968941072615754,0.59522,0.1745395334488485
9,nonnormal,12,random_096,0.013894344430084877,0.5701717371008228,0.57032,0.09066981680917811
9,nonnormal,12,random_097,0.03696676107058235,0.6134801489908088,0.61482,0.24123264477602166
9,nonnormal,12,random_098,0.04267335549889477,0.6216674119755239,0.6207,0.2784719599537152
9,nonnormal,12,random_099,0.02542015949742657,0.5945075009413217,0.59586,0.16588340792108008
9,nonnormal,12,random_100,0.02069581377586134,0.5854245102366875,0.587,0.13505391731265368
9,nonnormal,12,random_101,0.025656994257263338,0.5949383666869423,0.59548,0.16742891187749198
9,nonnormal,12,random_102,0.01859902854746412,0.5810449295233335,0.5801,0.12137100240410145
9,nonnormal,12,random_103,0.012164052046980086,0.5656996458397173,0.5653,0.0793785108974915
9,nonnormal,12,random_104,0.01609633126166682,0.5754657064863107,0.57598,0.10503924198360053
9,nonnormal,12,random_105,0.028798520016268953,0.6004653933146077,0.60186,0.1879294519716037
9,nonnormal,12,random_106,0.009701895223204908,0.558728898836868,0.5603,0.06331130389175589
9,nonnormal,12,random_107,0.026584533638162777,0.5966058689745417,0.59712,0.17348172179397514
9,nonnormal,12,random_108,0.02872139352742059,0.6003336497832032,0.60372,0.18742615045563768
9,nonnormal,12,random_109,0.02011264527914969,0.5842306662029728,0.58186,0.13124835591810244
9,nonnormal,12,random_110,0.026610919212672772,0.5966528497833293,0.5984,0.17365390517544121
9,nonnormal,12,random_111,0.02170458203211576,0.5874487711735816,0.58642,0.14163679953914118
9,nonnormal,12,random_112,0.024955011945115246,0.5936550538686151,0.59486,0.16284801149993008
9,nonnormal,12,random_113,0.02397526294396344,0.5918316548792979,0.5892,0.15645449916831825
9,nonnormal,12,random_114,0.026041389432377368,0.5956332301262932,0.59862,0.16993734545529032
9,nonnormal,12,random_115,0.02921150703363424,0.6011676611223057,0.6036,0.1906244662918188
9,nonnormal,12,random_116,0.04072734688443379,0.6189465675028822,0.62026,0.2657729624968643
9,nonnormal,12,random_117,0.02392298136482402,0.5917332596141398,0.59416,0.1561133271737043
9,nonnormal,12,random_118,0.025432328063640635,0.5945296904073664,0.5965,0.16596281588991318
9,nonnormal,12,random_119,0.025445143526168834,0.594553053426524,0.59464,0.16604644528643508
9,nonnormal,12,random_120,0.014856513455616309,0.5725346672644271,0.5721,0.09694860813491374
9,nonnormal,12,random_121,0.014080885932881806,0.5706362987349152,0.57056,0.09188712389199984
9,nonnormal,12,random_122,0.02036122398022148,0.5847417329248614,0.58264,0.13287049688360494
9,nonnormal,12,random_123,0.036257713216270665,0.6124161258573562,0.61108,0.2366056370475981
9,nonnormal,12,random_124,0.009132503526875342,0.5569916147203965,0.55624,0.05959564526110587
9,nonnormal,12,random_125,0.014829278854239038,0.5724688891964815,0.57416,0.09677088428977858
9,nonnormal,12,random_126,0.012737527035463167,0.5672161146571872,0.56586,0.08312081571885606
9,nonnormal,12,random_127,0.011223648582214661,0.5631311269023053,0.56262,0.07324175429799527
10,normal,0,oracle_t0,0.12341206138477431,0.7008861199522889,0.70128,0.9999999999999996
10,normal,0,oracle_t12,0.07914706096515026,0.6634861452460026,0.6638,0.6413235471238538
10,normal,0,bottom,1.2607408731851127e-32,0.5000000000000001,0.4992,-1.945271079215008e-17
10,normal,0,random_000,0.03694351812320551,0.6134454457910284,0.61522,0.29935095248124033
10,normal,0,random_001,0.020839806846206628,0.5857165698305017,0.58758,0.16886361521206777
10,normal,0,random_002,0.060423400967914806,0.643830877329204,0.64264,0.48960693379496023
10,normal,0,random_003,0.021212483142297952,0.5864675953468876,0.5861,0.17188338728223354
10,normal,0,random_004,0.04196645989260012,0.6206870610142304,0.61972,0.3400515267446755
10,normal,0,random_005,0.03257521216270626,0.6067002901745323,0.60384,0.263954850094783
10,normal,0,random_006,0.02881972829495627,0.6005015872770825,0.60118,0.23352440573131705
10,normal,0,random_007,0.06501117252910399,0.6489396545429802,0.65186,0.5267813518357174
10,normal,0,random_008,0.028683379441756883,0.6002686467757944,0.60444,0.23241957973886992
10,normal,0,random_009,0.04943590698931048,0.6306263871778047,0.6312,0.4005759764046006
10,normal,0,random_010,0.024697643432023256,0.593179781751606,0.59746,0.200123417070402
10,normal,0,random_011,0.0334217163319893,0.6080437990024219,0.61002,0.27081401896194746
10,normal,0,random_012,0.03912663811141307,0.6166548242797991,0.61684,0.31704063340635685
10,normal,0,random_013,0.04692475264279945,0.6273836665794721,0.62962,0.38022825416145806
10,normal,0,random_014,0.04209729278367176,0.6208691832739965,0.61816,0.3411116572505886
10,normal,0,random_015,0.0409716934344138,0.6192920501720898,0.6181,0.3319909980813965
10,normal,0,random_016,0.04881421461216541,0.6298322489944564,0.62896,0.3955384430373653
10,normal,0,random_017,0.045332164094393924,0.6252771237073842,0.62446,0.36732361153143056
10,normal,0,random_018,0.05562020562690735,0.6382402661031459,0.63642,0.45068695071460285
10,normal,0,random_019,0.045820704091183245,0.625927605524706,0.62164,0.3712822197201892
10,normal,0,random_020,0.036376820233849264,0.6125956439886003,0.61282,0.29475903591330144
10,normal,0,random_021,0.04815108800473325,0.6289789728190438,0.62742,0.39016517076566526
10,normal,0,random_022,0.04285377555251302,0.6219161979896687,0.61942,0.34724138849689434
10,normal,0,random_023,0.03143861404256087,0.6048665560964268,0.60474,0.2547450685921331
10,normal,0,random_024,0.020542306041309442,0.5851119786976748,0.58838,0.16645298531447908
10,normal,0,random_025,0.019355337070750888,0.5826529987569038,0.58364,0.1568350520489629
10,normal,0,random_026,0.03992468035431252,0.6178036443823883,0.61924,0.32350711839935375
10,normal,0,random_027,0.04361749094112609,0.6229629947258025,0.62446,0.35342972519627075
10,normal,0,random_028,0.04972045024722472,0.6309880066904874,0.62978,0.4028816121319472
10,normal,0,random_029,0.04302014631713164,0.6221451026910048,0.62154,0.348589480107648
10,normal,0,random_030,0.05089203609302552,0.6324649497815511,0.62786,0.4123748969264376
10,normal,0,random_031,0.06086260600476141,0.6443293255314525,0.64096,0.4931657839747434
10,normal,0,random_032,0.038802622110827516,0.6161847504064732,0.61344,0.3144151525826041
10,normal,0,random_033,0.04050063618006126,0.6186250069757896,0.61746,0.32817405143074546
10,normal,0,random_034,0.022370648825490995,0.5887584127799603,0.58828,0.18126792936181288
10,normal,0,random_035,0.037826216246885924,0.6147551646269238,0.61406,0.3065033986342005
10,normal,0,random_036,0.02977945178718605,0.6021248420009556,0.60424,0.24130098349414675
10,normal,0,random_037,0.030746038379690133,0.6037317337527741,0.6047,0.24913317251731232
10,normal,0,random_038,0.044158445480404984,0.623698386427541,0.62666,0.35781304505341416
10,normal,0,random_039,0.05451915831824378,0.6369207311166527,0.63864,0.4417652351520474
10,normal,0,random_040,0.041716732860648933,0.6203385710660403,0.62232,0.33802800465818683
10,normal,0,random_041,0.058255561240329226,0.6413399887389928,0.63708,0.47204106783938987
10,normal,0,random_042,0.06270129019525283,0.6463941131199479,0.64608,0.508064523772621
10,normal,0,random_043,0.029948236813255195,0.6024074223296589,0.5994,0.2426686377102359
10,normal,0,random_044,0.05395159939557252,0.6362346994405379,0.63978,0.4371663416865075
10,normal,0,random_045,0.025952216697166585,0.5954725204376925,0.59574,0.21028914358907527
10,normal,0,random_046,0.02858422753133767,0.6000988837431522,0.59656,0.23161615818260836
10,normal,0,random_047,0.0371149855966461,0.6137011801711485,0.61374,0.30074034239594233
10,normal,0,random_048,0.04360511011967692,0.6229461053497252,0.62194,0.3533294041959547
10,normal,0,random_049,0.04303309045494483,0.6221628917858446,0.62,0.3486943656242495
10,normal,0,random_050,0.06109174788187903,0.6445885643545664,0.64494,0.4950225058749084
10,normal,0,random_051,0.025536091583715288,0.5947186763778287,0.59334,0.2069173085448983
10,normal,0,random_052,0.045215357378827564,0.6251210261741142,0.62974,0.3663771342239803
10,normal,0,random_053,0.05253525259879022,0.634504864707321,0.6354,0.42568977464038715
10,normal,0,random_054,0.054706026724730024,0.6371457289294452,0.63718,0.4432794178371874
10,normal,0,random_055,0.036002391183467125,0.612030226925389,0.61098,0.29172506138779103
10,normal,0,random_056,0.043054090350012925,0.6221917456457805,0.61774,0.34886452642403243
10,normal,0,random_057,0.024008884262999602,0.5918948713336485,0.59442,0.1945424457998854
10,normal,0,random_058,0.04776792544850801,0.6284829680507943,0.62506,0.3870604292037315
10,normal,0,random_059,0.0421772657744674,0.620980354907631,0.61974,0.34175967325403506
10,normal,0,random_060,0.025113358834271977,0.5939461815236403,0.59492,0.20349193225104234
10,normal,0,random_061,0.023333040789145082,0.5906150310579625,0.5872,0.1890661295770539
10,normal,0,random_062,0.0352774552450051,0.6109264139180023,0.60772,0.2858509520800968
10,normal,0,random_063,0.023999534745754916,0.5918772965977943,0.59404,0.19446668726267455
10,normal,0,random_064,0.05451019577954559,0.6369099289518121,0.63666,0.4416926122771225
10,normal,0,random_065,0.0358675173131678,0.6118257785533832,0.61246,0.2906321870869653
10,normal,0,random_066,0.043192078907301486,0.6223811502403193,0.6225,0.34998263883330777
10,normal,0,random_067,0.038170766667662316,0.6152618948014795,0.61706,0.3092952685447286
10,normal,0,random_068,0.04000949180496937,0.6179249965315984,0.61586,0.3241943401320208
10,normal,0,random_069,0.026902836167216424,0.5971709833212977,0.59274,0.21799195204542218
10,normal,0,random_070,0.06102386733289643,0.6445118256633419,0.6449,0.4944724741501248
10,normal,0,random_071,0.03420787257671441,0.6092752390357038,0.61092,0.2771841924758151
10,normal,0,random_072,0.039367611181374676,0.6170030501638771,0.61246,0.3189932227015822
10,normal,0,random_073,0.040512420163063646,0.6186417452313858,0.62424,0.3282695362874942
10,normal,0,random_074,0.04435632964310172,0.6239661592141311,0.62436,0.3594164877029926
10,normal,0,random_075,0.028985009165480764,0.6007831703273505,0.59916,0.23486366600028863
10,normal,0,random_076,0.03833354992238466,0.6155004363620982,0.61668,0.31061429079341163
10,normal,0,random_077,0.05742032927855631,0.6403663080423324,0.64022,0.465273236945059
10,normal,0,random_078,0.04187772434782165,0.6205633622986902,0.62046,0.3393325083295967
10,normal,0,random_079,0.04177461896775172,0.6204194515601873,0.61844,0.3384970520628995
10,normal,0,random_080,0.03236033754244645,0.6063562828689966,0.60862,0.2622137348597827
10,normal,0,random_081,0.04114957613499623,0.6195428521903122,0.61702,0.33343237016923327
10,normal,0,random_082,0.05125421956125267,0.6329176920968757,0.63402,0.4153096462869395
10,normal,0,random_083,0.033012419204007326,0.6073965039173704,0.60664,0.2674975106450992
10,normal,0,random_084,0.029736373874916858,0.6020525840547714,0.60152,0.24095192594024287
10,normal,0,random_085,0.04013540300943283,0.6181048978176983,0.61338,0.3252145905277329
10,normal,0,random_086,0.04303259939392359,0.6221622169755185,0.62792,0.34869038658836177
10,normal,0,random_087,0.03314189573610055,0.6076017324007906,0.607,0.26854665066140243
10,normal,0,random_088,0.02910977671308102,0.6009951663129119,0.60016,0.23587464941795688
10,normal,0,random_089,0.03221521570696197,0.6061232537967225,0.60408,0.2610378219558403
10,normal,0,random_090,0.03483862988415297,0.6102522853145361,0.61402,0.28229517839049
10,normal,0,random_091,0.033683394472063255,0.6084554068916121,0.61128,0.2729343801092919
10,normal,0,random_092,0.0333226528581901,0.6078875246656584,0.60918,0.2700113140019326
10,normal,0,random_093,0.028568581106022145,0.6000720660895122,0.60032,0.23148937620408888
10,normal,0,random_094,0.0482708189263303,0.629133516023978,0.62854,0.39113534272660294
10,normal,0,random_095,0.024578628450991815,0.5929591176767242,0.59292,0.19915904632984385
10,normal,0,random_096,0.033446219659844706,0.6080824149979338,0.61146,0.27101256785239186
10,normal,0,random_097,0.045100445325728516,0.6249672437061274,0.62304,0.3654460092447064
10,normal,0,random_098,0.02626348730691685,0.5960322394685067,0.5946,0.21281134933021262
10,normal,0,random_099,0.03126484817560268,0.6045830988227235,0.60686,0.2533370549425074
10,normal,0,random_100,0.04006059644246734,0.6179980517318306,0.61894,0.3246084377244646
10,normal,0,random_101,0.03458083051553976,0.6098541141328874,0.60842,0.2802062466789496
10,normal,0,random_102,0.0346790746537903,0.6100060403053019,0.60674,0.28100231261568365
10,normal,0,random_103,0.057079929084349515,0.6399671893440566,0.64082,0.46251499605363217
10,normal,0,random_104,0.03292283403649197,0.6072542525867014,0.60818,0.2667716077916006
10,normal,0,random_105,0.044050239931388256,0.6235516858864545,0.62594,0.3569362624455995
10,normal,0,random_106,0.05045543805506767,0.631916793379723,0.6316,0.4088371710910624
10,normal,0,random_107,0.0454783191873635,0.6254721298475207,0.62916,0.3685078968543529
10,normal,0,random_108,0.03502052572765368,0.6105322684585057,0.60906,0.28376906871741336
10,normal,0,random_109,0.029410907501352848,0.6015048400286959,0.60602,0.23831469283748108
10,normal,0,random_110,0.04636662355956121,0.6266499774131763,0.6236,0.3757057700786577
10,normal,0,random_111,0.05885445850437068,0.6420333096505224,0.64134,0.4768938938705036
10,normal,0,random_112,0.04714027507381914,0.62766569041195,0.62708,0.3819746185654018
10,normal,0,random_113,0.04922713365060002,0.6303603257484622,0.62948,0.3988842994617809
10,normal,0,random_114,0.025255332993520577,0.594206383831738,0.59532,0.20464233973679002
10,normal,0,random_115,0.023900838271655116,0.5916915515930186,0.59142,0.19366695607763187
10,normal,0,random_116,0.04819641902416462,0.629037509054664,0.63114,0.3905324851020659
10,normal,0,random_117,0.07554525017917953,0.6599337921975674,0.65704,0.6121383058633498
10,normal,0,random_118,0.04030020658995754,0.6183399040427731,0.6165,0.3265499833465182
10,normal,0,random_119,0.03554990985902467,0.6113426870074422,0.60876,0.28805863430306944
10,normal,0,random_120,0.06294439624328826,0.6466645179573371,0.64278,0.5100343964520624
10,normal,0,random_121,0.038770572035671545,0.6161381371820054,0.61584,0.3141554528839169
10,normal,0,random_122,0.047057825431664646,0.62755788455422,0.63008,0.3813065344152032
10,normal,0,random_123,0.0559128237203718,0.6385884748573601,0.63776,0.4530580163153316
10,normal,0,random_124,0.0394950943394982,0.6171868046852541,0.61878,0.32002621053675057
10,normal,0,random_125,0.029309209022845343,0.6013330243771723,0.60076,0.23749063660370315
10,normal,0,random_126,0.06067544423956763,0.6441171687786786,0.64176,0.4916492242228546
10,normal,0,random_127,0.035497868266145004,0.6112633080518183,0.61242,0.2876369446213988
10,normal,12,oracle_t0,0.052806281208033684,0.6348378829946164,0.63492,0.5913254222300817
10,normal,12,oracle_t12,0.08930155752290152,0.6730137872192817,0.67204,1.0
10,normal,12,bottom,1.1184159181804846e-32,0.5000000000000001,0.50092,-1.978417597590345e-17
10,normal,12,random_000,0.020111108556726886,0.5842274965320965,0.5809,0.22520445459833505
10,normal,12,random_001,0.016371662915705305,0.5761005798618718,0.57496,0.18333009378371437
10,normal,12,random_002,0.026423827761435505,0.5963191892567504,0.59504,0.29589436617227033
10,normal,12,random_003,0.01703277391548131,0.5776027532051995,0.5789,0.19073322333838608
10,normal,12,random_004,0.023214314628688077,0.590388193727991,0.58966,0.2599541964621918
10,normal,12,random_005,0.022443966368155065,0.5889013142678874,0.5893,0.2513278266440008
10,normal,12,random_006,0.012579609002064202,0.5668020881186004,0.56398,0.14086662484960735
10,normal,12,random_007,0.025294016542237306,0.594277146817508,0.59688,0.283242725478227
10,normal,12,random_008,0.014376527503549823,0.5713661060678681,0.57124,0.16098854154769845
10,normal,12,random_009,0.018077196680760705,0.5799154554963368,0.57358,0.2024286830173681
10,normal,12,random_010,0.021693474306401707,0.5874267533392865,0.58754,0.2429238067974164
10,normal,12,random_011,0.011055839492231746,0.5626613305213906,0.56272,0.12380343410467898
10,normal,12,random_012,0.017485941376564746,0.5786150194107234,0.57962,0.19580779844831306
10,normal,12,random_013,0.01602137345614246,0.5752918923125719,0.57708,0.17940754786985377
10,normal,12,random_014,0.01646851219060328,0.5763225823822093,0.575,0.18441461322082656
10,normal,12,random_015,0.023217178866811974,0.5903936732962605,0.5912,0.2599862702378722
10,normal,12,random_016,0.01780954046053433,0.5793295426913675,0.57768,0.19943146518992186
10,normal,12,random_017,0.02854187314164159,0.6000262711203621,0.60138,0.31961226582550895
10,normal,12,random_018,0.02479876050335827,0.5933668209845372,0.59386,0.2776968419279652
10,normal,12,random_019,0.02487281979758503,0.5935035553659527,0.59404,0.27852615886577736
10,normal,12,random_020,0.013487305462466069,0.5691467564309773,0.56874,0.15103102159228546
10,normal,12,random_021,0.016814108462646065,0.5771093056376373,0.57538,0.1882846047599345
10,normal,12,random_022,0.017311948584843584,0.5782279920016656,0.577,0.19385942490873023
10,normal,12,random_023,0.027526431243353626,0.5982679252198062,0.59982,0.3082413342711791
10,normal,12,random_024,0.016554413048967764,0.576518922589318,0.57602,0.18537653214751998
10,normal,12,random_025,0.011588330096714512,0.564139822117743,0.56608,0.12976627080376132
10,normal,12,random_026,0.016945266725044053,0.57740567855991,0.57864,0.1897533166842965
10,normal,12,random_027,0.0164568375022238,0.5762958570521051,0.57468,0.18428387990885164
10,normal,12,random_028,0.0166784537615841,0.5768015075034001,0.57766,0.18676554165706327
10,normal,12,random_029,0.011242335865375423,0.5631832201669003,0.56464,0.12589182291128914
10,normal,12,random_030,0.016931654538303264,0.5773749751612175,0.57514,0.18960088724052895
10,normal,12,random_031,0.021837932324301392,0.5877126393672283,0.58752,0.24454144955647628
10,normal,12,random_032,0.02018391273373214,0.5843775249104519,0.583,0.2260197167172133
10,normal,12,random_033,0.025081640869171373,0.5938879444867933,0.58972,0.2808645399352542
10,normal,12,random_034,0.015196956465248528,0.5733517175417882,0.57066,0.17017571570743592
10,normal,12,random_035,0.023981280547023937,0.5918429729028462,0.59022,0.2685426907685669
10,normal,12,random_036,0.014864151829281594,0.5725531045714128,0.56916,0.16644896507510135
10,normal,12,random_037,0.01765945525622727,0.5789989935629347,0.5788,0.19775080912444856
10,normal,12,random_038,0.016053801639598818,0.5753671392488401,0.57386,0.17977067908901573
10,normal,12,random_039,0.019849475789186305,0.5836859909367145,0.5847,0.22227468747222986
10,normal,12,random_040,0.025538320069854174,0.5947227306936579,0.59774,0.2859784395507863
10,normal,12,random_041,0.025198574109234463,0.5941024522757801,0.59556,0.28217395987491306
10,normal,12,random_042,0.024189488729017633,0.5922336569802489,0.59074,0.27087420869243173
10,normal,12,random_043,0.01648517481423377,0.5763607089263927,0.57732,0.18460120149647016
10,normal,12,random_044,0.03457725872784125,0.6098485862886479,0.61458,0.3871965919404467
10,normal,12,random_045,0.022106590481661404,0.5882416943926785,0.5876,0.24754988708894726
10,normal,12,random_046,0.01303544612471006,0.5679900660711984,0.57028,0.14597109486435442
10,normal,12,random_047,0.01895484063835988,0.5818056246587581,0.57728,0.21225655144367309
10,normal,12,random_048,0.030887665851543823,0.6039649014898185,0.60534,0.3458804830321422
10,normal,12,random_049,0.018366835060069277,0.5805444253295025,0.57788,0.2056720573474776
10,normal,12,random_050,0.01730036317192933,0.5782021499444959,0.58056,0.19372969130457357
10,normal,12,random_051,0.011978445532340988,0.5652009980187682,0.56758,0.13413478851440067
10,normal,12,random_052,0.018242081209282755,0.5802741513209602,0.58362,0.20427506210745025
10,normal,12,random_053,0.018688871143974307,0.5812377157042674,0.57826,0.20927822159408044
10,normal,12,random_054,0.0241785592581334,0.5922131929897576,0.5951,0.27075182033563927
10,normal,12,random_055,0.03055957530880475,0.6034238738162798,0.60392,0.3422065208769477
10,normal,12,random_056,0.01493762416633836,0.5727302007339984,0.5738,0.16727170925890716
10,normal,12,random_057,0.014331958868966637,0.5712565850610656,0.57126,0.1604894613992727
10,normal,12,random_058,0.022689832456463332,0.5893787445002405,0.5899,0.25408103829145956
10,normal,12,random_059,0.027260262985205782,0.5978013491075371,0.60034,0.30526077866239726
10,normal,12,random_060,0.021679457424320318,0.5873989605098701,0.5903,0.24276684556997313
10,normal,12,random_061,0.019976627462092732,0.5839496216007805,0.58352,0.2236985335554723
10,normal,12,random_062,0.014245737515903953,0.57104420839786,0.57374,0.15952395356878973
10,normal,12,random_063,0.014994368506689953,0.5728666682094186,0.57536,0.16790713311853064
10,normal,12,random_064,0.030180113854145596,0.6027942490647682,0.60422,0.33795730658343626
10,normal,12,random_065,0.028278715193452153,0.5995738212866244,0.6002,0.31666541970670575
10,normal,12,random_066,0.02885250649988509,0.6005574985440554,0.60216,0.3230907422021818
10,normal,12,random_067,0.01475203027650035,0.5722819750957312,0.56932,0.1651934264720653
10,normal,12,random_068,0.022059938032570125,0.5881500671252408,0.58838,0.24702747235861827
10,normal,12,random_069,0.01180771227012625,0.5647387932421294,0.56456,0.13222291522852936
10,normal,12,random_070,0.024344597369509058,0.592523553527089,0.58834,0.2726111172614861
10,normal,12,random_071,0.023198379079327147,0.5903577009635204,0.59016,0.259775749973654
10,normal,12,random_072,0.027476778695540535,0.5981810697599266,0.60004,0.3076853243964314
10,normal,12,random_073,0.00928014626983754,0.5574472798414699,0.55772,0.10391919835729209
10,normal,12,random_074,0.019818340196309174,0.5836213014239588,0.58142,0.22192603069914799
10,normal,12,random_075,0.010451379808413524,0.5609380692970852,0.56034,0.11703468672126188
10,normal,12,random_076,0.014604570357931721,0.5719237654370768,0.57236,0.16354216839035932
10,normal,12,random_077,0.02732476324799539,0.5979146351791343,0.6004,0.30598305344212956
10,normal,12,random_078,0.021395356959761296,0.5868335990118497,0.58816,0.2395854848810942
10,normal,12,random_079,0.011094700255550583,0.5627704480440834,0.56108,0.12423859743661612
10,normal,12,random_080,0.008414186511839634,0.5547190794556085,0.5553,0.09422216974974708
10,normal,12,random_081,0.01819820261789497,0.5801788615706007,0.57806,0.20378370907168109
10,normal,12,random_082,0.021854555962792826,0.5877454742420996,0.5889,0.24472760127602683
10,normal,12,random_083,0.010495289033672587,0.5610649418810778,0.5587,0.11752638279551897
10,normal,12,random_084,0.016589680351424708,0.576599378650692,0.5772,0.18577145585809354
10,normal,12,random_085,0.01234793510139915,0.5661898238660952,0.56442,0.138272337503548
10,normal,12,random_086,0.014636534842706102,0.5720015715791429,0.57234,0.16390010710566316
10,normal,12,random_087,0.021944550049637607,0.5879230027911438,0.5893,0.24573535622836018
10,normal,12,random_088,0.02054822440476209,0.5851240506928789,0.58334,0.23009928353704762
10,normal,12,random_089,0.016643195797564143,0.5767212953444041,0.57422,0.18637072251842823
10,normal,12,random_090,0.011807047465956674,0.5647369868192252,0.56476,0.13221547074281134
10,normal,12,random_091,0.02380899017037711,0.5915183317158954,0.5939,0.2666133808950784
10,normal,12,random_092,0.01209026918669038,0.5655018930314999,0.56816,0.13538699124693096
10,normal,12,random_093,0.022097480191475356,0.5882238093999985,0.5862,0.24744786994122034
10,normal,12,random_094,0.01920486090252119,0.5823357021859289,0.5788,0.2150562816062427
10,normal,12,random_095,0.016673486375601305,0.5767902119862984,0.57312,0.18670991680436655
10,normal,12,random_096,0.015392074830878111,0.5738157317306674,0.57152,0.17236065369779008
10,normal,12,random_097,0.026907744383411508,0.5971796695398295,0.59946,0.3013132707849017
10,normal,12,random_098,0.015849825100385555,0.5748925094143075,0.57546,0.17748654715591988
10,normal,12,random_099,0.014577818728937991,0.5718585805076046,0.57328,0.1632426033017339
10,normal,12,random_100,0.011866360996399296,0.5648979501168259,0.56462,0.13287966442641433
10,normal,12,random_101,0.015715652750173052,0.5745785792672145,0.57528,0.1759840834370973
10,normal,12,random_102,0.020750620805658926,0.585535799720263,0.58822,0.23236572106077077
10,normal,12,random_103,0.025831008927441543,0.595253607016079,0.59382,0.2892559731762475
10,normal,12,random_104,0.02188502261458336,0.5878056177307757,0.5878,0.2450687672381404
10,normal,12,random_105,0.04174697438093534,0.6203808332285982,0.62108,0.46748316086457115
10,normal,12,random_106,0.015884961552827523,0.57497449245141,0.57602,0.17788000560632775
10,normal,12,random_107,0.016781605912509396,0.5770356756449884,0.57886,0.1879206407817212
10,normal,12,random_108,0.013545934857030014,0.5692953667535194,0.56754,0.15168755431344108
10,normal,12,random_109,0.020431190293405045,0.5848849914815801,0.58774,0.2287887340393299
10,normal,12,random_110,0.012581160674936996,0.5668061692257103,0.564,0.1408840005025728
10,normal,12,random_111,0.019233664699814523,0.5823965384549372,0.5793,0.21537882690211765
10,normal,12,random_112,0.02348320670885548,0.5909010687166177,0.58874,0.2629652534652956
10,normal,12,random_113,0.024409297066622666,0.59264418868502,0.59518,0.2733356253093665
10,normal,12,random_114,0.020157911209957722,0.584323975800718,0.5828,0.2257285513165679
10,normal,12,random_115,0.01465923275205225,0.5720567682767239,0.5732,0.16415427858907006
10,normal,12,random_116,0.02156013947520017,0.5871619930644564,0.58324,0.24143072162734705
10,normal,12,random_117,0.02815399896940957,0.5993586134390518,0.59784,0.3152688458114454
10,normal,12,random_118,0.01942389903345095,0.5827971428047432,0.58352,0.21750907343883286
10,normal,12,random_119,0.02456382935307047,0.5929316394883505,0.59124,0.27506607985836123
10,normal,12,random_120,0.020427270198694662,0.584876971736787,0.58428,0.22874483676789234
10,normal,12,random_121,0.010419951089137748,0.5608470906669755,0.56142,0.1166827475149639
10,normal,12,random_122,0.026552561405386938,0.5965489077241339,0.59974,0.297335927187804
10,normal,12,random_123,0.03262583579253397,0.6067811595983976,0.60342,0.36534453258743005
10,normal,12,random_124,0.02177789942944391,0.58759395358397,0.58784,0.24386920042082053
10,normal,12,random_125,0.02522735118325206,0.5941551616013528,0.5942,0.28249620592319974
10,normal,12,random_126,0.0295385609393398,0.6017200579134404,0.5999,0.33077318871806444
10,normal,12,random_127,0.014960643540887563,0.5727855934932677,0.57074,0.16752948051382952
10,nonnormal,0,oracle_t0,0.24427036834565752,0.7707611125291594,0.7707,0.9999999999999993
10,nonnormal,0,oracle_t12,0.21149776131545844,0.754850483262358,0.75698,0.8658347009006675
10,nonnormal,0,bottom,7.389705295238064e-32,0.5000000000000001,0.50126,-3.9412427893793045e-18
10,nonnormal,0,random_000,0.029616280995837373,0.6018508475729037,0.60234,0.12124385448966321
10,nonnormal,0,random_001,0.03236646649737024,0.6063661120768774,0.6061,0.13250263106644883
10,nonnormal,0,random_002,0.04829212205289041,0.6291609908538519,0.63066,0.19769946874830954
10,nonnormal,0,random_003,0.017140092215404787,0.577843728126138,0.57898,0.07016852814153246
10,nonnormal,0,random_004,0.04279195069651094,0.6218310108232101,0.62324,0.17518273291321876
10,nonnormal,0,random_005,0.017737022418961614,0.5791700098403769,0.57874,0.07261225558829397
10,nonnormal,0,random_006,0.0437895126276804,0.6231973873404282,0.62174,0.1792665763115219
10,nonnormal,0,random_007,0.01531710345409221,0.5736378029995358,0.57024,0.06270553222574078
10,nonnormal,0,random_008,0.02647204128476594,0.596405293072803,0.5949,0.10837188916547734
10,nonnormal,0,random_009,0.04680913783559133,0.6272320826221126,0.62708,0.19162839173908106
10,nonnormal,0,random_010,0.05791541281858675,0.6409444154136613,0.64142,0.2370955315244493
10,nonnormal,0,random_011,0.0287877249382753,0.6004469650282416,0.59726,0.11785189146453852
10,nonnormal,0,random_012,0.0447582272438881,0.6245079838448042,0.62312,0.1832323238672667
10,nonnormal,0,random_013,0.06557930301263834,0.6495577816247318,0.65324,0.2684701523839336
10,nonnormal,0,random_014,0.04737909184212733,0.6279773646578397,0.62682,0.19396168337161127
10,nonnormal,0,random_015,0.04984356501995725,0.6311441138513866,0.6336,0.20405080385937563
10,nonnormal,0,random_016,0.01969835409474116,0.5833715120708124,0.5794,0.08064160310622191
10,nonnormal,0,random_017,0.016565980886801373,0.5765453223370137,0.5779,0.0678182171623841
10,nonnormal,0,random_018,0.04503974316086673,0.6248859211731114,0.62172,0.18438480060394682
10,nonnormal,0,random_019,0.034672780977716804,0.6099963146323442,0.60498,0.14194427761558318
10,nonnormal,0,random_020,0.026299358605241626,0.5960965161433773,0.59586,0.10766495659443392
10,nonnormal,0,random_021,0.03878998827106785,0.6161663784096122,0.6132,0.1587994013918938
10,nonnormal,0,random_022,0.022616553304686395,0.5892367343875164,0.59152,0.09258819830607765
10,nonnormal,0,random_023,0.03891393822962379,0.6163464847635987,0.61342,0.15930683075958743
10,nonnormal,0,random_024,0.04014948241468774,0.6181249952648803,0.61666,0.1643649317213692
10,nonnormal,0,random_025,0.02925661998851121,0.6012440525853197,0.60228,0.11977146547350055
10,nonnormal,0,random_026,0.04731698471738363,0.6278963938601914,0.63238,0.19370742770742938
10,nonnormal,0,random_027,0.01925272373566375,0.5824367667682213,0.58038,0.07881727065814201
10,nonnormal,0,random_028,0.02759584047719997,0.5983892010505443,0.59678,0.11297252574716776
10,nonnormal,0,random_029,0.020755958748091812,0.5855466305585558,0.5829,0.08497125086707547
10,nonnormal,0,random_030,0.058254060711371757,0.6413382465807478,0.64516,0.23848189653907853
10,nonnormal,0,random_031,0.07748147342405169,0.6618554891194315,0.66224,0.3171955483131323
10,nonnormal,0,random_032,0.04736289353294292,0.627956252132126,0.62988,0.1938953703378442
10,nonnormal,0,random_033,0.03642058086195402,0.6126615201421224,0.6143,0.14909946346998848
10,nonnormal,0,random_034,0.05272807339191862,0.6347418858018553,0.63596,0.21585947468382707
10,nonnormal,0,random_035,0.04403024686763555,0.6235245584603739,0.62542,0.1802521000227503
10,nonnormal,0,random_036,0.02512678225940564,0.593970816437856,0.59448,0.10286463491081192
10,nonnormal,0,random_037,0.05198338071328072,0.6338237873369041,0.63232,0.2128108336076237
10,nonnormal,0,random_038,0.04021453272163489,0.6182178005532314,0.61654,0.16463123625674
10,nonnormal,0,random_039,0.08015195133620853,0.6644602051201476,0.66352,0.3281280160137496
10,nonnormal,0,random_040,0.03823453934203049,0.6153554125700906,0.61358,0.1565254909998999
10,nonnormal,0,random_041,0.016825771346854895,0.5771357082665597,0.57892,0.06888175369288092
10,nonnormal,0,random_042,0.032176486431670454,0.6060609692260932,0.60616,0.13172488603340837
10,nonnormal,0,random_043,0.04031461935529297,0.6183604313856361,0.61822,0.1650409733621283
10,nonnormal,0,random_044,0.03659935966576908,0.6129302054209661,0.61084,0.1498313525035452
10,nonnormal,0,random_045,0.03095773085892788,0.6040800413321533,0.6032,0.1267355147027934
10,nonnormal,0,random_046,0.08335524195105387,0.6675179031116296,0.66992,0.3412417253700664
10,nonnormal,0,random_047,0.027394730339210957,0.598037362638412,0.59544,0.11214921615234848
10,nonnormal,0,random_048,0.07094000758290701,0.6552443956537797,0.6521,0.29041593568370316
10,nonnormal,0,random_049,0.0330118138867828,0.6073955434368221,0.60522,0.13514456997120924
10,nonnormal,0,random_050,0.024413514795502425,0.5926520469494099,0.59054,0.09994464314621972
10,nonnormal,0,random_051,0.07310856533619436,0.6574739951731932,0.65782,0.2992936303790283
10,nonnormal,0,random_052,0.037583870305765495,0.6143972446219308,0.61554,0.15386176620727893
10,nonnormal,0,random_053,0.025727453194883683,0.5950661440550418,0.59664,0.10532367625727629
10,nonnormal,0,random_054,0.034827947460403234,0.610235817915877,0.60578,0.14257950195219554
10,nonnormal,0,random_055,0.043026634950734145,0.6221540203701013,0.62436,0.17614348904509275
10,nonnormal,0,random_056,0.04356817754480113,0.622895707896204,0.62086,0.17836046934333624
10,nonnormal,0,random_057,0.011912448311743519,0.565022735567676,0.56182,0.048767471848597956
10,nonnormal,0,random_058,0.030708235043583693,0.6036693993607716,0.60622,0.1257141226402444
10,nonnormal,0,random_059,0.022711150533511554,0.5894200122419315,0.58736,0.09297546275188756
10,nonnormal,0,random_060,0.03552407383190061,0.6113032872064795,0.61126,0.1454293210940421
10,nonnormal,0,random_061,0.03081225814350691,0.6038408256783767,0.60058,0.1261399749473733
10,nonnormal,0,random_062,0.03547348018390821,0.6112260873275579,0.61296,0.14522219958219015
10,nonnormal,0,random_063,0.022890443014757293,0.5897662857133041,0.58872,0.09370945469065614
10,nonnormal,0,random_064,0.03495808347593153,0.6104362428306864,0.60854,0.14311225595101115
10,nonnormal,0,random_065,0.04346915522438351,0.6227604681621529,0.6201,0.17795508934948656
10,nonnormal,0,random_066,0.022984754671425335,0.589947860725592,0.59086,0.09409555005419436
10,nonnormal,0,random_067,0.05019577335458257,0.6315895265578194,0.63102,0.20549268294201128
10,nonnormal,0,random_068,0.03248599427915345,0.6065576034887481,0.60394,0.13299195681886297
10,nonnormal,0,random_069,0.015515732466011803,0.5741082301793221,0.57528,0.06351868452605793
10,nonnormal,0,random_070,0.026783296105172733,0.5969591696412102,0.5972,0.10964611175135536
10,nonnormal,0,random_071,0.03680367776467148,0.6132364052328843,0.6166,0.15066779492710303
10,nonnormal,0,random_072,0.05209161041335519,0.6339576733186378,0.63178,0.21325390699719393
10,nonnormal,0,random_073,0.012909995065119787,0.5676652831404161,0.56636,0.052851253111680506
10,nonnormal,0,random_074,0.014836772983594964,0.5724869955293889,0.56998,0.06073914361401382
10,nonnormal,0,random_075,0.012652920040430842,0.5669946240114272,0.56522,0.051798833096801056
10,nonnormal,0,random_076,0.028761386267024444,0.6004019868169133,0.60238,0.11774406556887529
10,nonnormal,0,random_077,0.021390216846556002,0.5868233340292872,0.58764,0.0875677921617063
10,nonnormal,0,random_078,0.06473153455094827,0.6486342704921215,0.64884,0.26499953714954544
10,nonnormal,0,random_079,0.035247213436933184,0.6108801017570115,0.61244,0.14429590324707822
10,nonnormal,0,random_080,0.00947033614849439,0.5580288372636927,0.55824,0.0387698934284705
10,nonnormal,0,random_081,0.10456917180490752,0.6861821689986428,0.68912,0.428087829535409
10,nonnormal,0,random_082,0.03730496531359837,0.6139837782142599,0.6122,0.15271997813836152
10,nonnormal,0,random_083,0.036839892902973154,0.6132905826922159,0.61484,0.150816053344802
10,nonnormal,0,random_084,0.0884206828636746,0.6722137407699527,0.67516,0.36197875109662836
10,nonnormal,0,random_085,0.04807576059206356,0.6288816344728998,0.62844,0.196813722915558
10,nonnormal,0,random_086,0.02456006013999453,0.5929246396157326,0.59662,0.1005445740567293
10,nonnormal,0,random_087,0.03594534030808488,0.611943797034397,0.61304,0.14715391208326994
10,nonnormal,0,random_088,0.03738768766583825,0.6141065853532107,0.61366,0.15305862892437433
10,nonnormal,0,random_089,0.045104968800126315,0.6249733013790808,0.6258,0.18465182291902058
10,nonnormal,0,random_090,0.07109766737593767,0.655407816366796,0.6534,0.29106136719509945
10,nonnormal,0,random_091,0.054400808119322866,0.636778008266299,0.63706,0.222707356965796
10,nonnormal,0,random_092,0.0332221225654125,0.6077286809064081,0.6073,0.13600553677636876
10,nonnormal,0,random_093,0.03492906185731185,0.6103915809979217,0.60884,0.14299344653988103
10,nonnormal,0,random_094,0.03560964876150676,0.6114337293386396,0.6109,0.14577964983094835
10,nonnormal,0,random_095,0.045873177446228375,0.6259972449282659,0.62664,0.18779673423718335
10,nonnormal,0,random_096,0.030151004426365036,0.6027457748265146,0.60288,0.12343291832965801
10,nonnormal,0,random_097,0.07602351430892393,0.6604111269530939,0.66028,0.3112269196783866
10,nonnormal,0,random_098,0.054722879614081746,0.6371659993243781,0.6379,0.2240258611173233
10,nonnormal,0,random_099,0.058994650915755315,0.6421950276385262,0.64246,0.2415137428059805
10,nonnormal,0,random_100,0.02084145641099152,0.5857199094956513,0.58238,0.08532126328765169
10,nonnormal,0,random_101,0.034813658924207486,0.6102137872874496,0.60778,0.14252100719373376
10,nonnormal,0,random_102,0.05083212403312597,0.6323898846444818,0.6297,0.20809779089207972
10,nonnormal,0,random_103,0.04116586423326643,0.6195657876350095,0.62232,0.16852582043440556
10,nonnormal,0,random_104,0.03561688003355107,0.6114447442286111,0.60964,0.14580925338906014
10,nonnormal,0,random_105,0.01605643229859552,0.5753732400225784,0.57582,0.0657322147067575
10,nonnormal,0,random_106,0.011392381977172425,0.5635998942679763,0.56366,0.04663841158601558
10,nonnormal,0,random_107,0.024263364147202513,0.5923718512880657,0.59328,0.09932995275492584
10,nonnormal,0,random_108,0.06173611286284779,0.6453146130623316,0.64184,0.2527368066825338
10,nonnormal,0,random_109,0.01954966844471328,0.5830608706452741,0.58586,0.08003291016063516
10,nonnormal,0,random_110,0.07413685352075691,0.6585177838048163,0.66182,0.3035032616639308
10,nonnormal,0,random_111,0.008690893194836635,0.5556057845528936,0.55782,0.03557899082764914
10,nonnormal,0,random_112,0.028375480501697053,0.5997404500792581,0.59628,0.1161642351214044
10,nonnormal,0,random_113,0.05597912387861115,0.6386672278996552,0.64082,0.22916870457000016
10,nonnormal,0,random_114,0.0074364395758642265,0.5514605116715213,0.5486,0.030443477963488397
10,nonnormal,0,random_115,0.04358993199103374,0.6229253964164333,0.62192,0.17844952822665444
10,nonnormal,0,random_116,0.07270587810882011,0.6570629086230297,0.65662,0.2976450995723589
10,nonnormal,0,random_117,0.05491483206428961,0.6373966298131578,0.6402,0.22481168074623664
10,nonnormal,0,random_118,0.04512854471300287,0.6250048679721338,0.62622,0.1847483385669733
10,nonnormal,0,random_119,0.032072074367649146,0.6058928528056803,0.60584,0.13129744137555463
10,nonnormal,0,random_120,0.040752108196381365,0.6189816290646515,0.62018,0.1668319758650161
10,nonnormal,0,random_121,0.025887605353208998,0.5953558933435856,0.5985,0.10597931107458941
10,nonnormal,0,random_122,0.029325004479115322,0.6013597310117914,0.6014,0.12005141957136042
10,nonnormal,0,random_123,0.04244829484326895,0.621356260495505,0.62274,0.17377586618775623
10,nonnormal,0,random_124,0.023936601129053596,0.5917589032629175,0.59516,0.09799224233035837
10,nonnormal,0,random_125,0.07849534535594355,0.6628505240017192,0.65952,0.32134616199074856
10,nonnormal,0,random_126,0.04364429529480999,0.6229995510386095,0.62236,0.17867208204742457
10,nonnormal,0,random_127,0.013512398820743385,0.569210402250555,0.56834,0.05531738831957915
10,nonnormal,12,oracle_t0,0.13047977852070752,0.7060321101025275,0.70862,0.813938128282539
10,nonnormal,12,oracle_t12,0.16030675304034214,0.7259384155430127,0.72924,0.9999999999999987
10,nonnormal,12,bottom,1.0561335748357858e-32,0.5000000000000001,0.4991,-1.0560151746551724e-17
10,nonnormal,12,random_000,0.014275560635074595,0.5711177422505871,0.56992,0.08905152380874463
10,nonnormal,12,random_001,0.022894921529249195,0.5897749169303339,0.58692,0.14281944518885933
10,nonnormal,12,random_002,0.016027353397846902,0.5753057742053045,0.57774,0.09997927781503683
10,nonnormal,12,random_003,0.015549006307078776,0.5741867296359541,0.578,0.09699532934314846
10,nonnormal,12,random_004,0.02296895387821182,0.5899174673540408,0.58862,0.14328126197173682
10,nonnormal,12,random_005,0.012373645960617602,0.5662580617585344,0.5637,0.07718730325417843
10,nonnormal,12,random_006,0.028223679109365227,0.5994789144552151,0.6019,0.17606045019365169
10,nonnormal,12,random_007,0.008262648744415334,0.5542271747958484,0.5539,0.051542736582881034
10,nonnormal,12,random_008,0.02538113540376633,0.5944363023316103,0.59498,0.15832854775231445
10,nonnormal,12,random_009,0.02477437839157206,0.5933217575596874,0.59842,0.1545435730042975
10,nonnormal,12,random_010,0.03432605943776368,0.6094590454539148,0.61054,0.21412734514761994
10,nonnormal,12,random_011,0.024783601366726724,0.5933388063676865,0.59344,0.1546011062958136
10,nonnormal,12,random_012,0.030136983893170568,0.6027224183314414,0.6032,0.18799572271036114
10,nonnormal,12,random_013,0.04449125992356974,0.6241483676265338,0.62322,0.2775382763343299
10,nonnormal,12,random_014,0.022299143056961117,0.588618805465543,0.5876,0.13910295501618306
10,nonnormal,12,random_015,0.031817543976296755,0.605481793869792,0.60268,0.19847912438404655
10,nonnormal,12,random_016,0.021252546430553725,0.5865479189984981,0.58446,0.13257424299028353
10,nonnormal,12,random_017,0.010520821996893723,0.561138592671432,0.5646,0.06562931253586103
10,nonnormal,12,random_018,0.021475045635343522,0.5869925749916888,0.58562,0.13396220201615067
10,nonnormal,12,random_019,0.024046941548056915,0.5919663722412304,0.59254,0.150005792594435
10,nonnormal,12,random_020,0.01943781491610989,0.5828263670001887,0.58336,0.12125387450906837
10,nonnormal,12,random_021,0.02996846989939741,0.6024412395109533,0.60446,0.18694452561119246
10,nonnormal,12,random_022,0.0222454809013826,0.5885138814171424,0.58858,0.13876820832235534
10,nonnormal,12,random_023,0.036044641726486484,0.6120941871787661,0.60974,0.2248479308754733
10,nonnormal,12,random_024,0.016468069622403946,0.5763215694481603,0.57886,0.10272848342364985
10,nonnormal,12,random_025,0.02826152285051063,0.599544184553439,0.59582,0.17629652097936513
10,nonnormal,12,random_026,0.02635543415926077,0.5961969032499572,0.5979,0.16440626273946315
10,nonnormal,12,random_027,0.021674978790077563,0.5873900782378523,0.58784,0.13520939311036312
10,nonnormal,12,random_028,0.018898164928257053,0.5816849583290704,0.57944,0.11788751608923906
10,nonnormal,12,random_029,0.014807061677606865,0.5724151831656177,0.5733,0.09236704877854122
10,nonnormal,12,random_030,0.024418591696988977,0.5926615050321211,0.58768,0.15232416123383055
10,nonnormal,12,random_031,0.0605204288723018,0.6439411697609239,0.64556,0.37752887962911563
10,nonnormal,12,random_032,0.04529508959703964,0.6252276023194304,0.624,0.2825525983028349
10,nonnormal,12,random_033,0.02863221051256296,0.6001810769158992,0.60094,0.17860888558673158
10,nonnormal,12,random_034,0.023913294468482817,0.5917150161903704,0.59346,0.14917209671425916
10,nonnormal,12,random_035,0.04675159978349579,0.6271565666751747,0.62528,0.29163836767207424
10,nonnormal,12,random_036,0.036072403042785084,0.6121361911071621,0.61024,0.22502110708777937
10,nonnormal,12,random_037,0.033760973788843636,0.608577104902357,0.60994,0.2106023180467478
10,nonnormal,12,random_038,0.020485818764470705,0.5849966669775333,0.58616,0.12779136484234874
10,nonnormal,12,random_039,0.037421705231937434,0.614157044078639,0.61452,0.23343810863987735
10,nonnormal,12,random_040,0.028765478083367997,0.6004089757974974,0.60352,0.17944021407587832
10,nonnormal,12,random_041,0.013236590429668004,0.56850747322737,0.56922,0.08257038570506711
10,nonnormal,12,random_042,0.015857809855041594,0.5749111483068037,0.57842,0.09892165834742378
10,nonnormal,12,random_043,0.02921819552541606,0.601178990964425,0.6045,0.18226428376391038
10,nonnormal,12,random_044,0.02770135873356487,0.598573258747378,0.59752,0.1728021945937213
10,nonnormal,12,random_045,0.026349951531856212,0.5961870931794315,0.6011,0.16437206188827896
10,nonnormal,12,random_046,0.056702629146021505,0.6395232334248885,0.6374,0.3537132907417311
10,nonnormal,12,random_047,0.023473540366013953,0.5908826852069423,0.59006,0.14642889286209085
10,nonnormal,12,random_048,0.037068251445022356,0.6136315422894232,0.6154,0.23123324964166578
10,nonnormal,12,random_049,0.02961436221040851,0.601847620787956,0.60478,0.18473558754543437
10,nonnormal,12,random_050,0.015803934143848578,0.5747852912939622,0.57028,0.09858557948504765
10,nonnormal,12,random_051,0.047906482543894846,0.6286625840279452,0.63026,0.29884257297531813
10,nonnormal,12,random_052,0.023954219144274584,0.5917920635207167,0.59202,0.14942738649473067
10,nonnormal,12,random_053,0.019000954769504662,0.5819036659777915,0.58282,0.11852872327045968
10,nonnormal,12,random_054,0.03212843576873462,0.6059836380628311,0.60342,0.20041847994169812
10,nonnormal,12,random_055,0.022858098087920536,0.5897039225748713,0.5904,0.14258973907461103
10,nonnormal,12,random_056,0.038971850899352255,0.6164305282505527,0.61424,0.24310797992112462
10,nonnormal,12,random_057,0.017798593502718306,0.5793054820923609,0.57914,0.11102834512679043
10,nonnormal,12,random_058,0.012965252162289989,0.567808538642445,0.56824,0.08087776663424269
10,nonnormal,12,random_059,0.015775394504266457,0.5747185309023437,0.57166,0.09840754806066376
10,nonnormal,12,random_060,0.02956192872358213,0.6017594011997778,0.599,0.18440850533690648
10,nonnormal,12,random_061,0.02359566795197862,0.5911146560838726,0.595,0.1471907296758771
10,nonnormal,12,random_062,0.012428466266037191,0.5664033146511656,0.56792,0.07752927453349065
10,nonnormal,12,random_063,0.01423777484610282,0.5710245616798684,0.56628,0.08881581453103082
10,nonnormal,12,random_064,0.024793355524823105,0.5933568334316626,0.5962,0.15466195312797373
10,nonnormal,12,random_065,0.0336524320075291,0.6084067942466526,0.60756,0.20992523003107794
10,nonnormal,12,random_066,0.025166476898277182,0.5940436241114824,0.59206,0.15698949932535816
10,nonnormal,12,random_067,0.020904682265289874,0.585847810753276,0.5872,0.1304042522776882
10,nonnormal,12,random_068,0.019235151279018724,0.5823996769568569,0.5815,0.11998965055563224
10,nonnormal,12,random_069,0.01155813773090849,0.5640569350574923,0.56458,0.07210012998017495
10,nonnormal,12,random_070,0.009899360005904655,0.559319169535399,0.55688,0.06175260753621156
10,nonnormal,12,random_071,0.02662402490594777,0.5966761759368634,0.59938,0.166081742665249
10,nonnormal,12,random_072,0.04238383271037667,0.6212669737163669,0.6245,0.2643920602628041
10,nonnormal,12,random_073,0.009993520492227757,0.5595985189548282,0.55962,0.06233998445288706
10,nonnormal,12,random_074,0.006517374379209517,0.548192257882095,0.54654,0.04065564460387623
10,nonnormal,12,random_075,0.006691447224071341,0.5488284203571657,0.55016,0.041741518040649156
10,nonnormal,12,random_076,0.013387913801272135,0.5688940620055484,0.56968,0.08351434700884354
10,nonnormal,12,random_077,0.023351239412303323,0.5906497474833459,0.58894,0.14566597457330324
10,nonnormal,12,random_078,0.01944154495298828,0.5828341984476068,0.58192,0.12127714262976604
10,nonnormal,12,random_079,0.023118170255478472,0.5902040533405428,0.59022,0.14421207975973788
10,nonnormal,12,random_080,0.0070967838321315015,0.5502779495383142,0.54836,0.04427002417262823
10,nonnormal,12,random_081,0.048603993096487816,0.6295624468869172,0.6296,0.3031936719737331
10,nonnormal,12,random_082,0.03752704348940035,0.6143131362416684,0.6111,0.23409521294437535
10,nonnormal,12,random_083,0.01740276401302668,0.5784302515703325,0.5769,0.10855914478317169
10,nonnormal,12,random_084,0.036905208198094605,0.6133882208191719,0.61262,0.23021617928227342
10,nonnormal,12,random_085,0.02343210368094425,0.5908038354763661,0.59218,0.1461704091470643
10,nonnormal,12,random_086,0.014708034388374197,0.5721752946371848,0.57092,0.09174931254875335
10,nonnormal,12,random_087,0.027749643289360165,0.5986573583124883,0.599,0.17310339560290855
10,nonnormal,12,random_088,0.034423920266877774,0.6096109826368055,0.60702,0.21473780495207667
10,nonnormal,12,random_089,0.022842142051987646,0.5896731412040183,0.58866,0.14249020467802279
10,nonnormal,12,random_090,0.03228519441898563,0.6062356920924351,0.6072,0.20139634673319598
10,nonnormal,12,random_091,0.054019204458573014,0.6363166281562759,0.63516,0.3369739791621795
10,nonnormal,12,random_092,0.01833320557783491,0.5804716627971178,0.58152,0.1143632768434978
10,nonnormal,12,random_093,0.01833146840902031,0.5804679022797327,0.58214,0.11435244031427083
10,nonnormal,12,random_094,0.017094607254701272,0.577741691104734,0.57798,0.10663685047877725
10,nonnormal,12,random_095,0.037079900024894544,0.6136489041172983,0.61694,0.23130591395337602
10,nonnormal,12,random_096,0.013368509492365812,0.56884461566416,0.57004,0.08339330214617674
10,nonnormal,12,random_097,0.032977858091895594,0.6073416492902323,0.60722,0.20571721070039053
10,nonnormal,12,random_098,0.04530373073587985,0.6252391465128586,0.62486,0.2826065020759221
10,nonnormal,12,random_099,0.060829312665970775,0.6442916130929519,0.64422,0.379455709209347
10,nonnormal,12,random_100,0.010328112525964054,0.5605804323433049,0.5603,0.06442718307297332
10,nonnormal,12,random_101,0.029294469001051735,0.601308095329443,0.60468,0.18274008078548976
10,nonnormal,12,random_102,0.02253578523015897,0.5890799308636807,0.59068,0.1405791384501916
10,nonnormal,12,random_103,0.035341949771493464,0.611025109007725,0.61022,0.22046451007961837
10,nonnormal,12,random_104,0.016315890856404953,0.5759724274761507,0.57706,0.10177918613509024
10,nonnormal,12,random_105,0.019801310996358498,0.5835858978954644,0.5849,0.1235213777386867
10,nonnormal,12,random_106,0.011120675226277542,0.5628432742411277,0.56126,0.06937122120787352
10,nonnormal,12,random_107,0.019686913603680564,0.5833476535978014,0.58506,0.12280776218283332
10,nonnormal,12,random_108,0.05248315704626805,0.6344407438594721,0.63816,0.3273920533657135
10,nonnormal,12,random_109,0.02606834370918896,0.5956817505607959,0.59594,0.16261538091678931
10,nonnormal,12,random_110,0.03383483086187539,0.6086928241479972,0.60824,0.21106304145128923
10,nonnormal,12,random_111,0.012676409086589333,0.5670561916071358,0.57052,0.07907595186211037
10,nonnormal,12,random_112,0.0342535221981834,0.6093462746570152,0.6121,0.21367485491745458
10,nonnormal,12,random_113,0.026928559749614545,0.5972164977884928,0.59942,0.16798144331971954
10,nonnormal,12,random_114,0.006796734664613214,0.5492091305404416,0.5492,0.04239830534714134
10,nonnormal,12,random_115,0.02680724397237,0.5970016430820088,0.59492,0.16722467060151697
10,nonnormal,12,random_116,0.028863425482780355,0.6005761160369153,0.598,0.180051213909352
10,nonnormal,12,random_117,0.03594054720527187,0.6119365322922745,0.60866,0.22419858504792478
10,nonnormal,12,random_118,0.0322910761656583,0.6062451366318663,0.6072,0.2014330373064946
10,nonnormal,12,random_119,0.012353130500235947,0.5662036185939949,0.56594,0.07705932698373096
10,nonnormal,12,random_120,0.043022610270063225,0.6221484891212634,0.62326,0.2683767804793367
10,nonnormal,12,random_121,0.02077053969635534,0.5855762082934172,0.5861,0.12956746551487
10,nonnormal,12,random_122,0.02200452171346001,0.588041095022533,0.58854,0.13726509517613647
10,nonnormal,12,random_123,0.02733822293595714,0.5979382574143377,0.59698,0.17053693882176787
10,nonnormal,12,random_124,0.010637407005755483,0.5614737296096954,0.55912,0.06635657452982345
10,nonnormal,12,random_125,0.03397342100828676,0.6089096009093351,0.6117,0.21192757238203858
10,nonnormal,12,random_126,0.04393128365336592,0.6233901812487207,0.6269,0.2740451217442491
10,nonnormal,12,random_127,0.017934431038257287,0.579603500297118,0.58088,0.11187570515974422
11,normal,0,oracle_t0,0.1453253542279782,0.7162792023460426,0.7166,1.0000000000000002
11,normal,0,oracle_t12,0.0548968948857845,0.6373750975281189,0.63388,0.37775166747342215
11,normal,0,bottom,2.379037843533863e-32,0.5000000000000001,0.5012,-4.149380290769223e-18
11,normal,0,random_000,0.028992536284562928,0.600795973624653,0.60306,0.19950088158106993
11,normal,0,random_001,0.042247676299474374,0.6210781381290086,0.62404,0.29071098105289056
11,normal,0,random_002,0.03706364129610553,0.6136246701967246,0.61396,0.2550390569697988
11,normal,0,random_003,0.031922829107777564,0.605652039137542,0.60534,0.21966455390639425
11,normal,0,random_004,0.03534721791030719,0.6110331664722259,0.6136,0.24322815587193733
11,normal,0,random_005,0.03507639179487087,0.6106181027805915,0.6093,0.2413645711115557
11,normal,0,random_006,0.05342003995510557,0.635588502455118,0.63494,0.3675892636828068
11,normal,0,random_007,0.053159957342322796,0.635271017135664,0.6353,0.36579960616458196
11,normal,0,random_008,0.05493308417764096,0.6374185360992896,0.6346,0.3780006900342043
11,normal,0,random_009,0.029894345163325044,0.6023172893541482,0.60116,0.20570632923714377
11,normal,0,random_010,0.056432306802586145,0.6392041292880437,0.63998,0.38831700842826317
11,normal,0,random_011,0.05848599229477024,0.6416072253537836,0.6403,0.40244864776328493
11,normal,0,random_012,0.02991029020503537,0.6023439662230359,0.60328,0.20581604885073118
11,normal,0,random_013,0.0503649332173894,0.63180283282666,0.6327,0.3465667328660333
11,normal,0,random_014,0.051377480167863185,0.6330713652447183,0.63258,0.3535341815665908
11,normal,0,random_015,0.04017515739688407,0.6181616347643796,0.61898,0.2764497469165605
11,normal,0,random_016,0.044399650673200966,0.6240246926540091,0.62116,0.3055189571638634
11,normal,0,random_017,0.03460731406571446,0.6098950915593411,0.60834,0.23813679484602843
11,normal,0,random_018,0.048660755313074164,0.6296353602434649,0.63394,0.3348400942944746
11,normal,0,random_019,0.04661027869094021,0.6269708712422435,0.62784,0.3207305355528026
11,normal,0,random_020,0.015023714101988949,0.572937138277822,0.57572,0.10337985537210931
11,normal,0,random_021,0.05906085113167576,0.6422713167893161,0.6411,0.4064043156504158
11,normal,0,random_022,0.02076922657442442,0.5855735450455912,0.58424,0.14291536865509946
11,normal,0,random_023,0.05133364515436225,0.6330167382420935,0.6352,0.3532325479408976
11,normal,0,random_024,0.046539432255140005,0.6268776622079983,0.6266,0.32024303331221576
11,normal,0,random_025,0.03390666165491186,0.6088052383182007,0.60858,0.23331552732168814
11,normal,0,random_026,0.03524394478028551,0.610875094867862,0.61496,0.24251752192529868
11,normal,0,random_027,0.027514058507933307,0.5982462898145557,0.59418,0.18932731080614326
11,normal,0,random_028,0.02398873497500746,0.5918569912592152,0.5932,0.16506916568305963
11,normal,0,random_029,0.0309625839365397,0.604088011370898,0.60456,0.21305699959256474
11,normal,0,random_030,0.048666965032414175,0.6296433340147017,0.6322,0.3348828240670803
11,normal,0,random_031,0.03482781499193826,0.6102356136931578,0.61228,0.23965408635648222
11,normal,0,random_032,0.05489826820856307,0.6373767462424583,0.64072,0.377761117460906
11,normal,0,random_033,0.05666040257696574,0.6394734433388105,0.6387,0.38988656093746776
11,normal,0,random_034,0.04713312753569668,0.6276563488799426,0.62974,0.32432831687275215
11,normal,0,random_035,0.03591778667459471,0.6119020277853199,0.6126,0.2471543032900433
11,normal,0,random_036,0.042885837469118185,0.6219603489007897,0.6192,0.2951022393645179
11,normal,0,random_037,0.041762731101348954,0.6204028464216436,0.62054,0.2873740189604763
11,normal,0,random_038,0.029361981997426196,0.601422221875004,0.6028,0.20204307881035524
11,normal,0,random_039,0.06739394699102896,0.6515117732158738,0.65178,0.46374527933580767
11,normal,0,random_040,0.05996711579388081,0.6433108608300917,0.64334,0.4126404240502162
11,normal,0,random_041,0.0388694115960725,0.6162818209757033,0.61348,0.2674647641670038
11,normal,0,random_042,0.044247985659026996,0.6238196319053528,0.62484,0.3044753332554293
11,normal,0,random_043,0.051618402802852126,0.633371138848879,0.63392,0.35519199713682503
11,normal,0,random_044,0.026570337906998667,0.5965805825559573,0.59834,0.1828334639069011
11,normal,0,random_045,0.028216969289050937,0.599467336994971,0.6019,0.1941641184289545
11,normal,0,random_046,0.038417302750152496,0.6156229529109744,0.6193,0.26435375268300115
11,normal,0,random_047,0.04383508441274448,0.6232593975925087,0.62302,0.3016341136452932
11,normal,0,random_048,0.0405004395623306,0.6186247276726563,0.62054,0.27868804984157
11,normal,0,random_049,0.027003993149571165,0.597349834399709,0.5962,0.18581749408440326
11,normal,0,random_050,0.046259417757053486,0.6265084923900736,0.62586,0.3183162222641779
11,normal,0,random_051,0.035824171540443456,0.611759984736328,0.6136,0.24651012709210066
11,normal,0,random_052,0.04914352884093471,0.6302536037864144,0.6278,0.33816211288115
11,normal,0,random_053,0.03270625988726071,0.6069094958291852,0.60822,0.2250554286346549
11,normal,0,random_054,0.04731915571195894,0.6278992252380493,0.62936,0.3256083975389958
11,normal,0,random_055,0.038357605600706356,0.615535640715148,0.6158,0.2639429699275537
11,normal,0,random_056,0.02506224298073101,0.5938523090467029,0.5912,0.1724560942161185
11,normal,0,random_057,0.039770305536384915,0.617582396683114,0.62006,0.27366391602937695
11,normal,0,random_058,0.04845422304642376,0.6293698342067768,0.62872,0.3334189226912979
11,normal,0,random_059,0.05598724952849633,0.6386768761439101,0.63928,0.3852545195979134
11,normal,0,random_060,0.05192108257229124,0.6337466505676354,0.63606,0.3572747704494866
11,normal,0,random_061,0.06808403957634618,0.6522469044563121,0.6521,0.4684938835211079
11,normal,0,random_062,0.062098121886189336,0.6457206208138954,0.64122,0.427304115073914
11,normal,0,random_063,0.022958290796170906,0.589896950333714,0.59194,0.1579785641544368
11,normal,0,random_064,0.04278566292535372,0.6218223432571933,0.62128,0.2944129271361279
11,normal,0,random_065,0.021951203864739935,0.5879361133884579,0.58832,0.15104868645497416
11,normal,0,random_066,0.04034610473859858,0.6184052604425004,0.618,0.2776260546752624
11,normal,0,random_067,0.03892945140988084,0.6163690043228778,0.61824,0.2678779048342143
11,normal,0,random_068,0.06012993984012265,0.6434966841487548,0.64026,0.4137608345051351
11,normal,0,random_069,0.0304824388090945,0.6032962240791202,0.60502,0.20975306732282495
11,normal,0,random_070,0.02143405755129885,0.5869108439592845,0.58622,0.14749014489016354
11,normal,0,random_071,0.050877725076957696,0.6324470236731152,0.63056,0.3500953109472115
11,normal,0,random_072,0.02730747847457092,0.5978842907223394,0.59672,0.18790581051488425
11,normal,0,random_073,0.04332122919264906,0.6225581228173102,0.62376,0.2980982184615159
11,normal,0,random_074,0.053119845514182584,0.635221974900045,0.63518,0.36552359219335623
11,normal,0,random_075,0.03528817809049033,0.6109428296869304,0.61006,0.24282189627511397
11,normal,0,random_076,0.0379946985222017,0.6150032630362157,0.6143,0.2614457657718675
11,normal,0,random_077,0.04116274524974792,0.6195613961449137,0.61924,0.28324544927772277
11,normal,0,random_078,0.019053926317468446,0.5820161335870883,0.58112,0.13111219593229212
11,normal,0,random_079,0.04886837530014628,0.6299016553101849,0.62866,0.33626875062340694
11,normal,0,random_080,0.03929259260470409,0.6168947668062372,0.61828,0.27037671997044715
11,normal,0,random_081,0.05471730203000782,0.6371592910805883,0.63808,0.3765158689664736
11,normal,0,random_082,0.026732991496900976,0.5968698848205847,0.59754,0.18395270143270226
11,normal,0,random_083,0.0396983354459076,0.6174790903171979,0.61994,0.2731686817954084
11,normal,0,random_084,0.048910767900034076,0.6299559511739424,0.62718,0.3365604588398636
11,normal,0,random_085,0.024963818557284592,0.5936712707856702,0.59196,0.17177882476118214
11,normal,0,random_086,0.04179054459708044,0.6204416926524048,0.62024,0.2875654067322746
11,normal,0,random_087,0.03578659684057985,0.6117029159212536,0.61122,0.24625157138402598
11,normal,0,random_088,0.03913559232928912,0.6166677847018388,0.61702,0.2692963835332918
11,normal,0,random_089,0.05304862784056336,0.6351348503826696,0.63664,0.36503353542385764
11,normal,0,random_090,0.04181604945750609,0.6204773020567391,0.6221,0.28774090852658396
11,normal,0,random_091,0.06830181651774428,0.6524780023135861,0.65058,0.46999243098761845
11,normal,0,random_092,0.03933128942132674,0.6169506366246633,0.61628,0.27064299708931744
11,normal,0,random_093,0.05869383964972081,0.641847760555722,0.64356,0.4038788686359933
11,normal,0,random_094,0.04356297064619956,0.6228886007801928,0.62514,0.2997616684137609
11,normal,0,random_095,0.031059994820670157,0.6042478447595474,0.60368,0.21372729477022287
11,normal,0,random_096,0.050260539950347405,0.6316712427773157,0.63222,0.3458483911314023
11,normal,0,random_097,0.03840358766822598,0.6156028999530867,0.61538,0.2642593776718452
11,normal,0,random_098,0.042693295379717125,0.6216949359085536,0.62086,0.2937773357341506
11,normal,0,random_099,0.034782411835079456,0.6101655922995941,0.61224,0.23934166216113104
11,normal,0,random_100,0.046932385814226964,0.6273936672534114,0.6264,0.3229469906579555
11,normal,0,random_101,0.04098366766243357,0.6193089516327955,0.62104,0.282013196390636
11,normal,0,random_102,0.04884289505756784,0.6298690079846201,0.62896,0.33609341822725475
11,normal,0,random_103,0.041233173677013464,0.6196605142421872,0.61986,0.28373007515487747
11,normal,0,random_104,0.06036258228301454,0.6437616929239618,0.64178,0.41536167314838335
11,normal,0,random_105,0.05167676709547344,0.6334436424405432,0.63314,0.3555936083555375
11,normal,0,random_106,0.0296792022041392,0.6019565992605458,0.59938,0.20422590649653705
11,normal,0,random_107,0.03775410436399837,0.6146487931266735,0.6135,0.25979021048709683
11,normal,0,random_108,0.05326693101754349,0.6354017059830391,0.63602,0.3665357039762057
11,normal,0,random_109,0.04570678028016684,0.6257762613007984,0.62842,0.31451346203818376
11,normal,0,random_110,0.05189675137626603,0.6337165099546579,0.63294,0.35710734477105294
11,normal,0,random_111,0.03912548322119683,0.6166531525629945,0.6166,0.2692268216309934
11,normal,0,random_112,0.04362975636967671,0.6229797240925441,0.62172,0.3002212284391395
11,normal,0,random_113,0.03882777702189502,0.6162213207322762,0.61624,0.26717827201015576
11,normal,0,random_114,0.029868218567844197,0.6022735618072945,0.60512,0.20552654921445163
11,normal,0,random_115,0.05490049353611684,0.6373794177643712,0.63904,0.3777764301884448
11,normal,0,random_116,0.06879313819892399,0.652997820272281,0.65152,0.4733732703723892
11,normal,0,random_117,0.06447002519842465,0.648347999602791,0.64798,0.44362544678396365
11,normal,0,random_118,0.03801428033306524,0.6150320594530067,0.61728,0.2615805104003433
11,normal,0,random_119,0.040197698050532235,0.6181937908962964,0.6179,0.2766048516728357
11,normal,0,random_120,0.04128036044726961,0.6197268712385728,0.6235,0.28405477259330336
11,normal,0,random_121,0.03735424922574611,0.6140569613932474,0.61198,0.25703876260399033
11,normal,0,random_122,0.03599556370121818,0.6120198874524683,0.61366,0.24768949570045679
11,normal,0,random_123,0.04308081723798715,0.6222284572343608,0.62146,0.29644391693967176
11,normal,0,random_124,0.04632025452072168,0.6265888039918044,0.62642,0.3187348468324189
11,normal,0,random_125,0.04972935620082915,0.6309993064741084,0.63396,0.3421932564005076
11,normal,0,random_126,0.03807240897208805,0.6151174942723183,0.61756,0.26198050006031437
11,normal,0,random_127,0.06661025255417763,0.650671655831741,0.64774,0.45835259035173753
11,normal,12,oracle_t0,0.03973663666543634,0.6175340808399777,0.61932,0.48657988786636397
11,normal,12,oracle_t12,0.08166518521692305,0.6659135045089489,0.66454,0.9999999999999983
11,normal,12,bottom,5.7375348578015996e-33,0.5,0.49518,-1.5399712705583926e-17
11,normal,12,random_000,0.02027665408502334,0.5845682289626603,0.58222,0.24829006425643274
11,normal,12,random_001,0.016747712824305053,0.5769588167277165,0.5744,0.20507775473500642
11,normal,12,random_002,0.020595126657657996,0.5852196554136389,0.58488,0.25218979915311734
11,normal,12,random_003,0.010559989478651936,0.5612513951545894,0.56442,0.12930833929540425
11,normal,12,random_004,0.015129150333505844,0.5731897459465356,0.57734,0.18525826266503934
11,normal,12,random_005,0.016583418618545863,0.5765851001053162,0.57594,0.2030659524557024
11,normal,12,random_006,0.02099066132866935,0.5860214155633429,0.5872,0.2570331686986676
11,normal,12,random_007,0.02302237189329598,0.5900201745645496,0.59298,0.28191170854682795
11,normal,12,random_008,0.01949323235027318,0.5829426387799775,0.58618,0.23869697103477167
11,normal,12,random_009,0.024464894407104074,0.5927477174698756,0.59466,0.2995755699582286
11,normal,12,random_010,0.01991381611440271,0.5838195012328884,0.58544,0.24384706973365233
11,normal,12,random_011,0.026036900207156898,0.5956251464832778,0.59312,0.3188249697591007
11,normal,12,random_012,0.01420368849723695,0.5709403944683609,0.5671,0.17392587134295223
11,normal,12,random_013,0.016254399869440054,0.5758308707355788,0.57724,0.19903707836165796
11,normal,12,random_014,0.020481773298958894,0.5849884022867015,0.58472,0.25080177366345485
11,normal,12,random_015,0.026930310723729176,0.5972195950666803,0.5968,0.32976488882252
11,normal,12,random_016,0.02023811332125466,0.5844890330731822,0.57874,0.2478181279757973
11,normal,12,random_017,0.020734888387900774,0.5855038697090618,0.58288,0.2539011983236641
11,normal,12,random_018,0.03129488850563516,0.6046321625824977,0.60556,0.3832096678959105
11,normal,12,random_019,0.015015678124376942,0.5729178478821427,0.57218,0.1838687818375913
11,normal,12,random_020,0.015058818546493007,0.5730213441596133,0.57116,0.18439704148705482
11,normal,12,random_021,0.019879658851802054,0.5837486508306259,0.58196,0.24342880995122576
11,normal,12,random_022,0.01469246657775115,0.5721375066073253,0.57212,0.17991101763529077
11,normal,12,random_023,0.02050227147986781,0.5850302702886119,0.58424,0.25105277635027257
11,normal,12,random_024,0.02577809533755516,0.5951578693510453,0.59232,0.3156558730514365
11,normal,12,random_025,0.024012759926101232,0.5919021555459398,0.58862,0.2940391289423679
11,normal,12,random_026,0.012468198613853409,0.566508384495159,0.5619,0.15267458930919886
11,normal,12,random_027,0.011944780729567072,0.5651101305528633,0.56314,0.1462652744598416
11,normal,12,random_028,0.016604130188832573,0.5766323177564869,0.57636,0.20331956812107677
11,normal,12,random_029,0.015658662609126864,0.5744448166795381,0.57032,0.19174220406815382
11,normal,12,random_030,0.03271780457903338,0.6069279042877205,0.60874,0.4006334460899916
11,normal,12,random_031,0.010025396990945491,0.5596927830603103,0.55814,0.1227621900852306
11,normal,12,random_032,0.022244337705834616,0.5885116447153411,0.58616,0.2723845864886987
11,normal,12,random_033,0.01578181148923448,0.5747335470644718,0.57894,0.19325017689378934
11,normal,12,random_034,0.01151439437565964,0.5639366491957134,0.56306,0.14099514187195583
11,normal,12,random_035,0.021318515722028718,0.5866800094200162,0.5888,0.2610477851167716
11,normal,12,random_036,0.01667872606659014,0.576802126657057,0.57944,0.20423300360229707
11,normal,12,random_037,0.024459016903810013,0.5927367787381819,0.59268,0.2995035992245745
11,normal,12,random_038,0.015278678582253472,0.5735464350665969,0.5721,0.18708925402752072
11,normal,12,random_039,0.01680089421124856,0.5770793795120094,0.57934,0.20572896720458272
11,normal,12,random_040,0.028000611120983253,0.599093234195813,0.59818,0.3428708457172614
11,normal,12,random_041,0.01774337573902233,0.5791840000844535,0.5847,0.21726976669300968
11,normal,12,random_042,0.014765990544829403,0.5723157913508768,0.57012,0.1808113274415191
11,normal,12,random_043,0.02741069297786208,0.598065338971743,0.59554,0.3356472272125804
11,normal,12,random_044,0.009551569814821378,0.5582754125222712,0.55676,0.11696011941257478
11,normal,12,random_045,0.01080849528787061,0.5619621557612648,0.5655,0.13235132277188297
11,normal,12,random_046,0.026916505392390214,0.5971951720741193,0.59878,0.32959584088241806
11,normal,12,random_047,0.025925217369631763,0.5954238038484978,0.59112,0.31745740000182315
11,normal,12,random_048,0.025578346753344666,0.5947955199666394,0.58896,0.3132099276503466
11,normal,12,random_049,0.013916580881973683,0.5702272827677175,0.5665,0.17041020411583901
11,normal,12,random_050,0.01881882546766394,0.5815157220788179,0.58038,0.23043877776896515
11,normal,12,random_051,0.02680727086386641,0.5970016907649001,0.59656,0.32825825096287464
11,normal,12,random_052,0.019960671843926116,0.5839165881217351,0.58844,0.2444208237684831
11,normal,12,random_053,0.02152352300935645,0.587089134342478,0.58726,0.2635581239690399
11,normal,12,random_054,0.02131364551535208,0.5866702651253967,0.58624,0.26098814885116206
11,normal,12,random_055,0.021385701765628602,0.5868143161911168,0.5885,0.2618704862888979
11,normal,12,random_056,0.01911004853254445,0.5821351128705429,0.5807,0.23400483917085807
11,normal,12,random_057,0.014996538969000647,0.5728718827646833,0.5687,0.18363442058162335
11,normal,12,random_058,0.021999491872117888,0.5880311970851959,0.58716,0.26938641985176076
11,normal,12,random_059,0.025172534764339227,0.5940547300765437,0.59486,0.30824071111177503
11,normal,12,random_060,0.019357385463882472,0.5826573091375566,0.57786,0.2370335095973198
11,normal,12,random_061,0.025345651181802993,0.5943715118979918,0.5956,0.31036054243284433
11,normal,12,random_062,0.022684956469129606,0.589369302653405,0.58892,0.2777800161583258
11,normal,12,random_063,0.013330339237383129,0.5687472416766359,0.57174,0.16323160477716922
11,normal,12,random_064,0.014135887187925302,0.5707726667033092,0.57138,0.17309563616829912
11,normal,12,random_065,0.012630057957583873,0.5669346432937155,0.56358,0.15465657641056307
11,normal,12,random_066,0.019090194197966797,0.5820930424692032,0.5825,0.233761720459685
11,normal,12,random_067,0.014399554891391948,0.5714226238975508,0.57078,0.17632427886060772
11,normal,12,random_068,0.029495914573206546,0.6016482133412429,0.60162,0.3611810160579199
11,normal,12,random_069,0.01358656895564726,0.5693981693132153,0.56894,0.16636916844745933
11,normal,12,random_070,0.013642264043960288,0.5695388184893022,0.56886,0.1670511614921709
11,normal,12,random_071,0.021261733944572953,0.5865663280362043,0.58748,0.26035248543300865
11,normal,12,random_072,0.010130539591125117,0.5600026256696529,0.56038,0.12404967385080756
11,normal,12,random_073,0.019370637459200604,0.5826851892197825,0.59042,0.23719578187139756
11,normal,12,random_074,0.02402659109608992,0.5919281458356581,0.58632,0.29420849327983845
11,normal,12,random_075,0.017923004297233217,0.579578476139356,0.57878,0.21946933995955842
11,normal,12,random_076,0.02110645842301028,0.5862546401268882,0.58602,0.2584511180247279
11,normal,12,random_077,0.028918589025267935,0.600670115761573,0.60344,0.3541115953934704
11,normal,12,random_078,0.02070946126334419,0.5854522368151338,0.59064,0.253589840129973
11,normal,12,random_079,0.025010600526038866,0.5937573667333206,0.5977,0.30625780691740845
11,normal,12,random_080,0.018046038913556984,0.5798474827517135,0.58026,0.22097591361143892
11,normal,12,random_081,0.025770996993144786,0.5951450182622875,0.59498,0.3155689529717047
11,normal,12,random_082,0.01862871361323127,0.5811086819382231,0.5819,0.22811083528126136
11,normal,12,random_083,0.016725794087070457,0.5769090689128574,0.57688,0.20480935716538898
11,normal,12,random_084,0.030976468479882426,0.6041108097788621,0.60426,0.3793105764421052
11,normal,12,random_085,0.014881167049717915,0.5725941578746732,0.5732,0.18222167757520913
11,normal,12,random_086,0.012707339428941283,0.5671371743059104,0.56344,0.15560289730792143
11,normal,12,random_087,0.016073814376830975,0.5754135378743467,0.5726,0.196825787318487
11,normal,12,random_088,0.025316389098756317,0.5943180463547476,0.59,0.3100022247119093
11,normal,12,random_089,0.027938586463227146,0.5989857047928826,0.59706,0.34211134633461315
11,normal,12,random_090,0.025189160153649453,0.5940852023668458,0.5957,0.3084442910003906
11,normal,12,random_091,0.021781592239320014,0.5876012592648565,0.58684,0.26671821268099305
11,normal,12,random_092,0.024090168113417902,0.5920475127359189,0.59438,0.29498700149186435
11,normal,12,random_093,0.020951808803557896,0.5859430126014225,0.58096,0.25655741486295097
11,normal,12,random_094,0.010844336857575222,0.5620639742298965,0.56436,0.13279020709706277
11,normal,12,random_095,0.015022522205588352,0.5729342774627734,0.57454,0.18395258843391793
11,normal,12,random_096,0.018932849973657715,0.5817588274417097,0.5821,0.23183502153784774
11,normal,12,random_097,0.016496001285641323,0.576385470782998,0.57684,0.201995516716503
11,normal,12,random_098,0.01966533582133348,0.5833026346868921,0.57894,0.24080439870548767
11,normal,12,random_099,0.017432763500688397,0.5784969443804548,0.57856,0.21346628253377015
11,normal,12,random_100,0.01827654690350123,0.5803489157499997,0.58126,0.22379851162957792
11,normal,12,random_101,0.014843486317378873,0.5725032113942126,0.57102,0.18176027248270915
11,normal,12,random_102,0.02523016047994614,0.5941603055274753,0.59054,0.3089463449195457
11,normal,12,random_103,0.014320332549325535,0.5712279861545339,0.56578,0.17535419176834213
11,normal,12,random_104,0.016322627761581013,0.5759879195036673,0.57692,0.19987253709428346
11,normal,12,random_105,0.01175696177509683,0.5646007422543995,0.56652,0.14396540880752787
11,normal,12,random_106,0.009213617038692062,0.5572424142400381,0.55878,0.112821847084757
11,normal,12,random_107,0.034798525086077954,0.6101904480222382,0.61222,0.42611211856857184
11,normal,12,random_108,0.022594078826841113,0.5891931319139797,0.59278,0.2766672085151778
11,normal,12,random_109,0.016992540174902558,0.5775122083707869,0.57678,0.20807569504392986
11,normal,12,random_110,0.021463966377185034,0.5869704908060037,0.58988,0.26282884585605676
11,normal,12,random_111,0.01612874548517032,0.5755407395605592,0.57514,0.19749842533667597
11,normal,12,random_112,0.017807417383536032,0.5793248769273273,0.58022,0.21805396432072086
11,normal,12,random_113,0.016189327361945553,0.5756807664737404,0.57884,0.19824025769295248
11,normal,12,random_114,0.018812437603667426,0.5815020801862075,0.57996,0.23036055760722116
11,normal,12,random_115,0.01932792983135094,0.5825953034993964,0.58264,0.23667282183969968
11,normal,12,random_116,0.024903245687376,0.593559667854036,0.59144,0.30494323402594065
11,normal,12,random_117,0.02402481817096136,0.5919248147550042,0.5937,0.294186783598732
11,normal,12,random_118,0.021067593055822308,0.5861764370642353,0.58496,0.2579752069362421
11,normal,12,random_119,0.01869812991441637,0.5812575559038765,0.57946,0.2289608462253462
11,normal,12,random_120,0.020766562200392667,0.5855681409442619,0.58386,0.25428904796127594
11,normal,12,random_121,0.010737308686017338,0.5617594153137031,0.5598,0.1314796342835243
11,normal,12,random_122,0.015607267575159442,0.5743239702054866,0.57568,0.19111286570528954
11,normal,12,random_123,0.015502932479694826,0.5740780093261146,0.57388,0.18983526993191968
11,normal,12,random_124,0.025884331482797555,0.5953499797264189,0.59364,0.31695674740762886
11,normal,12,random_125,0.02557387055318886,0.5947873829053847,0.59574,0.3131551160419003
11,normal,12,random_126,0.014796985872578534,0.5723908129961003,0.57364,0.18119086895197792
11,normal,12,random_127,0.014912549509205262,0.5726698120145931,0.57336,0.1826059595602923
11,nonnormal,0,oracle_t0,0.2578954438665597,0.7768957166966624,0.77846,1.0000000000000002
11,nonnormal,0,oracle_t12,0.1531758054206637,0.7214200445039598,0.72366,0.5939453722956038
11,nonnormal,0,bottom,2.2668833050358794e-32,0.5000000000000001,0.50174,-2.0897438353859587e-17
11,nonnormal,0,random_000,0.0537629841035409,0.6360058169925976,0.63732,0.2084681423505836
11,nonnormal,0,random_001,0.04819232816193145,0.62903222775094,0.62854,0.18686769893797406
11,nonnormal,0,random_002,0.056776178561588474,0.6396099069349404,0.63694,0.22015192556470914
11,nonnormal,0,random_003,0.03545955776204931,0.6112048329417084,0.61112,0.13749586743531933
11,nonnormal,0,random_004,0.09377126465121241,0.6770019028950323,0.6763,0.3636018661102504
11,nonnormal,0,random_005,0.025531190656645372,0.5947097593948992,0.59126,0.09899822297696632
11,nonnormal,0,random_006,0.013989555173322173,0.5704092484670065,0.57252,0.05424506522325635
11,nonnormal,0,random_007,0.024740911376100166,0.5932598651270459,0.5895,0.09593388314724018
11,nonnormal,0,random_008,0.023716424953288906,0.5913434028861997,0.5916,0.09196139566374141
11,nonnormal,0,random_009,0.05622388690234675,0.6389575098396589,0.639,0.21801039234891698
11,nonnormal,0,random_010,0.01686325488167771,0.5772204998591746,0.5748,0.06538795191125248
11,nonnormal,0,random_011,0.07024773486937909,0.6545243241019367,0.6538,0.27238842926487183
11,nonnormal,0,random_012,0.01890364771850938,0.5816966397861685,0.5816,0.07329965754761654
11,nonnormal,0,random_013,0.03203241247202043,0.6058289153314955,0.6063,0.12420697315069532
11,nonnormal,0,random_014,0.07987897722784974,0.6641963217996725,0.66492,0.3097339605161103
11,nonnormal,0,random_015,0.05231344237727191,0.6342316065875617,0.63168,0.2028474857599266
11,nonnormal,0,random_016,0.06806067514621958,0.6522220855723734,0.65232,0.2639080168528901
11,nonnormal,0,random_017,0.0445433371119483,0.624218610805465,0.62226,0.17271858875876822
11,nonnormal,0,random_018,0.030408253007518767,0.6031732944066811,0.60362,0.11790922922722362
11,nonnormal,0,random_019,0.01760577331480142,0.5788804094926295,0.57506,0.06826709712603922
11,nonnormal,0,random_020,0.06583331942306131,0.6498331581467207,0.64896,0.2552713550733561
11,nonnormal,0,random_021,0.03916165185483576,0.6167054943356629,0.61666,0.15185088680782904
11,nonnormal,0,random_022,0.10983190292056129,0.6904454745851296,0.689,0.42587763968948034
11,nonnormal,0,random_023,0.029550835005136042,0.6017407252739275,0.59958,0.11458455629183682
11,nonnormal,0,random_024,0.0436715604894174,0.6230367232099474,0.62614,0.1693382396938116
11,nonnormal,0,random_025,0.03981679682910614,0.6176490764753161,0.61524,0.15439123790689444
11,nonnormal,0,random_026,0.02852540917283222,0.5999980297173905,0.60014,0.11060842621008786
11,nonnormal,0,random_027,0.03229744143227035,0.6062553565377752,0.60498,0.1252346336485948
11,nonnormal,0,random_028,0.036992525483583324,0.6135186030922656,0.61434,0.14344001169219567
11,nonnormal,0,random_029,0.04193846045786426,0.6206480448388052,0.6198,0.1626180743214838
11,nonnormal,0,random_030,0.0428789295373425,0.6219508378526303,0.61666,0.1662647811627449
11,nonnormal,0,random_031,0.04101649082724877,0.6193552672624071,0.61972,0.1590430998403816
11,nonnormal,0,random_032,0.033667586798342385,0.6084305910439226,0.60682,0.130547427645766
11,nonnormal,0,random_033,0.05511689700260569,0.6376389216585943,0.63532,0.2137179943013042
11,nonnormal,0,random_034,0.06749139380064081,0.6516158419758108,0.65332,0.2617006054421117
11,nonnormal,0,random_035,0.04893469581302186,0.6299865861871453,0.62764,0.18974625948933657
11,nonnormal,0,random_036,0.044719339325932035,0.6244556737610926,0.6247,0.17340104445222665
11,nonnormal,0,random_037,0.04839604273922851,0.6292949220439984,0.62736,0.18765761043948342
11,nonnormal,0,random_038,0.04052104806847932,0.6186539988334159,0.6166,0.15712200053230002
11,nonnormal,0,random_039,0.02490186654794219,0.5935571251804065,0.59108,0.09655799332704346
11,nonnormal,0,random_040,0.03231748236372239,0.6062875266810711,0.60674,0.12531234316975412
11,nonnormal,0,random_041,0.03932128966106346,0.6169362020050781,0.6181,0.15246988884925441
11,nonnormal,0,random_042,0.0771532000747574,0.6615316770862175,0.66222,0.29916464951074534
11,nonnormal,0,random_043,0.06183693177809577,0.6454278214941874,0.64354,0.23977520056574353
11,nonnormal,0,random_044,0.03276788185582172,0.607007714107748,0.60674,0.127058785392023
11,nonnormal,0,random_045,0.0417974808596152,0.6204513781077733,0.62124,0.16207142023510152
11,nonnormal,0,random_046,0.07372801427734599,0.6581037985583448,0.65644,0.28588335323788955
11,nonnormal,0,random_047,0.08194039567225181,0.6661760986669208,0.66304,0.3177271937950539
11,nonnormal,0,random_048,0.10871855981379142,0.689554323539944,0.6883,0.4215606068250072
11,nonnormal,0,random_049,0.03706699586265886,0.6136296707084732,0.6162,0.1437287735949228
11,nonnormal,0,random_050,0.055184296131243905,0.6377196275011957,0.63896,0.21397933714485237
11,nonnormal,0,random_051,0.036479775129579624,0.6127505616112426,0.61262,0.1414518014845388
11,nonnormal,0,random_052,0.04355125699716242,0.622872610620557,0.62536,0.1688717580435299
11,nonnormal,0,random_053,0.014559673231857693,0.5718143307273522,0.5728,0.05645572102231929
11,nonnormal,0,random_054,0.07307755572179259,0.6574423856661892,0.65334,0.283361173916684
11,nonnormal,0,random_055,0.044901915069990334,0.6247010488693342,0.6227,0.1741089892740544
11,nonnormal,0,random_056,0.05646744638445166,0.63924565872779,0.63986,0.21895480407815612
11,nonnormal,0,random_057,0.021718053212076878,0.5874754659408229,0.5884,0.08421262852287628
11,nonnormal,0,random_058,0.056373643137798496,0.6391347656135566,0.64016,0.21859107820054158
11,nonnormal,0,random_059,0.03974321385503484,0.617543521057118,0.61892,0.15410591695291367
11,nonnormal,0,random_060,0.06523416682731872,0.6491826406525143,0.65222,0.25294811668356665
11,nonnormal,0,random_061,0.03343409160536408,0.6080633037040531,0.60762,0.12964204060411233
11,nonnormal,0,random_062,0.06799125093132627,0.6521483106502586,0.64914,0.2636388216555944
11,nonnormal,0,random_063,0.0536111370675861,0.6358212251694275,0.63972,0.20787934933556093
11,nonnormal,0,random_064,0.04223476045274566,0.6210602078219878,0.62288,0.1637669895192053
11,nonnormal,0,random_065,0.06168677345884989,0.6452591720272699,0.64386,0.23919295561796675
11,nonnormal,0,random_066,0.09164423833544758,0.6751186912246148,0.67468,0.3553542356601931
11,nonnormal,0,random_067,0.037102405279413705,0.6136824390975717,0.61306,0.14386607503857743
11,nonnormal,0,random_068,0.07376862034279505,0.6581449755048459,0.65542,0.28604080489674893
11,nonnormal,0,random_069,0.06541753130615346,0.6493820874818088,0.64712,0.2536591198563469
11,nonnormal,0,random_070,0.03686792549975711,0.6133324993605642,0.61452,0.14295687022231116
11,nonnormal,0,random_071,0.08328304694507821,0.66744976377184,0.66602,0.3229333783351775
11,nonnormal,0,random_072,0.032290064797532256,0.6062435127061321,0.60634,0.12520603044945533
11,nonnormal,0,random_073,0.059933388346001704,0.6432723335158331,0.64342,0.23239413402360254
11,nonnormal,0,random_074,0.03932268552714959,0.6169382170529425,0.61786,0.1524753013763824
11,nonnormal,0,random_075,0.05177027393866123,0.6335597069899077,0.6352,0.2007413282006185
11,nonnormal,0,random_076,0.05369405449233895,0.6359220594364932,0.63604,0.2082008649990783
11,nonnormal,0,random_077,0.031059404849034584,0.6042468775320246,0.6052,0.12043409679275044
11,nonnormal,0,random_078,0.0636801853462024,0.6474793150780938,0.64862,0.24692249072516306
11,nonnormal,0,random_079,0.03404600585879629,0.6090229451311284,0.61044,0.13201476283703711
11,nonnormal,0,random_080,0.03021322322400131,0.6028493538378429,0.60244,0.11715299336437394
11,nonnormal,0,random_081,0.06920774538992813,0.653434809210399,0.65454,0.26835582805308356
11,nonnormal,0,random_082,0.042757657399103505,0.621783729720039,0.61934,0.16579454354853665
11,nonnormal,0,random_083,0.10507648675019873,0.6865988531165549,0.68774,0.40743832141744796
11,nonnormal,0,random_084,0.05257421930108046,0.6345528029159093,0.63634,0.2038586588147848
11,nonnormal,0,random_085,0.08662860753500379,0.6705712383544523,0.67014,0.3359059246499415
11,nonnormal,0,random_086,0.05128226474700695,0.6329526750716569,0.63362,0.19884905284926802
11,nonnormal,0,random_087,0.02351205926269114,0.5909559170011007,0.59588,0.09116895944411013
11,nonnormal,0,random_088,0.06683177322707516,0.6509096990443535,0.64898,0.25914290002600937
11,nonnormal,0,random_089,0.040006901270870435,0.6179212919522732,0.6182,0.1551283755581617
11,nonnormal,0,random_090,0.03785759124955136,0.6148014112233554,0.61254,0.1467943391397781
11,nonnormal,0,random_091,0.04052082216899058,0.6186536780225446,0.61964,0.15712112459790836
11,nonnormal,0,random_092,0.034975614491653685,0.6104632119034381,0.61526,0.13561935785787205
11,nonnormal,0,random_093,0.04265384711644876,0.6216404768378514,0.6234,0.16539201498464126
11,nonnormal,0,random_094,0.02720064915195594,0.5976965188394479,0.59738,0.10547161572202925
11,nonnormal,0,random_095,0.022138479379347237,0.5883042670737912,0.58678,0.08584284796749705
11,nonnormal,0,random_096,0.03991113753633642,0.6177842536890961,0.6179,0.15475704780960478
11,nonnormal,0,random_097,0.029846964852584708,0.6022379748427088,0.6048,0.11573281173601555
11,nonnormal,0,random_098,0.021497109523383618,0.587036536959484,0.58632,0.08335591044604367
11,nonnormal,0,random_099,0.04143549300488141,0.6199447367049579,0.61796,0.1606677977076671
11,nonnormal,0,random_100,0.040470031723170874,0.6185815232473805,0.618,0.15692418259281427
11,nonnormal,0,random_101,0.04872554256609449,0.6297185244463579,0.62788,0.18893525932666766
11,nonnormal,0,random_102,0.04176329106246405,0.620403628641203,0.62024,0.16193884791572058
11,nonnormal,0,random_103,0.06755421825733485,0.6516828897651307,0.65242,0.26194420981042527
11,nonnormal,0,random_104,0.031842639347676574,0.6055224002646304,0.60302,0.12347112019610783
11,nonnormal,0,random_105,0.027973390562784698,0.5990460587227373,0.60316,0.10846795175357457
11,nonnormal,0,random_106,0.04286095817857853,0.621926090409441,0.62284,0.16619509649327371
11,nonnormal,0,random_107,0.06680670148493134,0.6508827800731862,0.65202,0.25904568333319805
11,nonnormal,0,random_108,0.03463722830597295,0.6099413568980965,0.60988,0.13430725175546318
11,nonnormal,0,random_109,0.06230279434517182,0.6459495726476382,0.6491,0.2415816014857888
11,nonnormal,0,random_110,0.05418747186880243,0.6365202974571711,0.6362,0.21011411080546324
11,nonnormal,0,random_111,0.048424609956424024,0.6293317110357872,0.63002,0.18776838097799
11,nonnormal,0,random_112,0.024652780742524413,0.5930966684781627,0.59022,0.09559215305595034
11,nonnormal,0,random_113,0.03142648645288251,0.6048468001126523,0.6067,0.12185747053811168
11,nonnormal,0,random_114,0.05604823423425485,0.6387492630908387,0.64048,0.21732929203377221
11,nonnormal,0,random_115,0.0752967177916587,0.6596850444781784,0.66138,0.29196606447463563
11,nonnormal,0,random_116,0.07951958666719121,0.6638480875162293,0.66276,0.30834040910135774
11,nonnormal,0,random_117,0.04483764851337496,0.6246147397121998,0.62466,0.17385979310504956
11,nonnormal,0,random_118,0.04595993799357579,0.62611229185773,0.62468,0.1782115158938457
11,nonnormal,0,random_119,0.08124326187261127,0.6655099042066169,0.66572,0.31502402932968504
11,nonnormal,0,random_120,0.07356114903741928,0.6579344484339997,0.6572,0.28523632653037984
11,nonnormal,0,random_121,0.06260623216291168,0.6462882181930975,0.64732,0.2427581938799409
11,nonnormal,0,random_122,0.04344994539538151,0.6227342127588567,0.62186,0.16847891821564479
11,nonnormal,0,random_123,0.12288629759519712,0.7004958382827589,0.70134,0.4764965823079101
11,nonnormal,0,random_124,0.042971695912741144,0.6220784913583469,0.62204,0.16662448653019082
11,nonnormal,0,random_125,0.04312808003698673,0.6222933460294908,0.62064,0.1672308722883141
11,nonnormal,0,random_126,0.02894123712796095,0.6007086809080111,0.6015,0.11222081590140745
11,nonnormal,0,random_127,0.0705105356040724,0.654798159900635,0.65314,0.27340744972817743
11,nonnormal,12,oracle_t0,0.07500394834781653,0.6593914047547255,0.65974,0.6337967867451567
11,nonnormal,12,oracle_t12,0.11834068887126581,0.6970763653147067,0.69884,1.0000000000000009
11,nonnormal,12,bottom,3.042041033955409e-32,0.5000000000000001,0.499,-8.763527006770803e-18
11,nonnormal,12,random_000,0.015490495516092722,0.574048633202436,0.5748,0.13089745939322456
11,nonnormal,12,random_001,0.018027328828231437,0.579806636107811,0.5807,0.15233415488938107
11,nonnormal,12,random_002,0.01962606534274859,0.5832206363022471,0.58342,0.16584376455758487
11,nonnormal,12,random_003,0.016783492895785138,0.577039952364555,0.58008,0.1418235186550477
11,nonnormal,12,random_004,0.026668296581439814,0.5967549278638377,0.59362,0.225351878849128
11,nonnormal,12,random_005,0.010520416914215309,0.5611374249098905,0.56524,0.08889940572899413
11,nonnormal,12,random_006,0.006636623190951974,0.5486289774142671,0.5522,0.056080653697828976
11,nonnormal,12,random_007,0.012464872719402408,0.5664995959703163,0.56576,0.10533040527558575
11,nonnormal,12,random_008,0.011059020365259173,0.5626702695044141,0.56414,0.09345070128237534
11,nonnormal,12,random_009,0.025395193530352925,0.5944619577410134,0.59592,0.21459393022444315
11,nonnormal,12,random_010,0.010354873972804572,0.5606582604964091,0.55964,0.0875005382474061
11,nonnormal,12,random_011,0.029748817663754677,0.6020734627259382,0.60184,0.25138283330525707
11,nonnormal,12,random_012,0.01577497981170871,0.5747175603860097,0.5722,0.13330140260438383
11,nonnormal,12,random_013,0.012394096691868021,0.5663122869963273,0.56996,0.10473233517637091
11,nonnormal,12,random_014,0.03499294858614693,0.610489870872292,0.60864,0.2956966781240663
11,nonnormal,12,random_015,0.021329469581084674,0.5867019216065069,0.58954,0.18023783522409165
11,nonnormal,12,random_016,0.020781715065762207,0.5855988703904254,0.58408,0.1756092115398207
11,nonnormal,12,random_017,0.018724508049960866,0.5813140523657704,0.58252,0.15822544408483127
11,nonnormal,12,random_018,0.017663782182814173,0.579008543631021,0.57902,0.14926212067287634
11,nonnormal,12,random_019,0.00899428363339786,0.5565616117471043,0.55404,0.076003306379111
11,nonnormal,12,random_020,0.02872725788411405,0.600343673588408,0.59952,0.24275047034215225
11,nonnormal,12,random_021,0.01191370146593377,0.5650261251282426,0.5643,0.10067290954249752
11,nonnormal,12,random_022,0.0446332050881538,0.6243397210938464,0.62448,0.37715857085053
11,nonnormal,12,random_023,0.019409840835128297,0.5827676086414235,0.58444,0.16401662877121545
11,nonnormal,12,random_024,0.0239566410208399,0.5917966209209798,0.59102,0.20243790406612053
11,nonnormal,12,random_025,0.007545099490012537,0.5518330067227979,0.55178,0.0637574410118595
11,nonnormal,12,random_026,0.013689912933735431,0.5696589135578012,0.57154,0.11568221432805496
11,nonnormal,12,random_027,0.009125269574965473,0.5569691925397585,0.55676,0.0771101610274738
11,nonnormal,12,random_028,0.02646001996181,0.5963838321504084,0.59672,0.22359190413868502
11,nonnormal,12,random_029,0.01368415789493184,0.5696444199113584,0.56902,0.11563358322020459
11,nonnormal,12,random_030,0.022250036925744805,0.5885227948376127,0.58826,0.18801679403733246
11,nonnormal,12,random_031,0.015833256949502827,0.5748538186960939,0.57644,0.13379385484840883
11,nonnormal,12,random_032,0.011491624293425196,0.5638739430523374,0.56398,0.09710628189705828
11,nonnormal,12,random_033,0.020172906596384536,0.5843548626096047,0.58616,0.17046467101716117
11,nonnormal,12,random_034,0.024395221418367058,0.5926179584468678,0.59482,0.2061439869164938
11,nonnormal,12,random_035,0.021900304768571917,0.5878357693235416,0.587,0.1850614947188256
11,nonnormal,12,random_036,0.024267302967838182,0.5923792131694083,0.59486,0.20506305311638703
11,nonnormal,12,random_037,0.026544502290681005,0.5965345439920144,0.59582,0.22430579493716526
11,nonnormal,12,random_038,0.021771630034397742,0.5875815490204189,0.58916,0.18397417018656645
11,nonnormal,12,random_039,0.02439166675286915,0.5926113329976916,0.59088,0.20611394935686977
11,nonnormal,12,random_040,0.012732036737893094,0.5672017647370653,0.56726,0.10758798904528398
11,nonnormal,12,random_041,0.014146740663506758,0.5707995440323284,0.56958,0.11954249040155562
11,nonnormal,12,random_042,0.023969739917664067,0.5918212657476665,0.58906,0.2025485920885505
11,nonnormal,12,random_043,0.022027803064809705,0.588086893604869,0.59366,0.18613887813997906
11,nonnormal,12,random_044,0.012479913491991705,0.566539330934059,0.56322,0.10545750249576202
11,nonnormal,12,random_045,0.022370187770879013,0.5887575133716841,0.58658,0.18903209018171196
11,nonnormal,12,random_046,0.024637693043615037,0.5930686988532052,0.5926,0.20819291554417604
11,nonnormal,12,random_047,0.021368933493907578,0.5867808166793008,0.58366,0.18057131235016982
11,nonnormal,12,random_048,0.029536707536234677,0.6017169367118044,0.60138,0.24959046476707197
11,nonnormal,12,random_049,0.015647922380029877,0.5744195798888962,0.5739,0.13222774456765352
11,nonnormal,12,random_050,0.020246663007984653,0.5845066082865935,0.5835,0.17108792589512078
11,nonnormal,12,random_051,0.010918891743451828,0.5622752184666955,0.56462,0.09226658934975195
11,nonnormal,12,random_052,0.033459960904010454,0.6081040638420275,0.60984,0.28274265785632813
11,nonnormal,12,random_053,0.010898972358410449,0.5622188512898922,0.55868,0.09209826698124646
11,nonnormal,12,random_054,0.020584400309781276,0.5851978010704503,0.58176,0.17394186653901905
11,nonnormal,12,random_055,0.017308519061422247,0.5782203431510455,0.5768,0.14626008371686036
11,nonnormal,12,random_056,0.022161356340186737,0.5883491273122141,0.59104,0.18726742721849857
11,nonnormal,12,random_057,0.008477409375310522,0.5549229711142626,0.55264,0.07163562639501353
11,nonnormal,12,random_058,0.021817108723489825,0.5876714902568033,0.58774,0.18435847324856355
11,nonnormal,12,random_059,0.03000708394245661,0.6025057444585522,0.60262,0.25356522958134164
11,nonnormal,12,random_060,0.024203758115678955,0.5922603671864108,0.59262,0.20452608774323153
11,nonnormal,12,random_061,0.017163575082057504,0.577896352522145,0.57444,0.14503528115108846
11,nonnormal,12,random_062,0.014257479235250912,0.5710731690291915,0.5702,0.12047825115130602
11,nonnormal,12,random_063,0.024025537073757486,0.5919261654893595,0.59148,0.2030200880433706
11,nonnormal,12,random_064,0.016338363580574517,0.5760240923126785,0.5781,0.13806209627821114
11,nonnormal,12,random_065,0.02898596223119998,0.6007847915479781,0.6011,0.24493656837448124
11,nonnormal,12,random_066,0.028818201485975647,0.6004989821048594,0.60134,0.2435189600537554
11,nonnormal,12,random_067,0.01681324956146198,0.5771073608673724,0.57826,0.142074967805468
11,nonnormal,12,random_068,0.027641891952751397,0.5984695754857579,0.599,0.23357893397782234
11,nonnormal,12,random_069,0.02434545056395529,0.5925251454415303,0.59044,0.2057234142893908
11,nonnormal,12,random_070,0.012433265525418801,0.5664160151674192,0.56754,0.1050633188297903
11,nonnormal,12,random_071,0.027704005450803634,0.5985778706800025,0.59978,0.23410380415260912
11,nonnormal,12,random_072,0.02749865750793087,0.598219351859932,0.59948,0.23236857728489888
11,nonnormal,12,random_073,0.0224539427415082,0.5889207400192649,0.58634,0.18973983467287586
11,nonnormal,12,random_074,0.017676648274722276,0.5790369335223251,0.57828,0.14937084145210125
11,nonnormal,12,random_075,0.02012266632483979,0.5842513326861073,0.58532,0.1700401317312745
11,nonnormal,12,random_076,0.028884852053123432,0.6006126386728624,0.59802,0.2440821692743834
11,nonnormal,12,random_077,0.007194318591726375,0.5506204208935093,0.54836,0.06079327964325572
11,nonnormal,12,random_078,0.021466027747622678,0.5869746001695131,0.58564,0.1813917761706966
11,nonnormal,12,random_079,0.012257366117940139,0.5659488658484283,0.56736,0.1035769373564662
11,nonnormal,12,random_080,0.02937947740177022,0.6014517739486951,0.597,0.24826184199189527
11,nonnormal,12,random_081,0.024815551366665196,0.5933978405393896,0.59506,0.20969585020465986
11,nonnormal,12,random_082,0.02296627784817641,0.589912318829258,0.59312,0.19406915801512495
11,nonnormal,12,random_083,0.03961912426542218,0.6173652720529157,0.61814,0.33478869054515104
11,nonnormal,12,random_084,0.02722032227611144,0.5977311272766136,0.59274,0.2300165947632979
11,nonnormal,12,random_085,0.02929839470010075,0.6013147353172105,0.59704,0.24757667865168814
11,nonnormal,12,random_086,0.012939766161447465,0.5677425046176936,0.56956,0.10934333985095951
11,nonnormal,12,random_087,0.020042304744118777,0.5840854506467814,0.58382,0.16936106199213824
11,nonnormal,12,random_088,0.02893316130055702,0.6006949312486884,0.60198,0.244490391060942
11,nonnormal,12,random_089,0.023918650608534063,0.5917251039409201,0.58896,0.20211687828311894
11,nonnormal,12,random_090,0.014062873127689019,0.5705915787763184,0.5685,0.11883379471440292
11,nonnormal,12,random_091,0.012329898007137009,0.5661419089362858,0.5667,0.10418984480096966
11,nonnormal,12,random_092,0.01923919155188296,0.5824082062393174,0.57898,0.16257461178726013
11,nonnormal,12,random_093,0.01490251920676032,0.5726456407756166,0.57074,0.12592895435120963
11,nonnormal,12,random_094,0.010331298022303433,0.5605897018703285,0.56176,0.0873013172463624
11,nonnormal,12,random_095,0.012282221261494931,0.5660150835709945,0.56962,0.10378696776774617
11,nonnormal,12,random_096,0.024573032244285302,0.592948727960484,0.5929,0.20764652021771252
11,nonnormal,12,random_097,0.013062444277456587,0.5680597515461527,0.57138,0.11037999188652921
11,nonnormal,12,random_098,0.007238400597167732,0.5507744306817193,0.55202,0.06116578047844445
11,nonnormal,12,random_099,0.01010252469878065,0.5599202304887624,0.56242,0.0853681417197973
11,nonnormal,12,random_100,0.016016862785219983,0.5752814194228342,0.56976,0.13534535701954184
11,nonnormal,12,random_101,0.01920237731029546,0.582330454382603,0.58062,0.16226352485732387
11,nonnormal,12,random_102,0.012788569729215018,0.5673493723046752,0.56788,0.10806570293947484
11,nonnormal,12,random_103,0.02065967860152424,0.5853510508723005,0.58656,0.17457798157655155
11,nonnormal,12,random_104,0.014240109573583393,0.5710303228643241,0.57106,0.12033147440162513
11,nonnormal,12,random_105,0.012026167372491833,0.5653295835997074,0.56102,0.10162326658056077
11,nonnormal,12,random_106,0.015233205692517616,0.5734381544495155,0.56906,0.12872331433771453
11,nonnormal,12,random_107,0.012921484557478028,0.5676950958979619,0.56568,0.10918885702562013
11,nonnormal,12,random_108,0.010148316079857,0.560054848053716,0.55938,0.085755087085023
11,nonnormal,12,random_109,0.015485163436081596,0.5740360350851972,0.5732,0.130852402362866
11,nonnormal,12,random_110,0.03410624606605872,0.6091169139495881,0.60846,0.28820388313913275
11,nonnormal,12,random_111,0.01780692764408947,0.5793238006140916,0.58016,0.1504717254389176
11,nonnormal,12,random_112,0.01751419049531336,0.5786776672681265,0.57624,0.14799804414156975
11,nonnormal,12,random_113,0.014106102474468332,0.570698853693201,0.56988,0.11919909043129996
11,nonnormal,12,random_114,0.01787720386554769,0.5794780914318738,0.58034,0.1510655720873402
11,nonnormal,12,random_115,0.034291862084044854,0.6094058961787714,0.60704,0.28977237171019427
11,nonnormal,12,random_116,0.031282073310074404,0.6046112350818509,0.60544,0.2643391179183004
11,nonnormal,12,random_117,0.01437480635381337,0.5713618798459195,0.5732,0.12146968630080128
11,nonnormal,12,random_118,0.01595212754812191,0.5751309483170266,0.57228,0.13479833268061406
11,nonnormal,12,random_119,0.030516897744556078,0.6033532699321593,0.60402,0.2578732474487554
11,nonnormal,12,random_120,0.045058591990618554,0.6249111793591557,0.6238,0.38075316630643025
11,nonnormal,12,random_121,0.0288617814684067,0.6005733131378421,0.59874,0.24388721870466176
11,nonnormal,12,random_122,0.028227916948578534,0.5994862258812876,0.6009,0.23853095007149777
11,nonnormal,12,random_123,0.029658584320846546,0.6019219599632046,0.60528,0.2506203454089234
11,nonnormal,12,random_124,0.019224701663078755,0.5823776127933044,0.58246,0.16245216963365763
11,nonnormal,12,random_125,0.017241482301137916,0.5780706729720563,0.58022,0.14569361109511272
11,nonnormal,12,random_126,0.011917848469094806,0.5650373407337737,0.566,0.10070795246138345
11,nonnormal,12,random_127,0.02973782874262369,0.602055025328771,0.6023,0.2512899749550496
12,normal,0,oracle_t0,0.13849582449833872,0.7116547632067969,0.71148,0.9999999999999998
12,normal,0,oracle_t12,0.04025049098486922,0.618269065985245,0.61884,0.2906260252297502
12,normal,0,bottom,2.1265729198030218e-32,0.5000000000000001,0.49758,-1.3507583043392056e-17
12,normal,0,random_000,0.040350129664201664,0.6184109897774729,0.6179,0.2913454597664471
12,normal,0,random_001,0.05522371491388603,0.6377668031199464,0.63394,0.3987392046938458
12,normal,0,random_002,0.024801511479488392,0.5933719039158132,0.59056,0.17907768388920556
12,normal,0,random_003,0.03878910847486825,0.6161650988980885,0.61512,0.2800742088461559
12,normal,0,random_004,0.045048247658836284,0.624897318261208,0.6258,0.32526791202558336
12,normal,0,random_005,0.02232803950301288,0.5886752509292451,0.5861,0.16121814201900875
12,normal,0,random_006,0.04219825539014678,0.6210095137603698,0.61872,0.30468973012722816
12,normal,0,random_007,0.047015829977050755,0.6275029338450309,0.62774,0.3394747108611546
12,normal,0,random_008,0.02444442463240684,0.5927096147917323,0.59226,0.176499361774622
12,normal,0,random_009,0.027857298846607446,0.5988445877919849,0.59904,0.20114179577263422
12,normal,0,random_010,0.0285150106337005,0.5999801881558696,0.59958,0.2058907605120076
12,normal,0,random_011,0.018418862030086774,0.5806568571067349,0.58242,0.13299218295427898
12,normal,0,random_012,0.032066117375892406,0.6058832524657574,0.60438,0.2315312933948925
12,normal,0,random_013,0.04171719191447088,0.6203392127134871,0.61974,0.30121624291258897
12,normal,0,random_014,0.03100080696424053,0.6041507603651053,0.60498,0.2238392895708735
12,normal,0,random_015,0.025012376292110384,0.5937606331167928,0.59414,0.1806002194124662
12,normal,0,random_016,0.03962298057228567,0.6173708160348466,0.61686,0.2860951275304402
12,normal,0,random_017,0.039530569348058084,0.6172378809984305,0.62026,0.28542787835839956
12,normal,0,random_018,0.024965876104421324,0.5936750592160274,0.59242,0.1802644678628617
12,normal,0,random_019,0.03444567357711685,0.6096447248626526,0.60532,0.24871272258125038
12,normal,0,random_020,0.03663160406644022,0.6129785896285813,0.61504,0.26449609003829294
12,normal,0,random_021,0.03014559538459197,0.6027367647110529,0.60292,0.217664290557392
12,normal,0,random_022,0.03368539356943643,0.6084585447500267,0.60576,0.24322317074505378
12,normal,0,random_023,0.01656461799354849,0.5765422124828017,0.57676,0.11960373573390427
12,normal,0,random_024,0.016544525276581255,0.5764963494480406,0.57422,0.11945865759136805
12,normal,0,random_025,0.042562880954639226,0.6215147910457542,0.61722,0.3073224850554955
12,normal,0,random_026,0.017507591597815238,0.5786630376463973,0.5791,0.12641241467915332
12,normal,0,random_027,0.027122028059799165,0.5975580779396199,0.59714,0.19583282137234756
12,normal,0,random_028,0.04057389865161429,0.6187290277200207,0.61974,0.2929611690358287
12,normal,0,random_029,0.03857482040127944,0.6158529827584791,0.61368,0.2785269558920323
12,normal,0,random_030,0.012249041657081388,0.5659266728524218,0.5619,0.08844340038011989
12,normal,0,random_031,0.029824347486228277,0.6022000897434088,0.60522,0.215344741216989
12,normal,0,random_032,0.02495639716652811,0.5936576048818831,0.59294,0.1801960258146805
12,normal,0,random_033,0.011588728660785442,0.5641409155537561,0.56524,0.08367565378062683
12,normal,0,random_034,0.04590654728652836,0.6260415084698355,0.62874,0.3314652080870425
12,normal,0,random_035,0.043659153113915605,0.6230198091185354,0.6244,0.3152380461436894
12,normal,0,random_036,0.007067358103882029,0.5501741588286786,0.5495,0.051029394781261506
12,normal,0,random_037,0.012112118229627045,0.5655605172773703,0.5658,0.08745475376965127
12,normal,0,random_038,0.03263542014184871,0.606796462667311,0.60472,0.2356419066066514
12,normal,0,random_039,0.03828301337269172,0.6154264393989733,0.61546,0.2764199824172383
12,normal,0,random_040,0.016058259395744037,0.5753774769475133,0.57604,0.1159476067521203
12,normal,0,random_041,0.017598183237655017,0.5788636277605105,0.57918,0.1270665256616896
12,normal,0,random_042,0.05151696634198,0.6332450195196004,0.6341,0.37197487020699277
12,normal,0,random_043,0.021411403139743462,0.586865635472049,0.58422,0.15459962939171715
12,normal,0,random_044,0.031169629970328072,0.6044274155155231,0.60278,0.22505826499268902
12,normal,0,random_045,0.050258402014263806,0.6316685462721741,0.63492,0.36288748918106667
12,normal,0,random_046,0.040072024590612654,0.61801438156944,0.61754,0.28933742035734317
12,normal,0,random_047,0.04303317283194989,0.6221630049869503,0.6242,0.31071819665195805
12,normal,0,random_048,0.059884275002739545,0.6432162086806932,0.64492,0.43239047256228197
12,normal,0,random_049,0.04030525468138341,0.6183470942291033,0.61846,0.2910214429018173
12,normal,0,random_050,0.034120724253255005,0.6091394851815137,0.60742,0.2463664473412647
12,normal,0,random_051,0.02589348422059044,0.595366511393508,0.59418,0.1869622013109936
12,normal,0,random_052,0.04175680517309253,0.620394568036303,0.62036,0.30150226784341355
12,normal,0,random_053,0.04040326891647751,0.618486602362649,0.6173,0.2917291482456364
12,normal,0,random_054,0.036840537189078405,0.6132915462762079,0.61628,0.26600467792096005
12,normal,0,random_055,0.022508521882656136,0.5890269350373163,0.59202,0.16252130318142644
12,normal,0,random_056,0.021509016818680265,0.5870602522417351,0.58492,0.15530444254612358
12,normal,0,random_057,0.028255244116828778,0.5995333586732199,0.59826,0.20401513344662386
12,normal,0,random_058,0.04037316804226553,0.6184437780728146,0.61982,0.2915118068613672
12,normal,0,random_059,0.021901497229189326,0.5878381215764412,0.58876,0.15813832155966573
12,normal,0,random_060,0.025963842851279693,0.5954934899792912,0.5929,0.18747022118050305
12,normal,0,random_061,0.03737295552425488,0.6140847252417054,0.6158,0.26984896952401033
12,normal,0,random_062,0.021253676885263282,0.5865501843174692,0.5833,0.15346077733569663
12,normal,0,random_063,0.027023694326958017,0.5973846257967206,0.59816,0.1951228091160408
12,normal,0,random_064,0.03350692717297519,0.6081780214698342,0.61002,0.24193456585672818
12,normal,0,random_065,0.01984745022736157,0.5836817840985623,0.58378,0.14330721015780254
12,normal,0,random_066,0.028415524425688194,0.5998093168462988,0.60104,0.2051724268844585
12,normal,0,random_067,0.033887927222804495,0.608775931561106,0.61136,0.24468555168037565
12,normal,0,random_068,0.018795562037951418,0.5814660291892493,0.58122,0.13571212060748353
12,normal,0,random_069,0.04059059253975282,0.6187527159749023,0.6155,0.2930817061581499
12,normal,0,random_070,0.033973686727518326,0.6089100160783987,0.60908,0.24530477254876257
12,normal,0,random_071,0.06674015651846404,0.6508113040358607,0.64988,0.4818929145352291
12,normal,0,random_072,0.020864060147623147,0.5857656584910703,0.58544,0.15064757528392786
12,normal,0,random_073,0.026400323743572516,0.5962771836042077,0.59676,0.19062180278142019
12,normal,0,random_074,0.04661830407015852,0.626981424887176,0.62794,0.33660440117252566
12,normal,0,random_075,0.02411471400816593,0.5920935536242933,0.59198,0.17411870787812225
12,normal,0,random_076,0.02023692456844792,0.5844865890992053,0.5831,0.1461193840446119
12,normal,0,random_077,0.026274092077043808,0.596051246667413,0.59776,0.18971035532814182
12,normal,0,random_078,0.02336060855584232,0.5906676148862194,0.59234,0.16867373901313923
12,normal,0,random_079,0.04856821184229999,0.6295164601489096,0.62938,0.35068358210960043
12,normal,0,random_080,0.019524307030290587,0.5830077613406794,0.58068,0.14097397593762676
12,normal,0,random_081,0.03251309493368135,0.606600967935683,0.6037,0.23475866547927104
12,normal,0,random_082,0.023485929426393447,0.590906246078347,0.58968,0.1695786101239114
12,normal,0,random_083,0.041517339974372194,0.6200595015235542,0.6225,0.29977322511170873
12,normal,0,random_084,0.04417555739865949,0.6237215679470575,0.62196,0.3189667093479008
12,normal,0,random_085,0.038702553877292274,0.6160391429841798,0.60948,0.2794492470620044
12,normal,0,random_086,0.016208197353226757,0.5757243264584112,0.5757,0.11703022392145238
12,normal,0,random_087,0.0331594313272974,0.6076294942786225,0.6057,0.23942549493753973
12,normal,0,random_088,0.03295551753119577,0.6073061744180057,0.60554,0.23795314877230153
12,normal,0,random_089,0.039851141695913236,0.6176983081095446,0.61586,0.2877425499307472
12,normal,0,random_090,0.0316549143954441,0.6052182287979926,0.60366,0.22856222929539505
12,normal,0,random_091,0.024721103643925938,0.5932232127554343,0.59528,0.17849710439625896
12,normal,0,random_092,0.04492608400233919,0.6247334898365813,0.62424,0.3243858373714224
12,normal,0,random_093,0.026365637340136985,0.5962151569342988,0.59416,0.19037135188471505
12,normal,0,random_094,0.021815282459486055,0.5876678804297606,0.5895,0.1575158134803388
12,normal,0,random_095,0.01865056351680448,0.5811555735489471,0.5836,0.13466516831363534
12,normal,0,random_096,0.015524666396937396,0.5741293156061252,0.57104,0.11209483356751743
12,normal,0,random_097,0.02783197642697948,0.5988005828565589,0.60142,0.2009589569056887
12,normal,0,random_098,0.02841406869389216,0.5998068142114734,0.5972,0.20516191586868365
12,normal,0,random_099,0.018776526050469564,0.5814253426663505,0.57494,0.13557467251075708
12,normal,0,random_100,0.03082972221575799,0.6038695754898041,0.60402,0.22260398338671797
12,normal,0,random_101,0.036301025535112705,0.6124814430483387,0.61212,0.26210916947570617
12,normal,0,random_102,0.031242002605952224,0.6045457691074133,0.6055,0.2255808268524874
12,normal,0,random_103,0.05004049622925588,0.6313933736642057,0.63262,0.3613141147793674
12,normal,0,random_104,0.02717021159470831,0.5976429477173384,0.5968,0.1961807274199391
12,normal,0,random_105,0.03929465447954343,0.6168977444617944,0.612,0.2837244705526467
12,normal,0,random_106,0.040151883712444436,0.6181284225797307,0.61764,0.2899140378988542
12,normal,0,random_107,0.025316975043142904,0.5943191172699313,0.59192,0.1827995546786076
12,normal,0,random_108,0.033388269873235156,0.6079910645139226,0.60428,0.24107780862112302
12,normal,0,random_109,0.019126509831333148,0.5821699763079113,0.57938,0.13810170740246816
12,normal,0,random_110,0.027749760189982868,0.5986575618296368,0.59908,0.20036531996901985
12,normal,0,random_111,0.0324331542012908,0.6064729968843079,0.6064,0.23418145867408324
12,normal,0,random_112,0.037315104586389716,0.6139988386079539,0.61152,0.26943126062863587
12,normal,0,random_113,0.036680731844566355,0.613052263828664,0.61228,0.2648508139319849
12,normal,0,random_114,0.0231884705471643,0.5903387353742753,0.5866,0.1674308278329535
12,normal,0,random_115,0.0336438421624695,0.6083933034903342,0.6086,0.24292315154146074
12,normal,0,random_116,0.017556506267398315,0.5787714124675387,0.57912,0.12676559983661392
12,normal,0,random_117,0.02489164093782865,0.5935382702422887,0.59464,0.17972845772059529
12,normal,0,random_118,0.028181016432938827,0.5994052771838142,0.60132,0.20347917733272067
12,normal,0,random_119,0.021609952474677258,0.5872610059138165,0.5884,0.15603324181760067
12,normal,0,random_120,0.04409521141724114,0.6236126803641577,0.6256,0.3183865764687373
12,normal,0,random_121,0.02776049343942308,0.5986762458490592,0.59472,0.20044281869130337
12,normal,0,random_122,0.04095607547298065,0.6192700015769199,0.62122,0.295720651661032
12,normal,0,random_123,0.03326351947276074,0.6077941216902448,0.60524,0.24017705655205324
12,normal,0,random_124,0.024153575783391855,0.5921663964109353,0.59082,0.17439930677246931
12,normal,0,random_125,0.040824563348602225,0.6190841574781578,0.61676,0.29477107700883737
12,normal,0,random_126,0.043809941679489164,0.6232251898572595,0.62558,0.31632680507284666
12,normal,0,random_127,0.020245561176017172,0.5845043435170941,0.58378,0.14618174410203982
12,normal,12,oracle_t0,0.037833063855017265,0.614765259741903,0.61366,0.4971975969467574
12,normal,12,oracle_t12,0.07609261204669214,0.6604799449445568,0.65874,0.9999999999999989
12,normal,12,bottom,5.013053048543629e-33,0.5,0.49672,-6.2431728503593665e-18
12,normal,12,random_000,0.032483497343745504,0.6065536071024459,0.60416,0.4268942341447402
12,normal,12,random_001,0.025394881787633158,0.5944613889068412,0.5945,0.3337364969420456
12,normal,12,random_002,0.018096354151543627,0.5799572185343659,0.5787,0.23782012030864802
12,normal,12,random_003,0.021102296790731792,0.5862462698937512,0.58524,0.2773238586918653
12,normal,12,random_004,0.024625885786291435,0.5930468042162844,0.59144,0.3236304435334723
12,normal,12,random_005,0.020435824889814283,0.5848944719186432,0.58408,0.2685651647399669
12,normal,12,random_006,0.02537181842272431,0.5944192951477331,0.59698,0.33343340096086543
12,normal,12,random_007,0.02582217547259348,0.5952376316807844,0.59632,0.3393519394070528
12,normal,12,random_008,0.03430831999816951,0.6094314785092654,0.61114,0.45087583505632733
12,normal,12,random_009,0.03257573402141551,0.6067011241689283,0.60806,0.42810639752287993
12,normal,12,random_010,0.011006302381118601,0.5625219494271011,0.56006,0.14464350854935662
12,normal,12,random_011,0.020835537824739393,0.585707926240284,0.5848,0.2738181442891488
12,normal,12,random_012,0.033897383011739654,0.6087907245859481,0.61096,0.44547535036567576
12,normal,12,random_013,0.028316307285869154,0.5996385904218807,0.6013,0.37212952117471804
12,normal,12,random_014,0.014498713349082178,0.571665464475507,0.57134,0.19054035548399134
12,normal,12,random_015,0.018976150534650883,0.5818509461716528,0.58142,0.2493822990726968
12,normal,12,random_016,0.032679691877269886,0.6068671188533169,0.6087,0.42947259922181213
12,normal,12,random_017,0.02137592552055045,0.5867947869650508,0.58382,0.28091985470854486
12,normal,12,random_018,0.017634997582417964,0.5789449895328034,0.57966,0.2317570274969233
12,normal,12,random_019,0.024822139400811415,0.593410008291724,0.59646,0.326209585045917
12,normal,12,random_020,0.02500059644870614,0.5937389627226102,0.5936,0.32855484620984204
12,normal,12,random_021,0.019132115127116746,0.5821818442101483,0.58534,0.25143196707949556
12,normal,12,random_022,0.013949790623799217,0.5703101540769255,0.56982,0.18332647872883237
12,normal,12,random_023,0.01685450504474636,0.5772007155905716,0.57472,0.22149988798392195
12,normal,12,random_024,0.010238482575915812,0.5603190145750649,0.55838,0.13455291256966234
12,normal,12,random_025,0.025904229647697896,0.5953859158292638,0.5943,0.3404302855552185
12,normal,12,random_026,0.03119232292289757,0.6044645419330779,0.6036,0.40992577444650224
12,normal,12,random_027,0.016915905837751388,0.5773394366904322,0.57566,0.22230680985653886
12,normal,12,random_028,0.03976839305665378,0.6175796528141481,0.61716,0.5226314616752931
12,normal,12,random_029,0.01515274543056815,0.5732461511298511,0.57274,0.19913556681784123
12,normal,12,random_030,0.019916303881610913,0.583824658981052,0.58412,0.2617376818315792
12,normal,12,random_031,0.02488082597321547,0.5935183241464662,0.59764,0.32698083695626057
12,normal,12,random_032,0.021629216624411453,0.587299264999669,0.59012,0.28424857607909754
12,normal,12,random_033,0.014973729951184338,0.5728170643884322,0.57528,0.1967829668141252
12,normal,12,random_034,0.0197418879726392,0.5834622333325956,0.5828,0.25944552883169664
12,normal,12,random_035,0.022433038341829727,0.5888800302752899,0.58622,0.29481230488006216
12,normal,12,random_036,0.015724247758877277,0.5745987309629336,0.57354,0.20664618201341947
12,normal,12,random_037,0.019633891262828607,0.5832369839770526,0.5809,0.25802624899748206
12,normal,12,random_038,0.021192413538929245,0.5864273275374222,0.58404,0.27850816221061087
12,normal,12,random_039,0.02310902926769753,0.5901865251214498,0.59004,0.3036960967185263
12,normal,12,random_040,0.015905931236057897,0.5750233757654629,0.5717,0.20903384452484877
12,normal,12,random_041,0.0195621211839098,0.5830869347454866,0.58136,0.25708305521048497
12,normal,12,random_042,0.02080526779620362,0.5856466111790779,0.5832,0.2734203391971486
12,normal,12,random_043,0.02594447595548023,0.5954585560728798,0.59708,0.34095919771501704
12,normal,12,random_044,0.020578936588280104,0.585186666748436,0.59024,0.2704459215521787
12,normal,12,random_045,0.022925463303205877,0.5898337549101536,0.58874,0.30128369478417005
12,normal,12,random_046,0.02301745176998345,0.5900107198506583,0.58582,0.30249259620446994
12,normal,12,random_047,0.013745508776268057,0.569798766250895,0.56602,0.18064183113905313
12,normal,12,random_048,0.024833895177123186,0.5934317163571478,0.5921,0.3263640780511585
12,normal,12,random_049,0.02268768051132071,0.5893745776117691,0.58722,0.29815878179341526
12,normal,12,random_050,0.02320256555288494,0.5903657128714939,0.59334,0.3049253393831098
12,normal,12,random_051,0.020924261714262135,0.5858873774627922,0.58542,0.2749841430259027
12,normal,12,random_052,0.030914814547312697,0.6040095322812491,0.6041,0.4062787925895175
12,normal,12,random_053,0.025017230729399747,0.5937695618513488,0.59288,0.32877345193576213
12,normal,12,random_054,0.01485650536197183,0.5725346477256019,0.57336,0.19524241529329453
12,normal,12,random_055,0.014773185948359134,0.572333214479746,0.56972,0.19414744153208932
12,normal,12,random_056,0.03690235268954262,0.6133839541509932,0.6113,0.48496630220682213
12,normal,12,random_057,0.02070251550136808,0.5854381268257939,0.58662,0.27206998083683254
12,normal,12,random_058,0.012885119370827461,0.5676006892630195,0.56708,0.16933469655268046
12,normal,12,random_059,0.026996819663309024,0.597337163000977,0.59678,0.35478897276838306
12,normal,12,random_060,0.02012451660371148,0.5842551479427983,0.58314,0.26447398850446346
12,normal,12,random_061,0.024495330985604323,0.5928043413921987,0.59632,0.3219147079689341
12,normal,12,random_062,0.021066311617378868,0.5861738573280056,0.5884,0.2768509458507229
12,normal,12,random_063,0.01847651177788408,0.5807812468933874,0.58146,0.2428161063329836
12,normal,12,random_064,0.02056174578518792,0.5851516241361682,0.58728,0.27022000207550706
12,normal,12,random_065,0.028470340468370978,0.5999035047631393,0.59738,0.3741538068229396
12,normal,12,random_066,0.023707957671312323,0.5913273835625563,0.59448,0.311567142113147
12,normal,12,random_067,0.033854294307544254,0.6087232968376165,0.6067,0.44490908377242283
12,normal,12,random_068,0.018863863937360816,0.5816118376074078,0.57908,0.24790664205068288
12,normal,12,random_069,0.031704075064101465,0.6052979772043643,0.60656,0.41665115983463813
12,normal,12,random_070,0.016205680779721208,0.5757185186531915,0.57256,0.21297311715067707
12,normal,12,random_071,0.0318082227834527,0.6054667070352604,0.60418,0.4180198566969214
12,normal,12,random_072,0.018895528515899873,0.5816793406444756,0.57852,0.24832277415191287
12,normal,12,random_073,0.025982240614745623,0.5955266629998839,0.59748,0.3414554963470344
12,normal,12,random_074,0.02295082982667047,0.589882591573685,0.58558,0.30161705859942484
12,normal,12,random_075,0.03126825104384757,0.6045886578682831,0.60558,0.4109236127241977
12,normal,12,random_076,0.02598798129222611,0.5955370114748,0.60016,0.3415309396433819
12,normal,12,random_077,0.030149281001718025,0.602742904124282,0.60226,0.3962182423599511
12,normal,12,random_078,0.025338215056672803,0.5943579282457374,0.59482,0.3329917895462003
12,normal,12,random_079,0.029017187282481205,0.6008378914951397,0.60144,0.3813404022019322
12,normal,12,random_080,0.016644417389311068,0.5767240759490014,0.57628,0.21873894116156323
12,normal,12,random_081,0.02170041140075751,0.5874405048033859,0.58512,0.2851842093085415
12,normal,12,random_082,0.033313607202836604,0.6078732425533907,0.60944,0.43780343855714393
12,normal,12,random_083,0.035127076442331685,0.6106959124289059,0.60814,0.4616358342486243
12,normal,12,random_084,0.025335731776696437,0.5943533915413975,0.59622,0.3329591545779745
12,normal,12,random_085,0.02184069535599735,0.5877180977931602,0.58928,0.2870278042577298
12,normal,12,random_086,0.015328548550824564,0.5736649946095843,0.5749,0.20144595038239196
12,normal,12,random_087,0.029810868037231077,0.6021775037733623,0.6018,0.3917708596852798
12,normal,12,random_088,0.030675046741324038,0.6036146409334009,0.60244,0.4031277927810009
12,normal,12,random_089,0.03068186292875489,0.6036258897592689,0.60166,0.40321737030038834
12,normal,12,random_090,0.027434763950430433,0.5981075097304174,0.5983,0.36054438417222173
12,normal,12,random_091,0.015541595762870411,0.574169254252129,0.57278,0.20424579134349752
12,normal,12,random_092,0.023756343511698325,0.5914188846053656,0.5905,0.31220302303620323
12,normal,12,random_093,0.017623352179873476,0.5789192620934829,0.58104,0.2316039850105206
12,normal,12,random_094,0.021662156012602768,0.5873646420816407,0.58474,0.28468146157619567
12,normal,12,random_095,0.03389209260834995,0.6087824483351394,0.60994,0.445405824517536
12,normal,12,random_096,0.024766912018558112,0.5933079534029956,0.594,0.3254837933985043
12,normal,12,random_097,0.03053377211824005,0.6033811924559354,0.60456,0.40127117859357764
12,normal,12,random_098,0.031041429571023533,0.6042174032946346,0.60546,0.4079427520765849
12,normal,12,random_099,0.0214656495673279,0.5869738462786365,0.5869,0.28209899739223127
12,normal,12,random_100,0.015402534479063805,0.5738405198299119,0.5762,0.2024182645959432
12,normal,12,random_101,0.02535967537712393,0.5943971243203022,0.59224,0.3332738185089854
12,normal,12,random_102,0.013807432611903692,0.5699541943537941,0.56776,0.1814556267753186
12,normal,12,random_103,0.02848778462546989,0.5999334580262822,0.6007,0.37438305584764414
12,normal,12,random_104,0.028329298911317184,0.5996609636533171,0.59926,0.3723002555613896
12,normal,12,random_105,0.021082402652517325,0.5862062451404919,0.59004,0.27706241230857825
12,normal,12,random_106,0.03152331898460628,0.6050044278000217,0.6059,0.4142756850725908
12,normal,12,random_107,0.03673613728957302,0.6131352882433825,0.61316,0.4827819193147274
12,normal,12,random_108,0.021673438351448922,0.5873870229333998,0.58468,0.2848297327229296
12,normal,12,random_109,0.03586351372316547,0.6118197033731498,0.6103,0.47131400484923247
12,normal,12,random_110,0.022898758352982385,0.5897823107428777,0.59262,0.3009327415246457
12,normal,12,random_111,0.03155631292776946,0.6050580773675325,0.60412,0.41470928752459923
12,normal,12,random_112,0.01649914904857335,0.5763926686344921,0.57634,0.21682984201474229
12,normal,12,random_113,0.025284587165656704,0.5942599031352469,0.59306,0.332287018221184
12,normal,12,random_114,0.013626214248182795,0.5694983176548465,0.56692,0.17907407672930759
12,normal,12,random_115,0.03073696837883149,0.6037167818527663,0.60568,0.4039415595297288
12,normal,12,random_116,0.025919818439196093,0.5954140589972827,0.5921,0.3406351515872669
12,normal,12,random_117,0.038706546052488036,0.6160449558405383,0.61506,0.5086767954389159
12,normal,12,random_118,0.012170453710148112,0.5657167744920016,0.56598,0.15994264597829866
12,normal,12,random_119,0.027896706507841464,0.5989130276024641,0.59818,0.366615177971856
12,normal,12,random_120,0.02445858475255143,0.5927359743986416,0.59338,0.3214317933723061
12,normal,12,random_121,0.0370739872630384,0.6136400917081487,0.60952,0.4872219032287777
12,normal,12,random_122,0.0217610779477351,0.5875606665341488,0.5834,0.2859814818077476
12,normal,12,random_123,0.03933970847120556,0.6169627879456105,0.61244,0.5169977401625506
12,normal,12,random_124,0.025368154745644148,0.5944126065804917,0.59656,0.3333852533551831
12,normal,12,random_125,0.029606814338313844,0.6018349265929699,0.59894,0.38908921039727756
12,normal,12,random_126,0.03093043106645856,0.6040351953858631,0.60286,0.4064840230149927
12,normal,12,random_127,0.018382988151763792,0.5805793503549364,0.57976,0.2415870300323447
12,nonnormal,0,oracle_t0,0.2384960965926911,0.7680807656037922,0.76616,1.0000000000000004
12,nonnormal,0,oracle_t12,0.16379741712663368,0.7281005592967207,0.72474,0.6867928635594005
12,nonnormal,0,bottom,1.6221709780879487e-32,0.5000000000000001,0.49938,-7.786469457200322e-18
12,nonnormal,0,random_000,0.027535214430024414,0.5982832806788079,0.59934,0.11545352239894165
12,nonnormal,0,random_001,0.03218421632393519,0.6060734036784438,0.6039,0.13494651184543335
12,nonnormal,0,random_002,0.027096485948496313,0.597513055994776,0.59418,0.11361395987445569
12,nonnormal,0,random_003,0.021766494912606547,0.5875713873230031,0.58912,0.09126562331030454
12,nonnormal,0,random_004,0.032291783073977606,0.6062462716787409,0.60612,0.13539753285407538
12,nonnormal,0,random_005,0.04050314372243941,0.6186285689723876,0.61712,0.16982728145698586
12,nonnormal,0,random_006,0.03894394138814973,0.6163900341534357,0.61086,0.16328963846590355
12,nonnormal,0,random_007,0.0238798189221413,0.5916519413795751,0.5903,0.1001266656490558
12,nonnormal,0,random_008,0.04842518976951164,0.6293324575970943,0.62972,0.203043951080731
12,nonnormal,0,random_009,0.0378567848326104,0.6148002228292693,0.61292,0.15873125545221425
12,nonnormal,0,random_010,0.020178089886809407,0.5843655361222343,0.5815,0.08460553516425048
12,nonnormal,0,random_011,0.03463074702067522,0.6099313347757243,0.61154,0.14520467007817903
12,nonnormal,0,random_012,0.03581082176564305,0.6117397126756486,0.6103,0.15015265355391358
12,nonnormal,0,random_013,0.01759198102920423,0.5788499118257051,0.57962,0.0737621339742436
12,nonnormal,0,random_014,0.04310065467327575,0.6222556975146607,0.61804,0.18071849094823556
12,nonnormal,0,random_015,0.04385022583790202,0.6232799929322472,0.6246,0.1838613984227609
12,nonnormal,0,random_016,0.04846961394577763,0.6293896429736421,0.6329,0.20323021901928703
12,nonnormal,0,random_017,0.01879131914279983,0.581456962507776,0.57674,0.07879088761310866
12,nonnormal,0,random_018,0.04433165446675416,0.6239328051653157,0.6247,0.1858800001346134
12,nonnormal,0,random_019,0.03462101875504547,0.60991628989447,0.6063,0.14516388003687963
12,nonnormal,0,random_020,0.02270262460042567,0.5894035101012264,0.58484,0.09519075961732702
12,nonnormal,0,random_021,0.036744249846281135,0.6131474391248475,0.61538,0.15406646218212022
12,nonnormal,0,random_022,0.039844854108904225,0.6176892968998027,0.61798,0.1670671121169424
12,nonnormal,0,random_023,0.03476461661899499,0.6101381348231976,0.60874,0.14576597737097044
12,nonnormal,0,random_024,0.022218496876652033,0.5884610701261787,0.59346,0.09316084076041414
12,nonnormal,0,random_025,0.037430897641387725,0.6141706750386698,0.61042,0.15694553569701836
12,nonnormal,0,random_026,0.025063752176684932,0.5938550820803785,0.59904,0.10509082762679073
12,nonnormal,0,random_027,0.022834789688130068,0.5896589536864875,0.59192,0.09574491999811562
12,nonnormal,0,random_028,0.01887187362038254,0.5816289183500797,0.58356,0.0791286477640443
12,nonnormal,0,random_029,0.030953966018132162,0.6040738580061981,0.60304,0.12978814521646456
12,nonnormal,0,random_030,0.02734401959473981,0.5979484288567722,0.60062,0.11465185378458645
12,nonnormal,0,random_031,0.028895912233483496,0.6006314856453664,0.59662,0.12115884765540871
12,nonnormal,0,random_032,0.021313559869391912,0.5866700937547833,0.58412,0.08936649351453196
12,nonnormal,0,random_033,0.013091653979896395,0.5681350618590281,0.56644,0.054892529340866365
12,nonnormal,0,random_034,0.06877197320493417,0.6529754719741703,0.64818,0.28835680829772453
12,nonnormal,0,random_035,0.025354955570518374,0.5943885053618619,0.59904,0.10631182620074545
12,nonnormal,0,random_036,0.08474522115948285,0.6688230188576721,0.66552,0.35533169041425705
12,nonnormal,0,random_037,0.03005941306239033,0.6025930898438779,0.60252,0.12603733768325132
12,nonnormal,0,random_038,0.05763002852556885,0.6406115155041496,0.63758,0.24163929451638233
12,nonnormal,0,random_039,0.039880484829660376,0.617740351702766,0.61392,0.167216509617636
12,nonnormal,0,random_040,0.05793770560709982,0.6409703808142969,0.63906,0.24292936628664033
12,nonnormal,0,random_041,0.030448816328051232,0.6032405297337156,0.6031,0.12767008250056347
12,nonnormal,0,random_042,0.02373969769170118,0.5913874172689612,0.58936,0.09953914563324853
12,nonnormal,0,random_043,0.041641183525955805,0.620232918503699,0.61814,0.17459901491415836
12,nonnormal,0,random_044,0.013053051349477188,0.5680355156870466,0.56452,0.05473067079906753
12,nonnormal,0,random_045,0.050348992567882694,0.6317827491089271,0.62724,0.21111034221188885
12,nonnormal,0,random_046,0.008363406902788334,0.554554751012107,0.55864,0.03506726953720987
12,nonnormal,0,random_047,0.0462149378344527,0.6264497368142968,0.62332,0.19377649569409758
12,nonnormal,0,random_048,0.020044767053477096,0.5840905384918652,0.58572,0.08404652042465076
12,nonnormal,0,random_049,0.030590346464528302,0.6034747475769685,0.60104,0.12826350997589356
12,nonnormal,0,random_050,0.039734827575049377,0.6175314841096498,0.61506,0.16660577738053883
12,nonnormal,0,random_051,0.051034465188925654,0.6326432048592471,0.63418,0.2139844882915776
12,nonnormal,0,random_052,0.051488913169477096,0.6332101156213887,0.63492,0.21588996174394837
12,nonnormal,0,random_053,0.04554911391744124,0.6255664629230567,0.62656,0.1909847354660527
12,nonnormal,0,random_054,0.02621689595464306,0.595948684415034,0.59844,0.10992589115375273
12,nonnormal,0,random_055,0.02436224122861096,0.5925564679556404,0.59196,0.10214943379227437
12,nonnormal,0,random_056,0.028620621844794747,0.600161232650711,0.5971,0.12000457136903872
12,nonnormal,0,random_057,0.06537139047531954,0.649331929996463,0.6512,0.27409836642719676
12,nonnormal,0,random_058,0.06246812621351776,0.6461342042109698,0.64886,0.2619251514216696
12,nonnormal,0,random_059,0.05028198633412,0.6316982888311125,0.63068,0.2108293890444367
12,nonnormal,0,random_060,0.022201714989884852,0.588428208778796,0.58902,0.0930904753036752
12,nonnormal,0,random_061,0.058455841708475,0.6415722928796485,0.6437,0.24510188025553808
12,nonnormal,0,random_062,0.024559825351623352,0.5929242035673212,0.59448,0.10297789231145014
12,nonnormal,0,random_063,0.027081324741062465,0.5974863213595298,0.60094,0.11355038983012188
12,nonnormal,0,random_064,0.03875531227066117,0.6161159362113712,0.61392,0.1624987277542255
12,nonnormal,0,random_065,0.03130317478735867,0.6046456918241183,0.60856,0.1312523568921085
12,nonnormal,0,random_066,0.027296708802753797,0.5978653787626893,0.5949,0.11445348243737392
12,nonnormal,0,random_067,0.046069260329641606,0.6262570858760654,0.62124,0.19316567854911154
12,nonnormal,0,random_068,0.056792832359986944,0.6396295236309706,0.64024,0.23812898060541013
12,nonnormal,0,random_069,0.02951020722606556,0.6016722977504071,0.60012,0.12373455015686796
12,nonnormal,0,random_070,0.04509058275118798,0.6249540349435764,0.62156,0.18906214145799904
12,nonnormal,0,random_071,0.04894488077754319,0.6299996235196572,0.63012,0.2052229846810967
12,nonnormal,0,random_072,0.06279492371949719,0.6464983316317189,0.6453,0.2632953939985851
12,nonnormal,0,random_073,0.017118398541796368,0.5777950799784285,0.5777,0.07177643066851344
12,nonnormal,0,random_074,0.03453743430614649,0.6097869315360711,0.60928,0.14481341539576761
12,nonnormal,0,random_075,0.04367279158794944,0.6230384013349904,0.6236,0.18311742712726592
12,nonnormal,0,random_076,0.030893844399826967,0.6039750604876407,0.60234,0.12953605883365113
12,nonnormal,0,random_077,0.03235574278287098,0.6063489134460369,0.60662,0.1356657121232841
12,nonnormal,0,random_078,0.025545955642223325,0.5947366207783953,0.59688,0.1071126781829527
12,nonnormal,0,random_079,0.04050746404161629,0.6186347057598315,0.62038,0.1698453962992771
12,nonnormal,0,random_080,0.022774620300453893,0.5895427572424947,0.58748,0.0954926333211604
12,nonnormal,0,random_081,0.02213808336612584,0.58830349030331,0.58468,0.0928236716759929
12,nonnormal,0,random_082,0.0381631517429526,0.6152507224265674,0.61628,0.16001583375231704
12,nonnormal,0,random_083,0.047663713877253586,0.6283476850924493,0.6266,0.1998511277887065
12,nonnormal,0,random_084,0.02861422490175408,0.600150276787238,0.59796,0.11997774936594494
12,nonnormal,0,random_085,0.02515392476246013,0.5940206076208108,0.59382,0.10546891593541913
12,nonnormal,0,random_086,0.03195638579971616,0.6057062368060218,0.60094,0.13399123195836607
12,nonnormal,0,random_087,0.04734870966023455,0.6279377618984089,0.62768,0.19853033377354476
12,nonnormal,0,random_088,0.0222469492276189,0.5885167541598969,0.5871,0.09328013978196356
12,nonnormal,0,random_089,0.03284294237007076,0.6071272180080561,0.60742,0.1377085111215077
12,nonnormal,0,random_090,0.02966504096747502,0.6019328089029614,0.60364,0.12438375885932272
12,nonnormal,0,random_091,0.02580608357452746,0.5952085219918631,0.59678,0.10820337918821231
12,nonnormal,0,random_092,0.04258428144268431,0.6215443728230663,0.62712,0.17855336859206844
12,nonnormal,0,random_093,0.027160232274679653,0.597625376848638,0.59954,0.11388124444260615
12,nonnormal,0,random_094,0.028117799017315682,0.5992960526415282,0.59678,0.11789626505013995
12,nonnormal,0,random_095,0.036435829539675064,0.6126844650591082,0.6137,0.15277327411316496
12,nonnormal,0,random_096,0.025576838864203102,0.5947927789342011,0.59566,0.10724216970260862
12,nonnormal,0,random_097,0.03653616571776156,0.6128353130406283,0.60932,0.1531939777620714
12,nonnormal,0,random_098,0.046048996865152826,0.6262302618758124,0.62956,0.19308071504330038
12,nonnormal,0,random_099,0.02802719019985356,0.5991392744176899,0.59552,0.11751634764789894
12,nonnormal,0,random_100,0.03650472627586549,0.6127880703172952,0.61134,0.15306215404526755
12,nonnormal,0,random_101,0.03797369001253084,0.6149723596013927,0.617,0.15922143194394983
12,nonnormal,0,random_102,0.04241766678008774,0.6213138466998179,0.62288,0.1778547631852003
12,nonnormal,0,random_103,0.04761172788174644,0.6282801378965832,0.62482,0.1996331535901772
12,nonnormal,0,random_104,0.027827482276620776,0.5987927707645191,0.59688,0.11667898416025305
12,nonnormal,0,random_105,0.024257049759308924,0.5923600480204669,0.58994,0.10170837219502024
12,nonnormal,0,random_106,0.06880779382839254,0.6530132929505724,0.65156,0.288507002049195
12,nonnormal,0,random_107,0.022671962908663083,0.5893441367539345,0.59184,0.0950621969607443
12,nonnormal,0,random_108,0.03419972859825482,0.6092625607823448,0.60702,0.1433974353746421
12,nonnormal,0,random_109,0.02677197668884449,0.5969390867519716,0.59792,0.1122533117787931
12,nonnormal,0,random_110,0.045307752436241605,0.6252445189195331,0.62808,0.1899727210781952
12,nonnormal,0,random_111,0.034233068186474466,0.6093144523672278,0.61178,0.14353722629238017
12,nonnormal,0,random_112,0.017743073199688264,0.5791833339407997,0.57846,0.0743956544915294
12,nonnormal,0,random_113,0.03986709036915214,0.6177211618684655,0.61904,0.16716034743846583
12,nonnormal,0,random_114,0.018846110563118936,0.5815739648492919,0.57828,0.07902062479162811
12,nonnormal,0,random_115,0.02555780700859786,0.594758175585682,0.59496,0.10716237025986236
12,nonnormal,0,random_116,0.03952734530149392,0.6172332401023216,0.61794,0.16573581650268937
12,nonnormal,0,random_117,0.04333566914930258,0.6225778916569376,0.62226,0.18170389271951984
12,nonnormal,0,random_118,0.05888330546612285,0.6420666036741265,0.63922,0.2468942104603292
12,nonnormal,0,random_119,0.024010197993337045,0.5918973405265269,0.59466,0.10067333736846097
12,nonnormal,0,random_120,0.03263975163982911,0.6068033778605079,0.60618,0.1368565444304609
12,nonnormal,0,random_121,0.04344522605286318,0.6227277615318239,0.62008,0.1821632583239293
12,nonnormal,0,random_122,0.04781292396948217,0.6285413326663425,0.63058,0.2004767568633969
12,nonnormal,0,random_123,0.02528354606093322,0.5942579990387183,0.59324,0.10601241035870296
12,nonnormal,0,random_124,0.05982879800751042,0.6431527802893799,0.641,0.25085860465753185
12,nonnormal,0,random_125,0.03155538582539419,0.6050565702695512,0.59982,0.13230986282884613
12,nonnormal,0,random_126,0.050114603506184234,0.6314870314155845,0.62852,0.210127562765822
12,nonnormal,0,random_127,0.017884898974194596,0.5794949667984094,0.57946,0.07499032155959692
12,nonnormal,12,oracle_t0,0.10042234738780191,0.6827284854259893,0.68456,0.6459987550845289
12,nonnormal,12,oracle_t12,0.1554528497112376,0.7228780136932236,0.72176,0.9999999999999991
12,nonnormal,12,bottom,8.32776943935501e-33,0.5,0.49548,-4.809056264021663e-18
12,nonnormal,12,random_000,0.013790688980033715,0.5699122035401862,0.56918,0.08871300208166452
12,nonnormal,12,random_001,0.007366290476705607,0.5512185633687251,0.54608,0.047386011194962975
12,nonnormal,12,random_002,0.025103656981977845,0.5939283721768844,0.59386,0.16148727429963028
12,nonnormal,12,random_003,0.007639480537791983,0.5521543449545873,0.55012,0.04914339333105017
12,nonnormal,12,random_004,0.0145108336789045,0.5716950884646677,0.5709,0.09334556237379489
12,nonnormal,12,random_005,0.02097476605126008,0.5859893486719938,0.58454,0.13492686747281812
12,nonnormal,12,random_006,0.023968830512596573,0.5918195549832314,0.59138,0.15418714135585165
12,nonnormal,12,random_007,0.013552441892121217,0.5693118399531265,0.5691,0.08718040175716066
12,nonnormal,12,random_008,0.020017131864156948,0.5840334174282938,0.58164,0.12876658035758032
12,nonnormal,12,random_009,0.015244162105721916,0.5734642592677102,0.57462,0.09806293119771553
12,nonnormal,12,random_010,0.00545901475103907,0.544123517721681,0.5408,0.035116852223548774
12,nonnormal,12,random_011,0.007451223799500343,0.5515113550870256,0.5482,0.04793237186286006
12,nonnormal,12,random_012,0.01718204648368412,0.5779377201092688,0.57594,0.1105289900802765
12,nonnormal,12,random_013,0.007855472080292736,0.5528822141631993,0.5548,0.05053282776664891
12,nonnormal,12,random_014,0.020837107242152337,0.5857111039851304,0.58496,0.13404133331012216
12,nonnormal,12,random_015,0.017816065437860466,0.5793438804479805,0.5779,0.11460751907060432
12,nonnormal,12,random_016,0.030084048202137,0.6026341815972338,0.60726,0.19352522811913575
12,nonnormal,12,random_017,0.012846519507479245,0.5675003311478576,0.56592,0.08263933103408763
12,nonnormal,12,random_018,0.010403354868484935,0.5607989919177085,0.56104,0.06692289583503773
12,nonnormal,12,random_019,0.01919588641481889,0.5823167375191892,0.5813,0.12348365726634353
12,nonnormal,12,random_020,0.011605734774183824,0.5641875528185533,0.56172,0.07465758778782196
12,nonnormal,12,random_021,0.017566027158232023,0.578792488598723,0.5772,0.11299906814742791
12,nonnormal,12,random_022,0.029059483472378873,0.6009097700208424,0.59882,0.18693438895689896
12,nonnormal,12,random_023,0.027163267477300287,0.5976307213774449,0.5945,0.17473637522732813
12,nonnormal,12,random_024,0.010304944151003312,0.5605129702642018,0.55942,0.06628983753044938
12,nonnormal,12,random_025,0.016537094923588846,0.576479381830749,0.57736,0.10638013361805472
12,nonnormal,12,random_026,0.015395281375352659,0.5738233317786503,0.57806,0.09903505406269651
12,nonnormal,12,random_027,0.024465328123654442,0.5927485246129615,0.58602,0.15738102047727098
12,nonnormal,12,random_028,0.009278491496969266,0.5574421933541068,0.5544,0.05968685369360921
12,nonnormal,12,random_029,0.02186035874447513,0.5877569327639443,0.58686,0.14062372471834358
12,nonnormal,12,random_030,0.010261811237591126,0.5603871680729744,0.56526,0.06601237131807497
12,nonnormal,12,random_031,0.020038831444966623,0.5840782732482896,0.58268,0.12890616982699166
12,nonnormal,12,random_032,0.012832558451927208,0.5674639947621282,0.56328,0.08254952209473415
12,nonnormal,12,random_033,0.008787553721851426,0.5559121331719581,0.55326,0.05652873998884415
12,nonnormal,12,random_034,0.036856019392588577,0.6133146984686626,0.61226,0.23708809109032525
12,nonnormal,12,random_035,0.022290377082255022,0.588601674677549,0.5904,0.14338995472685528
12,nonnormal,12,random_036,0.04841100271681259,0.6293141890721837,0.63016,0.3114192040013336
12,nonnormal,12,random_037,0.01699078286145556,0.5775082510538879,0.57682,0.10929862587284103
12,nonnormal,12,random_038,0.03420672728669723,0.6092734561875325,0.61102,0.22004567526576785
12,nonnormal,12,random_039,0.014313258007389085,0.5712105780361207,0.56872,0.09207459389761435
12,nonnormal,12,random_040,0.026534077267145198,0.5965159600805925,0.59644,0.17068890867188163
12,nonnormal,12,random_041,0.008168820402002439,0.5539202938590382,0.55594,0.05254854071299738
12,nonnormal,12,random_042,0.01674172303215042,0.576945225364783,0.57604,0.10769646914321031
12,nonnormal,12,random_043,0.02536744190940092,0.5944113051365021,0.59558,0.1631841549159269
12,nonnormal,12,random_044,0.010703974087912618,0.5616642412973853,0.56342,0.0688567247740768
12,nonnormal,12,random_045,0.026737548375775678,0.5968779764162871,0.59302,0.17199780142623403
12,nonnormal,12,random_046,0.005282066186397472,0.5434053923266446,0.54364,0.033978574186380006
12,nonnormal,12,random_047,0.038455620955648265,0.6156789577389847,0.6169,0.24737803795222607
12,nonnormal,12,random_048,0.009582511047400655,0.5583690492012019,0.55776,0.061642556345545954
12,nonnormal,12,random_049,0.021601467522620068,0.5872441489130265,0.58214,0.13895832442278142
12,nonnormal,12,random_050,0.0391024695030134,0.6166198343436318,0.61874,0.25153909738964847
12,nonnormal,12,random_051,0.018768809945772662,0.5814088445459307,0.58174,0.12073635176606132
12,nonnormal,12,random_052,0.034825241136791835,0.6102316455735847,0.61428,0.2240244627324726
12,nonnormal,12,random_053,0.018910942740467465,0.5817121795881786,0.57932,0.12165066626694579
12,nonnormal,12,random_054,0.02022666081020999,0.5844654845690509,0.58594,0.13011444208184111
12,nonnormal,12,random_055,0.024671057820591875,0.5931305384874266,0.59382,0.15870444232074046
12,nonnormal,12,random_056,0.009072881758939257,0.5568065411409581,0.55506,0.058364203524043694
12,nonnormal,12,random_057,0.04301132245143428,0.6221329743928403,0.62262,0.27668403976723616
12,nonnormal,12,random_058,0.047251428044437147,0.6278108619775964,0.63118,0.30395987035431826
12,nonnormal,12,random_059,0.05280386629379964,0.6348349199673863,0.632,0.3396776990057484
12,nonnormal,12,random_060,0.01287832155735455,0.5675830264499053,0.56654,0.08284390785551211
12,nonnormal,12,random_061,0.03768026033641285,0.6145397522763016,0.61808,0.24239028365453605
12,nonnormal,12,random_062,0.010804906552154483,0.5619519513890963,0.5652,0.06950600501840398
12,nonnormal,12,random_063,0.019951172437044834,0.583896914612585,0.58384,0.1283422753208143
12,nonnormal,12,random_064,0.02115591063059169,0.586354036575342,0.58368,0.13609213771178827
12,nonnormal,12,random_065,0.02403513403777129,0.5919441950236026,0.59182,0.1546136599130725
12,nonnormal,12,random_066,0.01093735470310438,0.5623274172789373,0.5589,0.07035801996181558
12,nonnormal,12,random_067,0.03128189475275743,0.6046109434613554,0.6008,0.2012307578205564
12,nonnormal,12,random_068,0.029688904398413943,0.6019728950957026,0.60078,0.19098333966577472
12,nonnormal,12,random_069,0.03097707184150561,0.6041118003741905,0.6063,0.1992698872941039
12,nonnormal,12,random_070,0.015367884404646322,0.5737583699487621,0.5719,0.09885881431696504
12,nonnormal,12,random_071,0.02048738272764962,0.5849998618500367,0.58244,0.13179161891021018
12,nonnormal,12,random_072,0.026343877168318267,0.5961762230523684,0.59738,0.16946538591768162
12,nonnormal,12,random_073,0.007365356275817131,0.5512153333714829,0.5493,0.04738000165000957
12,nonnormal,12,random_074,0.02859394840509694,0.6001155411882297,0.6006,0.1839396862663617
12,nonnormal,12,random_075,0.021153035296667407,0.5863482606332147,0.58772,0.13607364120992532
12,nonnormal,12,random_076,0.02285102099019702,0.5896902712819692,0.5888,0.1469964753469882
12,nonnormal,12,random_077,0.02482836868825234,0.5934215118897037,0.59776,0.1597163946133661
12,nonnormal,12,random_078,0.013114526196814835,0.5681939721061302,0.56854,0.08436336947940032
12,nonnormal,12,random_079,0.025930488754792577,0.5954333174495843,0.59566,0.16680613319704268
12,nonnormal,12,random_080,0.006055970040068678,0.5464630592518664,0.54828,0.03895695737529404
12,nonnormal,12,random_081,0.018792067161353794,0.5814585610329266,0.57746,0.1208859612175724
12,nonnormal,12,random_082,0.016677404638955118,0.5767991220112226,0.57324,0.1072827205801265
12,nonnormal,12,random_083,0.03352093113598485,0.608200062674852,0.60658,0.21563407295686007
12,nonnormal,12,random_084,0.012560923736913835,0.566752923034378,0.5646,0.08080214521796449
12,nonnormal,12,random_085,0.017769492734006104,0.5792414833225977,0.57474,0.11430792530991828
12,nonnormal,12,random_086,0.01506815253621871,0.5730437167452099,0.57554,0.09693069354604075
12,nonnormal,12,random_087,0.025586622525197174,0.5948105620972644,0.5958,0.16459410408188563
12,nonnormal,12,random_088,0.020060405555735378,0.5841228445506701,0.58012,0.12904495217037634
12,nonnormal,12,random_089,0.0192490522224188,0.5824290188429762,0.58206,0.12382566326815483
12,nonnormal,12,random_090,0.012555390687981567,0.5667383571383907,0.56442,0.08076655211727478
12,nonnormal,12,random_091,0.023293379741700312,0.5905393226504929,0.58958,0.14984208899977744
12,nonnormal,12,random_092,0.024007192344825654,0.5918916912212597,0.59452,0.15443391606792892
12,nonnormal,12,random_093,0.016606049454493933,0.5766366916969954,0.5792,0.1068237056145358
12,nonnormal,12,random_094,0.011869929975064664,0.5649076223174828,0.56128,0.07635710761889358
12,nonnormal,12,random_095,0.0143674582876977,0.571343833992406,0.5712,0.09242325447482015
12,nonnormal,12,random_096,0.021213235775016846,0.5864691050467308,0.5908,0.13646089997334626
12,nonnormal,12,random_097,0.012808986569034585,0.5674025981278462,0.5638,0.08239788844545458
12,nonnormal,12,random_098,0.03081935599138084,0.6038525113914052,0.60418,0.19825532982270508
12,nonnormal,12,random_099,0.013184303624193785,0.5683733665134999,0.5703,0.08481223501971406
12,nonnormal,12,random_100,0.012004465584120192,0.56527114109341,0.56668,0.07722255080186148
12,nonnormal,12,random_101,0.016474115074404612,0.5763354048392423,0.56874,0.10597499566592825
12,nonnormal,12,random_102,0.028210906323551863,0.5994568743913499,0.59786,0.18147564599783908
12,nonnormal,12,random_103,0.02992350107273294,0.6023660629310265,0.60328,0.19249245754141855
12,nonnormal,12,random_104,0.026799475382391573,0.5969878670769554,0.5938,0.17239616663298926
12,nonnormal,12,random_105,0.012786385273514536,0.5673436749348918,0.56434,0.08225249840878411
12,nonnormal,12,random_106,0.024026629577023614,0.591928218134564,0.5921,0.1545589522588644
12,nonnormal,12,random_107,0.018154513984534937,0.5800838654646481,0.5815,0.11678469721370793
12,nonnormal,12,random_108,0.01940673128171875,0.5827610744292502,0.58174,0.12483998407084737
12,nonnormal,12,random_109,0.020053279239825104,0.5841081246214137,0.58068,0.128999109872062
12,nonnormal,12,random_110,0.025125817808987438,0.5939690466927332,0.59524,0.16162983088222596
12,nonnormal,12,random_111,0.013359536080267784,0.568821736985785,0.57062,0.0859394736415824
12,nonnormal,12,random_112,0.012374109990382104,0.5662592926467339,0.56484,0.0796004062541645
12,nonnormal,12,random_113,0.02728120282750402,0.5978381427148808,0.59914,0.1754950319545789
12,nonnormal,12,random_114,0.007554074286745901,0.5518636507464589,0.5493,0.048593990401449794
12,nonnormal,12,random_115,0.02951619276453961,0.6016823820748253,0.60216,0.1898723170361147
12,nonnormal,12,random_116,0.015161419441988962,0.5732668753429895,0.5738,0.09753066264241625
12,nonnormal,12,random_117,0.018279684238836927,0.5803557177435494,0.58364,0.11758989476740024
12,nonnormal,12,random_118,0.021366958493995895,0.5867768701344519,0.5857,0.13744977035600317
12,nonnormal,12,random_119,0.014408112279849743,0.5714436150406805,0.56816,0.09268477423613403
12,nonnormal,12,random_120,0.017914791829131596,0.5795604859994805,0.5764,0.11524260804745179
12,nonnormal,12,random_121,0.03928608211401948,0.616885364126063,0.6125,0.25272024402894866
12,nonnormal,12,random_122,0.04163694787277362,0.6202269920190293,0.62154,0.2678429372643639
12,nonnormal,12,random_123,0.0107943933096328,0.5619220475684534,0.55946,0.06943837523521751
12,nonnormal,12,random_124,0.02381773214996418,0.5915348336940203,0.59062,0.15321515298180086
12,nonnormal,12,random_125,0.013527356001176903,0.5692483100996281,0.56842,0.08701902876856044
12,nonnormal,12,random_126,0.03953200030652099,0.6172399407443235,0.6173,0.25430219117857195
12,nonnormal,12,random_127,0.021779779591933564,0.5875976732899464,0.58432,0.14010537363831355
13,normal,0,oracle_t0,0.125660875897769,0.702543552528504,0.70078,1.0000000000000007
13,normal,0,oracle_t12,0.07988183756183542,0.6641990896325726,0.66116,0.6356937828988486
13,normal,0,bottom,2.417579183191596e-32,0.5000000000000001,0.49916,-2.4488962170236707e-17
13,normal,0,random_000,0.03949458918587549,0.617186077193339,0.61698,0.31429503338816633
13,normal,0,random_001,0.039781052353833696,0.6175978139982156,0.61654,0.3165746861910901
13,normal,0,random_002,0.01782878310813221,0.5793718179650049,0.57872,0.1418801435272246
13,normal,0,random_003,0.04062325653333869,0.6187990500808436,0.6197,0.3232768850536077
13,normal,0,random_004,0.029073082682140535,0.6009328687992924,0.60052,0.23136145179978598
13,normal,0,random_005,0.04620259906533354,0.6264334324364501,0.62868,0.3676768822057357
13,normal,0,random_006,0.03518362603187803,0.6107826543139183,0.6094,0.27998870595571534
13,normal,0,random_007,0.04332825762656918,0.6225677454572769,0.6234,0.3448030846276989
13,normal,0,random_008,0.025262680308807545,0.5942198285218102,0.59296,0.20103855021160244
13,normal,0,random_009,0.03625346521834916,0.6124097173876073,0.61098,0.2885024074465556
13,normal,0,random_010,0.03975822357051423,0.6175650612625561,0.6143,0.31639301641395073
13,normal,0,random_011,0.028851430869522188,0.6005556643295483,0.60064,0.2295975629916363
13,normal,0,random_012,0.03304976774488484,0.6074557480215844,0.6086,0.2630076187895779
13,normal,0,random_013,0.024298974623065236,0.5924383864184498,0.59092,0.193369451306655
13,normal,0,random_014,0.03590526405162192,0.6118830387015468,0.61582,0.2857314481942063
13,normal,0,random_015,0.04032168945243105,0.6183704994896256,0.62096,0.32087703642329113
13,normal,0,random_016,0.03396042688402845,0.608889296300198,0.61158,0.270254577181659
13,normal,0,random_017,0.019070195882867756,0.5820506439078803,0.58292,0.1517592150032622
13,normal,0,random_018,0.019399347643173526,0.5827455567448832,0.58294,0.1543785804816116
13,normal,0,random_019,0.03666647555664747,0.6130308899687512,0.61058,0.29178911331540774
13,normal,0,random_020,0.03839779144831665,0.615594424072806,0.61382,0.3055667977322955
13,normal,0,random_021,0.03639754431276507,0.6126268468384737,0.61446,0.2896489782736849
13,normal,0,random_022,0.029564436637047952,0.6017636226752001,0.6031,0.23527161040242975
13,normal,0,random_023,0.01642998494396138,0.5762343496857276,0.57632,0.13074861070782248
13,normal,0,random_024,0.024568508052756136,0.5929403275964142,0.59662,0.19551437849871262
13,normal,0,random_025,0.02217297186196805,0.5883718952935517,0.58862,0.17645087783732158
13,normal,0,random_026,0.02305235206920416,0.5900777627682935,0.5893,0.18344892079184896
13,normal,0,random_027,0.060610227819952414,0.644043155508749,0.64234,0.48233173123241413
13,normal,0,random_028,0.02472083544188258,0.5932227163660806,0.59422,0.19672658864795872
13,normal,0,random_029,0.018206380695944636,0.5801966307040698,0.58348,0.14488503733458294
13,normal,0,random_030,0.013052984029314516,0.5680353419535492,0.56758,0.10387468602346633
13,normal,0,random_031,0.035626343432828556,0.6114591573371937,0.61044,0.28351181844229933
13,normal,0,random_032,0.043910779917909926,0.6233623194557533,0.6247,0.34943875414041714
13,normal,0,random_033,0.04173991031904712,0.6203709627859356,0.61526,0.3321631336789705
13,normal,0,random_034,0.058556713776599316,0.6416891233139991,0.64392,0.46599001764270676
13,normal,0,random_035,0.03780263113580398,0.6147203865873051,0.61458,0.3008305557774262
13,normal,0,random_036,0.033885930232632165,0.6087728071035253,0.6087,0.2696617383138407
13,normal,0,random_037,0.02598012855075734,0.5955228553675505,0.59368,0.2067479505068341
13,normal,0,random_038,0.0393528528022187,0.6169817564949676,0.61754,0.3131671056808017
13,normal,0,random_039,0.025105317791003365,0.593931421123103,0.59104,0.19978627087899453
13,normal,0,random_040,0.0557677901664617,0.6384160167997895,0.64128,0.4437959688569373
13,normal,0,random_041,0.05294853643921621,0.6350122923135592,0.634,0.42136055523194327
13,normal,0,random_042,0.03823750451111876,0.6153597587033394,0.61528,0.3042912460854308
13,normal,0,random_043,0.03740918972372269,0.6141384825448215,0.61452,0.29769957798286284
13,normal,0,random_044,0.04283431171198498,0.6218893864443894,0.62024,0.3408722994007518
13,normal,0,random_045,0.029676880604189312,0.6019526994728832,0.60516,0.23616643121549516
13,normal,0,random_046,0.030670063632961576,0.60360641641179,0.60216,0.24407010864633105
13,normal,0,random_047,0.07055982947535477,0.6548494577544234,0.6519,0.5615099287765473
13,normal,0,random_048,0.04800961090117811,0.6287960858979511,0.62924,0.3820569493740934
13,normal,0,random_049,0.024892625189302464,0.5935400852752467,0.5924,0.19809367881180298
13,normal,0,random_050,0.03467774601409489,0.6100039872259289,0.6103,0.2759629500140274
13,normal,0,random_051,0.044814145127902424,0.624583157963867,0.62402,0.35662766798124873
13,normal,0,random_052,0.03216691442147719,0.6060455692876838,0.60894,0.25598193703222727
13,normal,0,random_053,0.02152681999053685,0.5870956972712584,0.58394,0.17130884881026884
13,normal,0,random_054,0.04197804209618465,0.6207031962210849,0.6234,0.33405816883160827
13,normal,0,random_055,0.03286897452022065,0.6071686295595545,0.6066,0.261568879616605
13,normal,0,random_056,0.03739376363033527,0.6141155997402574,0.61494,0.2975768182672614
13,normal,0,random_057,0.026171789839491044,0.5958677179878931,0.59086,0.20827317693363076
13,normal,0,random_058,0.027214683296644875,0.5977212086910927,0.59658,0.21657244629414577
13,normal,0,random_059,0.03600274028752441,0.6120307555767069,0.61322,0.28650715690390666
13,normal,0,random_060,0.039025435398428995,0.616508230175066,0.61402,0.31056154208393444
13,normal,0,random_061,0.01769463139985598,0.5790765964939176,0.57814,0.1408125741082006
13,normal,0,random_062,0.01938930372931842,0.5827244431946792,0.58396,0.15429865175452495
13,normal,0,random_063,0.02262823019473871,0.5892593795993262,0.58784,0.1800737901361427
13,normal,0,random_064,0.024748028396206396,0.5932730307302247,0.59642,0.1969429881766868
13,normal,0,random_065,0.053741720597910284,0.6359799857637615,0.63424,0.42767265637740526
13,normal,0,random_066,0.03347821217502375,0.6081328106844365,0.60578,0.266417148025133
13,normal,0,random_067,0.030762520018377006,0.6037588977064201,0.6046,0.2448058697553867
13,normal,0,random_068,0.029401605276023694,0.6014891374503317,0.59798,0.2339758104180596
13,normal,0,random_069,0.030651104945518932,0.6035751189440753,0.6038,0.24391923680728644
13,normal,0,random_070,0.0543311139117243,0.6366938799277837,0.63574,0.43236300498116265
13,normal,0,random_071,0.03975114683983018,0.6175549061102117,0.6144,0.31633670031211336
13,normal,0,random_072,0.041016496166096955,0.6193552747942238,0.61998,0.32640625710317217
13,normal,0,random_073,0.02697195962609968,0.5972932358792108,0.59442,0.21464086919179726
13,normal,0,random_074,0.027978657542889467,0.5990551887368588,0.59474,0.22265209710659226
13,normal,0,random_075,0.03605433630096769,0.6121088574255393,0.61184,0.2869177541807014
13,normal,0,random_076,0.03500456063846917,0.6105077256432198,0.60968,0.2785637167366799
13,normal,0,random_077,0.022058353036004757,0.5881469523434585,0.5838,0.17553874965785127
13,normal,0,random_078,0.03489787924825319,0.6103435712737184,0.60846,0.27771475408658036
13,normal,0,random_079,0.024739039094846985,0.5932564013071794,0.59284,0.19687145197820657
13,normal,0,random_080,0.0248804009111579,0.5935175401088039,0.59238,0.19799639890620607
13,normal,0,random_081,0.054544652638924246,0.6369514528822512,0.63652,0.4340623304527889
13,normal,0,random_082,0.03561049863226049,0.6114350239498443,0.60918,0.2833857266857771
13,normal,0,random_083,0.031727512003486114,0.6053359732761414,0.60428,0.25248520493600535
13,normal,0,random_084,0.026277253657209565,0.5960569124617039,0.59492,0.20911245023142577
13,normal,0,random_085,0.026464120572871896,0.5963911532974044,0.59904,0.21059952339025328
13,normal,0,random_086,0.022193864219182048,0.5884128313638354,0.58928,0.1766171376780615
13,normal,0,random_087,0.04013190741913362,0.6180999074913935,0.61556,0.31936676497291666
13,normal,0,random_088,0.02738277269708912,0.5980163998459992,0.59916,0.217910089369155
13,normal,0,random_089,0.04930000841851378,0.630453268674687,0.6309,0.39232583782578195
13,normal,0,random_090,0.023273926332218416,0.5905021635193488,0.586,0.18521219246595785
13,normal,0,random_091,0.039346398924971965,0.6169724433527349,0.61558,0.31311574620076765
13,normal,0,random_092,0.046797538374836155,0.6272168630136452,0.62892,0.37241136543492004
13,normal,0,random_093,0.04640411381127253,0.626699412598346,0.62722,0.36928052171962017
13,normal,0,random_094,0.025209699311278,0.594122833443171,0.59098,0.20061693133340328
13,normal,0,random_095,0.03996007038029026,0.6178542991328473,0.61864,0.3179992984674058
13,normal,0,random_096,0.0300416162071242,0.6025633932577446,0.60446,0.2390689702940197
13,normal,0,random_097,0.02374051205015862,0.5913889570063391,0.59066,0.18892524726210455
13,normal,0,random_098,0.05739406292037355,0.6403355584087657,0.64086,0.4567377277161936
13,normal,0,random_099,0.029955466381812595,0.6024195070876734,0.5979,0.2383833963260195
13,normal,0,random_100,0.037301409777925384,0.6139784964652665,0.6179,0.29684187310831633
13,normal,0,random_101,0.031898045038981075,0.6056119905941628,0.60498,0.25384229427886246
13,normal,0,random_102,0.03275975985311264,0.6069947742530739,0.60648,0.26069975733548356
13,normal,0,random_103,0.03553394118740484,0.6113183366956715,0.60996,0.28277648817531237
13,normal,0,random_104,0.04089710481407087,0.6191867085601155,0.62372,0.3254561495126187
13,normal,0,random_105,0.031124260396714554,0.6043531460132981,0.60542,0.2476845730570558
13,normal,0,random_106,0.02650153862955565,0.5964579309852664,0.5979,0.21089729353085132
13,normal,0,random_107,0.03988036559485137,0.6177401808941908,0.62156,0.317365013652268
13,normal,0,random_108,0.04893348174027179,0.62998503200467,0.62928,0.38940904550181166
13,normal,0,random_109,0.0288929829162854,0.6006264943502787,0.59474,0.22992823112096744
13,normal,0,random_110,0.030909612991812947,0.6040009828665618,0.60022,0.24597642480989385
13,normal,0,random_111,0.04543997802241495,0.625421006944725,0.62456,0.36160800008574306
13,normal,0,random_112,0.04019820915386803,0.6181945199140493,0.61214,0.3198943892972004
13,normal,0,random_113,0.020921813813929813,0.5858824317364025,0.58458,0.16649425419372943
13,normal,0,random_114,0.041527390789639115,0.6200735861238591,0.6212,0.3304719189083452
13,normal,0,random_115,0.055772948856923577,0.638422155277437,0.63766,0.4438370213358813
13,normal,0,random_116,0.021174158541277542,0.586390683214766,0.58622,0.1685023949578684
13,normal,0,random_117,0.02462840387301458,0.5930514740629214,0.5962,0.19599102502716084
13,normal,0,random_118,0.04043969856534012,0.6185384072841388,0.6182,0.3218161442567037
13,normal,0,random_119,0.04048690857193495,0.6186055045970731,0.61606,0.32219183801387
13,normal,0,random_120,0.03806765342177898,0.6151105074421228,0.61348,0.3029395836198758
13,normal,0,random_121,0.029374650485607362,0.6014436215801017,0.59888,0.23376130618017538
13,normal,0,random_122,0.026784602173236652,0.596961486575394,0.59438,0.21314989237403698
13,normal,0,random_123,0.036250088385145575,0.6124046228549543,0.61432,0.28847553485650346
13,normal,0,random_124,0.03864612675291085,0.615956946685437,0.61302,0.3075430318053116
13,normal,0,random_125,0.02413363976316282,0.5921290359173004,0.591,0.192053728662505
13,normal,0,random_126,0.03858289356389726,0.6158647585862317,0.6185,0.3070398267419869
13,normal,0,random_127,0.027664759490071786,0.5985094601695468,0.6002,0.22015411950954725
13,normal,12,oracle_t0,0.0403539872890495,0.6184164806733935,0.6199,0.49107812748976026
13,normal,12,oracle_t12,0.08217427132282734,0.6663988427030093,0.66836,1.000000000000001
13,normal,12,bottom,1.0082467161683338e-32,0.5000000000000001,0.49828,-1.2137344375010545e-17
13,normal,12,random_000,0.020974909815111,0.5859896387560146,0.5862,0.25524911237374576
13,normal,12,random_001,0.020546524438374812,0.5851205833688168,0.58558,0.25003597972480207
13,normal,12,random_002,0.014031928036507699,0.5705146831068234,0.56668,0.17075816810571168
13,normal,12,random_003,0.020956248308575225,0.5859519752087402,0.58232,0.2550220156653068
13,normal,12,random_004,0.016313600032508223,0.5759671587963696,0.57568,0.19852442583176821
13,normal,12,random_005,0.025108627329326956,0.5939374965216484,0.5926,0.30555339189666786
13,normal,12,random_006,0.028447948472552075,0.5998650412794242,0.59906,0.3461904561440206
13,normal,12,random_007,0.01610089588748264,0.575476277503843,0.57822,0.19593597397692974
13,normal,12,random_008,0.01881654503482889,0.5815108522741013,0.5829,0.22898341210604484
13,normal,12,random_009,0.016772850643134107,0.5770158291554799,0.57328,0.20411316550944295
13,normal,12,random_010,0.029356917695214806,0.6014136658408545,0.6031,0.35725193813869244
13,normal,12,random_011,0.02201656208451104,0.5880647837590697,0.586,0.2679252487438248
13,normal,12,random_012,0.020643893425877236,0.5853189400171357,0.58772,0.25122088816311233
13,normal,12,random_013,0.022865277115481197,0.5897177682142344,0.59006,0.27825348186725485
13,normal,12,random_014,0.024632741287477812,0.5930595173017053,0.58972,0.2997622113460113
13,normal,12,random_015,0.016694727479737513,0.5768385006753287,0.57368,0.20316246449148462
13,normal,12,random_016,0.024677854647545003,0.5931431305905066,0.59324,0.30031120751404494
13,normal,12,random_017,0.017571495772614902,0.5788045916337329,0.57828,0.2138320850279777
13,normal,12,random_018,0.01564141581360002,0.5744042867611512,0.57478,0.19034444190142732
13,normal,12,random_019,0.02057567974502051,0.5851800290087138,0.58258,0.25039077820583944
13,normal,12,random_020,0.023144664367791792,0.5902548363017052,0.58776,0.2816534177329835
13,normal,12,random_021,0.026292760983911596,0.5960846975548253,0.598,0.3199634211615785
13,normal,12,random_022,0.015098294863353633,0.5731159158306977,0.5716,0.1837350623291681
13,normal,12,random_023,0.012055163198356339,0.5654075843547397,0.56878,0.14670240458837544
13,normal,12,random_024,0.012018134933834693,0.5653079587119079,0.563,0.14625179804297417
13,normal,12,random_025,0.022097863747660217,0.5882245624616789,0.58622,0.2689146297488571
13,normal,12,random_026,0.008693407922242609,0.5556137764853156,0.55086,0.10579233356496665
13,normal,12,random_027,0.02433447056509447,0.5925046564000056,0.5891,0.29613247764004913
13,normal,12,random_028,0.012339892683589114,0.5661684639019572,0.5669,0.15016735147076637
13,normal,12,random_029,0.020313516360195318,0.584643902192994,0.57926,0.24720044404643735
13,normal,12,random_030,0.012957634134333661,0.5677888073970538,0.56742,0.15768480724859377
13,normal,12,random_031,0.015491732653361855,0.5740515558686891,0.57034,0.18852290873990862
13,normal,12,random_032,0.017745049905604496,0.5791876862271108,0.5788,0.2159441102421444
13,normal,12,random_033,0.020682994975570128,0.5853984585248202,0.58736,0.25169672505297386
13,normal,12,random_034,0.02541380241865092,0.5944959065306196,0.59348,0.3092671466329292
13,normal,12,random_035,0.024209002911231348,0.5922701825904352,0.59456,0.2946056292501168
13,normal,12,random_036,0.024355468594252104,0.5925438351665722,0.58922,0.2963880080976925
13,normal,12,random_037,0.013923829300816794,0.5702453791034499,0.57002,0.16944268658149803
13,normal,12,random_038,0.022861171459046883,0.589709850229649,0.59062,0.2782035190702843
13,normal,12,random_039,0.029706633021089987,0.6020026648086259,0.6043,0.36150771455441866
13,normal,12,random_040,0.017264368149062948,0.5781218031771699,0.57648,0.2100945693967726
13,normal,12,random_041,0.022734781708332513,0.5894657339167817,0.58548,0.27666544944484356
13,normal,12,random_042,0.01688556528285695,0.5772709218411258,0.57422,0.20548481916585368
13,normal,12,random_043,0.023925501636588294,0.5917380054277507,0.58792,0.2911556287806352
13,normal,12,random_044,0.026166792140403367,0.5958587424676827,0.59846,0.318430473664991
13,normal,12,random_045,0.023592731949073124,0.5911090868238129,0.59266,0.28710606822891643
13,normal,12,random_046,0.019098263521657433,0.5821101437376304,0.5841,0.23241171736867122
13,normal,12,random_047,0.029914005343804218,0.6023501807496902,0.60072,0.3640312820820157
13,normal,12,random_048,0.028610280344966203,0.60014352040665,0.60012,0.3481659147614313
13,normal,12,random_049,0.029747975811219213,0.6020720503800792,0.59958,0.3620108256798805
13,normal,12,random_050,0.01572400879217733,0.5745981707631826,0.57492,0.19134953725849888
13,normal,12,random_051,0.022717264171040454,0.5894318433245392,0.5877,0.2764522739945465
13,normal,12,random_052,0.017818621577249512,0.5793494964746946,0.58002,0.2168394229776353
13,normal,12,random_053,0.016460728952342137,0.576304766329511,0.57772,0.20031487577997542
13,normal,12,random_054,0.026146891657240906,0.5958229935777407,0.59478,0.31818829952894934
13,normal,12,random_055,0.012910231291627154,0.5676658962347374,0.56736,0.15710794977309167
13,normal,12,random_056,0.019723258324625098,0.5834234233753451,0.58364,0.24001744106912648
13,normal,12,random_057,0.01821918017825613,0.580224432777804,0.57996,0.22171392438249715
13,normal,12,random_058,0.012235998879777304,0.5658918852464943,0.56358,0.14890304085213416
13,normal,12,random_059,0.02070544503548729,0.5854440783388403,0.585,0.2519699256491673
13,normal,12,random_060,0.03445207182597662,0.6096546471974214,0.60834,0.4192561889673387
13,normal,12,random_061,0.02001042795638502,0.5840195544531849,0.58142,0.24351208272687544
13,normal,12,random_062,0.0160738674234595,0.5754136608207718,0.576,0.1956070575948548
13,normal,12,random_063,0.012895845830687614,0.5676285501612286,0.5659,0.15693288937148464
13,normal,12,random_064,0.02254503129651926,0.5890978961700135,0.5879,0.27435632751703465
13,normal,12,random_065,0.02153381307078682,0.5871096158639353,0.58716,0.2620505509101475
13,normal,12,random_066,0.0193135881288558,0.5825650956231573,0.58228,0.23503205830668153
13,normal,12,random_067,0.021868365273999463,0.5877727403195293,0.58802,0.2661218033572587
13,normal,12,random_068,0.014521597587338668,0.5717213864376399,0.5727,0.17671708374862954
13,normal,12,random_069,0.016464716592326876,0.5763138946958604,0.5771,0.2003634024041918
13,normal,12,random_070,0.028383250851726185,0.5997538174176995,0.60422,0.3454031340323133
13,normal,12,random_071,0.01731623596022911,0.5782375530086384,0.57966,0.21072576223038345
13,normal,12,random_072,0.02550281838753974,0.5946581197269868,0.5963,0.3103504050233701
13,normal,12,random_073,0.0140732193031756,0.570617268586761,0.5692,0.17126065222882228
13,normal,12,random_074,0.016775410608232094,0.5770216326534523,0.5782,0.20414431838803587
13,normal,12,random_075,0.01740294942180681,0.5784306639418332,0.5794,0.2117810008127499
13,normal,12,random_076,0.02937397900448544,0.6014424874326432,0.60298,0.3574595616319827
13,normal,12,random_077,0.01446712867300922,0.5715882064406681,0.57104,0.17605423741664974
13,normal,12,random_078,0.018186373702821213,0.5801531526304072,0.58266,0.22131469388240507
13,normal,12,random_079,0.019902406789449878,0.5837958426067806,0.58086,0.24219754515694958
13,normal,12,random_080,0.014180257647361773,0.570882477731262,0.56652,0.17256322957405562
13,normal,12,random_081,0.024858371836932208,0.5934768972419224,0.59488,0.30250796796572
13,normal,12,random_082,0.014850148163315523,0.5725192991460523,0.5743,0.18071530083881968
13,normal,12,random_083,0.03070608853708362,0.6036658587290676,0.60668,0.37367034769864466
13,normal,12,random_084,0.01624626994641857,0.5758121342989473,0.5745,0.19770506856816508
13,normal,12,random_085,0.0165085542103608,0.5764141707641303,0.57142,0.2008968737368636
13,normal,12,random_086,0.013523346285743823,0.5692381498968786,0.56842,0.16456910500144786
13,normal,12,random_087,0.03171816317650965,0.6053208187188557,0.60074,0.38598654622567546
13,normal,12,random_088,0.014994459772748442,0.572866887484804,0.57288,0.18247146620676044
13,normal,12,random_089,0.02876411173342132,0.6004066420777999,0.59546,0.3500379287869744
13,normal,12,random_090,0.019572395677853384,0.5831084331676417,0.58622,0.2381815544303628
13,normal,12,random_091,0.032558225620484646,0.606673139675045,0.61078,0.3962094837759794
13,normal,12,random_092,0.01757618708975556,0.5788149728089501,0.57756,0.21388917488183512
13,normal,12,random_093,0.024788707395277304,0.5933482434977838,0.5934,0.3016602033243856
13,normal,12,random_094,0.016756421188062767,0.5769785722696346,0.57338,0.2039132312136242
13,normal,12,random_095,0.02432786770966243,0.592492332905496,0.59288,0.296052125781423
13,normal,12,random_096,0.02048908891042913,0.5850033471040245,0.58494,0.24933703190304352
13,normal,12,random_097,0.023264827867182397,0.5904847783830197,0.58806,0.2831157184927741
13,normal,12,random_098,0.02740459381819245,0.5980546505243646,0.5949,0.3334936030102612
13,normal,12,random_099,0.010372253565153068,0.5607087490522104,0.5624,0.12622264120122176
13,normal,12,random_100,0.02150854872666789,0.5870593200916278,0.58504,0.2617431025602902
13,normal,12,random_101,0.025021887189772402,0.593778125588477,0.59208,0.3044978286630885
13,normal,12,random_102,0.02894012894376563,0.6007067942681041,0.59902,0.35217992782768165
13,normal,12,random_103,0.01686892509096712,0.5772333179326687,0.57842,0.20528232035908645
13,normal,12,random_104,0.016403308020889563,0.5761731929899544,0.57508,0.19961610558672369
13,normal,12,random_105,0.019599451270616776,0.583165016310569,0.58472,0.23851080094910726
13,normal,12,random_106,0.02067933211468461,0.5853910129224332,0.58526,0.2516521507497698
13,normal,12,random_107,0.028766793261404112,0.6004112220600585,0.60304,0.35007056099581096
13,normal,12,random_108,0.013082464140119078,0.5681113773627667,0.56616,0.15920389593384673
13,normal,12,random_109,0.02566755818409367,0.5949575361973183,0.59686,0.31235516629355814
13,normal,12,random_110,0.020616902227373685,0.5852640036300407,0.58552,0.2508924252748013
13,normal,12,random_111,0.034811022116155874,0.6102097212200277,0.61046,0.42362434805656374
13,normal,12,random_112,0.02656723240720868,0.5965750498705864,0.5948,0.32330353503029535
13,normal,12,random_113,0.013748139588010104,0.5698053768903458,0.56526,0.16730467294318432
13,normal,12,random_114,0.016960900116187172,0.5774409251595989,0.57554,0.2064015882727467
13,normal,12,random_115,0.027891847841385528,0.5989045922693494,0.60034,0.3394231234714633
13,normal,12,random_116,0.011010137404905444,0.5625327513838623,0.56782,0.13398521493000362
13,normal,12,random_117,0.012045631900323556,0.5653819551517202,0.5647,0.14658641575294862
13,normal,12,random_118,0.020866700904804508,0.5857710015776262,0.58254,0.2539322901060873
13,normal,12,random_119,0.02947193803400646,0.6016077967313926,0.5998,0.35865165044450387
13,normal,12,random_120,0.020967190828407003,0.5859740620555037,0.58538,0.2551551780244689
13,normal,12,random_121,0.018750123568216953,0.5813688757842224,0.57516,0.22817511206829955
13,normal,12,random_122,0.007603358979363331,0.5520316020226621,0.55124,0.09252724553519942
13,normal,12,random_123,0.018924558817452322,0.5817411760979114,0.57948,0.23029785981436812
13,normal,12,random_124,0.023520479021556677,0.5909719161604787,0.58774,0.28622680363242725
13,normal,12,random_125,0.011034798467955746,0.5626021671942452,0.56426,0.13428532179621996
13,normal,12,random_126,0.02577240647026755,0.5951475701775006,0.59568,0.31363109225537134
13,normal,12,random_127,0.01884209876248396,0.5815654040159646,0.57836,0.22929438203913582
13,nonnormal,0,oracle_t0,0.26025499918845635,0.7779320774036511,0.779,1.0000000000000009
13,nonnormal,0,oracle_t12,0.22444096798052623,0.7613426114923446,0.76042,0.8623886906318513
13,nonnormal,0,bottom,5.648873798842566e-32,0.5000000000000001,0.49552,1.1087729718190342e-18
13,nonnormal,0,random_000,0.04024327073757214,0.6182587741360203,0.61558,0.15463015451407774
13,nonnormal,0,random_001,0.05551191156073422,0.638111137422696,0.63888,0.21329815655351497
13,nonnormal,0,random_002,0.05727191384560805,0.6401924558290075,0.6402,0.22006076357494386
13,nonnormal,0,random_003,0.04761256601808496,0.6282812272397481,0.62748,0.1829458268488733
13,nonnormal,0,random_004,0.044120499365124494,0.6236469631951538,0.62196,0.1695279610486019
13,nonnormal,0,random_005,0.09056973323412591,0.6741573158911175,0.66896,0.3480038174734252
13,nonnormal,0,random_006,0.07669092991198045,0.6610743155957847,0.65944,0.2946761067073565
13,nonnormal,0,random_007,0.08754567209288686,0.6714142756703825,0.67482,0.3363842092020418
13,nonnormal,0,random_008,0.01998768603701589,0.5839725084711337,0.58254,0.07680039230501919
13,nonnormal,0,random_009,0.04411801964147329,0.623643601915386,0.62204,0.16951843299473576
13,nonnormal,0,random_010,0.04681369491767946,0.6272380613819419,0.63044,0.17987625622430664
13,nonnormal,0,random_011,0.020858211873654487,0.5857538243238515,0.5831,0.08014528803940708
13,nonnormal,0,random_012,0.028507403271348354,0.5999671334350228,0.6,0.109536429118526
13,nonnormal,0,random_013,0.044097668212538924,0.6236160115114958,0.62544,0.16944023496204538
13,nonnormal,0,random_014,0.03718649915956331,0.6138076495921236,0.61332,0.1428848601391737
13,nonnormal,0,random_015,0.03800338960103576,0.6150160448669368,0.6195,0.14602366801613942
13,nonnormal,0,random_016,0.03761836499982643,0.6144482659852596,0.61404,0.1445442551233615
13,nonnormal,0,random_017,0.049256541656705274,0.6303978412837598,0.63014,0.18926261478280992
13,nonnormal,0,random_018,0.05687274438228788,0.63972360780152,0.64158,0.2185270006710039
13,nonnormal,0,random_019,0.08206359720008084,0.6662934831260472,0.66518,0.3153199648651392
13,nonnormal,0,random_020,0.04552919526722661,0.6255399297508201,0.6267,0.17494071356630486
13,nonnormal,0,random_021,0.06362903923259,0.6474228514752163,0.64774,0.24448728912413636
13,nonnormal,0,random_022,0.05398173140606887,0.6362712227017056,0.63552,0.20741861472170828
13,nonnormal,0,random_023,0.03525682640583551,0.6108948253358714,0.61268,0.13547031379138003
13,nonnormal,0,random_024,0.04049222263856428,0.6186130545513563,0.61336,0.15558672365499115
13,nonnormal,0,random_025,0.054247328353345954,0.636592661630017,0.63602,0.20843914054486357
13,nonnormal,0,random_026,0.041240643580074225,0.6196710216518106,0.61926,0.15846244532736528
13,nonnormal,0,random_027,0.06313009627639,0.6468706692224471,0.64574,0.2425701580113592
13,nonnormal,0,random_028,0.0504896969122505,0.6319599012489384,0.63208,0.1940008724892537
13,nonnormal,0,random_029,0.04382645365304655,0.6232476562997856,0.62578,0.1683981241079288
13,nonnormal,0,random_030,0.0408765133424408,0.6191576087215587,0.61658,0.1570633166313983
13,nonnormal,0,random_031,0.033599185267574924,0.6083231378645686,0.6064,0.1291010177416229
13,nonnormal,0,random_032,0.03272542531475554,0.6069400539357641,0.6047,0.12574369528655382
13,nonnormal,0,random_033,0.023028381687350656,0.59003172179355,0.59188,0.08848391677070276
13,nonnormal,0,random_034,0.03972490319606013,0.6175172377188017,0.6165,0.1526383866589802
13,nonnormal,0,random_035,0.04396855809472639,0.6234408138599078,0.62718,0.1689441441349138
13,nonnormal,0,random_036,0.07924864223552996,0.6635849399593055,0.66462,0.30450382310675367
13,nonnormal,0,random_037,0.06327767990100552,0.6470342594844638,0.65032,0.24313723117066738
13,nonnormal,0,random_038,0.02702413263356336,0.597385399673553,0.60266,0.10383713172785053
13,nonnormal,0,random_039,0.033343476477028525,0.607920394991275,0.60862,0.1281184860271745
13,nonnormal,0,random_040,0.04193996410897116,0.6206501404830473,0.62278,0.16114950429290906
13,nonnormal,0,random_041,0.019276356850466237,0.5824866208470337,0.57966,0.07406719144905963
13,nonnormal,0,random_042,0.04680034433674222,0.6272205448967685,0.6251,0.17982495814750174
13,nonnormal,0,random_043,0.02454944735758298,0.5929049273834917,0.59222,0.09432843724091619
13,nonnormal,0,random_044,0.04593551112542179,0.6260799132687734,0.62232,0.17650193567332367
13,nonnormal,0,random_045,0.06278235972030244,0.6464843524635367,0.64476,0.2412340201574396
13,nonnormal,0,random_046,0.05789629000234452,0.6409221377193128,0.63614,0.2224598573817235
13,nonnormal,0,random_047,0.04049696815150758,0.6186197962767377,0.61596,0.15560495774447305
13,nonnormal,0,random_048,0.03624903734976869,0.6124030371352666,0.60944,0.1392827706011519
13,nonnormal,0,random_049,0.07777853143990916,0.6621478164779302,0.65986,0.29885509090101325
13,nonnormal,0,random_050,0.05383446952252606,0.6360926166021873,0.63796,0.20685277781558917
13,nonnormal,0,random_051,0.06355900443799269,0.6473454933009437,0.64442,0.24421818845434856
13,nonnormal,0,random_052,0.02648812772929402,0.5964340031290172,0.59444,0.10177759432822048
13,nonnormal,0,random_053,0.030691578914497992,0.6036419218440155,0.59812,0.11792887364393552
13,nonnormal,0,random_054,0.029053495831451722,0.6008995979576841,0.59744,0.11163472717929794
13,nonnormal,0,random_055,0.06986836712458748,0.6541279784515519,0.64874,0.26846119130258983
13,nonnormal,0,random_056,0.0639142042190848,0.6477373339704773,0.64732,0.24558300289480006
13,nonnormal,0,random_057,0.027248778949516127,0.5977811640245354,0.6003,0.10470030944452564
13,nonnormal,0,random_058,0.05033831649358324,0.6317692962812119,0.6303,0.193419210584048
13,nonnormal,0,random_059,0.01995245354880852,0.5838995681125302,0.58406,0.07666501550796542
13,nonnormal,0,random_060,0.030583370484851897,0.6034632166311104,0.6024,0.11751309515751444
13,nonnormal,0,random_061,0.02572178502339132,0.5950558716705342,0.59644,0.09883301033063206
13,nonnormal,0,random_062,0.024679795128824247,0.5931467252763075,0.59148,0.09482928360946909
13,nonnormal,0,random_063,0.047944270717725376,0.6287115200916749,0.62838,0.18422036413220994
13,nonnormal,0,random_064,0.06346192236034769,0.6472381789603906,0.64536,0.24384516170002
13,nonnormal,0,random_065,0.03182130981822858,0.6054878884088265,0.60724,0.12226973513460197
13,nonnormal,0,random_066,0.021422392647417285,0.5868875689443629,0.58372,0.0823130879876197
13,nonnormal,0,random_067,0.025195451960838274,0.5940967317025267,0.59228,0.0968106358740634
13,nonnormal,0,random_068,0.03860939168974442,0.6159034003721222,0.61584,0.14835216157283715
13,nonnormal,0,random_069,0.05120789047661535,0.6328598787814057,0.63614,0.19676044893006897
13,nonnormal,0,random_070,0.019658363802394108,0.5832880830687379,0.58466,0.07553500937040242
13,nonnormal,0,random_071,0.03515034387764894,0.6107316116570629,0.60838,0.13506116688346814
13,nonnormal,0,random_072,0.072800498103965,0.6571596210796444,0.66068,0.2797275684654519
13,nonnormal,0,random_073,0.06154866641609352,0.6451038513938852,0.64556,0.23649369506068477
13,nonnormal,0,random_074,0.05749061188407831,0.6404485478041082,0.64004,0.22090108571727438
13,nonnormal,0,random_075,0.035785834793764106,0.6117017581823745,0.61138,0.1375029678790179
13,nonnormal,0,random_076,0.03022199799082792,0.6028639525012582,0.59884,0.11612456277523238
13,nonnormal,0,random_077,0.04551268641421234,0.6255179338406667,0.6256,0.17487728019109308
13,nonnormal,0,random_078,0.017956596180893132,0.579652017537696,0.5746,0.06899616236724194
13,nonnormal,0,random_079,0.043839429542291024,0.6232653082297955,0.6239,0.16844798247485718
13,nonnormal,0,random_080,0.06264621269323682,0.6463327677898298,0.64536,0.24071089081318042
13,nonnormal,0,random_081,0.06003610772055652,0.6433896329437546,0.6446,0.23068186166553953
13,nonnormal,0,random_082,0.05828047256125851,0.6413689078079543,0.642,0.22393603482350935
13,nonnormal,0,random_083,0.04307568523247215,0.6222214089700178,0.62572,0.16551338251635328
13,nonnormal,0,random_084,0.04525793968034758,0.625177957786245,0.62084,0.1738984450691583
13,nonnormal,0,random_085,0.03540374262074884,0.6111195786084993,0.6091,0.13603482250541615
13,nonnormal,0,random_086,0.0712205313403329,0.6555350241465578,0.65772,0.2736567272959879
13,nonnormal,0,random_087,0.039111917053391496,0.6166335133697749,0.61592,0.1502830576755597
13,nonnormal,0,random_088,0.016138256017374942,0.5755627398969375,0.57318,0.06200939873469597
13,nonnormal,0,random_089,0.023666044100670948,0.5912480425077724,0.59154,0.09093406149533312
13,nonnormal,0,random_090,0.06505240034215004,0.6489846144574972,0.6468,0.2499563910203478
13,nonnormal,0,random_091,0.06139584984473531,0.6449317564567061,0.64154,0.2359065149033979
13,nonnormal,0,random_092,0.04897387069961617,0.6300367240238253,0.62826,0.18817648403423434
13,nonnormal,0,random_093,0.04713409617535833,0.6276576148971696,0.6253,0.18110736132767827
13,nonnormal,0,random_094,0.10679076243483086,0.6879977383225175,0.68866,0.41033126267634706
13,nonnormal,0,random_095,0.05275717920370257,0.6347776214047959,0.63662,0.2027134132608918
13,nonnormal,0,random_096,0.025036933172934817,0.5938057910357815,0.59396,0.09620154560337588
13,nonnormal,0,random_097,0.059665617274241765,0.6429660175883798,0.64498,0.22925829459681826
13,nonnormal,0,random_098,0.051530354528416526,0.6332616734302547,0.6358,0.1979994800833866
13,nonnormal,0,random_099,0.10390463664321684,0.6856344585970997,0.6883,0.39924165517365257
13,nonnormal,0,random_100,0.04782926285696172,0.6285625172322985,0.6299,0.18377845961117376
13,nonnormal,0,random_101,0.03941715947400778,0.617074507615448,0.6212,0.1514559166852545
13,nonnormal,0,random_102,0.055441834626241714,0.6380275029161941,0.6382,0.2130288939660103
13,nonnormal,0,random_103,0.02964679059878171,0.6019021400183476,0.60048,0.11391439431030427
13,nonnormal,0,random_104,0.02387002149304129,0.5916334721977367,0.5916,0.09171782124252877
13,nonnormal,0,random_105,0.03526315563749022,0.6109045182385109,0.61182,0.13549463313846064
13,nonnormal,0,random_106,0.05068413486991816,0.6322042542483741,0.62738,0.19474797805215913
13,nonnormal,0,random_107,0.0491333222827795,0.630240568159861,0.62968,0.1887891584637766
13,nonnormal,0,random_108,0.05715913810668776,0.6400601814640706,0.63704,0.21962743572621113
13,nonnormal,0,random_109,0.024303648096685036,0.5924471145865968,0.59358,0.09338398175816118
13,nonnormal,0,random_110,0.08079650510669581,0.665081195475494,0.66846,0.3104513087496519
13,nonnormal,0,random_111,0.055753658671383974,0.6383991996810222,0.6385,0.21422704211346033
13,nonnormal,0,random_112,0.06771851998101838,0.6518580669449117,0.65472,0.26020065010156446
13,nonnormal,0,random_113,0.05050691785970931,0.6319815641907697,0.6329,0.19406704200573754
13,nonnormal,0,random_114,0.036287594744889504,0.6124611932406504,0.60962,0.1394309229718692
13,nonnormal,0,random_115,0.035648964429819865,0.6114936015792736,0.61202,0.1369770591957226
13,nonnormal,0,random_116,0.02175101960629787,0.5875407562207627,0.59074,0.08357579940490405
13,nonnormal,0,random_117,0.03705932133340969,0.6136182302482489,0.6115,0.14239619392123282
13,nonnormal,0,random_118,0.06010210882868048,0.6434649421966772,0.64412,0.23093546335745607
13,nonnormal,0,random_119,0.04520845871021796,0.6251118000242961,0.62546,0.17370832011369577
13,nonnormal,0,random_120,0.028689553568527,0.6002792074749995,0.60096,0.11023632075460073
13,nonnormal,0,random_121,0.05319518968670197,0.635314076444263,0.6368,0.20439641833040145
13,nonnormal,0,random_122,0.024355453954586097,0.5925438078576415,0.5896,0.09358303982837152
13,nonnormal,0,random_123,0.041942523730022725,0.6206537077420449,0.62216,0.16115933934337714
13,nonnormal,0,random_124,0.0604491375291096,0.6438601420911472,0.64306,0.23226888135715346
13,nonnormal,0,random_125,0.051919801846088166,0.6337450642466256,0.63268,0.19949588675717211
13,nonnormal,0,random_126,0.06421516538063655,0.6480683674817297,0.64202,0.2467394116573222
13,nonnormal,0,random_127,0.06257412988533315,0.646252435445632,0.64688,0.24043392088703708
13,nonnormal,12,oracle_t0,0.09848114882547655,0.6810816475589325,0.68002,0.8581901545323725
13,nonnormal,12,oracle_t12,0.11475446124074797,0.6943194083428013,0.69306,1.000000000000001
13,nonnormal,12,bottom,1.8744632110754842e-32,0.5000000000000001,0.4975,-1.4744524538849112e-17
13,nonnormal,12,random_000,0.016183302497777895,0.5756668529777396,0.57798,0.14102547580983643
13,nonnormal,12,random_001,0.019898463722034878,0.5837876645284856,0.57906,0.1734003498154997
13,nonnormal,12,random_002,0.03740600026085719,0.6141337517693697,0.6107,0.32596554292021546
13,nonnormal,12,random_003,0.017156448627004082,0.5778803863050747,0.57464,0.14950572240508286
13,nonnormal,12,random_004,0.014775455739394717,0.5723387096985086,0.57254,0.12875713571080014
13,nonnormal,12,random_005,0.024813682410074173,0.5933943883644236,0.59228,0.21623283436464039
13,nonnormal,12,random_006,0.03630132725901894,0.6124818979155431,0.60954,0.3163391372023523
13,nonnormal,12,random_007,0.023500068179001313,0.5909331264309834,0.59064,0.20478566083543903
13,nonnormal,12,random_008,0.017516519653497615,0.5786828302805048,0.57954,0.1526434742850566
13,nonnormal,12,random_009,0.011339687390588672,0.5634538851736334,0.56166,0.09881696334923923
13,nonnormal,12,random_010,0.020157139781957135,0.5843223865239721,0.58198,0.17565451978087976
13,nonnormal,12,random_011,0.008675452622528688,0.555556687762066,0.55516,0.07560013378763654
13,nonnormal,12,random_012,0.00887638033444477,0.5561921421571269,0.55246,0.07735106974030988
13,nonnormal,12,random_013,0.013699882488392514,0.5696840137257847,0.56562,0.11938431273404698
13,nonnormal,12,random_014,0.02040514787468799,0.5848316987064566,0.58286,0.17781572632613593
13,nonnormal,12,random_015,0.021777545043808855,0.5875932524499763,0.58806,0.18977514955275598
13,nonnormal,12,random_016,0.01841236652760198,0.5806428291811104,0.58152,0.16045011521577324
13,nonnormal,12,random_017,0.021373971655246137,0.586790883322791,0.5854,0.18625830685924147
13,nonnormal,12,random_018,0.019063038434879446,0.5820354637210629,0.58458,0.1661202381917541
13,nonnormal,12,random_019,0.029538900014844854,0.6017206289182447,0.60042,0.25740960042393524
13,nonnormal,12,random_020,0.015071104566239616,0.5730507909574789,0.57124,0.1313334959119486
13,nonnormal,12,random_021,0.020713083909001506,0.5854595950670705,0.58478,0.18049916042520317
13,nonnormal,12,random_022,0.009655713011598592,0.558589965445587,0.55874,0.08414237587976206
13,nonnormal,12,random_023,0.025718742395602623,0.5950503570452386,0.59106,0.22411976072674228
13,nonnormal,12,random_024,0.023911934210715385,0.5917124540922495,0.59062,0.20837476776218414
13,nonnormal,12,random_025,0.034382277936683706,0.6095463578862468,0.61014,0.2996160459901582
13,nonnormal,12,random_026,0.009064714586637754,0.5567811409287605,0.55656,0.07899226303385744
13,nonnormal,12,random_027,0.03415220464640201,0.6091885447565047,0.60862,0.2976111279434511
13,nonnormal,12,random_028,0.026964114501164184,0.5972793692645204,0.59868,0.2349722547570079
13,nonnormal,12,random_029,0.011972802721132486,0.565185776194339,0.56896,0.1043340937831975
13,nonnormal,12,random_030,0.0165554319556822,0.5765212482896347,0.577,0.14426830797410062
13,nonnormal,12,random_031,0.01786005575355182,0.5794404720418601,0.58068,0.15563713654741945
13,nonnormal,12,random_032,0.01034381773726007,0.5606261190304868,0.56038,0.09013869809871158
13,nonnormal,12,random_033,0.013515301462181602,0.5692177604669749,0.5723,0.11777582602063137
13,nonnormal,12,random_034,0.01267619340371911,0.567055626543572,0.56688,0.11046362177698031
13,nonnormal,12,random_035,0.015501714415484848,0.5740751327957041,0.57564,0.13508594130352108
13,nonnormal,12,random_036,0.03008758499788474,0.6026400795466043,0.60364,0.26219098301339966
13,nonnormal,12,random_037,0.022245289854155362,0.5885135076308058,0.58658,0.19385119858204128
13,nonnormal,12,random_038,0.01358829639443164,0.5694025361476629,0.56586,0.11841192270446221
13,nonnormal,12,random_039,0.012720776053462297,0.5671723228698166,0.56848,0.11085212649619683
13,nonnormal,12,random_040,0.01405486115663055,0.5705716781546836,0.5679,0.12247768848955097
13,nonnormal,12,random_041,0.012911412926129663,0.5676689629224846,0.56824,0.11251338541899744
13,nonnormal,12,random_042,0.023132181145866407,0.5902309127228615,0.58712,0.20157979825583
13,nonnormal,12,random_043,0.012937062460092165,0.5677354954241148,0.56318,0.11273690207957153
13,nonnormal,12,random_044,0.028206468239752296,0.5994492150195264,0.60018,0.2457984459582522
13,nonnormal,12,random_045,0.025887057800492004,0.5953549043224825,0.59262,0.2255865046168667
13,nonnormal,12,random_046,0.021775999836062675,0.5875901952649358,0.58858,0.1897616842135486
13,nonnormal,12,random_047,0.021672254670437048,0.5873846751442829,0.58726,0.1888576220576731
13,nonnormal,12,random_048,0.015965004758853558,0.5751609053743273,0.576,0.13912317295760693
13,nonnormal,12,random_049,0.02856645001293929,0.6000684128347528,0.59842,0.24893542006187133
13,nonnormal,12,random_050,0.027765064668722816,0.5986842021003859,0.59906,0.24195194128856917
13,nonnormal,12,random_051,0.028389844299618442,0.599765158603989,0.59758,0.2473964322838682
13,nonnormal,12,random_052,0.01455425935940287,0.5718011228918444,0.56718,0.12682957335200176
13,nonnormal,12,random_053,0.012062763768180482,0.5654280144651559,0.56356,0.10511803757131102
13,nonnormal,12,random_054,0.023500856511028317,0.5909346249436226,0.59382,0.20479253056423638
13,nonnormal,12,random_055,0.023131139737895202,0.5902289166006556,0.59392,0.20157072315792146
13,nonnormal,12,random_056,0.03546627376041137,0.6112150863481701,0.61024,0.3090622654399929
13,nonnormal,12,random_057,0.01791947128906357,0.5795707372972004,0.57892,0.156154898862447
13,nonnormal,12,random_058,0.024042076878794748,0.5919572359698148,0.58834,0.20950886456916
13,nonnormal,12,random_059,0.013764924125180572,0.5698475373227873,0.56668,0.11995110234801774
13,nonnormal,12,random_060,0.01226979965817029,0.5659819992256367,0.56398,0.10692220176459197
13,nonnormal,12,random_061,0.01160559075793767,0.5641871580181999,0.56124,0.101134113937321
13,nonnormal,12,random_062,0.008540238726135015,0.5551248275624845,0.55482,0.07442184498795316
13,nonnormal,12,random_063,0.015500522525692085,0.5740723179645078,0.57128,0.1350755548681714
13,nonnormal,12,random_064,0.01719359425793754,0.5779635701701458,0.57564,0.14982941902246782
13,nonnormal,12,random_065,0.00849082535351292,0.5549661374508408,0.55556,0.07399124410248151
13,nonnormal,12,random_066,0.010456725014090546,0.5609535284524839,0.55474,0.09112260125689563
13,nonnormal,12,random_067,0.01567451219934731,0.574482042799905,0.57492,0.13659174580117758
13,nonnormal,12,random_068,0.014519823451135602,0.5717170526282487,0.56702,0.1265294899574658
13,nonnormal,12,random_069,0.024002458109900836,0.5918827921732043,0.59288,0.20916361638912798
13,nonnormal,12,random_070,0.006961675238218978,0.5497995715828993,0.54726,0.06066583523592875
13,nonnormal,12,random_071,0.020910233330138653,0.585859030473409,0.5828,0.1822171713766341
13,nonnormal,12,random_072,0.019139168010320895,0.5821967744640323,0.58224,0.16678365096558725
13,nonnormal,12,random_073,0.014011134911428476,0.5704629649853138,0.56654,0.12209664670059298
13,nonnormal,12,random_074,0.027022802803611905,0.5973830516970865,0.59454,0.23548367977537468
13,nonnormal,12,random_075,0.014555942903450362,0.5718052303850069,0.57374,0.12684424418945148
13,nonnormal,12,random_076,0.017317568141337364,0.5782405235717609,0.57934,0.1509097594472268
13,nonnormal,12,random_077,0.013176060193590666,0.5683521985524181,0.56772,0.1148195900283833
13,nonnormal,12,random_078,0.007809324453715932,0.5527275651934871,0.55392,0.0680524693269436
13,nonnormal,12,random_079,0.017632830495300275,0.5789402025954964,0.57478,0.15365703698706473
13,nonnormal,12,random_080,0.02510523413760521,0.5939312675530802,0.59302,0.21877349138467017
13,nonnormal,12,random_081,0.029201687462666506,0.6011510249440157,0.60106,0.2544710431902354
13,nonnormal,12,random_082,0.020152261495950077,0.5843123356644457,0.58308,0.17561200913724714
13,nonnormal,12,random_083,0.01822562714601214,0.5802384325468799,0.57736,0.15882282003638962
13,nonnormal,12,random_084,0.009160415992760376,0.5570780466799943,0.56042,0.07982622979286512
13,nonnormal,12,random_085,0.01567184198526964,0.5744757726017004,0.57196,0.13656847686636842
13,nonnormal,12,random_086,0.02319248852032665,0.590346426555812,0.58766,0.2021053322856898
13,nonnormal,12,random_087,0.020917686738507815,0.5858740927265144,0.5899,0.1822821223013177
13,nonnormal,12,random_088,0.009949133764418189,0.5594670036045035,0.55816,0.08669932006865956
13,nonnormal,12,random_089,0.019859372791080868,0.5837065425460826,0.58168,0.17305970135154156
13,nonnormal,12,random_090,0.03460268447678222,0.6098879295153685,0.60794,0.30153672548022253
13,nonnormal,12,random_091,0.01944243322881202,0.582836063323056,0.58174,0.16942638236977117
13,nonnormal,12,random_092,0.022182377329391992,0.588390326684665,0.58382,0.19330296259990035
13,nonnormal,12,random_093,0.012623611166932858,0.566917719472844,0.56352,0.11000540659111537
13,nonnormal,12,random_094,0.0323296737422952,0.6063070913155572,0.60116,0.28172912314467263
13,nonnormal,12,random_095,0.02662653112286121,0.5966806359311001,0.60144,0.2320304660487262
13,nonnormal,12,random_096,0.007195582505857126,0.5506248433103388,0.55292,0.06270416355109049
13,nonnormal,12,random_097,0.03199685771458592,0.6057715627412338,0.60794,0.27882887836019266
13,nonnormal,12,random_098,0.01963781336675902,0.5832451756355534,0.58206,0.17112897533072888
13,nonnormal,12,random_099,0.02733480010200267,0.5979322508033436,0.59386,0.23820250477805754
13,nonnormal,12,random_100,0.014640805924478553,0.5720119613560003,0.57134,0.1275837624627337
13,nonnormal,12,random_101,0.014918171959011215,0.5726833574406935,0.56976,0.13000080169182968
13,nonnormal,12,random_102,0.030574473012689125,0.6034485075143483,0.60638,0.26643385086829663
13,nonnormal,12,random_103,0.026442397942848417,0.5963523633150156,0.59712,0.23042588198269606
13,nonnormal,12,random_104,0.013525585321185668,0.5692438235716407,0.5684,0.11786544222285027
13,nonnormal,12,random_105,0.019338012490594112,0.582616533567792,0.58318,0.16851643309992237
13,nonnormal,12,random_106,0.017767073058939323,0.5792361594899136,0.5761,0.15482686134236726
13,nonnormal,12,random_107,0.018728060389834263,0.5813216575672299,0.58662,0.1632011530300677
13,nonnormal,12,random_108,0.031729104583382586,0.6053385546282133,0.60306,0.2764956084523535
13,nonnormal,12,random_109,0.019961976765146477,0.583919290264047,0.58278,0.17395381886955555
13,nonnormal,12,random_110,0.02437460261211289,0.5925795204941012,0.58866,0.21240657965337376
13,nonnormal,12,random_111,0.023838073206242323,0.5915732185631775,0.58744,0.2077311239014186
13,nonnormal,12,random_112,0.01847513784064446,0.5807782847275829,0.5764,0.16099712064252342
13,nonnormal,12,random_113,0.01017763973670844,0.5601408906766491,0.56178,0.08869058010177376
13,nonnormal,12,random_114,0.014498589282057647,0.5716651611701203,0.57092,0.1263444499263562
13,nonnormal,12,random_115,0.011398492638997379,0.5636168036013831,0.56492,0.0993294074649006
13,nonnormal,12,random_116,0.012500783008680716,0.5665944236186092,0.56838,0.10893505031107106
13,nonnormal,12,random_117,0.019001672334429495,0.581905190581713,0.58632,0.1655854781503017
13,nonnormal,12,random_118,0.019134327768936085,0.5821865284622756,0.58432,0.1667414718526144
13,nonnormal,12,random_119,0.012596404493822811,0.5668462487556588,0.5622,0.10976832061802225
13,nonnormal,12,random_120,0.011459820650124138,0.5637862527701794,0.56522,0.09986383558615759
13,nonnormal,12,random_121,0.02510291378380724,0.593927007764402,0.5919,0.2187532712226574
13,nonnormal,12,random_122,0.010079626919740419,0.5598527985393414,0.55924,0.08783647111195075
13,nonnormal,12,random_123,0.019657370509071855,0.5832860097017427,0.57856,0.17129940131766982
13,nonnormal,12,random_124,0.017634472467776604,0.5789438296209518,0.5764,0.1536713455591113
13,nonnormal,12,random_125,0.019558750353742257,0.5830798803130925,0.58856,0.17043999982457494
13,nonnormal,12,random_126,0.016280666935140888,0.5758913733385933,0.57662,0.141873934652397
13,nonnormal,12,random_127,0.017539576954685464,0.578733921841137,0.58094,0.1528444015600274
14,normal,0,oracle_t0,0.14253786898090037,0.7144094250270155,0.71594,1.0000000000000002
14,normal,0,oracle_t12,0.052839252258610754,0.6348783299031091,0.63654,0.3707032568705728
14,normal,0,bottom,8.399340095905235e-33,0.5,0.49864,-1.7925671024942947e-17
14,normal,0,random_000,0.030008888681148597,0.6025087581993086,0.60626,0.21053274400482092
14,normal,0,random_001,0.032247725825006054,0.6061755057024697,0.60714,0.2262397077742698
14,normal,0,random_002,0.03193070988433807,0.6056647701819713,0.60304,0.22401562555012444
14,normal,0,random_003,0.03628397592680045,0.6124557364001167,0.60974,0.2545567447178715
14,normal,0,random_004,0.058683223186510855,0.6418354861507147,0.64116,0.4117026836873381
14,normal,0,random_005,0.03246021734013918,0.6065163391379902,0.61098,0.22773048013288838
14,normal,0,random_006,0.04419464060976195,0.6237474141563955,0.62376,0.3100554324667496
14,normal,0,random_007,0.05313785206170883,0.635243992948247,0.63844,0.37279813737659523
14,normal,0,random_008,0.052022015073862976,0.6338715979797553,0.63018,0.36496978273776337
14,normal,0,random_009,0.041432637056582705,0.619940729892737,0.62162,0.29067810086409074
14,normal,0,random_010,0.035612506165921196,0.6114380819668989,0.61532,0.24984592810695913
14,normal,0,random_011,0.04437363673283193,0.6239895475496439,0.62538,0.3113112118911912
14,normal,0,random_012,0.034536492245106694,0.6097854726069807,0.6103,0.24229695934162224
14,normal,0,random_013,0.05098558141890919,0.6325820563701227,0.63002,0.35769849643073515
14,normal,0,random_014,0.03398725593603266,0.6089312147636083,0.6043,0.23844369344813793
14,normal,0,random_015,0.040900502288715876,0.6191915090975608,0.61954,0.2869448139020265
14,normal,0,random_016,0.030721789861863188,0.6036917547843624,0.59982,0.21553423017696316
14,normal,0,random_017,0.02011737081189076,0.5842404123775103,0.58188,0.14113702523914137
14,normal,0,random_018,0.030104550447297075,0.60266836593165,0.6005,0.2112038762929099
14,normal,0,random_019,0.03125468646765685,0.6045664963707921,0.60666,0.21927286194972417
14,normal,0,random_020,0.038898482915984404,0.6163240443508278,0.61634,0.2728992877057583
14,normal,0,random_021,0.029196996934465643,0.6011430772654413,0.6,0.2048367717520594
14,normal,0,random_022,0.04850160055473431,0.6294307999969095,0.62746,0.3402716828973596
14,normal,0,random_023,0.042130763836849876,0.6209157259336759,0.6231,0.29557593457844716
14,normal,0,random_024,0.05690924636360298,0.6397665584901787,0.63662,0.39925703092438297
14,normal,0,random_025,0.03372844627830416,0.6085260976083431,0.60708,0.23662796784778417
14,normal,0,random_026,0.04153292481575792,0.6200813403754031,0.61842,0.29138168763644984
14,normal,0,random_027,0.031086098679120242,0.6042906308314328,0.60106,0.21809010406410442
14,normal,0,random_028,0.032798585810054286,0.6070566156415806,0.61204,0.2301043648579395
14,normal,0,random_029,0.018815577700702607,0.5815087864644473,0.58378,0.1320040620449001
14,normal,0,random_030,0.04182066076044792,0.6204837390024256,0.6216,0.2934003507941582
14,normal,0,random_031,0.04732915108205498,0.6279122601195208,0.62582,0.33204615321137537
14,normal,0,random_032,0.034220692969665435,0.6092951940704923,0.61158,0.24008141285072046
14,normal,0,random_033,0.024455407651929655,0.5927300608045656,0.58906,0.1715713012042197
14,normal,0,random_034,0.03494082677738522,0.6104096886325991,0.60988,0.245133640815601
14,normal,0,random_035,0.03978623689559961,0.61760525089714,0.6184,0.2791274850680618
14,normal,0,random_036,0.06398768232416967,0.6478182362176594,0.6475,0.4489170687176741
14,normal,0,random_037,0.03822263903830432,0.6153379681126102,0.6203,0.2681577836934411
14,normal,0,random_038,0.021740432583533115,0.5875197941748542,0.5844,0.1525239063763909
14,normal,0,random_039,0.031214252640817338,0.6045004059442157,0.6093,0.21898919118118676
14,normal,0,random_040,0.026246004276441654,0.5960008953136982,0.59314,0.18413355316795527
14,normal,0,random_041,0.047688782986283526,0.6283802436737118,0.62966,0.33456921537583584
14,normal,0,random_042,0.027436493100715664,0.5981105383315338,0.59878,0.1924856411624343
14,normal,0,random_043,0.04512993256725151,0.6250067259343736,0.62522,0.3166171410441023
14,normal,0,random_044,0.0367090690968087,0.6130947353458065,0.61256,0.2575390621402344
14,normal,0,random_045,0.028321974889307173,0.5996483514270714,0.60342,0.1986978975608386
14,normal,0,random_046,0.05510995703899298,0.6376306083782728,0.63968,0.38663379376309853
14,normal,0,random_047,0.039902497088022564,0.6177718803665067,0.61656,0.2799431293123189
14,normal,0,random_048,0.0255176131915711,0.594685051172891,0.59716,0.17902339479335408
14,normal,0,random_049,0.03367474178675858,0.6084418241561274,0.60622,0.23625119434941808
14,normal,0,random_050,0.03451797002148957,0.6097567836855446,0.61038,0.24216701335779664
14,normal,0,random_051,0.0646029045648761,0.6484935438505983,0.6512,0.45323327075650816
14,normal,0,random_052,0.05155556889786545,0.6332930316813181,0.63266,0.36169734588057967
14,normal,0,random_053,0.027084666291785773,0.5974922143914497,0.59706,0.19001733704476131
14,normal,0,random_054,0.028002220703401956,0.599096022971508,0.5997,0.1964546046858198
14,normal,0,random_055,0.04380710166924935,0.6232213252273381,0.62442,0.3073365834809792
14,normal,0,random_056,0.03732767136669182,0.6140175016282408,0.61056,0.2618789773803454
14,normal,0,random_057,0.027508789482462787,0.598237074640861,0.6004,0.19299284940305145
14,normal,0,random_058,0.04753692546144379,0.628182872857819,0.6228,0.3335038316576319
14,normal,0,random_059,0.02804505974258759,0.5991702149552349,0.60158,0.19675514965321636
14,normal,0,random_060,0.05363498403002171,0.635850233943563,0.63432,0.37628585591670827
14,normal,0,random_061,0.0506585382347757,0.6321721164616751,0.63376,0.3554040662805461
14,normal,0,random_062,0.03814569730945039,0.6152251092703456,0.61624,0.2676179851865318
14,normal,0,random_063,0.027489087414327963,0.5982026087330706,0.59778,0.19285462600827444
14,normal,0,random_064,0.020041241444024395,0.5840832534595028,0.5792,0.1406029259965284
14,normal,0,random_065,0.03872659976729473,0.6160741503727136,0.61332,0.27169341062959185
14,normal,0,random_066,0.030983219712216934,0.6041218933215323,0.60458,0.21736833820890492
14,normal,0,random_067,0.062411758448562615,0.646071287802701,0.64482,0.43786089194953226
14,normal,0,random_068,0.05937790789103447,0.6426360231722428,0.6438,0.41657636890159305
14,normal,0,random_069,0.03606594010479556,0.6121264139969145,0.6117,0.25302707527940016
14,normal,0,random_070,0.030212070943822347,0.6028474366101314,0.60466,0.21195820563215154
14,normal,0,random_071,0.04363241957854938,0.6229833562210338,0.62436,0.3061110699248351
14,normal,0,random_072,0.03440213040616016,0.6095771721984354,0.60604,0.24135431974761704
14,normal,0,random_073,0.024486803890401976,0.5927884814095361,0.59166,0.17179156714966135
14,normal,0,random_074,0.030851017911656682,0.6039046212394577,0.60858,0.21644085275184397
14,normal,0,random_075,0.03507768795205,0.6106200933601742,0.6109,0.246093814947874
14,normal,0,random_076,0.04288951879406832,0.6219654171165953,0.6209,0.30089911614867343
14,normal,0,random_077,0.03253203500988423,0.6066312629208532,0.60706,0.22823432988354442
14,normal,0,random_078,0.026470302525933034,0.5964021892939134,0.59474,0.18570715779032704
14,normal,0,random_079,0.04306319321773612,0.6222042505897929,0.62262,0.30211756023591496
14,normal,0,random_080,0.03637142023566591,0.6125875119959103,0.61094,0.25517022595966815
14,normal,0,random_081,0.03711548264357929,0.6137019205582028,0.61316,0.26039032931348693
14,normal,0,random_082,0.022766609236216387,0.5895272744650633,0.58878,0.15972323284324572
14,normal,0,random_083,0.02730938027461677,0.5978876299454214,0.59294,0.19159385831898573
14,normal,0,random_084,0.032124175428426174,0.6059767786188198,0.60714,0.22537291779443333
14,normal,0,random_085,0.02754377521877302,0.5982982448216154,0.60146,0.19323829811475438
14,normal,0,random_086,0.026785418575256494,0.5969629348230535,0.5957,0.1879179109857863
14,normal,0,random_087,0.03456785966964408,0.6098340384525712,0.61362,0.24251702313773243
14,normal,0,random_088,0.04241650071626228,0.6213122316011652,0.61986,0.2975805729349438
14,normal,0,random_089,0.045727463493112394,0.6258037537457521,0.62314,0.3208092264887147
14,normal,0,random_090,0.03679519648465082,0.613223713157943,0.60964,0.2581433042862545
14,normal,0,random_091,0.037069119455607605,0.6136328361327547,0.61704,0.26006506004783025
14,normal,0,random_092,0.025879944872833002,0.5953420555388632,0.59614,0.18156539772810024
14,normal,0,random_093,0.025347356138175712,0.5943746260638714,0.5987,0.17782892588054744
14,normal,0,random_094,0.026984109065678732,0.5973147063448436,0.59806,0.18931185977878284
14,normal,0,random_095,0.03661909083765243,0.6129598156905617,0.61516,0.2569078035154242
14,normal,0,random_096,0.04344137162954259,0.6227224923430403,0.61932,0.30477073875268623
14,normal,0,random_097,0.04335985966159675,0.6226110012726817,0.61928,0.30419887691324227
14,normal,0,random_098,0.025317289699760905,0.5943196923541716,0.59486,0.17761798938605816
14,normal,0,random_099,0.03919912485128907,0.6167596959961374,0.6147,0.2750084951567617
14,normal,0,random_100,0.050240789442998854,0.6316463297130921,0.6326,0.352473274661704
14,normal,0,random_101,0.012008826786337875,0.5652828900818399,0.5667,0.0842500794504443
14,normal,0,random_102,0.05768700355719567,0.6406780509874676,0.63632,0.40471352609407657
14,normal,0,random_103,0.03702024748695573,0.6135599627542772,0.6116,0.2597221899810803
14,normal,0,random_104,0.04784881517859808,0.6285878629843155,0.63174,0.33569194994075346
14,normal,0,random_105,0.05566186359876385,0.6382899009507426,0.63352,0.39050579327955554
14,normal,0,random_106,0.02705981390757267,0.5974483764337107,0.60024,0.18984298068324995
14,normal,0,random_107,0.027232319638092486,0.5977522262023447,0.59698,0.19105322559397553
14,normal,0,random_108,0.030816776198752664,0.603848264254065,0.60418,0.21620062386987154
14,normal,0,random_109,0.016018634555516994,0.5752855333067826,0.57648,0.1123816054641833
14,normal,0,random_110,0.023407649239046903,0.590757266757878,0.591,0.16422056402557458
14,normal,0,random_111,0.03305294621571683,0.6074607882084418,0.6076,0.23188887593195212
14,normal,0,random_112,0.025468778336745927,0.5945961241725726,0.58988,0.17868078510531588
14,normal,0,random_113,0.03223074635957474,0.6061482189728636,0.60764,0.22612058528736356
14,normal,0,random_114,0.04268270372519476,0.6216803166388924,0.62242,0.29944816791749646
14,normal,0,random_115,0.04916170398845088,0.6302768130257258,0.63342,0.34490275700023554
14,normal,0,random_116,0.05227798935480686,0.6341878704086731,0.63628,0.36676561624344167
14,normal,0,random_117,0.04877401327998905,0.6297807038009109,0.62966,0.3421828432591807
14,normal,0,random_118,0.022285557926031478,0.5885922553994779,0.59218,0.15634833104610033
14,normal,0,random_119,0.05996089761742994,0.6433037586487482,0.64214,0.4206664379517595
14,normal,0,random_120,0.044919063909008135,0.6247240680433251,0.62304,0.31513775412923534
14,normal,0,random_121,0.029698117818191372,0.6019883673544058,0.5993,0.2083524752441109
14,normal,0,random_122,0.04502452863461866,0.6248655288533538,0.6267,0.31587766083869134
14,normal,0,random_123,0.025860735799164182,0.5953073469526613,0.59346,0.18143063302447326
14,normal,0,random_124,0.01856739310598058,0.5809769300603289,0.58,0.13026287848086573
14,normal,0,random_125,0.02772235059274003,0.5986098308518302,0.59578,0.1944911256983555
14,normal,0,random_126,0.024142807269711818,0.592146218024467,0.5941,0.1693781971228073
14,normal,0,random_127,0.04844790227171236,0.6293616980800485,0.62618,0.3398949529560053
14,normal,12,oracle_t0,0.04763811766782339,0.6283144321549065,0.62784,0.6023373943874663
14,normal,12,oracle_t12,0.07908876007319442,0.6634294099139262,0.66112,1.0000000000000002
14,normal,12,bottom,3.5049662022911675e-33,0.5,0.50474,-9.12448619629007e-18
14,normal,12,random_000,0.012297279095889865,0.566055166347487,0.56226,0.1554870639583815
14,normal,12,random_001,0.02030560899942635,0.5846276755109399,0.58292,0.2567445611820705
14,normal,12,random_002,0.02521491264893856,0.5941323825475094,0.59422,0.3188179031458183
14,normal,12,random_003,0.0174491992455071,0.5785334579200379,0.57812,0.22062805421855597
14,normal,12,random_004,0.04202311474663638,0.6207659639059506,0.62292,0.5313411755064208
14,normal,12,random_005,0.014497156311039934,0.5716616579033943,0.57084,0.1833023592432506
14,normal,12,random_006,0.018093914190014396,0.5799519007287234,0.5852,0.22877984397870188
14,normal,12,random_007,0.027222914905156652,0.5977356871708072,0.59976,0.34420712728284797
14,normal,12,random_008,0.02230860913178185,0.5886373004442691,0.59244,0.2820705383563463
14,normal,12,random_009,0.012797343128944927,0.5673722495322868,0.56466,0.16180988445262448
14,normal,12,random_010,0.022551357054958435,0.5891101850251574,0.585,0.2851398483689439
14,normal,12,random_011,0.031263335283593964,0.6045806272050065,0.60114,0.3952942902968845
14,normal,12,random_012,0.009330441018563956,0.5576016569634996,0.56078,0.11797429887545204
14,normal,12,random_013,0.02426783798741871,0.5923802131030386,0.5945,0.30684307055717547
14,normal,12,random_014,0.024896832045831124,0.5935478426046554,0.59408,0.31479608509211443
14,normal,12,random_015,0.012027801411269579,0.5653339818420462,0.56706,0.15207978226157795
14,normal,12,random_016,0.016455953168366087,0.5762938322623294,0.57568,0.20806942924805708
14,normal,12,random_017,0.02168959620955879,0.5874190647483423,0.5869,0.27424372552415394
14,normal,12,random_018,0.01335581606661872,0.5688122500906678,0.56732,0.16887122840538013
14,normal,12,random_019,0.01928305205624152,0.5825007385932739,0.57896,0.24381532898474578
14,normal,12,random_020,0.021322055969242047,0.5866870920037043,0.59054,0.2695965387434205
14,normal,12,random_021,0.014795083398242032,0.5723862105532853,0.5689,0.1870693558041573
14,normal,12,random_022,0.033949452537325155,0.6088721445368082,0.60408,0.42925761518964145
14,normal,12,random_023,0.016861253779518835,0.5772159756342271,0.57588,0.2131940589777134
14,normal,12,random_024,0.025618833938918357,0.5948690854233014,0.59552,0.32392509270860786
14,normal,12,random_025,0.02034048920740325,0.584699228295813,0.58906,0.25718558728925206
14,normal,12,random_026,0.022410963529760908,0.5888370196056304,0.58746,0.2833647095873067
14,normal,12,random_027,0.025143018780614663,0.5940006047085501,0.59414,0.31790887551335373
14,normal,12,random_028,0.019061186816039074,0.5820315361503469,0.5817,0.2410100600691992
14,normal,12,random_029,0.031013036628207778,0.6041708285053179,0.5999,0.39212950866224355
14,normal,12,random_030,0.014638264518598156,0.5720057793544074,0.56868,0.18508653448417764
14,normal,12,random_031,0.019422277940135173,0.5827937377002608,0.58558,0.24557570408437818
14,normal,12,random_032,0.018662126905117614,0.5811803779085406,0.58466,0.23596433788880167
14,normal,12,random_033,0.01877160809318919,0.5814148277882655,0.57844,0.2373486204084701
14,normal,12,random_034,0.02633413759585266,0.5961587912306283,0.5996,0.3329694076817131
14,normal,12,random_035,0.02280776027242542,0.5896067756170267,0.5865,0.28838181621911224
14,normal,12,random_036,0.023161505432544877,0.5902871007531774,0.58864,0.2928545777062323
14,normal,12,random_037,0.01377794863634738,0.5698802348332768,0.56798,0.17420868178482354
14,normal,12,random_038,0.007070734558060663,0.5501860794248236,0.55074,0.0894025213129767
14,normal,12,random_039,0.01280216675846321,0.5673848240323397,0.56646,0.16187087452901236
14,normal,12,random_040,0.023319091146247344,0.5905884105097373,0.5868,0.29484709489270267
14,normal,12,random_041,0.023093295670629854,0.5901563467606474,0.59138,0.2919921319952122
14,normal,12,random_042,0.02100691807931456,0.5860541985361912,0.5856,0.26561192841907316
14,normal,12,random_043,0.033164374271156455,0.6076373183895855,0.60722,0.4193310685420251
14,normal,12,random_044,0.00838772301267978,0.5546335038735349,0.5578,0.10605455193528365
14,normal,12,random_045,0.023993748690973406,0.5918664184657221,0.5923,0.30337747954030214
14,normal,12,random_046,0.0221248231172339,0.5882774764294656,0.58848,0.2797467439969725
14,normal,12,random_047,0.028269323962791894,0.5995576335584136,0.6023,0.35743794613329927
14,normal,12,random_048,0.013278511149189876,0.5686147958198147,0.56692,0.16789378335051644
14,normal,12,random_049,0.0158232518536,0.5748304441766652,0.57562,0.2000695400832688
14,normal,12,random_050,0.019887081786405695,0.5837640531924805,0.58694,0.2514526940111435
14,normal,12,random_051,0.02190924906501113,0.5878534112429812,0.58538,0.2770210209988719
14,normal,12,random_052,0.0334929298791327,0.6081559858113521,0.61366,0.4234853327847847
14,normal,12,random_053,0.01434690061548744,0.5712933218160285,0.56852,0.18140252296546044
14,normal,12,random_054,0.01702779863026964,0.5775915624947472,0.578,0.21529985568759574
14,normal,12,random_055,0.015334728932893496,0.5736796737834586,0.5796,0.19389264566420863
14,normal,12,random_056,0.017009448602779163,0.5775502738272935,0.57776,0.2150678375414838
14,normal,12,random_057,0.013827754137002544,0.5700051228010731,0.57392,0.17483842361677382
14,normal,12,random_058,0.021478927867175687,0.5870003119965078,0.58756,0.2715800304278073
14,normal,12,random_059,0.015798041847282805,0.5747715130541421,0.5794,0.19975078421588816
14,normal,12,random_060,0.02012857779515656,0.5842635214365381,0.58654,0.25450617479055343
14,normal,12,random_061,0.020110782239706304,0.5842268234485395,0.58328,0.2542811674009599
14,normal,12,random_062,0.019658153132419316,0.5832876433279051,0.5825,0.24855811513831105
14,normal,12,random_063,0.01702426725329621,0.5775836184793943,0.57798,0.21525520488044994
14,normal,12,random_064,0.014210581548291468,0.5709574234325931,0.57146,0.1796789017192832
14,normal,12,random_065,0.027683021051250544,0.5985412987125694,0.59714,0.35002471938655627
14,normal,12,random_066,0.021278695611540974,0.5866003032112781,0.58992,0.26904828943895615
14,normal,12,random_067,0.02380992941358937,0.59152010485075,0.59158,0.3010532646049066
14,normal,12,random_068,0.03009345880102373,0.6026498738643793,0.60386,0.3805023466441134
14,normal,12,random_069,0.021237838081468667,0.5865184391716419,0.58758,0.26853168594138593
14,normal,12,random_070,0.02602235646804893,0.5955989528443855,0.59236,0.32902724033055997
14,normal,12,random_071,0.02660536269617715,0.5966429581859312,0.59892,0.33639878374063054
14,normal,12,random_072,0.022134246806217638,0.5882959646049865,0.59032,0.27986589732514483
14,normal,12,random_073,0.026784289223114835,0.5969609314146572,0.59388,0.33866113463312286
14,normal,12,random_074,0.011320967297276727,0.5634019307703078,0.56426,0.1431425563733645
14,normal,12,random_075,0.016633121172995213,0.5766983593019368,0.57788,0.2103095453462886
14,normal,12,random_076,0.02328597805100207,0.5905251861597974,0.59188,0.29442841219727767
14,normal,12,random_077,0.015124534420534925,0.5731787060727193,0.57402,0.19123494168498278
14,normal,12,random_078,0.019781077372413254,0.5835438117249219,0.58264,0.2501123718984395
14,normal,12,random_079,0.018003695354375043,0.5797550095026244,0.5819,0.2276391150615224
14,normal,12,random_080,0.019048728433320634,0.5820051048144497,0.58412,0.24085253600753867
14,normal,12,random_081,0.022073686974516223,0.5881770811552901,0.58352,0.2791001774978853
14,normal,12,random_082,0.013617723313419004,0.5694768812742421,0.56948,0.17218278932197428
14,normal,12,random_083,0.0265823284238002,0.5966019413636288,0.59498,0.3361075379004425
14,normal,12,random_084,0.024046207166332607,0.5919649930709965,0.59458,0.3040407656420271
14,normal,12,random_085,0.03556972897491889,0.6113729005726383,0.6163,0.44974442565542955
14,normal,12,random_086,0.03331741467647175,0.6078792543967959,0.60754,0.42126611475053366
14,normal,12,random_087,0.018798132192949325,0.5814715208582373,0.5768,0.2376839917018826
14,normal,12,random_088,0.013783000629076409,0.5698929133683919,0.5693,0.1742725592906076
14,normal,12,random_089,0.03486366137252129,0.6102908617293352,0.60936,0.44081689155647336
14,normal,12,random_090,0.020165295450211077,0.5843391870202542,0.5852,0.2549704336184898
14,normal,12,random_091,0.015174756038351759,0.573298727590899,0.57022,0.19186994491136228
14,normal,12,random_092,0.01535247271255076,0.5737218004642108,0.57468,0.19411699839955104
14,normal,12,random_093,0.025976373906960608,0.5955160860852257,0.59644,0.3284458358295187
14,normal,12,random_094,0.020422188014655618,0.5848665733869419,0.58692,0.25821858878247006
14,normal,12,random_095,0.02258869767951432,0.589182688631554,0.5917,0.28561198403678506
14,normal,12,random_096,0.015365493140517406,0.5737526971045871,0.57118,0.19428162897353657
14,normal,12,random_097,0.022806389608500812,0.589604128797032,0.58752,0.2883644855146818
14,normal,12,random_098,0.01975265778874376,0.5834846606799388,0.5814,0.24975303406531138
14,normal,12,random_099,0.02537644129569628,0.594427734136046,0.59672,0.3208602748634712
14,normal,12,random_100,0.02824034660829911,0.5995076670613516,0.59406,0.3570715558337678
14,normal,12,random_101,0.013909397978626293,0.5702093452021488,0.5693,0.17587073012338975
14,normal,12,random_102,0.017118913976685992,0.5777962362143315,0.57452,0.21645192010650965
14,normal,12,random_103,0.02352505024484133,0.5909806011000432,0.59022,0.29745124620830526
14,normal,12,random_104,0.03625305353496511,0.6124090963062769,0.61354,0.4583843962329658
14,normal,12,random_105,0.024831462806036285,0.5934272252171602,0.5908,0.3139695550044719
14,normal,12,random_106,0.012389559099522735,0.5663002595146,0.56872,0.15665385432843495
14,normal,12,random_107,0.021098535691967853,0.5862387045043341,0.5875,0.2667703435031952
14,normal,12,random_108,0.016274086098163436,0.5758762200310477,0.57728,0.20576989806266063
14,normal,12,random_109,0.020510108125209994,0.5850462710296603,0.58648,0.2593302525697516
14,normal,12,random_110,0.02012805250348915,0.584262438423186,0.58486,0.2544995329913025
14,normal,12,random_111,0.015619706310257638,0.5743532365949147,0.57622,0.19749590581268492
14,normal,12,random_112,0.014637648110066574,0.5720042798494174,0.5717,0.18507874060131743
14,normal,12,random_113,0.008278007121709806,0.5542772375359315,0.554,0.10466730182707054
14,normal,12,random_114,0.01979830112363074,0.5835796387480745,0.5842,0.25033014938289544
14,normal,12,random_115,0.030893579351836297,0.6039746247082274,0.60544,0.3906190882654521
14,normal,12,random_116,0.01580190711956446,0.5747805517059729,0.57332,0.19979965680256268
14,normal,12,random_117,0.02037230602372459,0.5847644409484907,0.5865,0.25758787980581055
14,normal,12,random_118,0.025024363782413406,0.5937826799688537,0.59186,0.3164085991391705
14,normal,12,random_119,0.020846281520429923,0.5857296774901514,0.58188,0.26358083627986173
14,normal,12,random_120,0.020645708120650016,0.5853226321974806,0.589,0.26104478185703
14,normal,12,random_121,0.01799172906706599,0.5797288560659956,0.57774,0.2274878130649052
14,normal,12,random_122,0.014972051747638195,0.5728130293501432,0.57772,0.189306947457287
14,normal,12,random_123,0.017072952027919155,0.5776930621099647,0.57678,0.2158707762281091
14,normal,12,random_124,0.010620335105532792,0.5614247724073808,0.56136,0.1342837477247585
14,normal,12,random_125,0.01444281002061673,0.5715286621866948,0.57134,0.1826152035668572
14,normal,12,random_126,0.015936696978706484,0.5750950347207888,0.5729,0.20150394270889468
14,normal,12,random_127,0.02162368284694582,0.5872882766081056,0.5887,0.27341031553578177
14,nonnormal,0,oracle_t0,0.3125819589542187,0.7991630426559493,0.7999,1.0000000000000009
14,nonnormal,0,oracle_t12,0.2689045536929109,0.7816683623807976,0.784,0.8602689502380889
14,nonnormal,0,bottom,6.314519181697221e-32,0.5000000000000001,0.49968,-3.0759294179697947e-18
14,nonnormal,0,random_000,0.0550914208197041,0.6376084012291308,0.6392,0.17624632273730473
14,nonnormal,0,random_001,0.023638976603261745,0.5911967652659291,0.58422,0.07562489109207987
14,nonnormal,0,random_002,0.0319205993291013,0.6056484367234551,0.60478,0.10211913520503749
14,nonnormal,0,random_003,0.043881546467990806,0.6233225828029914,0.62188,0.14038413034073355
14,nonnormal,0,random_004,0.04760341563947999,0.6282693337283521,0.62706,0.1522909888937388
14,nonnormal,0,random_005,0.052237538784687315,0.6341379488188913,0.63486,0.16711629474539877
14,nonnormal,0,random_006,0.05535420113719691,0.6379228315431797,0.63858,0.17708699927017937
14,nonnormal,0,random_007,0.05227729760313895,0.6341870168730249,0.63628,0.16724348960521948
14,nonnormal,0,random_008,0.01632161411205304,0.5759855887510902,0.57464,0.05221547067738335
14,nonnormal,0,random_009,0.04908945650486292,0.6301845264780548,0.63318,0.15704507281577534
14,nonnormal,0,random_010,0.04728408180444099,0.6278534735837504,0.62906,0.1512693885553592
14,nonnormal,0,random_011,0.050158007123327145,0.6315418497000406,0.63256,0.16046353823853737
14,nonnormal,0,random_012,0.037141922751355486,0.613741297254912,0.61562,0.11882298925893989
14,nonnormal,0,random_013,0.03400325762710471,0.6089562077760052,0.60918,0.10878189432578517
14,nonnormal,0,random_014,0.04564310660800376,0.625691582183449,0.62478,0.14601964476999385
14,nonnormal,0,random_015,0.0400587519235313,0.6179954158354509,0.61974,0.1281543952746115
14,nonnormal,0,random_016,0.039540511342737915,0.6172521908355915,0.61694,0.1264964602404617
14,nonnormal,0,random_017,0.06100331481332932,0.6444885815487083,0.6417,0.1951594232035126
14,nonnormal,0,random_018,0.04613135130778599,0.6263392390235492,0.62676,0.14758161815264112
14,nonnormal,0,random_019,0.04514161496463892,0.6250223642640576,0.62666,0.14441529228259298
14,nonnormal,0,random_020,0.04604640271598942,0.6262268273699776,0.62776,0.1473098539341277
14,nonnormal,0,random_021,0.0658299189530486,0.6498294757640976,0.65008,0.21060050673842703
14,nonnormal,0,random_022,0.04365652982794476,0.6230162326415758,0.6246,0.13966426589046615
14,nonnormal,0,random_023,0.040072572400812065,0.6180151642791849,0.61928,0.12819860920598172
14,nonnormal,0,random_024,0.03212890548809553,0.6059843943138015,0.60882,0.10278554013669487
14,nonnormal,0,random_025,0.041638333067988184,0.6202289302069568,0.62456,0.13320772960568283
14,nonnormal,0,random_026,0.05431033912023403,0.6366687908250798,0.63606,0.1737475166575063
14,nonnormal,0,random_027,0.02760943704186318,0.5984129387753834,0.59546,0.08832703312191773
14,nonnormal,0,random_028,0.04424073772980687,0.6238098225754951,0.62198,0.14153324100283882
14,nonnormal,0,random_029,0.07193445487065084,0.6562716803767811,0.65734,0.2301298997271514
14,nonnormal,0,random_030,0.03304929023278198,0.6074549907952765,0.61034,0.10572999908040909
14,nonnormal,0,random_031,0.04964454823445051,0.6308916572939016,0.63118,0.15882090060649212
14,nonnormal,0,random_032,0.03948692290553799,0.6171750360548495,0.61814,0.12632502220424488
14,nonnormal,0,random_033,0.05982289087664607,0.6431460245371317,0.64028,0.19138305702859806
14,nonnormal,0,random_034,0.02587285112817828,0.5953292395462991,0.5968,0.08277141526254138
14,nonnormal,0,random_035,0.02426952656174373,0.5923833689155139,0.59002,0.0776421219028137
14,nonnormal,0,random_036,0.05665519624471943,0.639467303012986,0.63728,0.1812490920277881
14,nonnormal,0,random_037,0.03764825125608279,0.6144924504629725,0.61436,0.12044281564438221
14,nonnormal,0,random_038,0.03010946384025777,0.602676556410923,0.60132,0.096325021255202
14,nonnormal,0,random_039,0.049989377869798214,0.631328724632246,0.63218,0.1599240661138725
14,nonnormal,0,random_040,0.06793770531886063,0.6520913797484494,0.64876,0.2173436545927174
14,nonnormal,0,random_041,0.06760409081148336,0.651736089401062,0.65444,0.21627636808490547
14,nonnormal,0,random_042,0.05078724825640149,0.6323336265004005,0.63352,0.16247658190612313
14,nonnormal,0,random_043,0.047606468629067394,0.6282733020946023,0.6298,0.15230075589883918
14,nonnormal,0,random_044,0.06083065201888943,0.6442931304476757,0.64144,0.19460704713223345
14,nonnormal,0,random_045,0.043555010210436784,0.6228777343433229,0.62416,0.1393394882934238
14,nonnormal,0,random_046,0.031071024562039293,0.6042659256323683,0.60448,0.09940120877734349
14,nonnormal,0,random_047,0.044001595882415624,0.6234856718004914,0.62432,0.1407681877406758
14,nonnormal,0,random_048,0.059018949631806636,0.6422230351167185,0.6466,0.18881111958368235
14,nonnormal,0,random_049,0.04318699492469949,0.6223741778047205,0.62084,0.13816214815847633
14,nonnormal,0,random_050,0.015253473620813866,0.5734864373152568,0.57492,0.04879831731762845
14,nonnormal,0,random_051,0.052772335077957436,0.6347962251541115,0.63662,0.1688271941685752
14,nonnormal,0,random_052,0.04019891408986558,0.6181955253988167,0.621,0.12860279660526797
14,nonnormal,0,random_053,0.040937767514916824,0.6192441495432229,0.6198,0.13096650763812212
14,nonnormal,0,random_054,0.027306327631927807,0.5978822699871295,0.59992,0.08735733733093394
14,nonnormal,0,random_055,0.0785261889097453,0.6628806757320924,0.66086,0.2512179179261157
14,nonnormal,0,random_056,0.03736074069289384,0.6140665968686431,0.61676,0.11952302307493627
14,nonnormal,0,random_057,0.032372759076821585,0.6063762026561381,0.60808,0.10356566701779162
14,nonnormal,0,random_058,0.02736430197825622,0.5979840095084834,0.59526,0.08754280659641035
14,nonnormal,0,random_059,0.026026159605453417,0.595605803138247,0.59942,0.08326187375793265
14,nonnormal,0,random_060,0.03816917916891292,0.6152595657737437,0.61632,0.12210934788627154
14,nonnormal,0,random_061,0.01706048696824797,0.577665056038461,0.57578,0.0545792438735938
14,nonnormal,0,random_062,0.04646215683386567,0.6267759054771964,0.62694,0.14863991827714737
14,nonnormal,0,random_063,0.04906916862309504,0.6301585978482297,0.62912,0.15698016861645503
14,nonnormal,0,random_064,0.05312901621565719,0.6352331891733942,0.63716,0.16996827453960195
14,nonnormal,0,random_065,0.03599135500088381,0.6120135133093784,0.61364,0.11514213782937867
14,nonnormal,0,random_066,0.04859282336732191,0.6295480933583724,0.63048,0.15545626347053168
14,nonnormal,0,random_067,0.04331302239464284,0.6225468857929964,0.6251,0.13856533032025237
14,nonnormal,0,random_068,0.03287637214460584,0.6071803943750578,0.6059,0.10517680628337542
14,nonnormal,0,random_069,0.04531792956306878,0.6252581129069682,0.6256,0.1449793510626317
14,nonnormal,0,random_070,0.06118436320963254,0.6446931874367451,0.6406,0.1957386261649021
14,nonnormal,0,random_071,0.025877798130424227,0.5953381772990038,0.59482,0.08278724151899741
14,nonnormal,0,random_072,0.08022996039325861,0.6645355188014226,0.66062,0.2566685571415506
14,nonnormal,0,random_073,0.05935500490058325,0.642609715185144,0.64184,0.18988621448007667
14,nonnormal,0,random_074,0.030332744152610145,0.6030480077318348,0.60336,0.09703933091369732
14,nonnormal,0,random_075,0.0574639929138562,0.640417406839597,0.63904,0.18383656275656177
14,nonnormal,0,random_076,0.041035898544508544,0.6193826432969073,0.61744,0.13128044459699212
14,nonnormal,0,random_077,0.05005535921441824,0.6314121638832833,0.63296,0.16013515105569306
14,nonnormal,0,random_078,0.017106372377622584,0.5777680974653745,0.57716,0.05472603868391532
14,nonnormal,0,random_079,0.10133258420245775,0.6834939817202905,0.68816,0.3241792473931587
14,nonnormal,0,random_080,0.023958817618843962,0.5918007165577241,0.5922,0.07664811398265324
14,nonnormal,0,random_081,0.04871003702394466,0.6296986263331545,0.62896,0.15583124882482063
14,nonnormal,0,random_082,0.06951643160243892,0.6537591777763738,0.65406,0.22239425408623942
14,nonnormal,0,random_083,0.049441474781142906,0.6306334742363161,0.62688,0.1581712359425844
14,nonnormal,0,random_084,0.03193886568636829,0.6056779437448405,0.60704,0.10217757222209406
14,nonnormal,0,random_085,0.037516809725949146,0.6142979820900422,0.61318,0.12002231303260838
14,nonnormal,0,random_086,0.045993639142052914,0.6261569482180043,0.62652,0.14714105476826086
14,nonnormal,0,random_087,0.045982791293921216,0.6261425760373558,0.62878,0.14710635075601397
14,nonnormal,0,random_088,0.07045595200738525,0.6547413330285724,0.6497,0.2253999310872078
14,nonnormal,0,random_089,0.03090293232746876,0.6039900012205708,0.60046,0.0988634546627654
14,nonnormal,0,random_090,0.05186699127977337,0.6336796334846869,0.63402,0.1659308536337184
14,nonnormal,0,random_091,0.060094327361772476,0.6434560657501415,0.64646,0.19225142603503242
14,nonnormal,0,random_092,0.051126608341549445,0.6327583776057396,0.63186,0.1635622494420338
14,nonnormal,0,random_093,0.03742691303432863,0.6141647666888145,0.61714,0.11973471904631022
14,nonnormal,0,random_094,0.1025414365565214,0.6845041096078651,0.68162,0.3280465606511217
14,nonnormal,0,random_095,0.03604631015641539,0.6120967120705764,0.61042,0.115317948217526
14,nonnormal,0,random_096,0.013236837335256059,0.5685081058503256,0.56632,0.04234677324162128
14,nonnormal,0,random_097,0.07229285178620817,0.656639888899104,0.65462,0.2312764691477168
14,nonnormal,0,random_098,0.03717976998630796,0.6137976359271597,0.61148,0.1189440686554575
14,nonnormal,0,random_099,0.05167212827361302,0.6334378814928201,0.63228,0.16530745551179127
14,nonnormal,0,random_100,0.04086568729327289,0.6191423061540012,0.6205,0.13073591140702454
14,nonnormal,0,random_101,0.032168883370496344,0.6060487372340437,0.60328,0.10291343581734957
14,nonnormal,0,random_102,0.02176358445290895,0.5875656273665985,0.58916,0.06962520973930071
14,nonnormal,0,random_103,0.029928482631877723,0.6023743938145806,0.60226,0.09574603323879331
14,nonnormal,0,random_104,0.05648913510365071,0.6392712841027445,0.64046,0.18071783570824784
14,nonnormal,0,random_105,0.041379979657566415,0.6198668260275821,0.62244,0.13238121546108494
14,nonnormal,0,random_106,0.024983719369689662,0.5937079059701548,0.59244,0.07992693965216605
14,nonnormal,0,random_107,0.04272423725848031,0.6217376324600445,0.6208,0.13668171189859937
14,nonnormal,0,random_108,0.028942337282917348,0.6007105538404003,0.60114,0.09259119553715607
14,nonnormal,0,random_109,0.019356635636698916,0.582655731323236,0.58376,0.06192499305289064
14,nonnormal,0,random_110,0.02902498594298545,0.600851148803269,0.60548,0.09285560190387228
14,nonnormal,0,random_111,0.03309909667186987,0.6075339409146882,0.60362,0.10588933789591368
14,nonnormal,0,random_112,0.07405866035418904,0.6584387095990241,0.65808,0.23692557498187497
14,nonnormal,0,random_113,0.05394091388351125,0.6362217446952093,0.63502,0.17256566586241007
14,nonnormal,0,random_114,0.036723831963838924,0.613116854714295,0.61438,0.1174854495336296
14,nonnormal,0,random_115,0.04623781453777141,0.6264799596009587,0.62394,0.14792221116172455
14,nonnormal,0,random_116,0.039624001455741145,0.6173722836487937,0.61976,0.12676355855055782
14,nonnormal,0,random_117,0.0489620656196734,0.6300216176792306,0.63242,0.15663752886917087
14,nonnormal,0,random_118,0.024970525319607688,0.59368361891237,0.59204,0.07988472976223474
14,nonnormal,0,random_119,0.0425070002850597,0.6214375090615765,0.62024,0.13598673585408483
14,nonnormal,0,random_120,0.060967264960308645,0.6444477997839836,0.6454,0.195044093921102
14,nonnormal,0,random_121,0.026787033053247925,0.5969657987401806,0.59862,0.08569603038789333
14,nonnormal,0,random_122,0.05496009313900166,0.6374509449010101,0.63802,0.1758261843481865
14,nonnormal,0,random_123,0.06256303068114685,0.646240061301153,0.64984,0.2001492053170925
14,nonnormal,0,random_124,0.06313090446573502,0.6468715656608486,0.6453,0.20196592495916044
14,nonnormal,0,random_125,0.040943394036938335,0.6192520952320136,0.6213,0.13098450778771598
14,nonnormal,0,random_126,0.050514792127983835,0.6319914681881742,0.6307,0.16160495089667778
14,nonnormal,0,random_127,0.033518260387401,0.6081958594956893,0.6067,0.1072303100906414
14,nonnormal,12,oracle_t0,0.11600430466177189,0.6952863327606005,0.69492,0.8623098875606517
14,nonnormal,12,oracle_t12,0.13452739709378841,0.7088984908223719,0.71194,0.9999999999999996
14,nonnormal,12,bottom,1.139122583881519e-31,0.5000000000000002,0.50018,-1.7518964421814033e-17
14,nonnormal,12,random_000,0.025337809162147118,0.5943571867330696,0.59544,0.18834683276063352
14,nonnormal,12,random_001,0.00624029741953304,0.5471616100218215,0.55232,0.0463868145399594
14,nonnormal,12,random_002,0.013823087241143811,0.5699934303537753,0.57064,0.10275295248228708
14,nonnormal,12,random_003,0.01641725421876046,0.5762051709970991,0.57558,0.122036511323525
14,nonnormal,12,random_004,0.020966475280486938,0.5859726179476433,0.58476,0.15585282799956166
14,nonnormal,12,random_005,0.021849266047783904,0.5877350270668976,0.58554,0.1624149914426074
14,nonnormal,12,random_006,0.02818338551343421,0.5994093678533504,0.60182,0.20949922560224368
14,nonnormal,12,random_007,0.023500497501722752,0.5909339425187349,0.5963,0.17468930499962704
14,nonnormal,12,random_008,0.007987677724383893,0.5533227173466317,0.55486,0.059375843857404964
14,nonnormal,12,random_009,0.021615372487316566,0.5872717720024577,0.5898,0.16067636001495644
14,nonnormal,12,random_010,0.02412631116738709,0.5921152978954219,0.5882,0.1793412471257952
14,nonnormal,12,random_011,0.020397994171485932,0.5848170532599429,0.58542,0.15162706342459784
14,nonnormal,12,random_012,0.01786902371168317,0.5794601482183374,0.57984,0.13282813833992055
14,nonnormal,12,random_013,0.015297510567648566,0.5735912292167686,0.56926,0.113712975186635
14,nonnormal,12,random_014,0.01800198294003711,0.5797512674160239,0.584,0.13381648146724096
14,nonnormal,12,random_015,0.012613049254622399,0.566889983214608,0.56684,0.09375821971660503
14,nonnormal,12,random_016,0.013884385484715883,0.5701468452375009,0.57004,0.10320860868984261
14,nonnormal,12,random_017,0.03191315872381667,0.6056364147601628,0.6034,0.23722423397196754
14,nonnormal,12,random_018,0.02622283877999034,0.595959346411029,0.59562,0.19492563854267214
14,nonnormal,12,random_019,0.022490824670184352,0.5889925162806717,0.59206,0.16718397260376947
14,nonnormal,12,random_020,0.017959569348103638,0.5796585231278022,0.5853,0.13350120299720628
14,nonnormal,12,random_021,0.0253266786388414,0.5943368503729228,0.59312,0.18826409479389838
14,nonnormal,12,random_022,0.010963577469252087,0.5624014772290525,0.56072,0.08149698653285187
14,nonnormal,12,random_023,0.016648939669407586,0.5767343687063848,0.57226,0.12375872892122074
14,nonnormal,12,random_024,0.014127498520664531,0.5707518858810974,0.56828,0.10501577244384849
14,nonnormal,12,random_025,0.0156241389269542,0.5743636629302339,0.5789,0.11614094425733604
14,nonnormal,12,random_026,0.024473258441631354,0.5927632815416941,0.59694,0.18192025542997267
14,nonnormal,12,random_027,0.010764732640340289,0.5618376003964256,0.56042,0.08001888740057493
14,nonnormal,12,random_028,0.029228680765034074,0.6011967494534384,0.60166,0.21726935476687115
14,nonnormal,12,random_029,0.028748918933817806,0.6003806888655628,0.59778,0.21370307873997532
14,nonnormal,12,random_030,0.013580832164481228,0.5693836650864612,0.56684,0.10095216630864479
14,nonnormal,12,random_031,0.01673866669957806,0.576938289306418,0.57498,0.12442570852618492
14,nonnormal,12,random_032,0.017502443843659152,0.5786516231901756,0.57908,0.1301031925226129
14,nonnormal,12,random_033,0.010019052381068608,0.5596740332223522,0.56076,0.07447592533202456
14,nonnormal,12,random_034,0.009064558800329215,0.5567806563140393,0.55804,0.06738076403879036
14,nonnormal,12,random_035,0.019869970301956304,0.5837285428663432,0.58386,0.14770203491043207
14,nonnormal,12,random_036,0.023987171393396442,0.5918540510703946,0.59012,0.1783069613446345
14,nonnormal,12,random_037,0.012919338624200723,0.5676895286995661,0.56518,0.09603500032929163
14,nonnormal,12,random_038,0.017072313493401697,0.5776916277303976,0.5735,0.1269058486391392
14,nonnormal,12,random_039,0.017725781814616877,0.5791452512322806,0.57816,0.13176335971370198
14,nonnormal,12,random_040,0.024539672872054386,0.5928867682299834,0.5956,0.1824139424547557
14,nonnormal,12,random_041,0.028491755702795912,0.5999402753769214,0.60312,0.21179147384329686
14,nonnormal,12,random_042,0.013694272652894288,0.5696698911028363,0.57004,0.1017954182473853
14,nonnormal,12,random_043,0.0259779135149042,0.5955188619213767,0.58858,0.19310500371008574
14,nonnormal,12,random_044,0.02211756024927997,0.5882632247115049,0.59346,0.16440933763001653
14,nonnormal,12,random_045,0.02184502796321716,0.5877266562185248,0.59102,0.1623834879373118
14,nonnormal,12,random_046,0.010555160618165912,0.5612374996069378,0.5599,0.07846104842723724
14,nonnormal,12,random_047,0.0195212000604202,0.5830012525638142,0.58544,0.14510947570635452
14,nonnormal,12,random_048,0.02533866517544884,0.5943587505425996,0.59566,0.1883531958756586
14,nonnormal,12,random_049,0.016914138091075077,0.5773354465267411,0.58078,0.1257300628457343
14,nonnormal,12,random_050,0.006224447060855092,0.5471019561276517,0.54782,0.046268992007000576
14,nonnormal,12,random_051,0.015937065667910786,0.5750958930296949,0.57562,0.11846706330607099
14,nonnormal,12,random_052,0.01379970850962824,0.5699348265907495,0.56632,0.10257916831623155
14,nonnormal,12,random_053,0.02760280160730256,0.5984013549984281,0.60184,0.20518349573104963
14,nonnormal,12,random_054,0.00922580145727875,0.5572799904499727,0.54956,0.06857935005496907
14,nonnormal,12,random_055,0.030162784787815346,0.6027653949864664,0.60514,0.22421295170668293
14,nonnormal,12,random_056,0.01754313725581995,0.5787418078287134,0.5776,0.13040568415658413
14,nonnormal,12,random_057,0.013663958773661389,0.5695935250151772,0.56854,0.1015700821456858
14,nonnormal,12,random_058,0.011553114572244005,0.5640431342142231,0.5628,0.08587926936688979
14,nonnormal,12,random_059,0.014294376178986504,0.5711640943191307,0.56808,0.106256245848724
14,nonnormal,12,random_060,0.01870273939359826,0.5812674314393861,0.58112,0.1390255055671617
14,nonnormal,12,random_061,0.006513772076981563,0.5481790025144441,0.54624,0.048419669284468156
14,nonnormal,12,random_062,0.024086731584499407,0.5920410648441364,0.592,0.17904703506384553
14,nonnormal,12,random_063,0.01943712189534935,0.5828249118730506,0.58456,0.14448448654513377
14,nonnormal,12,random_064,0.0203307679289894,0.5846792926501609,0.5846,0.15112734185152923
14,nonnormal,12,random_065,0.013037361160723696,0.5679950114553497,0.56504,0.09691231260227563
14,nonnormal,12,random_066,0.023056553848232537,0.5900858307174667,0.5857,0.17138928089241326
14,nonnormal,12,random_067,0.012115321963822142,0.5655691088072062,0.56552,0.09005839870205547
14,nonnormal,12,random_068,0.02160252823380982,0.5872462564111084,0.59208,0.16058088315459776
14,nonnormal,12,random_069,0.01157080460332435,0.5640917229139109,0.56268,0.08601076697601996
14,nonnormal,12,random_070,0.02688990680495015,0.5971480978149702,0.60302,0.19988424206411515
14,nonnormal,12,random_071,0.010863201209456103,0.5621174947128087,0.5594,0.08075084662407168
14,nonnormal,12,random_072,0.033152673492130566,0.6076187963895914,0.61188,0.2464380803340566
14,nonnormal,12,random_073,0.02839644146234793,0.5997765047778565,0.59886,0.2110829621013984
14,nonnormal,12,random_074,0.012367393649562086,0.5662414745261163,0.56278,0.09193215595288677
14,nonnormal,12,random_075,0.011540237148374842,0.5640077401560465,0.56148,0.08578354593696132
14,nonnormal,12,random_076,0.01794440791130604,0.5796253425143623,0.58112,0.13338850151687492
14,nonnormal,12,random_077,0.024614548965673125,0.5930257767140437,0.59026,0.18297052866125557
14,nonnormal,12,random_078,0.010193087360570788,0.5601861667131635,0.56106,0.07576960218344574
14,nonnormal,12,random_079,0.04474221467229647,0.6244864475641212,0.62922,0.332588124343947
14,nonnormal,12,random_080,0.010956580552393342,0.5623817249907654,0.56114,0.0814449754406141
14,nonnormal,12,random_081,0.014691489340343688,0.572135133851477,0.57346,0.10920815876710392
14,nonnormal,12,random_082,0.03096234948375166,0.6040876263526862,0.60312,0.2301564599675235
14,nonnormal,12,random_083,0.02189972958202456,0.5878346346840825,0.59216,0.16279010859592213
14,nonnormal,12,random_084,0.01489216235370367,0.572620673784187,0.57346,0.11069984758064783
14,nonnormal,12,random_085,0.016186285206685254,0.5756737414200768,0.57786,0.12031961932185943
14,nonnormal,12,random_086,0.01787801585338842,0.5794798722987723,0.58326,0.1328949807965466
14,nonnormal,12,random_087,0.014358923752615488,0.5713228683512859,0.57364,0.10673605572406099
14,nonnormal,12,random_088,0.027655802161483486,0.598493839226518,0.60108,0.20557747164469914
14,nonnormal,12,random_089,0.016846485002669352,0.5771825767797807,0.57806,0.12522716834344522
14,nonnormal,12,random_090,0.025691633067675683,0.5950012073723115,0.59634,0.19097695802264167
14,nonnormal,12,random_091,0.019485060831778644,0.5829255049025347,0.5812,0.14484083727714023
14,nonnormal,12,random_092,0.026639097999953457,0.5967029962437842,0.5935,0.19801987234898677
14,nonnormal,12,random_093,0.011860702110860499,0.5648826110497148,0.56386,0.08816569982835222
14,nonnormal,12,random_094,0.03456675284944925,0.6098323251790774,0.61628,0.25694954036277345
14,nonnormal,12,random_095,0.017760519433236796,0.579221738136666,0.5809,0.13202157937282236
14,nonnormal,12,random_096,0.013411325778038479,0.568953671633965,0.57012,0.09969215243708687
14,nonnormal,12,random_097,0.028872623610227913,0.6005917964624274,0.59738,0.21462262880250912
14,nonnormal,12,random_098,0.013738183172268225,0.5697803552150147,0.569,0.10212182402288199
14,nonnormal,12,random_099,0.014898560361935513,0.5726360983521922,0.57126,0.11074740672748376
14,nonnormal,12,random_100,0.01450677308212178,0.5716851651521498,0.56928,0.10783508337716587
14,nonnormal,12,random_101,0.01168086828742239,0.5643931791983887,0.56506,0.08682891767599453
14,nonnormal,12,random_102,0.007772549589847426,0.552603992829218,0.55326,0.05777670391131287
14,nonnormal,12,random_103,0.014728534552293261,0.57222502355577,0.57008,0.10948353175989099
14,nonnormal,12,random_104,0.029634286766274234,0.6018811221038721,0.60336,0.22028439861669277
14,nonnormal,12,random_105,0.016128681192653104,0.5755405908123623,0.5747,0.11989142391128461
14,nonnormal,12,random_106,0.014731966777634201,0.5722333458895509,0.57216,0.10950904496697812
14,nonnormal,12,random_107,0.018379025543988146,0.5805707841757878,0.58118,0.1366192013004968
14,nonnormal,12,random_108,0.010692753910214696,0.5616321723006191,0.56466,0.07948383854301463
14,nonnormal,12,random_109,0.010040713979560972,0.5597380234336969,0.56382,0.0746369453098159
14,nonnormal,12,random_110,0.010325265938013316,0.5605721477736081,0.56236,0.07675214239679999
14,nonnormal,12,random_111,0.009038063744069583,0.5566981744928488,0.55762,0.0671838148906465
14,nonnormal,12,random_112,0.02345271187532167,0.5908430599073459,0.59262,0.1743340938869957
14,nonnormal,12,random_113,0.02561073556751601,0.5948543755558006,0.5919,0.19037561211164275
14,nonnormal,12,random_114,0.01424618238876351,0.5710453058891232,0.5718,0.10589800067886167
14,nonnormal,12,random_115,0.020165779398791068,0.5843401838319945,0.58258,0.149900911148471
14,nonnormal,12,random_116,0.0157489882207191,0.5746567051740628,0.5727,0.11706900275294393
14,nonnormal,12,random_117,0.01874184690129954,0.5813511659809488,0.58022,0.13931620849122123
14,nonnormal,12,random_118,0.006301642437314621,0.5473917651729181,0.54608,0.04684281844033084
14,nonnormal,12,random_119,0.021063671767770832,0.5861685426383647,0.58888,0.15657533129170614
14,nonnormal,12,random_120,0.030059820134653168,0.6025937689920807,0.59956,0.22344757115679834
14,nonnormal,12,random_121,0.010597798809820983,0.5613600831840089,0.56152,0.07877799644359815
14,nonnormal,12,random_122,0.025394696033614002,0.5944610499613773,0.59598,0.18876969734209295
14,nonnormal,12,random_123,0.021877296452257673,0.587790369857712,0.58398,0.1626233534943479
14,nonnormal,12,random_124,0.026403619703409785,0.5962830752353641,0.5984,0.19626946089651884
14,nonnormal,12,random_125,0.014245704051227118,0.5710441258405454,0.56652,0.1058944449902308
14,nonnormal,12,random_126,0.016085820942819164,0.5754413601911283,0.57242,0.11957282524097758
14,nonnormal,12,random_127,0.01875689204696338,0.5813833554497723,0.58946,0.13942804552954102
15,normal,0,oracle_t0,0.13282590554053433,0.7077004706168488,0.70746,0.9999999999999996
15,normal,0,oracle_t12,0.04641366250220194,0.6267120001153352,0.62756,0.3494323062456964
15,normal,0,bottom,5.349012252200641e-32,0.5000000000000001,0.50304,1.2577676255217733e-17
15,normal,0,random_000,0.02582089883446716,0.5952353226369715,0.59632,0.194396557880702
15,normal,0,random_001,0.026672754058354328,0.5967628531312967,0.60158,0.20080987929131514
15,normal,0,random_002,0.027128287869406773,0.5975691083957465,0.59526,0.20423943476243092
15,normal,0,random_003,0.026663545598550685,0.5967464799781037,0.5986,0.20074055200334237
15,normal,0,random_004,0.020842537549821235,0.585722098265617,0.58476,0.15691620896543212
15,normal,0,random_005,0.04287573310487581,0.6219464366240242,0.6185,0.32279646752938157
15,normal,0,random_006,0.031003769046445733,0.6041556213517211,0.601,0.2334165833108839
15,normal,0,random_007,0.03361277310464371,0.6083444925969108,0.60798,0.2530588665505925
15,normal,0,random_008,0.04639809245606957,0.6266914742397541,0.63048,0.3493150847890158
15,normal,0,random_009,0.03519408367000553,0.6107986871280181,0.60938,0.2649640032701705
15,normal,0,random_010,0.024100332647716605,0.5920665814148796,0.5907,0.18144301406898308
15,normal,0,random_011,0.029801435055848854,0.6021616947650703,0.59932,0.2243646292835126
15,normal,0,random_012,0.03268436583356564,0.6068745753296584,0.60384,0.2460692114279723
15,normal,0,random_013,0.03784420376174888,0.6147816806780695,0.61472,0.28491583481205773
15,normal,0,random_014,0.03304017374648097,0.6074405329804116,0.6038,0.24874796533119156
15,normal,0,random_015,0.026613346727621827,0.5966571708524127,0.59652,0.20036262218065773
15,normal,0,random_016,0.01581839125736842,0.5748190857912054,0.57802,0.11909116066625368
15,normal,0,random_017,0.042152168473083715,0.620945479212482,0.62224,0.31734900132278926
15,normal,0,random_018,0.04282839659746071,0.6218812370190365,0.61998,0.3224400874450715
15,normal,0,random_019,0.031883227934193854,0.6055880396894706,0.60638,0.2400377230965993
15,normal,0,random_020,0.0616455310104633,0.6452128098928551,0.64342,0.4641077413295029
15,normal,0,random_021,0.026437270027135813,0.5963432039611584,0.59876,0.1990370020031067
15,normal,0,random_022,0.02103504868314719,0.5861108946687531,0.58564,0.158365558266252
15,normal,0,random_023,0.030531218576533875,0.6033769675647401,0.60628,0.22985891533949818
15,normal,0,random_024,0.03742211090329593,0.6141576456665047,0.61524,0.28173804463072777
15,normal,0,random_025,0.01394093320755838,0.5702880613130369,0.57014,0.10495643263884274
15,normal,0,random_026,0.04097069996467284,0.6192906477818247,0.62294,0.30845413624656104
15,normal,0,random_027,0.043214634647988096,0.6224120789162839,0.62414,0.3253479392602395
15,normal,0,random_028,0.0372599214332693,0.6139168453425751,0.61384,0.28051697657652114
15,normal,0,random_029,0.02885154575968247,0.6005558602472856,0.6016,0.21721324347288465
15,normal,0,random_030,0.03258851201100787,0.6067215427310704,0.6077,0.24534756136906488
15,normal,0,random_031,0.03389866046146699,0.608792722910531,0.60604,0.2552112129295602
15,normal,0,random_032,0.02265789594203989,0.589316883337923,0.5883,0.17058341029058818
15,normal,0,random_033,0.040474298695709315,0.6185875869656468,0.61726,0.3047169039126768
15,normal,0,random_034,0.03457472451807883,0.6098446640556955,0.61074,0.2603010638427585
15,normal,0,random_035,0.024172978093344708,0.5922027411148916,0.59136,0.181989936337892
15,normal,0,random_036,0.028194339544503857,0.5994282797015416,0.6008,0.21226536668255444
15,normal,0,random_037,0.03278724669710462,0.607038558941401,0.60518,0.24684376563199084
15,normal,0,random_038,0.034520012809129884,0.6097599481496108,0.6111,0.2598891584337472
15,normal,0,random_039,0.039658334763523755,0.6174216289531477,0.61952,0.2985737955418738
15,normal,0,random_040,0.037564884004557875,0.6143691510043465,0.61346,0.2828129336042376
15,normal,0,random_041,0.03645699371171601,0.6127163025031371,0.61076,0.27447201329706317
15,normal,0,random_042,0.024544740834674464,0.5928961840264803,0.59412,0.18478880858963287
15,normal,0,random_043,0.04088372790756281,0.6191678052454488,0.62494,0.30779935390755797
15,normal,0,random_044,0.03587640126480153,0.6118392580476499,0.61166,0.27010093489521253
15,normal,0,random_045,0.049178491927619174,0.6302982465995446,0.6261,0.3702477444252123
15,normal,0,random_046,0.03533641337158063,0.6110166405470326,0.61236,0.26603555404180584
15,normal,0,random_047,0.013143774449734493,0.56826922762593,0.56852,0.09895490187886143
15,normal,0,random_048,0.03998413369610644,0.617888727679532,0.61516,0.3010266222796766
15,normal,0,random_049,0.03813905405711401,0.6152153590920448,0.61518,0.2871356600348953
15,normal,0,random_050,0.031300788668294645,0.6046417961379769,0.60134,0.23565274063757538
15,normal,0,random_051,0.02518984798680214,0.5940864628513313,0.59568,0.1896455957464937
15,normal,0,random_052,0.029664474906738555,0.6019318578158179,0.6027,0.22333350400299637
15,normal,0,random_053,0.04261931586039803,0.621592783129666,0.6195,0.3208659913663598
15,normal,0,random_054,0.022185535010400298,0.5883965137032323,0.59072,0.16702716928686748
15,normal,0,random_055,0.050190413940503074,0.6315827619401828,0.63636,0.37786615296356096
15,normal,0,random_056,0.04583036596190221,0.6259404314669742,0.62566,0.34504086966616754
15,normal,0,random_057,0.04382436223638854,0.6232448109436378,0.62208,0.3299383659990535
15,normal,0,random_058,0.030891903798795233,0.6039718697966238,0.60296,0.23257438880676765
15,normal,0,random_059,0.03987939319882393,0.6177387878880722,0.61302,0.30023806754062715
15,normal,0,random_060,0.03543513201972,0.6111675329837432,0.6107,0.2667787723751395
15,normal,0,random_061,0.028724091485137562,0.6003382614733642,0.59766,0.2162536846125386
15,normal,0,random_062,0.026135783747862747,0.5958030332537003,0.59466,0.1967672167677179
15,normal,0,random_063,0.03987387874800505,0.6177308878103845,0.6158,0.3001965511602462
15,normal,0,random_064,0.04767826584867192,0.6283665856634546,0.62644,0.3589530645746058
15,normal,0,random_065,0.024962546608028754,0.5936689287441277,0.59278,0.18793432279978656
15,normal,0,random_066,0.017917937129729767,0.5795673765661999,0.57856,0.1348979105906548
15,normal,0,random_067,0.031400518798555,0.6048044847732146,0.60296,0.23640357406765444
15,normal,0,random_068,0.03481156680647998,0.6102105611687157,0.60642,0.2620841669764229
15,normal,0,random_069,0.011804109143921084,0.5647290021100174,0.56404,0.08886902819058011
15,normal,0,random_070,0.030491077884753595,0.6033105290745658,0.60324,0.22955671004590777
15,normal,0,random_071,0.03409875979065678,0.6091052409584121,0.60836,0.2567176911152388
15,normal,0,random_072,0.04396937478875136,0.6234419229712959,0.6255,0.3310301150202455
15,normal,0,random_073,0.04437040068859735,0.6239851748278523,0.62544,0.33404929940460204
15,normal,0,random_074,0.03827061705673522,0.6154082802816696,0.61328,0.28812615205590447
15,normal,0,random_075,0.023965429854290735,0.5918131573930371,0.59396,0.18042737790315472
15,normal,0,random_076,0.034303137975009335,0.6094234242386828,0.61598,0.258256383311771
15,normal,0,random_077,0.01630149143416084,0.5759393037846156,0.57496,0.12272825370790433
15,normal,0,random_078,0.031139952317610617,0.6043788400668826,0.60234,0.23444185974781598
15,normal,0,random_079,0.019239919648392004,0.5824097431996994,0.57948,0.1448506567306674
15,normal,0,random_080,0.0412677837980238,0.6197091892184445,0.61604,0.31069077699929665
15,normal,0,random_081,0.046776058067984426,0.6271886732784646,0.62664,0.352160656293887
15,normal,0,random_082,0.032728247468609695,0.6069445528766104,0.60814,0.24639958098100112
15,normal,0,random_083,0.06072486488775786,0.6441732255290397,0.6451,0.4571763666179297
15,normal,0,random_084,0.01583016709783165,0.5748466008113615,0.5782,0.11917981686938907
15,normal,0,random_085,0.05038841520476247,0.6318324114757882,0.63322,0.3793568355488115
15,normal,0,random_086,0.054893823621602944,0.6373714103013951,0.6374,0.4132764869790482
15,normal,0,random_087,0.03860658914999402,0.6158993141556492,0.61312,0.29065556897869194
15,normal,0,random_088,0.04166987987325298,0.620273061473729,0.62028,0.3137180183615358
15,normal,0,random_089,0.05227402088538564,0.6341829737245029,0.63828,0.3935529042520489
15,normal,0,random_090,0.052432058366274265,0.6343778154176485,0.63742,0.3947427134255343
15,normal,0,random_091,0.02774774162854881,0.5986540475682474,0.60072,0.2089030864546303
15,normal,0,random_092,0.03229732998800834,0.6062551776150689,0.60414,0.24315535329177335
15,normal,0,random_093,0.025558129140766894,0.5947587613934406,0.59356,0.19241825633906434
15,normal,0,random_094,0.045454914305895,0.6254409253408222,0.62584,0.3422142248601013
15,normal,0,random_095,0.019539544385548696,0.58303967418147,0.58354,0.14710642706355068
15,normal,0,random_096,0.03748890770687578,0.6142566534051112,0.61188,0.2822409345098373
15,normal,0,random_097,0.030680310172799995,0.6036233273472665,0.60314,0.23098137406213498
15,normal,0,random_098,0.029076237114147637,0.6009382259004057,0.59854,0.21890486645524485
15,normal,0,random_099,0.018005082523707094,0.5797580407055212,0.57676,0.1355539979225852
15,normal,0,random_100,0.032690455928968666,0.6068842901485172,0.60642,0.2461150616360191
15,normal,0,random_101,0.02951481721756799,0.601680064675257,0.602,0.2222067833639649
15,normal,0,random_102,0.02997055147266573,0.602444717920088,0.59792,0.22563784790851393
15,normal,0,random_103,0.034101536289616326,0.6091095703813899,0.60748,0.25673859440927793
15,normal,0,random_104,0.02375821396851681,0.5914224197998197,0.59148,0.17886732164055555
15,normal,0,random_105,0.030212787083124172,0.6028486281670389,0.60136,0.22746155548628397
15,normal,0,random_106,0.022562677719230123,0.5891321728095613,0.58834,0.16986654544090185
15,normal,0,random_107,0.032333834675387876,0.6063137678445207,0.6044,0.24343018437409095
15,normal,0,random_108,0.036703330140750445,0.6130861353041365,0.61046,0.2763265945102081
15,normal,0,random_109,0.04151723997475004,0.6200593613808096,0.62066,0.31256884570668547
15,normal,0,random_110,0.030654256071052106,0.6035803216164551,0.60442,0.23078522180070796
15,normal,0,random_111,0.02508008482899013,0.5938850864562895,0.59,0.1888192271449372
15,normal,0,random_112,0.04730979304035049,0.6278870140718051,0.6267,0.3561789610831073
15,normal,0,random_113,0.04955829663693603,0.630782070775745,0.63286,0.3731071618541488
15,normal,0,random_114,0.03698228345865654,0.6135033183233681,0.61308,0.27842673692422676
15,normal,0,random_115,0.04609671292750515,0.6262934161931811,0.628,0.34704610324254737
15,normal,0,random_116,0.03871429877874202,0.616056243363215,0.61612,0.2914664772748536
15,normal,0,random_117,0.028834453789928823,0.6005267094064354,0.59832,0.21708456398311118
15,normal,0,random_118,0.017106593532882845,0.5777685937494396,0.57608,0.12878958711606478
15,normal,0,random_119,0.03776333925371196,0.6146624215682305,0.6108,0.284307034083707
15,normal,0,random_120,0.017164546275272623,0.577898528131459,0.57944,0.12922589313749894
15,normal,0,random_121,0.04005327031131245,0.6179875819868914,0.61888,0.301547127785923
15,normal,0,random_122,0.020440662717235044,0.5849043668815491,0.5849,0.15389063326202718
15,normal,0,random_123,0.03950644567991507,0.6172031508683917,0.61264,0.297430275510969
15,normal,0,random_124,0.030082606611441687,0.6026317774989766,0.60288,0.22648147203680383
15,normal,0,random_125,0.04949891924464281,0.6307065675235529,0.62746,0.3726601301395779
15,normal,0,random_126,0.04465029770279537,0.6243627407109693,0.62144,0.33615654657945815
15,normal,0,random_127,0.049912512246820515,0.6312314439599473,0.63162,0.37577392786220276
15,normal,12,oracle_t0,0.055724059096678345,0.6383639670720334,0.63868,0.6189872264810667
15,normal,12,oracle_t12,0.09002457031862972,0.6736669235506413,0.67334,1.0000000000000002
15,normal,12,bottom,1.2869289694593407e-32,0.5000000000000001,0.50018,7.557400631338323e-18
15,normal,12,random_000,0.019516811417347887,0.5829920578942948,0.5835,0.21679427458826833
15,normal,12,random_001,0.019462340258173602,0.5828778451360461,0.58304,0.21618920467256109
15,normal,12,random_002,0.018695820447211103,0.5812526075305076,0.57994,0.20767464238973649
15,normal,12,random_003,0.02985506826145557,0.6022515446872353,0.60096,0.33163244385157997
15,normal,12,random_004,0.013874457734426068,0.5701220221801132,0.5703,0.15411856657931625
15,normal,12,random_005,0.018132910685853834,0.5800368475173465,0.5792,0.20142179653482234
15,normal,12,random_006,0.015283944861063086,0.5735589644211317,0.57164,0.16977526032023973
15,normal,12,random_007,0.015070270576178576,0.573048792465475,0.57078,0.1674017495761369
15,normal,12,random_008,0.008642241098308573,0.555450933042195,0.5537,0.0959986931092316
15,normal,12,random_009,0.022729048766401867,0.5894546440974644,0.58804,0.2524760594352797
15,normal,12,random_010,0.01835890382785275,0.5805272711492298,0.58034,0.20393214611159952
15,normal,12,random_011,0.015510191797220043,0.5740951502074049,0.5718,0.1722884290624641
15,normal,12,random_012,0.01868614862047728,0.5812318807577352,0.5797,0.20756720697849715
15,normal,12,random_013,0.02993096177369847,0.6023785395182464,0.603,0.3324754749482492
15,normal,12,random_014,0.014549029692501415,0.57178836204022,0.5717,0.16161176488826454
15,normal,12,random_015,0.01410012118756265,0.5706840210696321,0.57106,0.15662525394630808
15,normal,12,random_016,0.016941109267270774,0.5773963024327776,0.57762,0.1881831727417307
15,normal,12,random_017,0.032614447382178516,0.6067629728974013,0.60862,0.3622838439188782
15,normal,12,random_018,0.033080969396224416,0.6075052140584649,0.60366,0.36746600710382554
15,normal,12,random_019,0.00967449637008942,0.5586465136940991,0.55632,0.10746506576868801
15,normal,12,random_020,0.026729195696314854,0.596863144104388,0.59636,0.29691000580964183
15,normal,12,random_021,0.025233013550244543,0.5941655292949483,0.59542,0.28029029698154323
15,normal,12,random_022,0.019351107392790123,0.5826440976018139,0.57786,0.2149536212647227
15,normal,12,random_023,0.03250104067799941,0.60658168201011,0.6069,0.3610241133389076
15,normal,12,random_024,0.023328304841532997,0.5906059942374277,0.5878,0.25913264299919053
15,normal,12,random_025,0.016841632943022017,0.577171600772341,0.57514,0.18707818191648518
15,normal,12,random_026,0.0286932723847346,0.60028556783926,0.59856,0.3187271239749179
15,normal,12,random_027,0.023696112055302823,0.5913049676824054,0.58968,0.26321827442701107
15,normal,12,random_028,0.026454267527261235,0.5963735608585012,0.59764,0.29385608210769526
15,normal,12,random_029,0.03213184405106228,0.6059891252831554,0.60496,0.3569230482004635
15,normal,12,random_030,0.014871780852954531,0.5725715144235572,0.57002,0.16519691013595392
15,normal,12,random_031,0.01832248634685628,0.5804484554975945,0.5804,0.20352761787150264
15,normal,12,random_032,0.017166233561433153,0.5779023077376249,0.58034,0.19068387108847742
15,normal,12,random_033,0.025560473585525028,0.5947630247243957,0.59264,0.28392774878077415
15,normal,12,random_034,0.019481484161942945,0.5829180042323915,0.58342,0.21640185665969738
15,normal,12,random_035,0.012891632365883135,0.5676176075335545,0.56522,0.14320126516855297
15,normal,12,random_036,0.01965586315993568,0.5832828632074785,0.57912,0.21833887226971957
15,normal,12,random_037,0.01888689319400518,0.5816609375831483,0.5781,0.20979709347301068
15,normal,12,random_038,0.015276582161085088,0.5735414467098814,0.57238,0.16969347487042388
15,normal,12,random_039,0.02530057433034543,0.594289137168004,0.59384,0.2810407674349069
15,normal,12,random_040,0.038081937266887626,0.6151314917689574,0.61826,0.4230171511188757
15,normal,12,random_041,0.033221855992268394,0.6077282593620663,0.60598,0.36903098648162563
15,normal,12,random_042,0.019277234465826805,0.582488471563298,0.57898,0.214133034988089
15,normal,12,random_043,0.026291943077303998,0.5960832322959002,0.59556,0.292052969364333
15,normal,12,random_044,0.016956820524140964,0.5774317290539301,0.57844,0.18835769461742055
15,normal,12,random_045,0.019886940347212098,0.5837637597385562,0.5836,0.22090569582087408
15,normal,12,random_046,0.03100920685742411,0.6041645445379773,0.60292,0.3444527060520394
15,normal,12,random_047,0.024452381093088886,0.5927244270396642,0.59294,0.27161897031602605
15,normal,12,random_048,0.02550363224102794,0.5946596014246835,0.5972,0.28329635066028425
15,normal,12,random_049,0.013130630422933188,0.5682354188270743,0.56822,0.14585607436346665
15,normal,12,random_050,0.013153474084513013,0.568294165670072,0.56556,0.14610982355103824
15,normal,12,random_051,0.015852572405765618,0.5748989230252469,0.57268,0.17609161976177834
15,normal,12,random_052,0.022430668373782346,0.5888754136836836,0.5885,0.2491616265914078
15,normal,12,random_053,0.017668691270182484,0.5790193771282385,0.57816,0.19626521079352635
15,normal,12,random_054,0.018702462738824942,0.5812668387587329,0.58232,0.20774842548684352
15,normal,12,random_055,0.01946177232406426,0.5828766534382861,0.5811,0.2161828960158541
15,normal,12,random_056,0.036279165920180434,0.6124484829026235,0.6142,0.4029918253625122
15,normal,12,random_057,0.0461487660223883,0.6263622696341361,0.6273,0.5126241187161574
15,normal,12,random_058,0.01640701871642172,0.5761817028244851,0.57976,0.1822504529413616
15,normal,12,random_059,0.021425394449694456,0.5868935590833287,0.58782,0.23799496486195035
15,normal,12,random_060,0.037530769478265585,0.6143186531276114,0.60906,0.4168947360196282
15,normal,12,random_061,0.025625301633367365,0.5948808315660303,0.5979,0.284647863829509
15,normal,12,random_062,0.02224703149447567,0.5885169151099546,0.5897,0.24712177370839242
15,normal,12,random_063,0.036006659213924534,0.6120366898510102,0.6105,0.3999647994595683
15,normal,12,random_064,0.023185010833400237,0.5903321122479496,0.58684,0.25754092189876665
15,normal,12,random_065,0.01970863870765408,0.5833929538527246,0.58662,0.2189251072001571
15,normal,12,random_066,0.025570530948513283,0.5947813115138828,0.59462,0.2840394667590178
15,normal,12,random_067,0.018804324519636307,0.5814847504410863,0.57996,0.20887991415100302
15,normal,12,random_068,0.017681552794775422,0.5790477528452732,0.57516,0.1964080776191875
15,normal,12,random_069,0.024891271841583587,0.5935375895915778,0.59188,0.2764942032323433
15,normal,12,random_070,0.007380293227138067,0.5512669529163964,0.55192,0.08198087700964886
15,normal,12,random_071,0.01227522575844495,0.5659964534995953,0.56456,0.13635417214432083
15,normal,12,random_072,0.016945863618230767,0.5774070246081846,0.57816,0.18823598444572623
15,normal,12,random_073,0.03335920646392447,0.6079452176443881,0.60828,0.37055668631190464
15,normal,12,random_074,0.019649840975029653,0.5832702910269629,0.57886,0.21827197736664247
15,normal,12,random_075,0.03036387627670142,0.6030996832955656,0.60156,0.3372843232601124
15,normal,12,random_076,0.00959111541650376,0.5583950609350412,0.55682,0.10653886358532245
15,normal,12,random_077,0.028078476292256592,0.5992280465256092,0.59502,0.3118979206773956
15,normal,12,random_078,0.028607921784001636,0.600139480340666,0.60026,0.3177790427962922
15,normal,12,random_079,0.029581149776480374,0.6017917503921698,0.59786,0.3285897357997037
15,normal,12,random_080,0.025544354312848773,0.5947337079369596,0.5972,0.28374869463345415
15,normal,12,random_081,0.029088897298034815,0.6009597232924775,0.60196,0.3231217565946566
15,normal,12,random_082,0.019574531176701677,0.5831129007606594,0.58284,0.21743543021000036
15,normal,12,random_083,0.02509950334046879,0.5939207463727346,0.59366,0.2788072550819462
15,normal,12,random_084,0.011379613981806602,0.563564547840445,0.56388,0.12640564616448605
15,normal,12,random_085,0.02307721845305628,0.5901254981333919,0.59048,0.25634355566905354
15,normal,12,random_086,0.027629450457887963,0.5984478681453784,0.5937,0.3069101064309143
15,normal,12,random_087,0.023117933811216337,0.5902035999949038,0.58748,0.25679582506635196
15,normal,12,random_088,0.031612925501369536,0.6051500618981362,0.60632,0.3511588601809471
15,normal,12,random_089,0.03410917087144386,0.6091214740839971,0.6116,0.3788873498725859
15,normal,12,random_090,0.017639062252212644,0.5789539672671726,0.58308,0.19593608933407383
15,normal,12,random_091,0.023136852429483178,0.5902398658398125,0.58796,0.2570059745644266
15,normal,12,random_092,0.010883806988765107,0.5621759014668493,0.56066,0.12089818313204223
15,normal,12,random_093,0.023561224331033467,0.5910492975077587,0.588,0.26171993098819274
15,normal,12,random_094,0.01939456697186617,0.5827355078935843,0.58288,0.21543637368355925
15,normal,12,random_095,0.01602633262120163,0.5753034047547664,0.57518,0.17802176188654514
15,normal,12,random_096,0.027951849265011014,0.5990087085805832,0.59908,0.31049133771013004
15,normal,12,random_097,0.01723350569926171,0.5780528438373025,0.57922,0.19143113528080244
15,normal,12,random_098,0.033042480862280156,0.6074441920326155,0.60262,0.36703847344486956
15,normal,12,random_099,0.019196154789259446,0.5823173047085307,0.58174,0.2132323955706456
15,normal,12,random_100,0.0114591849742471,0.5637844987876077,0.56236,0.12728952700011648
15,normal,12,random_101,0.019278036014448375,0.5824901618315319,0.58028,0.214141938653152
15,normal,12,random_102,0.014596778270257052,0.5719047850488838,0.57098,0.16214215984140493
15,normal,12,random_103,0.018130620792528702,0.5800318620291843,0.58006,0.2013963602198582
15,normal,12,random_104,0.010442365961931106,0.5609119907017833,0.5618,0.115994621523566
15,normal,12,random_105,0.019273425583842617,0.5824804390700469,0.58018,0.21409072562775872
15,normal,12,random_106,0.031009733802287793,0.6041654091846681,0.6023,0.34445855939698544
15,normal,12,random_107,0.022868832113119814,0.5897246236192287,0.5876,0.254028783832888
15,normal,12,random_108,0.02648870804929114,0.5964350386743369,0.59574,0.294238650132269
15,normal,12,random_109,0.03158678752931979,0.6051076036985598,0.60478,0.3508685175338536
15,normal,12,random_110,0.021538192932001994,0.5871183320609727,0.58878,0.239247939265586
15,normal,12,random_111,0.025022128460612872,0.59377856928886,0.59674,0.27794776883744576
15,normal,12,random_112,0.02571322032877656,0.5950403476672663,0.59166,0.28562447160556426
15,normal,12,random_113,0.020330663063868635,0.5846790775737147,0.58694,0.22583460261916302
15,normal,12,random_114,0.026882119154649387,0.5971343105358764,0.59784,0.29860869159945774
15,normal,12,random_115,0.026869582526607906,0.597112111202974,0.59676,0.2984694337502161
15,normal,12,random_116,0.022517518722077794,0.5890444272592373,0.58916,0.2501263670837873
15,normal,12,random_117,0.02920250454210817,0.6011524093421416,0.59762,0.32438371478752837
15,normal,12,random_118,0.03291557092822328,0.6072427104692615,0.60418,0.36562874792651734
15,normal,12,random_119,0.012100190340611734,0.5655285197079891,0.56012,0.134409864971138
15,normal,12,random_120,0.02958467816641599,0.6017976874840563,0.60664,0.32862892943232114
15,normal,12,random_121,0.02655765547009681,0.5965579856664429,0.59952,0.2950045234995248
15,normal,12,random_122,0.023409006078963252,0.5907598512658482,0.58994,0.26002907868496633
15,normal,12,random_123,0.030157252855406845,0.6027561820777162,0.60478,0.33498913406272707
15,normal,12,random_124,0.026256338726936487,0.5960194245937229,0.59366,0.2916574734431473
15,normal,12,random_125,0.016598571027016475,0.5766196471376555,0.57658,0.1843782310570114
15,normal,12,random_126,0.02175964237201905,0.5875578251321079,0.59196,0.24170781704376668
15,normal,12,random_127,0.023549639543328962,0.5910273034615746,0.58904,0.26159124625619673
15,nonnormal,0,oracle_t0,0.27613115198146515,0.7847167857397861,0.7846,0.9999999999999998
15,nonnormal,0,oracle_t12,0.14219646837393118,0.7141787647250663,0.71394,0.5149598926218792
15,nonnormal,0,bottom,4.4287723113047936e-32,0.5000000000000001,0.4985,-7.938365551319274e-18
15,nonnormal,0,random_000,0.076599724634935,0.6609838879960704,0.65954,0.27740341531648915
15,nonnormal,0,random_001,0.015222409093174412,0.5734124209048582,0.57496,0.055127460208459884
15,nonnormal,0,random_002,0.058249076068815235,0.6413324590819709,0.63932,0.21094713744114277
15,nonnormal,0,random_003,0.01755828143433304,0.5787753425556692,0.57852,0.0635867460383883
15,nonnormal,0,random_004,0.058419762525341756,0.6415304781322657,0.64204,0.21156527290069418
15,nonnormal,0,random_005,0.12245321251309352,0.7001735519700042,0.70158,0.44346033265132273
15,nonnormal,0,random_006,0.044439175706954645,0.6240780697187037,0.62544,0.1609350317342591
15,nonnormal,0,random_007,0.019647073356302884,0.5832645125485627,0.5804,0.07115123815375109
15,nonnormal,0,random_008,0.05333649572081337,0.6354866137631462,0.6323,0.19315638723874756
15,nonnormal,0,random_009,0.03054772249000009,0.6034042703218517,0.59988,0.1106275850109463
15,nonnormal,0,random_010,0.04375196498041901,0.6231462690211169,0.62164,0.15844632040413809
15,nonnormal,0,random_011,0.05315278552781745,0.635262250125594,0.63542,0.19249108674049653
15,nonnormal,0,random_012,0.06663826024839233,0.6507017776466355,0.65232,0.24132829552264817
15,nonnormal,0,random_013,0.051589097895083535,0.6333347172981403,0.63456,0.1868282427567113
15,nonnormal,0,random_014,0.04122810435961738,0.6196533829823407,0.62132,0.14930624112408994
15,nonnormal,0,random_015,0.038972119490830855,0.6164309178751011,0.61754,0.14113626518114397
15,nonnormal,0,random_016,0.04024264352588294,0.6182578800515041,0.61708,0.14573742671592577
15,nonnormal,0,random_017,0.035426170777501355,0.6111538450080767,0.60928,0.12829472706462058
15,nonnormal,0,random_018,0.045482437378175866,0.6254776195005829,0.62422,0.16471316999839547
15,nonnormal,0,random_019,0.06302382569644638,0.646752737451945,0.6467,0.22823873816553927
15,nonnormal,0,random_020,0.03446583151060647,0.6096759822040405,0.60976,0.12481688959498455
15,nonnormal,0,random_021,0.0470629431350426,0.6275645791734705,0.62734,0.17043692027258703
15,nonnormal,0,random_022,0.029123965345353046,0.601019243932907,0.6014,0.10547149474575739
15,nonnormal,0,random_023,0.03679943407609425,0.6132300548312524,0.61232,0.13326795550602832
15,nonnormal,0,random_024,0.03421229847617187,0.6092821284354638,0.60662,0.12389872794384428
15,nonnormal,0,random_025,0.04771958814315658,0.6284202389908266,0.62784,0.1728149388460149
15,nonnormal,0,random_026,0.040985508970306624,0.6193115503746898,0.61666,0.14842768979958365
15,nonnormal,0,random_027,0.04040745713786646,0.6184925595347746,0.61642,0.14633429385967556
15,nonnormal,0,random_028,0.043837051694773754,0.623262073706909,0.62358,0.15875445917712405
15,nonnormal,0,random_029,0.06201715184956792,0.6456299269566477,0.64578,0.22459310151913137
15,nonnormal,0,random_030,0.015616882405181505,0.5743465934486366,0.57242,0.05655603249802744
15,nonnormal,0,random_031,0.052713729613033604,0.6347242707043304,0.63394,0.190901060002719
15,nonnormal,0,random_032,0.07761499164469318,0.6619869623525266,0.66024,0.28108017182321726
15,nonnormal,0,random_033,0.04810512559138406,0.6289195900719002,0.63216,0.17421115019508202
15,nonnormal,0,random_034,0.04923427637468976,0.6303694388031169,0.63028,0.17830033308952595
15,nonnormal,0,random_035,0.02027884131305848,0.584572721050164,0.58298,0.07343916529352562
15,nonnormal,0,random_036,0.048626167296673586,0.6295909361604008,0.62952,0.1760980858108234
15,nonnormal,0,random_037,0.0338669312792968,0.608743076700524,0.60892,0.12264799185558768
15,nonnormal,0,random_038,0.048665635661925596,0.6296416270452354,0.62736,0.17624101921391389
15,nonnormal,0,random_039,0.03728722559312484,0.6139574231398671,0.61126,0.13503447664473459
15,nonnormal,0,random_040,0.03952985299761979,0.6172368498562057,0.61682,0.1431560789645102
15,nonnormal,0,random_041,0.030318322239967783,0.6030240594984401,0.60536,0.10979681945484678
15,nonnormal,0,random_042,0.02036078958746558,0.5847408426865667,0.58634,0.07373593830815674
15,nonnormal,0,random_043,0.04567502907353085,0.6257340437562052,0.6269,0.16541063456902785
15,nonnormal,0,random_044,0.03752211602874528,0.6143058399402249,0.6124,0.13588512472965703
15,nonnormal,0,random_045,0.047141142741738154,0.6276668243641459,0.62648,0.17072011760883254
15,nonnormal,0,random_046,0.03959915019598524,0.6173365518229251,0.61864,0.1434070365180791
15,nonnormal,0,random_047,0.11127500635825222,0.6915922305963863,0.69114,0.40297882205525765
15,nonnormal,0,random_048,0.02941420427363184,0.6015104044944237,0.60186,0.1065225855994915
15,nonnormal,0,random_049,0.020742267807133966,0.5855188483201701,0.58416,0.07511744929281373
15,nonnormal,0,random_050,0.0165900884051735,0.5766003090331524,0.57484,0.06008046642374878
15,nonnormal,0,random_051,0.04078665347113955,0.6190305251145896,0.62232,0.14770754106685244
15,nonnormal,0,random_052,0.0440395948072435,0.6235372429786741,0.61912,0.15948796248168187
15,nonnormal,0,random_053,0.04143631287678716,0.6199458869334561,0.6213,0.15006026150779425
15,nonnormal,0,random_054,0.039068337167060804,0.6165703994440901,0.61666,0.14148471437110147
15,nonnormal,0,random_055,0.029520943656825244,0.6016903855140097,0.59912,0.10690913880954217
15,nonnormal,0,random_056,0.04168144435001282,0.620289234605129,0.62468,0.15094799717784324
15,nonnormal,0,random_057,0.08004396175642477,0.6643558753796959,0.66356,0.28987660820608013
15,nonnormal,0,random_058,0.05013920439680183,0.6315181053077613,0.62906,0.18157750053556906
15,nonnormal,0,random_059,0.041385247548493403,0.6198742217461232,0.61764,0.1498753300796402
15,nonnormal,0,random_060,0.05646603439023718,0.6392439902543626,0.6378,0.2044899099034917
15,nonnormal,0,random_061,0.022494769823138708,0.5890001903175343,0.58574,0.08146407843418049
15,nonnormal,0,random_062,0.032461410020371104,0.6065182487973381,0.60484,0.11755794225835843
15,nonnormal,0,random_063,0.06754870553830603,0.6516770078950069,0.65246,0.2446254435748708
15,nonnormal,0,random_064,0.041263987862426306,0.6197038517804987,0.61994,0.1494361920642553
15,nonnormal,0,random_065,0.05486206278820317,0.637333272823007,0.636,0.19868117883304112
15,nonnormal,0,random_066,0.03681020743337468,0.6132461756796114,0.61314,0.1333069708695725
15,nonnormal,0,random_067,0.03926510112238538,0.6168550568673136,0.61626,0.14219728864572645
15,nonnormal,0,random_068,0.025683385415161082,0.5949862487963324,0.59596,0.09301154625569025
15,nonnormal,0,random_069,0.07361888235832253,0.6579930668023029,0.65956,0.2666083918096428
15,nonnormal,0,random_070,0.047502756770968234,0.6281384153743069,0.62686,0.17202969107287383
15,nonnormal,0,random_071,0.03448000601403095,0.6096979556076862,0.6085,0.12486822209884287
15,nonnormal,0,random_072,0.04160363120520323,0.620180364162599,0.61906,0.15066619940076806
15,nonnormal,0,random_073,0.03413270981267194,0.6091581665509488,0.6113,0.123610500183489
15,nonnormal,0,random_074,0.02418946862313618,0.5922336193391178,0.5923,0.08760137510584046
15,nonnormal,0,random_075,0.054433452201758326,0.6368173923541485,0.63808,0.1971289795126486
15,nonnormal,0,random_076,0.024234540269266833,0.5923179586198621,0.59088,0.08776460060867573
15,nonnormal,0,random_077,0.04397809531418177,0.6234537651759093,0.6224,0.15926524406465264
15,nonnormal,0,random_078,0.055257761958906124,0.6378075347162478,0.63626,0.20011419053006801
15,nonnormal,0,random_079,0.0478779224492603,0.6286255842312849,0.63084,0.17338834139392578
15,nonnormal,0,random_080,0.051593531377959384,0.6333402281852702,0.63296,0.1868442984709762
15,nonnormal,0,random_081,0.03869986785917556,0.6160352317906788,0.61532,0.14015031473802428
15,nonnormal,0,random_082,0.04179327944624356,0.6204455115660743,0.61652,0.15135300434718366
15,nonnormal,0,random_083,0.03785292969132739,0.6147945414256121,0.61414,0.13708315566607346
15,nonnormal,0,random_084,0.03386459548269011,0.6087394209231618,0.60974,0.12263953284402768
15,nonnormal,0,random_085,0.04844792442345046,0.629361726594883,0.63348,0.1754525850335873
15,nonnormal,0,random_086,0.032564961568012085,0.6066839070097643,0.6062,0.11793295082547567
15,nonnormal,0,random_087,0.07718905146918847,0.6615670805372861,0.66132,0.2795376433093273
15,nonnormal,0,random_088,0.045231609020288305,0.6251427577495109,0.62506,0.16380480324554036
15,nonnormal,0,random_089,0.023490665971691173,0.5909152520652411,0.59128,0.08507068399608872
15,nonnormal,0,random_090,0.04388986444192525,0.6233338907980017,0.62456,0.15894571882592687
15,nonnormal,0,random_091,0.045514676706039994,0.6255205858800694,0.62766,0.1648299236773367
15,nonnormal,0,random_092,0.02257762509315575,0.5891611957656292,0.59188,0.08176413610395988
15,nonnormal,0,random_093,0.04554018143863786,0.6255545649662533,0.6274,0.16492228823821606
15,nonnormal,0,random_094,0.035796822305660614,0.6117184496608068,0.61068,0.1296370295375561
15,nonnormal,0,random_095,0.07469095095439832,0.6590767351828761,0.6588,0.27049085341668294
15,nonnormal,0,random_096,0.04636366463686999,0.6266460747955773,0.62774,0.16790450589936354
15,nonnormal,0,random_097,0.06931378118477013,0.65354632611622,0.65046,0.2510176077106386
15,nonnormal,0,random_098,0.0670217111736782,0.6511134427459258,0.6518,0.2427169505966385
15,nonnormal,0,random_099,0.056203440248128886,0.6389332879682492,0.63844,0.20353893374515533
15,nonnormal,0,random_100,0.030023416176092943,0.6025330142015398,0.59948,0.10872882672110898
15,nonnormal,0,random_101,0.04038752040523817,0.6184641992442425,0.61618,0.14626209362987444
15,nonnormal,0,random_102,0.05901471798827304,0.6422181580585938,0.64226,0.21371988478950857
15,nonnormal,0,random_103,0.04252116136365638,0.6214570988471614,0.62094,0.15398900507433697
15,nonnormal,0,random_104,0.04567060282288457,0.6257281571693718,0.62528,0.16539460504604747
15,nonnormal,0,random_105,0.02270914787795542,0.5894161363483764,0.58902,0.0822404415981277
15,nonnormal,0,random_106,0.08717893258179958,0.6710777767443374,0.6709,0.3157156733538391
15,nonnormal,0,random_107,0.05533377687313652,0.6378984229650587,0.6377,0.20038947607349522
15,nonnormal,0,random_108,0.026934898743524918,0.5972277102562097,0.5993,0.09754386113354156
15,nonnormal,0,random_109,0.07662605783593232,0.6610100031405935,0.66266,0.2774987801487741
15,nonnormal,0,random_110,0.02308204876173288,0.5901347676157545,0.58524,0.08359089003939049
15,nonnormal,0,random_111,0.06854614486257629,0.6527367702897462,0.6537,0.2482376376975289
15,nonnormal,0,random_112,0.03786024062278022,0.6148053154338792,0.61248,0.13710963196691953
15,nonnormal,0,random_113,0.038946730228247455,0.6163940812098134,0.61718,0.14104431879117238
15,nonnormal,0,random_114,0.02852042248510621,0.5999894741113329,0.5977,0.10328578387642616
15,nonnormal,0,random_115,0.0500943232291281,0.6314614085968419,0.6307,0.18141496484428019
15,nonnormal,0,random_116,0.02315476944268482,0.5902741972893435,0.587,0.08385424562397448
15,nonnormal,0,random_117,0.03164538468354333,0.6052027620308268,0.60742,0.11460273300010515
15,nonnormal,0,random_118,0.027743675741140023,0.5986469685548803,0.59816,0.10047282076671402
15,nonnormal,0,random_119,0.0555810204099935,0.6381935584138632,0.63534,0.20128486051339928
15,nonnormal,0,random_120,0.0545754996654737,0.6369886141160581,0.63712,0.19764339978973822
15,nonnormal,0,random_121,0.06594009231214817,0.6499487274389374,0.6501,0.238799903013385
15,nonnormal,0,random_122,0.04642637656996029,0.6267287581559777,0.62278,0.16813161512858416
15,nonnormal,0,random_123,0.03946902236942362,0.6171492507808553,0.61546,0.14293578281987135
15,nonnormal,0,random_124,0.05745774271771191,0.6404100936879253,0.64036,0.20808134940735926
15,nonnormal,0,random_125,0.07912495448909163,0.6634646352956894,0.66286,0.2865484532306689
15,nonnormal,0,random_126,0.05283424888863889,0.6348721929776424,0.6349,0.19133751664566
15,nonnormal,0,random_127,0.07171770056983066,0.6560484746992565,0.65618,0.2597233237003428
15,nonnormal,12,oracle_t0,0.09278905123595703,0.6761355210329325,0.67464,0.7823847065925652
15,nonnormal,12,oracle_t12,0.11859773133867998,0.6972719305709135,0.69748,0.9999999999999997
15,nonnormal,12,bottom,1.2828313080709504e-32,0.5000000000000001,0.49696,-9.09949303279566e-18
15,nonnormal,12,random_000,0.029189816161135168,0.6011309087721206,0.59962,0.2461245744893525
15,nonnormal,12,random_001,0.0051586117344143145,0.5428971324530979,0.53984,0.043496715124194466
15,nonnormal,12,random_002,0.023874372692406942,0.5916416751579965,0.59308,0.20130547543298952
15,nonnormal,12,random_003,0.007875897732569278,0.5529505165778277,0.5509,0.06640850245337362
15,nonnormal,12,random_004,0.035197415851877474,0.6108037952226129,0.6123,0.29677984101874655
15,nonnormal,12,random_005,0.053217326285452574,0.6353411225838177,0.63216,0.44872128399724304
15,nonnormal,12,random_006,0.02158352619490637,0.5872084935555194,0.5866,0.18198936818842015
15,nonnormal,12,random_007,0.01630070101313193,0.5759374851016499,0.57494,0.1374453021076934
15,nonnormal,12,random_008,0.021368211683061078,0.5867793743424752,0.58676,0.18017386540084634
15,nonnormal,12,random_009,0.019528997969906346,0.5830175873442283,0.5797,0.16466586459514398
15,nonnormal,12,random_010,0.01811404713495604,0.5799957685784941,0.58196,0.15273519088849755
15,nonnormal,12,random_011,0.023366684939662236,0.590679200823482,0.5881,0.19702472109634123
15,nonnormal,12,random_012,0.017158496629037824,0.5778849750322308,0.57568,0.1446781185049673
15,nonnormal,12,random_013,0.02484455284080061,0.5934513919737225,0.59222,0.20948590297947536
15,nonnormal,12,random_014,0.014229536869452844,0.5710042297144707,0.573,0.11998152670237427
15,nonnormal,12,random_015,0.018317729875907303,0.5804381554009297,0.58052,0.15445261616006198
15,nonnormal,12,random_016,0.01764113491153949,0.5789585447858854,0.57924,0.14874765910286786
15,nonnormal,12,random_017,0.015744447931504923,0.5746460694693657,0.57342,0.13275505149877984
15,nonnormal,12,random_018,0.018535731000215307,0.5809088128305886,0.58012,0.15629077209987052
15,nonnormal,12,random_019,0.024017255174262554,0.5919106034768732,0.59164,0.20251024115863045
15,nonnormal,12,random_020,0.0175410333530221,0.5787371478315044,0.57548,0.14790361632576343
15,nonnormal,12,random_021,0.015350375636500324,0.5737168229700946,0.57224,0.12943228730627393
15,nonnormal,12,random_022,0.013638096109303534,0.5695283032818937,0.57052,0.11499457835628547
15,nonnormal,12,random_023,0.010976355536127356,0.5624375329458214,0.56098,0.09255114252381552
15,nonnormal,12,random_024,0.011072680413958516,0.5627086424054213,0.56266,0.09336334084113483
15,nonnormal,12,random_025,0.0153264865598284,0.5736600964442021,0.57188,0.12923085784887817
15,nonnormal,12,random_026,0.014475846413502209,0.5716095392565719,0.57284,0.12205837540149458
15,nonnormal,12,random_027,0.019414055810020325,0.5827764648419965,0.57938,0.1636966878782826
15,nonnormal,12,random_028,0.02046965018387392,0.584963630233222,0.58334,0.1725973165997472
15,nonnormal,12,random_029,0.024355446460815694,0.5925437938787087,0.59352,0.20536182426005892
15,nonnormal,12,random_030,0.005448287393547647,0.5440803204905628,0.5407,0.04593922102935468
15,nonnormal,12,random_031,0.02947816852494609,0.6016183009884133,0.6031,0.24855592254766795
15,nonnormal,12,random_032,0.02622028174562219,0.5959547590041042,0.59568,0.22108586268606456
15,nonnormal,12,random_033,0.023589695300918787,0.5911033262673625,0.59708,0.1989051142433205
15,nonnormal,12,random_034,0.02141957183307102,0.5868819395684383,0.58434,0.18060692722614624
15,nonnormal,12,random_035,0.008274667762031552,0.5542663564617271,0.55114,0.06977087730625764
15,nonnormal,12,random_036,0.0307444551100542,0.6037291239020457,0.60086,0.2592330794444721
15,nonnormal,12,random_037,0.012056708549035648,0.5654117387480233,0.5673,0.10166053273485691
15,nonnormal,12,random_038,0.01776962338095938,0.5792417707647318,0.57826,0.14983105646611897
15,nonnormal,12,random_039,0.02369899435305796,0.5913104225000703,0.59262,0.1998267090403327
15,nonnormal,12,random_040,0.01804728865566583,0.5798502103223503,0.57926,0.15217229243726518
15,nonnormal,12,random_041,0.011271494688150563,0.5632644156352392,0.56064,0.09503971586068967
15,nonnormal,12,random_042,0.02370295449564602,0.5913179165951601,0.59014,0.19986010042601404
15,nonnormal,12,random_043,0.02003500281633795,0.5840703608259887,0.58564,0.16893242889380325
15,nonnormal,12,random_044,0.012620817582234507,0.5669103845015364,0.56786,0.10641702366289946
15,nonnormal,12,random_045,0.01926543544245512,0.5824635860913112,0.583,0.1624435410778537
15,nonnormal,12,random_046,0.015302347328087572,0.5736027294313055,0.57458,0.12902731911783868
15,nonnormal,12,random_047,0.04521931835941642,0.625126323164724,0.62598,0.38128316493916253
15,nonnormal,12,random_048,0.01042349999351537,0.5608573709235191,0.56322,0.08788953950349135
15,nonnormal,12,random_049,0.011470658589541577,0.5638161495760275,0.56592,0.09671903888940987
15,nonnormal,12,random_050,0.006811019228980197,0.549260550995742,0.5498,0.05742959120803029
15,nonnormal,12,random_051,0.014837792816966035,0.5724894591517686,0.57376,0.12511025842976453
15,nonnormal,12,random_052,0.012252802814517695,0.5659367010499604,0.56502,0.10331397300954527
15,nonnormal,12,random_053,0.030092278036812817,0.6026479050720674,0.60166,0.253734010736497
15,nonnormal,12,random_054,0.021565757850963572,0.5871731666558165,0.58718,0.1818395479200032
15,nonnormal,12,random_055,0.0121694783319698,0.5657141650138569,0.5688,0.10261139226362914
15,nonnormal,12,random_056,0.02113573956746339,0.5863135084646969,0.58272,0.1782136920233825
15,nonnormal,12,random_057,0.03354059648949143,0.608231006134223,0.61038,0.2828097646632836
15,nonnormal,12,random_058,0.022919467203263454,0.5898222068232364,0.59428,0.19325384174350044
15,nonnormal,12,random_059,0.022354896031737615,0.5887276772950913,0.58616,0.18849345412770713
15,nonnormal,12,random_060,0.016973761168813224,0.5774699086824029,0.57652,0.14312045413702884
15,nonnormal,12,random_061,0.010576911749693902,0.5613000650937062,0.5598,0.0891830866434483
15,nonnormal,12,random_062,0.022390791290705966,0.5887976964572085,0.59098,0.1887961180873223
15,nonnormal,12,random_063,0.032738112139109675,0.6069602770200422,0.60538,0.2760433253619271
15,nonnormal,12,random_064,0.015178392575207245,0.5733074103441007,0.57638,0.12798214943810562
15,nonnormal,12,random_065,0.016141652011696463,0.5755705940879517,0.57774,0.1361042224796078
15,nonnormal,12,random_066,0.005267368881454791,0.543345201208881,0.54158,0.04441374065084555
15,nonnormal,12,random_067,0.021915700679300144,0.5878661341977937,0.58564,0.1847902184293508
15,nonnormal,12,random_068,0.017227303209985112,0.5780389771997556,0.57726,0.14525828627184306
15,nonnormal,12,random_069,0.027829783926688213,0.5987967717607146,0.60082,0.23465696698037666
15,nonnormal,12,random_070,0.023163898952104425,0.5902916853044646,0.59224,0.1953148571278752
15,nonnormal,12,random_071,0.017186192068581123,0.5779470011710793,0.57664,0.14491164269831142
15,nonnormal,12,random_072,0.021029594853917286,0.5860999057931331,0.58502,0.17731869418195684
15,nonnormal,12,random_073,0.01703150926438956,0.5775999088368499,0.5792,0.14360737825374253
15,nonnormal,12,random_074,0.00634150679985653,0.5475407203014142,0.54588,0.0534707260271873
15,nonnormal,12,random_075,0.018579187088908232,0.5810022879347352,0.5787,0.15665718795118921
15,nonnormal,12,random_076,0.008979813422387826,0.556516400469273,0.55384,0.07571656996324945
15,nonnormal,12,random_077,0.024435671192128444,0.5926933158980296,0.58994,0.2060382683235938
15,nonnormal,12,random_078,0.01341189903455772,0.5689551305394992,0.56686,0.11308731527298192
15,nonnormal,12,random_079,0.011662686305225559,0.5643434809041852,0.56462,0.0983381905672409
15,nonnormal,12,random_080,0.014455181120494931,0.5715589593044357,0.56996,0.12188412845111861
15,nonnormal,12,random_081,0.02380721021137366,0.5915149713484723,0.5915,0.2007391704938041
15,nonnormal,12,random_082,0.021098757897868636,0.5862391514875459,0.58678,0.17790186759658017
15,nonnormal,12,random_083,0.013715847929959413,0.5697241900281133,0.56878,0.11565017117225466
15,nonnormal,12,random_084,0.015631627883992968,0.5743812748662471,0.57522,0.1318037681458987
15,nonnormal,12,random_085,0.023948987125074404,0.5917822172661426,0.59122,0.20193461421857373
15,nonnormal,12,random_086,0.016895519683414878,0.5772934078430916,0.57598,0.1424607325343035
15,nonnormal,12,random_087,0.03340248237501398,0.6080134766029136,0.60726,0.28164520516523517
15,nonnormal,12,random_088,0.021684340092517157,0.5874086429878147,0.58404,0.18283941731223424
15,nonnormal,12,random_089,0.018713216296542576,0.5812898728660548,0.58148,0.15778730406826388
15,nonnormal,12,random_090,0.019992580826332783,0.5839826366341263,0.58278,0.1685747324224937
15,nonnormal,12,random_091,0.02170300844242745,0.5874456523492033,0.59,0.18299682630901334
15,nonnormal,12,random_092,0.012353717985169353,0.5662051782855918,0.56898,0.10416487605391703
15,nonnormal,12,random_093,0.014560083073983161,0.5718153304864618,0.57354,0.12276864750813717
15,nonnormal,12,random_094,0.011753609576686645,0.5645916128795477,0.55914,0.09910484327159522
15,nonnormal,12,random_095,0.02337100684463074,0.5906874405031813,0.59256,0.1970611628133936
15,nonnormal,12,random_096,0.01721922339875564,0.5780209096249338,0.57788,0.14519015839841515
15,nonnormal,12,random_097,0.025850784439367697,0.59528936062651,0.59184,0.21797031146865284
15,nonnormal,12,random_098,0.03485198800334828,0.6102728735781298,0.60892,0.29386724020733007
15,nonnormal,12,random_099,0.03514955221417005,0.6107303972172704,0.61024,0.29637626131138495
15,nonnormal,12,random_100,0.015168493090936284,0.5732837713834151,0.57328,0.12789867832816765
15,nonnormal,12,random_101,0.014098714101044211,0.5706805312512002,0.56956,0.11887844684636048
15,nonnormal,12,random_102,0.0146643322020712,0.5720691630278718,0.5721,0.12364766202984274
15,nonnormal,12,random_103,0.027232061582912817,0.5977517724305665,0.60114,0.22961705317234185
15,nonnormal,12,random_104,0.022064516096172382,0.5881590631218974,0.58522,0.18604500985910644
15,nonnormal,12,random_105,0.01259379676355773,0.5668393941978123,0.5625,0.10618918778128711
15,nonnormal,12,random_106,0.027088037986869852,0.59749816019392,0.59604,0.22840266572650048
15,nonnormal,12,random_107,0.026543979727424644,0.5965336125495725,0.59468,0.22381524020575816
15,nonnormal,12,random_108,0.015034816444358279,0.5729637807217071,0.57392,0.126771534958146
15,nonnormal,12,random_109,0.029857779779016665,0.6022560849142203,0.59984,0.25175675320256913
15,nonnormal,12,random_110,0.017399613765220694,0.5784232446901449,0.5794,0.14671118552455734
15,nonnormal,12,random_111,0.02993707362760484,0.6023887591815501,0.60062,0.2524253481891101
15,nonnormal,12,random_112,0.009882431804326176,0.5592688041839103,0.55908,0.08332732584997664
15,nonnormal,12,random_113,0.01748080717038079,0.5786036276734872,0.58006,0.1473957973147124
15,nonnormal,12,random_114,0.016408044710825492,0.5761840555880281,0.57412,0.1383504096209815
15,nonnormal,12,random_115,0.02109213597342821,0.5862258299502401,0.58478,0.17784603242700578
15,nonnormal,12,random_116,0.008784023353300323,0.5559009746047853,0.55438,0.07406569463133957
15,nonnormal,12,random_117,0.011909503539588613,0.5650147697589406,0.56432,0.10041932004229151
15,nonnormal,12,random_118,0.01587223314485761,0.5749448044220125,0.57762,0.1338325191021674
15,nonnormal,12,random_119,0.03223513222642614,0.6061552679874007,0.6026,0.27180226689473624
15,nonnormal,12,random_120,0.02231819061658231,0.5886560167169053,0.59072,0.18818395904090404
15,nonnormal,12,random_121,0.028882856711584207,0.6006092381250241,0.6032,0.24353633400543995
15,nonnormal,12,random_122,0.014052615189675075,0.5705660984351544,0.56988,0.11848974707235306
15,nonnormal,12,random_123,0.015382193016358757,0.5737923050207303,0.57526,0.12970056714180953
15,nonnormal,12,random_124,0.017975665765566022,0.5796937339914967,0.58106,0.1515683779332409
15,nonnormal,12,random_125,0.025471894997086873,0.5946018022215113,0.5946,0.21477556703295336
15,nonnormal,12,random_126,0.010015693085864655,0.5596641032444291,0.5594,0.08445096691826931
15,nonnormal,12,random_127,0.02864796854564604,0.6002080538843385,0.59852,0.2415557888188933
