draw_index,writer_type,evaluated_on,direction,J,predicted_accuracy,recalibrated_accuracy,rayleigh_efficiency
16,normal,0,oracle_t0,0.11749965736080006,0.6964345992025257,0.69508,0.9999999999999997
16,normal,0,oracle_t12,0.06847003504248667,0.6526562195853806,0.6541,0.5827254017621455
16,normal,0,bottom,2.5138016615737703e-32,0.5000000000000001,0.50208,1.3241494054901308e-17
16,normal,0,random_000,0.034194811193279225,0.6092549047556064,0.6141,0.29102051836865345
16,normal,0,random_001,0.050372831698713594,0.6318127828585782,0.63456,0.4287062007681976
16,normal,0,random_002,0.026600643394169482,0.5966345561209021,0.59798,0.2263891145868475
16,normal,0,random_003,0.03834641435507726,0.6155192643460199,0.61386,0.3263534142685107
16,normal,0,random_004,0.03723335817164857,0.6138773531564439,0.61372,0.31688056806257764
16,normal,0,random_005,0.024140698039979595,0.5921422651264742,0.59316,0.2054533483944724
16,normal,0,random_006,0.039282998006941086,0.6168809096538963,0.6164,0.3343243622091326
16,normal,0,random_007,0.03142019468717443,0.604836549145561,0.60588,0.2674066920101229
16,normal,0,random_008,0.04809256253646842,0.6289033533230403,0.63032,0.4092995981153637
16,normal,0,random_009,0.03330904522653863,0.607866038895136,0.60764,0.28348206262643205
16,normal,0,random_010,0.0373005802660515,0.6139772641859488,0.6144,0.31745267266196836
16,normal,0,random_011,0.02737827379624564,0.5980085116213963,0.59948,0.2330072649673914
16,normal,0,random_012,0.02654786932554122,0.5965405453275314,0.59944,0.22593997226751106
16,normal,0,random_013,0.0342411648412069,0.6093270503423076,0.61078,0.29141501865034664
16,normal,0,random_014,0.038687053992681936,0.6160165710947567,0.61524,0.32925248346799524
16,normal,0,random_015,0.02499857036970759,0.5937352349708018,0.59464,0.21275441078901
16,normal,0,random_016,0.035641205334042664,0.6114817883918489,0.61226,0.30333029163311565
16,normal,0,random_017,0.04493510275519615,0.6247455928772151,0.62354,0.3824275216157974
16,normal,0,random_018,0.021563811939566094,0.5871692968811658,0.58628,0.1835223389064975
16,normal,0,random_019,0.009533916869128651,0.5582219204362993,0.5585,0.08113995464559826
16,normal,0,random_020,0.051152180287131886,0.632790320301357,0.6326,0.43533897405386923
16,normal,0,random_021,0.040057308148288354,0.617993352572776,0.61454,0.34091425496915667
16,normal,0,random_022,0.039490738233729006,0.617180531116771,0.61482,0.3360923692948895
16,normal,0,random_023,0.024479085931547344,0.5927741238689365,0.58974,0.2083332537420147
16,normal,0,random_024,0.015017148324618654,0.5729213775023343,0.574,0.12780589034831208
16,normal,0,random_025,0.028489675432533876,0.5999367041340958,0.59966,0.24246602988000304
16,normal,0,random_026,0.028643183158405902,0.6001998623747149,0.59866,0.24377248242054664
16,normal,0,random_027,0.040067737651955565,0.6180082562015551,0.62048,0.3410030169613317
16,normal,0,random_028,0.04104982346238274,0.6194022810767049,0.6193,0.34936121844452006
16,normal,0,random_029,0.029100830100478,0.6009799810054124,0.60192,0.2476673613704216
16,normal,0,random_030,0.029865121376760322,0.6022683767491364,0.59662,0.25417198694507714
16,normal,0,random_031,0.019782971949847378,0.5835477534215235,0.58422,0.1683662096911554
16,normal,0,random_032,0.04521625905052026,0.6251222319955992,0.62524,0.38482034812814
16,normal,0,random_033,0.027513090230885814,0.5982445964329361,0.59972,0.23415464222506446
16,normal,0,random_034,0.038947338675254926,0.6163949641435247,0.61774,0.33146767871553334
16,normal,0,random_035,0.035694261856840624,0.6115625389997354,0.6136,0.30378183782473595
16,normal,0,random_036,0.0382367777796457,0.6153586935291381,0.61614,0.32542033430986106
16,normal,0,random_037,0.028722117891891653,0.6003348879811098,0.6033,0.24444426934536612
16,normal,0,random_038,0.039072495973514546,0.6165764240264127,0.61814,0.33253285031748353
16,normal,0,random_039,0.0121220557966687,0.5655871632829645,0.5626,0.10316673315434563
16,normal,0,random_040,0.02968474878562115,0.6019659156635773,0.603,0.252636896586598
16,normal,0,random_041,0.03554233714398566,0.6113311402604235,0.60888,0.30248885777468826
16,normal,0,random_042,0.03363185758357421,0.6083744780487722,0.60698,0.28622940984672496
16,normal,0,random_043,0.04151710927784287,0.6200591782176066,0.61854,0.3533381305986148
16,normal,0,random_044,0.02065737308573988,0.585346361697784,0.58464,0.1758079431866627
16,normal,0,random_045,0.0223197427191849,0.5886590481646407,0.59106,0.1899558111105705
16,normal,0,random_046,0.03150820984280291,0.6049798496498129,0.6047,0.26815575934874686
16,normal,0,random_047,0.03957233113149274,0.6172979769307703,0.61748,0.33678677896038495
16,normal,0,random_048,0.03562836676546907,0.61146223867964,0.61186,0.30322102690109887
16,normal,0,random_049,0.025409498148197804,0.5944880552809242,0.59778,0.2162516786765954
16,normal,0,random_050,0.03048332416376688,0.6032976901914239,0.60636,0.25943330260243513
16,normal,0,random_051,0.023535623582024573,0.5910006861473475,0.59062,0.20030376352294332
16,normal,0,random_052,0.03453576863323143,0.609784351966079,0.60962,0.2939222922768553
16,normal,0,random_053,0.03150901599802776,0.6049811611877005,0.6055,0.26816262026428445
16,normal,0,random_054,0.04174637153001044,0.620379990915251,0.61996,0.3552893043919442
16,normal,0,random_055,0.03145115186756223,0.6048869760693784,0.60562,0.2676701581434132
16,normal,0,random_056,0.021969543607524067,0.587972239006693,0.59086,0.18697538444783146
16,normal,0,random_057,0.031835536479212286,0.6055109089739563,0.60748,0.2709415260800001
16,normal,0,random_058,0.04263909743813894,0.6216201075401824,0.62378,0.36288699385062284
16,normal,0,random_059,0.02560272201015116,0.5948398173229543,0.59518,0.21789614187158188
16,normal,0,random_060,0.04888924298667012,0.6299283856239133,0.63278,0.4160798770378407
16,normal,0,random_061,0.0476151477198436,0.6282845826643086,0.62682,0.40523648144465857
16,normal,0,random_062,0.021992367269646117,0.5880171749545878,0.58652,0.18716962894721723
16,normal,0,random_063,0.031461581752010276,0.6049039595834399,0.60316,0.26775892337628565
16,normal,0,random_064,0.0278198785068478,0.5987795517563375,0.59828,0.23676561388960266
16,normal,0,random_065,0.015466653464976693,0.5739922841062934,0.57616,0.1316314771666444
16,normal,0,random_066,0.035282471182850154,0.6109340932294937,0.61002,0.300277226124244
16,normal,0,random_067,0.021517011884400666,0.5870761718317659,0.58716,0.18312403940319158
16,normal,0,random_068,0.04309566784860867,0.6222488503763248,0.62104,0.36677271080269663
16,normal,0,random_069,0.046903028359655013,0.6273551993755283,0.6278,0.3991758734719737
16,normal,0,random_070,0.032935238123805256,0.6072739612933735,0.60698,0.2803007163048377
16,normal,0,random_071,0.028388692635976022,0.5997631777638884,0.60218,0.24160659931802478
16,normal,0,random_072,0.024780900442920528,0.5933338140163271,0.59502,0.210901895371721
16,normal,0,random_073,0.02977439715302682,0.6021163663572904,0.5982,0.2533998636404541
16,normal,0,random_074,0.03305036856666794,0.6074567007808354,0.60792,0.2812805527183956
16,normal,0,random_075,0.038229083677291144,0.6153474155678494,0.614,0.3253548523967444
16,normal,0,random_076,0.04172190041466108,0.620345793847647,0.62018,0.35508103897314197
16,normal,0,random_077,0.026228489839769813,0.5959694837650515,0.59844,0.22322184105806664
16,normal,0,random_078,0.031992607893684175,0.6057647051643418,0.6092,0.27227830797366614
16,normal,0,random_079,0.027358460363349775,0.5979737632103898,0.5983,0.2328386395148504
16,normal,0,random_080,0.04293575732212542,0.6220290551027057,0.61716,0.3654117661831543
16,normal,0,random_081,0.03303577983209195,0.6074335639162795,0.60828,0.28115639291313593
16,normal,0,random_082,0.027430377760960675,0.5980998268792203,0.59672,0.23345070425806966
16,normal,0,random_083,0.04026852343936769,0.6182947653215529,0.61758,0.34271183715640324
16,normal,0,random_084,0.026423826889328938,0.5963191876985159,0.59596,0.22488428888086595
16,normal,0,random_085,0.03525346898742811,0.6108896832358308,0.60876,0.30003039820939326
16,normal,0,random_086,0.02384946347080533,0.5915947051819327,0.59606,0.2029747490886039
16,normal,0,random_087,0.04190233413315529,0.6205976830782078,0.61852,0.356616649565947
16,normal,0,random_088,0.032215977547916844,0.6061244785895027,0.60578,0.27417933185109566
16,normal,0,random_089,0.02953447456388865,0.6017131761623566,0.60364,0.25135796331046883
16,normal,0,random_090,0.03102693279150967,0.6041936261335531,0.60606,0.26405977249990514
16,normal,0,random_091,0.02440428095679955,0.5926348419841834,0.59292,0.20769661380256282
16,normal,0,random_092,0.03359402188121881,0.6083150218355169,0.61062,0.28590740293023487
16,normal,0,random_093,0.015834468498115387,0.5748566486711466,0.57612,0.1347618270025529
16,normal,0,random_094,0.051143503795050005,0.632779483229126,0.63406,0.4352651313527351
16,normal,0,random_095,0.033311875084194115,0.607870507487471,0.60604,0.28350614659160295
16,normal,0,random_096,0.026498646136071318,0.5964527707134888,0.59936,0.2255210502844558
16,normal,0,random_097,0.027600502786810872,0.5983973414990628,0.5929,0.234898581040619
16,normal,0,random_098,0.022388894451189974,0.5887939978591565,0.59234,0.1905443382055282
16,normal,0,random_099,0.04319334448101819,0.6223828858433106,0.62262,0.36760400371540347
16,normal,0,random_100,0.04390587054651806,0.6233556472259699,0.62544,0.3736680730199797
16,normal,0,random_101,0.03082343508753055,0.6038592264586348,0.60554,0.26232787209653413
16,normal,0,random_102,0.04198813608407351,0.6207172562030037,0.62068,0.35734688106487594
16,normal,0,random_103,0.03502434064098321,0.6105381321557922,0.61038,0.29808036404255883
16,normal,0,random_104,0.0379543377653984,0.6149438843107461,0.61298,0.32301658249822807
16,normal,0,random_105,0.028866679555078704,0.6005816636916772,0.60052,0.2456745849601866
16,normal,0,random_106,0.028729818717439612,0.6003480504181299,0.59862,0.24450980847731715
16,normal,0,random_107,0.03908011720318322,0.616587463482408,0.61686,0.33259771203572047
16,normal,0,random_108,0.030767330216934927,0.603766824092739,0.60334,0.26185038244374864
16,normal,0,random_109,0.0404036079959909,0.6184870846694134,0.61864,0.34386149630994783
16,normal,0,random_110,0.03795948116921892,0.6149514531885659,0.61164,0.323060356275412
16,normal,0,random_111,0.033122344865074815,0.6075707706795661,0.60874,0.2818931187464467
16,normal,0,random_112,0.03486755438465899,0.6102968599685621,0.61,0.2967460090338222
16,normal,0,random_113,0.048889569009993555,0.6299288031909138,0.62834,0.41608265171251446
16,normal,0,random_114,0.025069011617254208,0.5938647452163494,0.59892,0.21335391251632418
16,normal,0,random_115,0.045177803240179094,0.6250707925914863,0.62628,0.3844930636814877
16,normal,0,random_116,0.03248908580003882,0.6065625512905678,0.60872,0.27650366417900496
16,normal,0,random_117,0.010166231781575621,0.5601074320948168,0.56018,0.08652137384842494
16,normal,0,random_118,0.031971517537723815,0.6057306662129757,0.60616,0.27209881505909883
16,normal,0,random_119,0.02735218423178225,0.5979627534681228,0.59886,0.2327852254734099
16,normal,0,random_120,0.02775894978806273,0.5986735589576465,0.59594,0.23624707008995569
16,normal,0,random_121,0.028114572357216684,0.5992904742459976,0.60002,0.23927365397234082
16,normal,0,random_122,0.03306331207571382,0.6074772238230861,0.60996,0.2813907105634191
16,normal,0,random_123,0.01655322259126649,0.5765162052221314,0.57614,0.14087890095234382
16,normal,0,random_124,0.03319605481730829,0.6076874501753576,0.60892,0.282520439318175
16,normal,0,random_125,0.02495675553580084,0.5936582648398483,0.5932,0.21239853882439358
16,normal,0,random_126,0.03600372968765395,0.612032253818897,0.60862,0.3064156142779137
16,normal,0,random_127,0.04313520068915871,0.6223031188472742,0.61728,0.36710916149062195
16,normal,12,oracle_t0,0.04735191413804769,0.6279419395546358,0.62868,0.5415759229437854
16,normal,12,oracle_t12,0.08743356588059158,0.6713115031563466,0.67258,0.999999999999999
16,normal,12,bottom,1.9405975741332188e-32,0.5000000000000001,0.50208,-9.746653760910066e-18
16,normal,12,random_000,0.017624108861301977,0.5789209340495343,0.58016,0.20157142950536044
16,normal,12,random_001,0.019176544625156635,0.5822758491947249,0.5789,0.2193270334112429
16,normal,12,random_002,0.01192973314268237,0.5650694718406071,0.56852,0.13644340159904778
16,normal,12,random_003,0.02726434690318193,0.5978085261778763,0.59828,0.3118292915150795
16,normal,12,random_004,0.027151218971835214,0.5976095039293198,0.59752,0.31053541850181127
16,normal,12,random_005,0.015430842974556767,0.5739075638900628,0.57262,0.1764864879882713
16,normal,12,random_006,0.029063309213964442,0.6009162687714026,0.59932,0.33240448243477
16,normal,12,random_007,0.026218924159064808,0.5959523233512186,0.59054,0.29987252487073535
16,normal,12,random_008,0.02917791442387549,0.6011107366497724,0.60372,0.33371525145987835
16,normal,12,random_009,0.01879467821087385,0.5814641406190385,0.58686,0.21495952980508432
16,normal,12,random_010,0.02170657850248412,0.5874527279686468,0.588,0.2482636763566166
16,normal,12,random_011,0.01554981229026062,0.5741886300280292,0.5736,0.1778471704047511
16,normal,12,random_012,0.012963476674507084,0.5678039405335028,0.56402,0.14826659011267307
16,normal,12,random_013,0.017452877534800286,0.5785416271350168,0.5817,0.19961301313772037
16,normal,12,random_014,0.02000533764254099,0.5840090265993877,0.58426,0.22880615060195933
16,normal,12,random_015,0.025745063998379145,0.5950980523462293,0.5962,0.29445286531649956
16,normal,12,random_016,0.022893481001243214,0.5897721407695911,0.58972,0.26183858305068924
16,normal,12,random_017,0.03218333752906356,0.6060719901129112,0.60706,0.36808904229088013
16,normal,12,random_018,0.019595339937185804,0.583156420636712,0.58358,0.22411690224263797
16,normal,12,random_019,0.019547116026633442,0.5830555272581365,0.58222,0.22356535307423012
16,normal,12,random_020,0.018835555073224174,0.581551438313918,0.58388,0.2154270489087447
16,normal,12,random_021,0.022362096451612128,0.5887417275406374,0.58904,0.2557610023838228
16,normal,12,random_022,0.02764104760622607,0.5984681024734397,0.5964,0.3161377135638679
16,normal,12,random_023,0.02410090522230028,0.592067655439373,0.59326,0.2756482019184139
16,normal,12,random_024,0.009608753565662433,0.558448345313405,0.5612,0.10989776602254948
16,normal,12,random_025,0.02618391808856723,0.5958894957078901,0.5958,0.2994721515113165
16,normal,12,random_026,0.019275377454831558,0.5824845554445123,0.58296,0.2204574096995656
16,normal,12,random_027,0.02512179883298647,0.5939616715745515,0.59768,0.2873244226055631
16,normal,12,random_028,0.019701916721219133,0.5833789402418961,0.5819,0.22533584811268143
16,normal,12,random_029,0.01117550086324794,0.5629967035775795,0.56092,0.12781705459102924
16,normal,12,random_030,0.02190902369772151,0.587852966770183,0.58732,0.25057909370461606
16,normal,12,random_031,0.014543274874351378,0.5717743170353794,0.57098,0.16633514517997794
16,normal,12,random_032,0.03552901897004697,0.6113108297123437,0.61394,0.40635445451886376
16,normal,12,random_033,0.022527824564516255,0.589064460016187,0.588,0.2576564770935064
16,normal,12,random_034,0.022263235311712398,0.5885486107940718,0.58756,0.25463030230423606
16,normal,12,random_035,0.023957182625170447,0.5917976400593228,0.59322,0.2740044099069327
16,normal,12,random_036,0.024333531432610786,0.5925029037213676,0.59216,0.2783088072359209
16,normal,12,random_037,0.017523800504915484,0.5786989673415754,0.58048,0.20042417724158476
16,normal,12,random_038,0.01801909762198791,0.5797886592865401,0.57896,0.2060890167352508
16,normal,12,random_039,0.015391567218083239,0.5738145285281513,0.57218,0.17603728114101574
16,normal,12,random_040,0.029906779912400577,0.6023380939758183,0.60412,0.3420514720084089
16,normal,12,random_041,0.02700273449688528,0.5973476112179837,0.59692,0.30883716367879827
16,normal,12,random_042,0.025632283849117983,0.5948935103841398,0.59668,0.2931629699756736
16,normal,12,random_043,0.025791727116049296,0.5951825435469278,0.5955,0.2949865632985064
16,normal,12,random_044,0.02267742557887787,0.5893547177648276,0.5931,0.2593675020626348
16,normal,12,random_045,0.009711163378250134,0.5587567401822939,0.55938,0.11106905317704537
16,normal,12,random_046,0.02004477120933071,0.5840905470787876,0.58146,0.22925716236606342
16,normal,12,random_047,0.030831863071171986,0.6038730992226375,0.60312,0.3526318841127808
16,normal,12,random_048,0.015043244939385421,0.5729839999072033,0.57216,0.17205343037169543
16,normal,12,random_049,0.02583180863181307,0.5952550531416653,0.59586,0.29544498582033885
16,normal,12,random_050,0.02301080045464957,0.5899979367163332,0.59008,0.26318039557114153
16,normal,12,random_051,0.020043597936470862,0.5840881227978659,0.58608,0.22924374334502698
16,normal,12,random_052,0.030759961029136904,0.6037546806588535,0.60554,0.3518095221135768
16,normal,12,random_053,0.025407392784640704,0.5944842147144017,0.59352,0.2905908334945377
16,normal,12,random_054,0.022564033301107837,0.5891348053266985,0.5917,0.25807060565187995
16,normal,12,random_055,0.020488239646141188,0.5850016123137045,0.58652,0.23432922402046427
16,normal,12,random_056,0.0201954258302837,0.5844012241594165,0.58726,0.2309802377025851
16,normal,12,random_057,0.022814224662211342,0.5896192575472659,0.5906,0.26093210808042305
16,normal,12,random_058,0.023383496524477174,0.5907112474786893,0.59672,0.2674430156081257
16,normal,12,random_059,0.008200792411605989,0.5540250641920997,0.554,0.09379455508889845
16,normal,12,random_060,0.021877195365287837,0.5877901703400393,0.58874,0.250215064946174
16,normal,12,random_061,0.017914113663517462,0.579559000225819,0.57728,0.20488828841754922
16,normal,12,random_062,0.012368915857982986,0.566245513305635,0.56752,0.1414664463631194
16,normal,12,random_063,0.013842267675215632,0.5700414720435698,0.5709,0.1583175469947098
16,normal,12,random_064,0.01677534018653666,0.5770214730120451,0.5767,0.1918638456247662
16,normal,12,random_065,0.020299171933227368,0.584614463578329,0.58504,0.2321668083508113
16,normal,12,random_066,0.03929217125425975,0.6168941583027319,0.61984,0.449394587290666
16,normal,12,random_067,0.019874300305283435,0.5837375301435752,0.58628,0.22730744314404194
16,normal,12,random_068,0.019745864330903765,0.5834705145491005,0.5863,0.2258384881370476
16,normal,12,random_069,0.012137560245091897,0.5656287135970958,0.56516,0.13882037319246712
16,normal,12,random_070,0.016689623826388236,0.5768269011413558,0.57716,0.19088348574483752
16,normal,12,random_071,0.017451755313513135,0.5785391348573994,0.57962,0.1996001780065457
16,normal,12,random_072,0.01819013755176803,0.5801613339159266,0.5838,0.20804524404975502
16,normal,12,random_073,0.02286059123382213,0.5897087311730542,0.58734,0.2614624143894911
16,normal,12,random_074,0.028397226418086167,0.5997778546958156,0.60288,0.32478632355985976
16,normal,12,random_075,0.026024383592395613,0.5956026042108183,0.59742,0.297647514776387
16,normal,12,random_076,0.021577195817752248,0.5871959092920468,0.5892,0.2467838935817887
16,normal,12,random_077,0.006729686342426881,0.5489670389181815,0.54372,0.07696913965075655
16,normal,12,random_078,0.02219359429643286,0.5884123026115774,0.58952,0.25383380024489377
16,normal,12,random_079,0.019603873390890245,0.5831742607040591,0.58226,0.22421450152980518
16,normal,12,random_080,0.026868369961711186,0.5971099637528696,0.59736,0.3073004022094378
16,normal,12,random_081,0.032386596716333434,0.6063983885523683,0.60732,0.37041376947342997
16,normal,12,random_082,0.017249615802066857,0.5780888483933978,0.57488,0.1972882568420544
16,normal,12,random_083,0.014378862159657373,0.5713718383155142,0.57132,0.16445471501522235
16,normal,12,random_084,0.018279841706299257,0.5803560591295657,0.57988,0.20907121335145015
16,normal,12,random_085,0.028135484047841365,0.5993266212773913,0.60184,0.32179270929274567
16,normal,12,random_086,0.02117693904940491,0.5863962657591427,0.585,0.2422060548042423
16,normal,12,random_087,0.02406932885259138,0.5920084049920349,0.59082,0.2752870549219388
16,normal,12,random_088,0.02113332773458344,0.5863086612052187,0.5839,0.24170726107002544
16,normal,12,random_089,0.02001882122581111,0.5840369104675351,0.58708,0.22896036578390142
16,normal,12,random_090,0.018838125461894527,0.5815569244019534,0.58248,0.21545644709975367
16,normal,12,random_091,0.021802040372203055,0.5876417011332796,0.58782,0.24935549811588592
16,normal,12,random_092,0.023969833948999854,0.591821442636598,0.58918,0.2741491063253161
16,normal,12,random_093,0.014618817544723148,0.5719584559863892,0.5737,0.16719914597430596
16,normal,12,random_094,0.026871222338839637,0.5971150152255582,0.59758,0.3073330255743859
16,normal,12,random_095,0.012116033431005148,0.5655710166072423,0.56294,0.13857416552759672
16,normal,12,random_096,0.018561345975158208,0.5809639250593641,0.58324,0.21229084949488963
16,normal,12,random_097,0.03483915092228532,0.6102530884467581,0.6076,0.3984642576498056
16,normal,12,random_098,0.010720014123565484,0.5617100563138498,0.56524,0.12260753654043856
16,normal,12,random_099,0.03410396879425752,0.6091133632545821,0.61276,0.39005579208371116
16,normal,12,random_100,0.02382559352644935,0.5915496706589628,0.5925,0.2724993918123853
16,normal,12,random_101,0.01692479667816761,0.5773595018442697,0.57488,0.19357321765055152
16,normal,12,random_102,0.01576365437328492,0.5746910500444543,0.57488,0.18029293686607037
16,normal,12,random_103,0.025338534598689042,0.594358512000002,0.59218,0.28980328485394236
16,normal,12,random_104,0.015857682708656298,0.5749108515458101,0.5776,0.18136836292726743
16,normal,12,random_105,0.023437708782348826,0.5908145056954656,0.59042,0.268063055032638
16,normal,12,random_106,0.016736520176362554,0.5769334175817333,0.579,0.19141985126421224
16,normal,12,random_107,0.017019123165885615,0.5775720450575428,0.57604,0.19465205375620484
16,normal,12,random_108,0.018055651133079904,0.5798684589577326,0.58252,0.20650708856754824
16,normal,12,random_109,0.020906967148274176,0.5858524291096886,0.58616,0.23911831729277633
16,normal,12,random_110,0.019377856487256106,0.5827003727147678,0.58072,0.2216294885389956
16,normal,12,random_111,0.022710706191417365,0.5894191522879564,0.5881,0.259748140919169
16,normal,12,random_112,0.042214674567439714,0.6210323178082922,0.61986,0.4828200033050517
16,normal,12,random_113,0.037990238223147725,0.614996702729522,0.61586,0.4345040470502043
16,normal,12,random_114,0.02663595879659051,0.596697411166084,0.5928,0.3046422564186313
16,normal,12,random_115,0.01842712993180295,0.5806747090450496,0.57872,0.21075578636434597
16,normal,12,random_116,0.02408415672300318,0.5920362333642578,0.59236,0.2754566450588896
16,normal,12,random_117,0.01989186215805061,0.5837739707274617,0.5865,0.2275083025347152
16,normal,12,random_118,0.02447287210233548,0.5927625626905851,0.59006,0.27990248202570356
16,normal,12,random_119,0.020255890418811245,0.5845255723146908,0.5871,0.23167178662797291
16,normal,12,random_120,0.02122423750835674,0.5864911701319062,0.58794,0.2427470193465832
16,normal,12,random_121,0.02540623314433513,0.5944820992474641,0.59884,0.2905775703925025
16,normal,12,random_122,0.0315608961123733,0.6050655274458903,0.6,0.3609700210040172
16,normal,12,random_123,0.013857058330104933,0.5700784951162441,0.572,0.15848671148823526
16,normal,12,random_124,0.03588660374320868,0.6118547358990796,0.61178,0.4104442428005183
16,normal,12,random_125,0.021599761532897045,0.5872407592148451,0.58852,0.2470419834231159
16,normal,12,random_126,0.023766116428127322,0.5914373539619137,0.5958,0.27181913706441757
16,normal,12,random_127,0.023907751052344235,0.5917045744703975,0.59168,0.2734390483969868
16,nonnormal,0,oracle_t0,0.25899373894274974,0.7773790378656082,0.78066,1.0000000000000013
16,nonnormal,0,oracle_t12,0.1896380816997019,0.7431901349460952,0.74028,0.7322110660814912
16,nonnormal,0,bottom,9.975201279709933e-32,0.5000000000000002,0.50296,-2.1526259559622953e-18
16,nonnormal,0,random_000,0.046038070230618754,0.6262157949113214,0.6226,0.1777574640165162
16,nonnormal,0,random_001,0.03912241324651463,0.6166487086089804,0.61486,0.15105544020569023
16,nonnormal,0,random_002,0.027437872928307537,0.5981129550223959,0.60094,0.10594029431102457
16,nonnormal,0,random_003,0.058026271556049114,0.6410734817664692,0.64474,0.22404507457562844
16,nonnormal,0,random_004,0.035576025930518715,0.6113824981632316,0.61536,0.13736249407319767
16,nonnormal,0,random_005,0.05959692127430669,0.6428873073823772,0.63906,0.23010950580346118
16,nonnormal,0,random_006,0.037948960392695644,0.6149359705361529,0.61558,0.1465246246786077
16,nonnormal,0,random_007,0.043097054037038555,0.6222507537200435,0.62098,0.16640191462916087
16,nonnormal,0,random_008,0.018638444461221572,0.5811295686398756,0.57874,0.07196484570363149
16,nonnormal,0,random_009,0.030169696132815626,0.6027769039084885,0.60714,0.11648812923421537
16,nonnormal,0,random_010,0.026748934883718656,0.5968981921083493,0.59164,0.1032802375567523
16,nonnormal,0,random_011,0.041919769028110586,0.620621991089656,0.62224,0.1618563027787207
16,nonnormal,0,random_012,0.029507993785770126,0.6016685683109525,0.59952,0.11393323215544165
16,nonnormal,0,random_013,0.05225656653523396,0.6341614343804917,0.63456,0.20176768268048867
16,nonnormal,0,random_014,0.035983596155781124,0.6120017613599829,0.60676,0.13893616232836933
16,nonnormal,0,random_015,0.0742798753114843,0.6586622912918227,0.66022,0.2868018185099984
16,nonnormal,0,random_016,0.03577628081965268,0.6116872421861321,0.60808,0.13813569766472633
16,nonnormal,0,random_017,0.036202580692146415,0.6123329221229966,0.6134,0.13978168290836177
16,nonnormal,0,random_018,0.04236886627124678,0.6212462330000097,0.62156,0.1635903108862892
16,nonnormal,0,random_019,0.03510853529944139,0.6106674556169372,0.61342,0.13555746730696894
16,nonnormal,0,random_020,0.0873845316904131,0.6712665266499404,0.66914,0.33740017054902416
16,nonnormal,0,random_021,0.0399300805914039,0.6178113754767962,0.61872,0.15417392232879595
16,nonnormal,0,random_022,0.0310740517124764,0.6042708873895597,0.6051,0.11997993402977711
16,nonnormal,0,random_023,0.04922763088443587,0.6303609601687374,0.62922,0.19007266772312842
16,nonnormal,0,random_024,0.038986875147264295,0.6164523205027392,0.61312,0.15053211443031192
16,nonnormal,0,random_025,0.023460954117063133,0.5908587426285262,0.59498,0.09058502422813072
16,nonnormal,0,random_026,0.03006919043261514,0.6026094007832988,0.5996,0.116100066956684
16,nonnormal,0,random_027,0.06943467767898338,0.653673351654963,0.6549,0.2680940395023679
16,nonnormal,0,random_028,0.06404474367491594,0.64788102633223,0.64654,0.24728298041626812
16,nonnormal,0,random_029,0.034671514759858205,0.6099943578197816,0.6154,0.13387008852566257
16,nonnormal,0,random_030,0.02398558648935167,0.5918510706833852,0.5904,0.09261068081129821
16,nonnormal,0,random_031,0.06366006649452213,0.6474571076311665,0.647,0.24579770443251608
16,nonnormal,0,random_032,0.040102204890546146,0.6180574944136734,0.61628,0.1548385109781003
16,nonnormal,0,random_033,0.03797932152988574,0.6149806444512971,0.61758,0.14664185198037194
16,nonnormal,0,random_034,0.03507658134774341,0.6106183938897987,0.61322,0.13543408999356968
16,nonnormal,0,random_035,0.03133320655228491,0.6046947094625675,0.60218,0.12098055605587875
16,nonnormal,0,random_036,0.06813929619654298,0.6523055813091687,0.65164,0.2630924456888325
16,nonnormal,0,random_037,0.028120754580384787,0.599301162053657,0.59418,0.10857696674513387
16,nonnormal,0,random_038,0.0659695800129494,0.6499806255247103,0.6548,0.25471496060965393
16,nonnormal,0,random_039,0.07060283931962585,0.6548941991527231,0.6516,0.272604425141075
16,nonnormal,0,random_040,0.040953503101380045,0.61926636960114,0.61904,0.15812545611549647
16,nonnormal,0,random_041,0.03247231149925491,0.6065357019504519,0.6075,0.12537875097603396
16,nonnormal,0,random_042,0.022855100073587972,0.5896981398580938,0.59016,0.08824576287784358
16,nonnormal,0,random_043,0.03813762284834947,0.615213258412757,0.61188,0.14725306875769612
16,nonnormal,0,random_044,0.01598359329129037,0.5752041269706756,0.57236,0.061714207287549734
16,nonnormal,0,random_045,0.03261226617511863,0.6067594892339095,0.61162,0.12591912958300347
16,nonnormal,0,random_046,0.06002786292773392,0.6433802220857965,0.63996,0.23177341341445742
16,nonnormal,0,random_047,0.019382315352670952,0.5827097493948196,0.58298,0.07483700351905191
16,nonnormal,0,random_048,0.037875678978491374,0.6148280629951951,0.61562,0.1462416780154821
16,nonnormal,0,random_049,0.030478724217160278,0.6032900726138735,0.60558,0.1176813167051023
16,nonnormal,0,random_050,0.06137112803530621,0.6449038930010644,0.64562,0.2369598905588691
16,nonnormal,0,random_051,0.032200488948161216,0.6060995748997011,0.60254,0.12432921768537093
16,nonnormal,0,random_052,0.06900819719710517,0.6532246781171506,0.6513,0.2664473569083439
16,nonnormal,0,random_053,0.028100134260717995,0.5992655088436454,0.59944,0.10849734968662518
16,nonnormal,0,random_054,0.027317679115243878,0.5979021997914314,0.59618,0.10547621431606294
16,nonnormal,0,random_055,0.03275543740317498,0.6069878870875158,0.60304,0.12647192761063455
16,nonnormal,0,random_056,0.048657939205850084,0.6296317439528043,0.63072,0.1878730327786262
16,nonnormal,0,random_057,0.024159650598175746,0.5921777775015044,0.5923,0.09328275925433181
16,nonnormal,0,random_058,0.07869031419844497,0.6630410026004333,0.65982,0.3038309517429666
16,nonnormal,0,random_059,0.028291968444376217,0.5995966611419332,0.59628,0.10923804011582751
16,nonnormal,0,random_060,0.04844978471789083,0.6293641212339114,0.62998,0.18706932806819965
16,nonnormal,0,random_061,0.015180122736492507,0.573311540974639,0.57144,0.05861192937891085
16,nonnormal,0,random_062,0.02648062812309061,0.5964206194617785,0.59672,0.10224427907480867
16,nonnormal,0,random_063,0.040363409671477224,0.6184298911735585,0.61828,0.15584704802612837
16,nonnormal,0,random_064,0.03152298307662585,0.6050038814446494,0.6033,0.12171330166245448
16,nonnormal,0,random_065,0.03252971181820506,0.6066275474442162,0.60472,0.12560037918675618
16,nonnormal,0,random_066,0.040646947353804384,0.6188326429584988,0.61648,0.15694181457718331
16,nonnormal,0,random_067,0.010738001030054897,0.5617613904285258,0.55538,0.04146046570040264
16,nonnormal,0,random_068,0.023267435945962055,0.5904897622052757,0.5858,0.08983783175972965
16,nonnormal,0,random_069,0.027794948320712824,0.5987361976355865,0.6002,0.10731899710848572
16,nonnormal,0,random_070,0.0263568988547409,0.5961995238480431,0.59094,0.10176654834334471
16,nonnormal,0,random_071,0.05398227801998612,0.6362718851514123,0.63614,0.2084308224606114
16,nonnormal,0,random_072,0.04683726458948577,0.6272689789764458,0.62442,0.18084323111702388
16,nonnormal,0,random_073,0.026913815603840333,0.5971904127997864,0.59786,0.10391685804338938
16,nonnormal,0,random_074,0.026685152035915052,0.5967848926927972,0.59782,0.10303396578175128
16,nonnormal,0,random_075,0.058305670323595,0.6413981522899947,0.63954,0.22512386037441426
16,nonnormal,0,random_076,0.03277148365973298,0.6070134518973916,0.61342,0.12653388376688565
16,nonnormal,0,random_077,0.02985593195291575,0.6022529908958384,0.60288,0.11527665523804578
16,nonnormal,0,random_078,0.040187986942345724,0.6181799383920831,0.61662,0.15516972381803137
16,nonnormal,0,random_079,0.0359618763038362,0.6119688560601539,0.61464,0.13885229986886127
16,nonnormal,0,random_080,0.04875800593538407,0.6297601730017143,0.62644,0.1882594001477466
16,nonnormal,0,random_081,0.07274400076566738,0.6571018831420465,0.6543,0.28087165760307226
16,nonnormal,0,random_082,0.02675512579568998,0.5969091815858218,0.5921,0.10330414126962431
16,nonnormal,0,random_083,0.03353092818409332,0.6082157942625535,0.60912,0.12946617289271742
16,nonnormal,0,random_084,0.038056476914929485,0.6150940851099683,0.61866,0.14693975642145496
16,nonnormal,0,random_085,0.038635122512468936,0.6159409094226335,0.61464,0.1491739633173497
16,nonnormal,0,random_086,0.011900324825766534,0.564989934224279,0.56354,0.04594831085239903
16,nonnormal,0,random_087,0.049791730203152765,0.6310784144618442,0.63336,0.192250710022605
16,nonnormal,0,random_088,0.020466833529241273,0.5849578736570176,0.58542,0.07902443361291246
16,nonnormal,0,random_089,0.031213834265131454,0.6044997218559301,0.60588,0.12051964805230785
16,nonnormal,0,random_090,0.021896301673608586,0.5878278723098926,0.58792,0.08454374906124186
16,nonnormal,0,random_091,0.023249486544437627,0.5904554564352567,0.58846,0.08976852737577928
16,nonnormal,0,random_092,0.046211470058714094,0.6264451547583596,0.62584,0.17842697760708862
16,nonnormal,0,random_093,0.02702223151353321,0.5973820429961729,0.59776,0.10433546240863556
16,nonnormal,0,random_094,0.028353327851843708,0.5997023301688668,0.59888,0.10947495475213481
16,nonnormal,0,random_095,0.03253152467379392,0.6066304467533852,0.604,0.12560737879839262
16,nonnormal,0,random_096,0.025048782491621995,0.5938275725113068,0.59532,0.09671578391769167
16,nonnormal,0,random_097,0.02810535525607942,0.5992745374307484,0.59914,0.10851750845719138
16,nonnormal,0,random_098,0.02773003396007235,0.5986232131688197,0.60204,0.10706835645243953
16,nonnormal,0,random_099,0.044259835564422395,0.6238356676360237,0.62398,0.17089152712763472
16,nonnormal,0,random_100,0.01971030424499466,0.5833964256833902,0.58188,0.0761034005125183
16,nonnormal,0,random_101,0.0632838681087839,0.6470411140908799,0.64706,0.2443451658990599
16,nonnormal,0,random_102,0.034959969811056736,0.6104391450497368,0.60792,0.13498384151589338
16,nonnormal,0,random_103,0.06095736375114093,0.6444365965399634,0.63992,0.2353623064402169
16,nonnormal,0,random_104,0.05083163887050845,0.6323892765724044,0.62888,0.19626589846538642
16,nonnormal,0,random_105,0.02084267419979781,0.5857223749098208,0.58452,0.08047559097328257
16,nonnormal,0,random_106,0.03045404487417836,0.6032491927757938,0.6028,0.11758602736304073
16,nonnormal,0,random_107,0.05216283469241566,0.6340456968403467,0.63576,0.20140577492472228
16,nonnormal,0,random_108,0.019371702940897413,0.5826874303908283,0.58154,0.07479602796567808
16,nonnormal,0,random_109,0.07652114805701178,0.6609059307911752,0.66538,0.2954555904300328
16,nonnormal,0,random_110,0.022904874466819866,0.5897940955513015,0.59246,0.08843794664813497
16,nonnormal,0,random_111,0.04491853907881842,0.624723363626741,0.62198,0.17343484542206505
16,nonnormal,0,random_112,0.06364928664795032,0.647445207047356,0.6468,0.24575608239711158
16,nonnormal,0,random_113,0.041331024954891,0.6197980727206585,0.6201,0.1595831046866629
16,nonnormal,0,random_114,0.05950001600482497,0.6427761881594497,0.64578,0.2297353451388933
16,nonnormal,0,random_115,0.019164776748682825,0.582250961511572,0.58148,0.07399706582451092
16,nonnormal,0,random_116,0.07049232070291009,0.6547791992379073,0.65422,0.2721777020196324
16,nonnormal,0,random_117,0.026166274275933144,0.5958578123671932,0.59792,0.10103052831604246
16,nonnormal,0,random_118,0.02499151188678336,0.593722246929488,0.59348,0.09649465654576209
16,nonnormal,0,random_119,0.030486761390310285,0.603303381886958,0.60686,0.11771234901184001
16,nonnormal,0,random_120,0.03690435880327284,0.6133869516818361,0.61376,0.1424913164075776
16,nonnormal,0,random_121,0.06027926792863276,0.6436668542400477,0.64796,0.23274411255925187
16,nonnormal,0,random_122,0.046132491691890334,0.6263407473054456,0.62384,0.1781220344561608
16,nonnormal,0,random_123,0.032669429117024015,0.6068507444132664,0.60292,0.12613984125788302
16,nonnormal,0,random_124,0.05201232213485403,0.6338596046758187,0.6335,0.20082463131030115
16,nonnormal,0,random_125,0.03860345313455357,0.6158947415269985,0.62116,0.14905168477098546
16,nonnormal,0,random_126,0.02024503629417504,0.5845032646217742,0.58772,0.07816805292984405
16,nonnormal,0,random_127,0.03267396774976696,0.6068579862334152,0.60788,0.1261573653600543
16,nonnormal,12,oracle_t0,0.11532901024724374,0.6947647197896818,0.69706,0.7457267059457265
16,nonnormal,12,oracle_t12,0.15465318504449205,0.7223676455229666,0.72122,1.0000000000000013
16,nonnormal,12,bottom,7.386899801142752e-32,0.5000000000000001,0.49656,-6.847467452449357e-18
16,nonnormal,12,random_000,0.022880872084545263,0.5897478371615241,0.58922,0.1479495690823485
16,nonnormal,12,random_001,0.019070339662425287,0.5820509488186051,0.58108,0.1233103583152134
16,nonnormal,12,random_002,0.020342350206983502,0.5847030441215859,0.58398,0.13153528135312093
16,nonnormal,12,random_003,0.02556698940296747,0.5947748725363736,0.59312,0.16531822086698164
16,nonnormal,12,random_004,0.011460557584641224,0.563788286087227,0.56218,0.07410489206118946
16,nonnormal,12,random_005,0.03017072404061661,0.6027786154826589,0.6006,0.19508634129931995
16,nonnormal,12,random_006,0.02185019712408092,0.5877368659671682,0.58766,0.14128514144597082
16,nonnormal,12,random_007,0.019176472409213996,0.582275696490743,0.58012,0.12399662123801175
16,nonnormal,12,random_008,0.013410348699364812,0.5689511849497735,0.567,0.0867123990722003
16,nonnormal,12,random_009,0.009958771474284155,0.5594955850435076,0.5606,0.06439422163480914
16,nonnormal,12,random_010,0.01493223547044115,0.5727172272540122,0.569,0.09655304199616271
16,nonnormal,12,random_011,0.024162863301896556,0.592183795852403,0.59324,0.15623902795758912
16,nonnormal,12,random_012,0.016995878617159517,0.5775197256669943,0.57656,0.10989672545230812
16,nonnormal,12,random_013,0.03502180254269124,0.6105342310203148,0.60824,0.2264538071596514
16,nonnormal,12,random_014,0.015331413970910122,0.5736718007182147,0.56862,0.09913416245840309
16,nonnormal,12,random_015,0.036262819675860966,0.6124238288528825,0.61348,0.23447832429334453
16,nonnormal,12,random_016,0.015495849920272748,0.5740612818073205,0.57208,0.10019741860353398
16,nonnormal,12,random_017,0.025780331928162696,0.5951619181643536,0.5947,0.16669771088610966
16,nonnormal,12,random_018,0.025407932021019815,0.5944851983957786,0.59186,0.16428974297367535
16,nonnormal,12,random_019,0.010710412505284036,0.5616826355143505,0.56474,0.06925439332014263
16,nonnormal,12,random_020,0.04176386928004516,0.6204044363575215,0.61926,0.2700485558576127
16,nonnormal,12,random_021,0.02002853179929293,0.5840569857242459,0.5874,0.12950610615313857
16,nonnormal,12,random_022,0.015059213161479717,0.5730222901550804,0.57236,0.09737409001403606
16,nonnormal,12,random_023,0.021697424718243673,0.5874345845586075,0.58802,0.14029730271640758
16,nonnormal,12,random_024,0.018716394905243842,0.5812966801212728,0.5785,0.12102172289474265
16,nonnormal,12,random_025,0.014380429229751373,0.5713756856507799,0.56854,0.09298501822393314
16,nonnormal,12,random_026,0.015490725599159642,0.5740491767697037,0.57158,0.1001642843288559
16,nonnormal,12,random_027,0.04436117790317458,0.6239727115282947,0.62692,0.28684296343727045
16,nonnormal,12,random_028,0.03186601992775018,0.6055602165576299,0.60616,0.20604826158984513
16,nonnormal,12,random_029,0.028510894088033166,0.599973124130052,0.5985,0.18435374660942763
16,nonnormal,12,random_030,0.011640108669636105,0.5642817122447279,0.56088,0.07526588389555243
16,nonnormal,12,random_031,0.03919055862896218,0.6167473081344506,0.61642,0.2534093211057214
16,nonnormal,12,random_032,0.01968292319449906,0.583339330130676,0.58038,0.12727137296808033
16,nonnormal,12,random_033,0.017214649783386576,0.5780106804370471,0.58,0.11131131750331644
16,nonnormal,12,random_034,0.008064913538707731,0.5535783476039265,0.55078,0.05214838308300961
16,nonnormal,12,random_035,0.014874890079944678,0.5725790160034447,0.57378,0.09618224206417315
16,nonnormal,12,random_036,0.022914065535989916,0.5898118022136806,0.58704,0.14816420062346486
16,nonnormal,12,random_037,0.019794557072598144,0.5835718521547146,0.5819,0.12799320665076186
16,nonnormal,12,random_038,0.02794115221615722,0.5989901554391664,0.60086,0.18066974959564464
16,nonnormal,12,random_039,0.025340952782337316,0.5943629295245945,0.59082,0.16385664980030668
16,nonnormal,12,random_040,0.030051481054309933,0.6025798553190546,0.6034,0.1943153065076836
16,nonnormal,12,random_041,0.02502406621535143,0.5937821327644401,0.5925,0.16180763563422446
16,nonnormal,12,random_042,0.012840922880036312,0.567485767267824,0.57014,0.08303044567974557
16,nonnormal,12,random_043,0.023365370964701954,0.5906766955809952,0.5891,0.15108237801879107
16,nonnormal,12,random_044,0.007691569389886093,0.5523308270154952,0.55174,0.04973430962752771
16,nonnormal,12,random_045,0.03250988447909088,0.6065958318185408,0.6103,0.210211541842725
16,nonnormal,12,random_046,0.03089643138725666,0.6039793137854501,0.60164,0.1997788236845438
16,nonnormal,12,random_047,0.005393405385162201,0.5438586434815975,0.54298,0.03487419533978938
16,nonnormal,12,random_048,0.024349904519975117,0.5925334552815633,0.59258,0.15744845159813523
16,nonnormal,12,random_049,0.01579045803498517,0.5747537755451066,0.57702,0.1021023784957448
16,nonnormal,12,random_050,0.025792407900242863,0.5951837756192255,0.59372,0.16677579509806223
16,nonnormal,12,random_051,0.01807609725906709,0.5799130580727067,0.58018,0.11688150653907849
16,nonnormal,12,random_052,0.03523277036961153,0.6108579761463256,0.60862,0.22781794218771184
16,nonnormal,12,random_053,0.017999731825612902,0.5797463478428746,0.58004,0.11638772147133344
16,nonnormal,12,random_054,0.028669970857377734,0.6002457075383764,0.6024,0.18538234986320995
16,nonnormal,12,random_055,0.01982546136624493,0.5836361015502677,0.57952,0.12819303631245227
16,nonnormal,12,random_056,0.024940451145911154,0.5936282342856177,0.5931,0.16126697383397626
16,nonnormal,12,random_057,0.011172470206060686,0.5629882323823355,0.56526,0.07224209577608443
16,nonnormal,12,random_058,0.02460656765647099,0.5930109699391025,0.59166,0.15910805619290666
16,nonnormal,12,random_059,0.021783217928238313,0.5876044752451869,0.58508,0.14085204854960828
16,nonnormal,12,random_060,0.0308181025384938,0.6038504478436408,0.60532,0.19927234301464802
16,nonnormal,12,random_061,0.0076826118929963355,0.5523005215301128,0.55426,0.04967638972832111
16,nonnormal,12,random_062,0.014758222856039407,0.5722969775522511,0.57208,0.0954278623605046
16,nonnormal,12,random_063,0.027460577708327757,0.5981527119132357,0.5974,0.17756231596800093
16,nonnormal,12,random_064,0.018647081157231918,0.5811481020494669,0.58204,0.12057353459527764
16,nonnormal,12,random_065,0.02148496269865954,0.5870123375201952,0.58702,0.13892350611776008
16,nonnormal,12,random_066,0.0179806129378155,0.5797045526200082,0.57744,0.11626409719685181
16,nonnormal,12,random_067,0.008339377845559309,0.5544768131665574,0.55254,0.05392309148473196
16,nonnormal,12,random_068,0.018997747256497756,0.5818968506359311,0.57988,0.12284096994854866
16,nonnormal,12,random_069,0.01163128213572031,0.5642575476021141,0.56494,0.07520881081352532
16,nonnormal,12,random_070,0.01584489605046381,0.5748810010565664,0.57812,0.10245437910577422
16,nonnormal,12,random_071,0.028478391654496497,0.5999173306221067,0.59942,0.18414358324598112
16,nonnormal,12,random_072,0.01227760907994974,0.5660028012539213,0.56356,0.0793880130979367
16,nonnormal,12,random_073,0.014433852139062422,0.5715067157582355,0.57026,0.09333045507539972
16,nonnormal,12,random_074,0.016410654747431898,0.5761900404610574,0.5773,0.10611262058851714
16,nonnormal,12,random_075,0.024201561379045333,0.5922562557572917,0.5909,0.1564892528536211
16,nonnormal,12,random_076,0.0200212594679338,0.5840419516714849,0.58208,0.1294590826705181
16,nonnormal,12,random_077,0.01526763057413754,0.5735201427550426,0.57494,0.09872173385724474
16,nonnormal,12,random_078,0.01594105557341908,0.5751051808766952,0.5724,0.1030761543568148
16,nonnormal,12,random_079,0.011919006879817427,0.5650404733074541,0.56554,0.07706926227473736
16,nonnormal,12,random_080,0.026540540975579834,0.5965274829068505,0.59428,0.17161328405842047
16,nonnormal,12,random_081,0.04320622752496862,0.62240055201366,0.62056,0.2793749609006677
16,nonnormal,12,random_082,0.026244388796421464,0.5959979984697956,0.59498,0.16969834012064655
16,nonnormal,12,random_083,0.0176432536521102,0.578963223787186,0.57682,0.11408270477607332
16,nonnormal,12,random_084,0.016289545818460642,0.5759118131923397,0.57786,0.1053295204607286
16,nonnormal,12,random_085,0.02701692930510046,0.5973726805881523,0.59354,0.1746936495186182
16,nonnormal,12,random_086,0.009184472108685279,0.5571524295466229,0.5561,0.059387539325769595
16,nonnormal,12,random_087,0.02166493595048538,0.5873701572305802,0.58722,0.14008722771698914
16,nonnormal,12,random_088,0.016025733344262695,0.5753020136627476,0.57898,0.10362368767026879
16,nonnormal,12,random_089,0.029077351533576122,0.6009401184199104,0.59728,0.18801650625695765
16,nonnormal,12,random_090,0.010687766082588465,0.5616179107885555,0.56122,0.06910795971976733
16,nonnormal,12,random_091,0.014813931922817589,0.5724317951925009,0.57262,0.09578808169101592
16,nonnormal,12,random_092,0.024438321436379307,0.592698250974193,0.59148,0.15802016252913714
16,nonnormal,12,random_093,0.007970989569243362,0.5532673188662174,0.55016,0.05154106310161156
16,nonnormal,12,random_094,0.010205881166908726,0.5602236380114021,0.55902,0.06599205288900206
16,nonnormal,12,random_095,0.018934325057275773,0.5817619673785822,0.58198,0.12243087687995957
16,nonnormal,12,random_096,0.00933307250096552,0.5576097224538044,0.556,0.060348401478317534
16,nonnormal,12,random_097,0.01916262202864526,0.5822464036673278,0.58292,0.12390706355729054
16,nonnormal,12,random_098,0.019624420385499525,0.5832171996950256,0.58178,0.12689308907445923
16,nonnormal,12,random_099,0.019933746436569356,0.5838608122029046,0.58666,0.12889321633327286
16,nonnormal,12,random_100,0.00900366311852235,0.556590897549631,0.5591,0.058218413774873815
16,nonnormal,12,random_101,0.04359825026187434,0.6229367462976211,0.6235,0.28190981161708156
16,nonnormal,12,random_102,0.021007135659668406,0.5860546372134007,0.58698,0.13583383784578965
16,nonnormal,12,random_103,0.028326926174861794,0.5996568779067277,0.5976,0.18316419520692373
16,nonnormal,12,random_104,0.0238182235676833,0.5915357612340876,0.58738,0.1540105595680496
16,nonnormal,12,random_105,0.015010263726080135,0.5729048475887715,0.57114,0.09705757900661317
16,nonnormal,12,random_106,0.014546374256071953,0.5717818816328705,0.57084,0.09405803218270054
16,nonnormal,12,random_107,0.031726781665788614,0.6053347894763815,0.60608,0.2051479357289746
16,nonnormal,12,random_108,0.024357012631168087,0.5925467153747386,0.59206,0.1574944132198821
16,nonnormal,12,random_109,0.028555990913574195,0.6000504810812062,0.59978,0.18464534632997692
16,nonnormal,12,random_110,0.015624173890401369,0.5743637451646503,0.576,0.10102717177086581
16,nonnormal,12,random_111,0.023527323508625797,0.5909849197791592,0.58766,0.15212957626354268
16,nonnormal,12,random_112,0.033972632339110756,0.6089083686546125,0.60832,0.21966978778573007
16,nonnormal,12,random_113,0.01960759317149116,0.5831820360212574,0.58312,0.12678428294800592
16,nonnormal,12,random_114,0.02938429032964473,0.6014599019810811,0.6013,0.1900011973318961
16,nonnormal,12,random_115,0.017827137840096735,0.5793682043094829,0.5819,0.11527171480476191
16,nonnormal,12,random_116,0.04807240529822131,0.6288772967851363,0.62754,0.31084005986938756
16,nonnormal,12,random_117,0.018851049890899797,0.5815845036403136,0.58312,0.12189241292041014
16,nonnormal,12,random_118,0.013055426806822545,0.5680416457470847,0.56784,0.08441744541547373
16,nonnormal,12,random_119,0.01263661196570666,0.5669518440242192,0.56782,0.08170935478678477
16,nonnormal,12,random_120,0.012701054276787645,0.5671207265562175,0.56602,0.08212604398114211
16,nonnormal,12,random_121,0.03640854404889506,0.6126434044961656,0.61516,0.23542058987288741
16,nonnormal,12,random_122,0.02033280301431922,0.5846834664581273,0.58564,0.13147354843335252
16,nonnormal,12,random_123,0.02258922523330771,0.5891837125217941,0.588,0.14606375695921855
16,nonnormal,12,random_124,0.026758751501712297,0.59691561694463,0.59858,0.1730242509652429
16,nonnormal,12,random_125,0.02308937093703728,0.5901488171067583,0.58968,0.1492977395221104
16,nonnormal,12,random_126,0.008251223069322732,0.5541899004882842,0.5553,0.05335307557325092
16,nonnormal,12,random_127,0.013062577873706986,0.5680600961897098,0.56918,0.08446368479219515
17,normal,0,oracle_t0,0.1347303963887237,0.7090407628735805,0.70622,0.9999999999999981
17,normal,0,oracle_t12,0.07801543427519592,0.6623804768414145,0.6634,0.5790485025376597
17,normal,0,bottom,2.1379244033420956e-32,0.5000000000000001,0.5043,-2.094197751623861e-18
17,normal,0,random_000,0.04820547467598274,0.6290491990188329,0.62946,0.35779212388643444
17,normal,0,random_001,0.03181365340663818,0.6054754970687879,0.60126,0.23612825508840235
17,normal,0,random_002,0.028482869661891515,0.5999250195578545,0.59846,0.2114064118071231
17,normal,0,random_003,0.03853778295638821,0.6157989413339795,0.61384,0.28603629165610883
17,normal,0,random_004,0.030882590875458207,0.6039565562133586,0.60168,0.22921769476841602
17,normal,0,random_005,0.04762066825683206,0.6282917573400624,0.62892,0.3534515560945651
17,normal,0,random_006,0.04657769946917495,0.6269280181521361,0.62702,0.34571040179225054
17,normal,0,random_007,0.04966057187861322,0.6309120043924299,0.62874,0.36859219010484173
17,normal,0,random_008,0.05341767274322545,0.6355856166851188,0.63578,0.39647825713438
17,normal,0,random_009,0.02896934825908226,0.6007565261405249,0.60362,0.2150171678817
17,normal,0,random_010,0.020729652314753003,0.5854932399308306,0.58244,0.1538602488405351
17,normal,0,random_011,0.042968808311286036,0.6220745200814516,0.61994,0.31892438130525863
17,normal,0,random_012,0.036856906030024034,0.6133160241928788,0.613,0.2735604363820362
17,normal,0,random_013,0.037671945874512294,0.6145274675736205,0.61428,0.27960984962755725
17,normal,0,random_014,0.03753232604489204,0.6143209577702604,0.61194,0.2785735591291799
17,normal,0,random_015,0.05001367095824571,0.6313594525146509,0.63384,0.3712129727129008
17,normal,0,random_016,0.032946457825643885,0.6072917847107496,0.60942,0.2445361901154571
17,normal,0,random_017,0.04967311235540499,0.6309279259596627,0.62762,0.3686852684088317
17,normal,0,random_018,0.050402469595113755,0.6318501111568452,0.62886,0.37409872564831353
17,normal,0,random_019,0.031758157047680244,0.6053856324839082,0.60648,0.23571634834393027
17,normal,0,random_020,0.03282109588613279,0.607092451347374,0.60734,0.24360572495784402
17,normal,0,random_021,0.028072236014160527,0.5992172497135088,0.59988,0.20835859439741092
17,normal,0,random_022,0.027661881260829455,0.5985044410357085,0.59856,0.20531284700610122
17,normal,0,random_023,0.038715797160249754,0.6160584247786651,0.61882,0.28735755403366436
17,normal,0,random_024,0.04094248825758125,0.619250816144456,0.6188,0.3038845676624749
17,normal,0,random_025,0.044063067952357315,0.6235690879191297,0.62034,0.32704622812232076
17,normal,0,random_026,0.046201067962495894,0.6264314090784369,0.62828,0.34291495609644496
17,normal,0,random_027,0.042766394523404715,0.6217957778039024,0.62092,0.3174220196013911
17,normal,0,random_028,0.052022018179216936,0.6338716018218836,0.6307,0.3861193878560491
17,normal,0,random_029,0.04834557133856326,0.6292298953066432,0.63078,0.3588319535487501
17,normal,0,random_030,0.04143088363261495,0.6199382698152198,0.61534,0.30750955050320355
17,normal,0,random_031,0.04422871791591482,0.6237935530407601,0.62184,0.32827572026364543
17,normal,0,random_032,0.048241861813035976,0.6290961590006943,0.62784,0.35806219758938895
17,normal,0,random_033,0.017934653065236807,0.5796039864461803,0.57878,0.13311512135310413
17,normal,0,random_034,0.044468071143768856,0.6241170753945787,0.62232,0.3300522549898069
17,normal,0,random_035,0.016077137065873395,0.5754212384809151,0.5791,0.11932821023911833
17,normal,0,random_036,0.03473967153383923,0.6100996325582759,0.6122,0.25784583483008805
17,normal,0,random_037,0.015043161915770388,0.5729838007697371,0.57112,0.11165380878393523
17,normal,0,random_038,0.04447215587020539,0.6241225882032623,0.62224,0.33008257276920944
17,normal,0,random_039,0.02805569762963766,0.5991886291380901,0.60038,0.20823584270242487
17,normal,0,random_040,0.037173137098976586,0.6137877645839613,0.61488,0.27590757613244676
17,normal,0,random_041,0.05537535576472276,0.6379481076240496,0.63552,0.41100863093250206
17,normal,0,random_042,0.052926095003243245,0.6349847958503909,0.63386,0.3928296540488232
17,normal,0,random_043,0.026835910826469078,0.5970524595765274,0.6027,0.19918230440770127
17,normal,0,random_044,0.030376041758161776,0.6031198688338874,0.60122,0.22545797067590345
17,normal,0,random_045,0.01349772552511075,0.5691731928735639,0.5659,0.10018322432724927
17,normal,0,random_046,0.04875586828282583,0.6297574309950058,0.62698,0.3618772718678527
17,normal,0,random_047,0.029122008361724468,0.6010159233707191,0.60028,0.2161502462866783
17,normal,0,random_048,0.04154664345645306,0.6201005604351486,0.616,0.3083687465490915
17,normal,0,random_049,0.05902296447130713,0.6422276621205426,0.6398,0.4380820219738251
17,normal,0,random_050,0.024275777375482824,0.5923950501867999,0.59076,0.18018040491354592
17,normal,0,random_051,0.023419175142792965,0.5907792187839793,0.59016,0.17382250606035474
17,normal,0,random_052,0.03555738067943445,0.6113540770858306,0.61098,0.2639150602425628
17,normal,0,random_053,0.025394805474959217,0.5944612496592204,0.59552,0.18848608892747679
17,normal,0,random_054,0.0425007999943853,0.6214289307389103,0.62316,0.31545071590053103
17,normal,0,random_055,0.042729265114233465,0.6217445687735141,0.62154,0.3171464365839989
17,normal,0,random_056,0.03102748613126502,0.6041945338130595,0.60298,0.2302931406936899
17,normal,0,random_057,0.03854384217478173,0.6158077842842421,0.6186,0.2860812645690962
17,normal,0,random_058,0.05947717083131202,0.6427499771390559,0.6414,0.4414532460789961
17,normal,0,random_059,0.05766730898223427,0.6406550558482047,0.64006,0.4280200350324259
17,normal,0,random_060,0.02427623669632264,0.5923959084846985,0.59166,0.18018381409849693
17,normal,0,random_061,0.04331029689131207,0.6225431536835868,0.62256,0.3214589881139609
17,normal,0,random_062,0.044681968013605515,0.6244053801466632,0.623,0.3316398467699091
17,normal,0,random_063,0.038879853292039954,0.6162969885387141,0.61544,0.28857521638891226
17,normal,0,random_064,0.03962763423155982,0.6173775059314545,0.61336,0.294125418567212
17,normal,0,random_065,0.028135406314426376,0.5993264869372723,0.60106,0.20882745889984725
17,normal,0,random_066,0.03384767234748501,0.6087129303105706,0.60644,0.2512252116428705
17,normal,0,random_067,0.04528632778008325,0.6252158956661837,0.62506,0.3361255440043625
17,normal,0,random_068,0.03722745851320369,0.6138685799324426,0.61524,0.2763107621668022
17,normal,0,random_069,0.040798392667453345,0.6190471358533561,0.61758,0.3028150570398522
17,normal,0,random_070,0.019480364203787723,0.5829156554091661,0.58386,0.14458774505185154
17,normal,0,random_071,0.04876278043212484,0.6297662970966597,0.62984,0.36192857543025797
17,normal,0,random_072,0.01716668224379012,0.577903312776279,0.57894,0.12741506522597046
17,normal,0,random_073,0.016389434008297246,0.576141366510944,0.57888,0.1216461499972915
17,normal,0,random_074,0.04605599276539865,0.626239523517375,0.62448,0.3418381746055133
17,normal,0,random_075,0.04576292021319893,0.625850867414614,0.62516,0.33966292269462195
17,normal,0,random_076,0.050189513885480715,0.6315816258571606,0.62762,0.37251811937577917
17,normal,0,random_077,0.02265313613649416,0.5893076596521387,0.58948,0.16813678830970968
17,normal,0,random_078,0.04103268503780783,0.6193781108943006,0.6196,0.3045540289172785
17,normal,0,random_079,0.04232164142779452,0.621180761784343,0.62056,0.3141209597995108
17,normal,0,random_080,0.04089788868632027,0.6191878161691868,0.6183,0.3035535393833604
17,normal,0,random_081,0.01995098167385982,0.5838965194871398,0.5833,0.14808077619171603
17,normal,0,random_082,0.034682093269308864,0.6100107046608132,0.61048,0.25741847570346443
17,normal,0,random_083,0.03474541121314596,0.6101084929640185,0.61316,0.2578884360504556
17,normal,0,random_084,0.027274162117798796,0.5978257730860458,0.5977,0.20243510632231365
17,normal,0,random_085,0.027401633791356277,0.5980494627823336,0.59852,0.20338123041141445
17,normal,0,random_086,0.03022775770003145,0.6028735337540776,0.6015,0.22435737228010785
17,normal,0,random_087,0.030219168559245044,0.6028592453961776,0.60436,0.22429362170105047
17,normal,0,random_088,0.029879587452937336,0.6022925921844217,0.60134,0.2217731726011463
17,normal,0,random_089,0.03824868827399119,0.6153761494181981,0.61464,0.28389056441009886
17,normal,0,random_090,0.03206497754052981,0.6058814153881663,0.6024,0.23799364063337256
17,normal,0,random_091,0.01514768854167376,0.5732340662258885,0.57438,0.11242962945028143
17,normal,0,random_092,0.036162574842236235,0.6122725040366787,0.612,0.2684069505585066
17,normal,0,random_093,0.02798495032743427,0.5990660957277848,0.59816,0.20771073994833453
17,normal,0,random_094,0.033925651965387084,0.6088349364603625,0.60844,0.25180399430804645
17,normal,0,random_095,0.025519437083282793,0.5946883706885364,0.5958,0.18941113339898558
17,normal,0,random_096,0.041757986620454074,0.6203962185423507,0.62432,0.3099373841369395
17,normal,0,random_097,0.020279938196736305,0.5845749737137135,0.58362,0.15052236718895015
17,normal,0,random_098,0.041145186448210386,0.6195366701772038,0.62078,0.3053890402689705
17,normal,0,random_099,0.033750786566741145,0.6085611328805147,0.6091,0.25050610308726046
17,normal,0,random_100,0.044611101306078225,0.6243099454533526,0.61992,0.33111385776203267
17,normal,0,random_101,0.035751590706424995,0.6116497191324561,0.60596,0.2653565317456244
17,normal,0,random_102,0.030841146154562238,0.603888377165132,0.60604,0.22891008251456046
17,normal,0,random_103,0.033878964006033754,0.6087619070855894,0.61054,0.251457465532026
17,normal,0,random_104,0.027906467726256344,0.5989299721007457,0.6009,0.20712822402556177
17,normal,0,random_105,0.0490381217538556,0.6301189073261507,0.63168,0.3639722220691082
17,normal,0,random_106,0.02428008253643725,0.5924030945774583,0.5952,0.1802123588086566
17,normal,0,random_107,0.041674606564779865,0.6202796721344995,0.61818,0.3093185181801169
17,normal,0,random_108,0.0309088210158455,0.6039996810863507,0.60298,0.2294123809052518
17,normal,0,random_109,0.03364893019776827,0.6084012947131057,0.60788,0.24975010168220993
17,normal,0,random_110,0.03764477300599302,0.6144873091223232,0.6115,0.27940816634562826
17,normal,0,random_111,0.03587769573816515,0.6118412219832339,0.61212,0.266292512304728
17,normal,0,random_112,0.023130947828599008,0.590228548752713,0.58642,0.1716832166207069
17,normal,0,random_113,0.04646929965697911,0.6267853151075983,0.62854,0.34490583344612125
17,normal,0,random_114,0.058994093806015446,0.6421943854193913,0.63936,0.437867737253632
17,normal,0,random_115,0.0381776200252685,0.6152719487947992,0.614,0.28336307951710077
17,normal,0,random_116,0.032161598266868395,0.6060370153255921,0.60402,0.23871078189420442
17,normal,0,random_117,0.056022028488879896,0.6387181631233297,0.63972,0.4158083846739767
17,normal,0,random_118,0.01986018463402181,0.5837082281402861,0.58358,0.14740685967197212
17,normal,0,random_119,0.04085476212040814,0.6191268612315912,0.62046,0.3032334440888457
17,normal,0,random_120,0.0507222252841201,0.6322520618336175,0.63294,0.37647202593968787
17,normal,0,random_121,0.021028494458742986,0.5860976884350316,0.58792,0.15607832398912863
17,normal,0,random_122,0.041166932951090196,0.6195672923346323,0.62346,0.30555044781665625
17,normal,0,random_123,0.025645582212787784,0.5949176534745882,0.59166,0.19034741157292512
17,normal,0,random_124,0.029143073788473906,0.6010516604289624,0.60272,0.21630659873062608
17,normal,0,random_125,0.028581965116360727,0.6000950064932488,0.59992,0.21214192106951194
17,normal,0,random_126,0.06547191337923274,0.6494411775807224,0.64702,0.4859476045059147
17,normal,0,random_127,0.039141476864869566,0.616676301157434,0.61562,0.2905170467393166
17,normal,12,oracle_t0,0.054701334608174355,0.6371400847001052,0.63724,0.6709389075635924
17,normal,12,oracle_t12,0.08152953121590988,0.6657838764591387,0.66456,1.0000000000000007
17,normal,12,bottom,1.1917269148362988e-32,0.5000000000000001,0.49846,-1.207557752877014e-17
17,normal,12,random_000,0.01868496372880713,0.5812293411446979,0.58114,0.2291803160173317
17,normal,12,random_001,0.025397769477588174,0.5944666579078104,0.5967,0.311516196632221
17,normal,12,random_002,0.01340700949128823,0.5689426858958652,0.56986,0.1644435984279517
17,normal,12,random_003,0.0214226796009259,0.5868881415831698,0.58576,0.2627597544280426
17,normal,12,random_004,0.02372225119868773,0.5913544238606498,0.59126,0.29096513674125635
17,normal,12,random_005,0.02316045733809733,0.5902850931528931,0.59154,0.2840744573492378
17,normal,12,random_006,0.02998150178435429,0.6024630142951082,0.60018,0.36773793909051256
17,normal,12,random_007,0.02490195576317155,0.593557289665815,0.5936,0.305434796346678
17,normal,12,random_008,0.017419542860258885,0.578467560511753,0.5827,0.21365930357342228
17,normal,12,random_009,0.015326338387737932,0.573659744455046,0.57318,0.18798511605751905
17,normal,12,random_010,0.01655374099923019,0.5765173885649907,0.57916,0.20303981578640382
17,normal,12,random_011,0.0269257082034612,0.597211453492354,0.59522,0.3302571203574744
17,normal,12,random_012,0.024065501468039194,0.5920012204379965,0.59296,0.2951752709617323
17,normal,12,random_013,0.025371903995436783,0.5944194513668748,0.59088,0.31119894370845663
17,normal,12,random_014,0.022286019915909124,0.5885931584277831,0.58794,0.27334905013608357
17,normal,12,random_015,0.020402737176859163,0.5848267636960164,0.58724,0.2502496564444581
17,normal,12,random_016,0.019963159780626863,0.5839217398924688,0.58074,0.24485802239877477
17,normal,12,random_017,0.025997581471394825,0.5955543146061976,0.59332,0.3188731872203088
17,normal,12,random_018,0.024097923669825647,0.5920620625527137,0.59534,0.29557294529277417
17,normal,12,random_019,0.022811176157824044,0.5896133714972702,0.5882,0.2797903510252568
17,normal,12,random_020,0.029864738709989583,0.6022677361005331,0.60238,0.3663057822680295
17,normal,12,random_021,0.01421099864378387,0.5709584537109749,0.56918,0.1743049227911016
17,normal,12,random_022,0.01759074131063356,0.5788471699364884,0.57822,0.21575913718979986
17,normal,12,random_023,0.021080432555473077,0.5862022804521219,0.5839,0.258561925244572
17,normal,12,random_024,0.020619960560336215,0.5852702302807504,0.58714,0.25291400861522917
17,normal,12,random_025,0.03828754825918114,0.615433081666446,0.61656,0.46961570474122416
17,normal,12,random_026,0.01205463680615307,0.5654061691829178,0.56612,0.1478560789737585
17,normal,12,random_027,0.02478550796713571,0.5933423303294013,0.59282,0.304006506568739
17,normal,12,random_028,0.027451080602938223,0.5981360842621795,0.59742,0.3367010725259923
17,normal,12,random_029,0.02081534222345391,0.5856670231503801,0.58686,0.25531046128954016
17,normal,12,random_030,0.01608222768324683,0.5754330348084085,0.57678,0.19725647189920936
17,normal,12,random_031,0.028947783703967132,0.600719825410718,0.60086,0.35505887587292057
17,normal,12,random_032,0.02146126388573137,0.586965103047668,0.58414,0.2632330097531994
17,normal,12,random_033,0.024110397616445275,0.5920854591320006,0.5884,0.295725944413873
17,normal,12,random_034,0.023131991329521893,0.5902305488952723,0.59034,0.2837253076834553
17,normal,12,random_035,0.015235064206491214,0.5734425832401255,0.57352,0.18686559310815976
17,normal,12,random_036,0.025102929048861293,0.5939270357892151,0.59802,0.30789983303574614
17,normal,12,random_037,0.01134356309371249,0.5634646360255886,0.56338,0.13913440841051813
17,normal,12,random_038,0.020925284796633387,0.5858894444038757,0.58668,0.2566589612936467
17,normal,12,random_039,0.01446570892016007,0.5715847315948457,0.57146,0.1774290702328631
17,normal,12,random_040,0.0346587241045626,0.6099745889861339,0.61074,0.4251063827753155
17,normal,12,random_041,0.0404435548013681,0.6185438895691154,0.61688,0.4960601906843279
17,normal,12,random_042,0.02176637254915336,0.5875711451672776,0.5902,0.26697531832374666
17,normal,12,random_043,0.01924019184562422,0.5824103177810684,0.58086,0.23599046331655657
17,normal,12,random_044,0.016564407830147645,0.5765417329194678,0.57616,0.2031706497401672
17,normal,12,random_045,0.016968217966070197,0.5774574179816833,0.57578,0.20812358065857472
17,normal,12,random_046,0.02373157186388406,0.5913720519445546,0.58866,0.2910794593070473
17,normal,12,random_047,0.029647807708404042,0.6019038494880525,0.59968,0.3636450163056807
17,normal,12,random_048,0.0236011848631255,0.5911251200433134,0.59204,0.28948019829310534
17,normal,12,random_049,0.02799359507100217,0.5990810771348302,0.6,0.34335528063896753
17,normal,12,random_050,0.01381363636642714,0.5699697458838735,0.5663,0.16943107804514787
17,normal,12,random_051,0.02038767082022025,0.5847959140035919,0.58544,0.2500648601330576
17,normal,12,random_052,0.023365513624591227,0.5906769675818637,0.59148,0.28658957406137564
17,normal,12,random_053,0.023428285949434358,0.5907965670364062,0.59656,0.28735950765362084
17,normal,12,random_054,0.01957619004831606,0.583116371045032,0.58126,0.24011164735479207
17,normal,12,random_055,0.007427580582784476,0.5514300206885746,0.55302,0.09110294726354369
17,normal,12,random_056,0.02624454142564029,0.5959982721652554,0.60042,0.32190227313019154
17,normal,12,random_057,0.025072056172570092,0.5938703384686934,0.5907,0.30752116194772733
17,normal,12,random_058,0.03688503542179677,0.6133580750572135,0.61074,0.4524131915356695
17,normal,12,random_059,0.03136030268910732,0.6047389140138508,0.60064,0.3846496137216548
17,normal,12,random_060,0.013140141138661746,0.5682598838381956,0.56784,0.16117032617130458
17,normal,12,random_061,0.02680094081866348,0.5969904658903866,0.5929,0.32872678671104005
17,normal,12,random_062,0.02382190957264505,0.5915427181654835,0.58854,0.29218749595847543
17,normal,12,random_063,0.03188470508559731,0.6055904276781245,0.60454,0.3910816683240693
17,normal,12,random_064,0.017633458520337313,0.5789415898884461,0.5847,0.2162830848817181
17,normal,12,random_065,0.016783200324984815,0.5770392892890299,0.57884,0.2058542478373739
17,normal,12,random_066,0.02135332739533797,0.5867496265685,0.5837,0.2619091153460605
17,normal,12,random_067,0.027065498220183025,0.5974584050673767,0.59752,0.33197171401006914
17,normal,12,random_068,0.018206133617920197,0.5801960939196815,0.57774,0.2233072280239901
17,normal,12,random_069,0.02696929417452411,0.5972885248124151,0.59746,0.33079172383688715
17,normal,12,random_070,0.016795259329013067,0.5770666145605424,0.5755,0.20600215748248535
17,normal,12,random_071,0.021886122781755404,0.5878077887225197,0.58588,0.26844411411854774
17,normal,12,random_072,0.021763828741580882,0.5875661108425609,0.5849,0.266944117266479
17,normal,12,random_073,0.015276033298294956,0.5735401406526717,0.5713,0.18736809926994846
17,normal,12,random_074,0.027730423000723172,0.5986238907184576,0.60248,0.3401273451123659
17,normal,12,random_075,0.02009383672517568,0.5841918626366516,0.58564,0.246460839716622
17,normal,12,random_076,0.0200055172455645,0.5840093980805344,0.58272,0.24537755764331665
17,normal,12,random_077,0.02247587172002043,0.5889634236639912,0.59102,0.2756776763562997
17,normal,12,random_078,0.026992302111459417,0.5973291821848632,0.59678,0.3310739275561061
17,normal,12,random_079,0.025572570389026272,0.5947850192605905,0.59654,0.31366021621421986
17,normal,12,random_080,0.02134591650046439,0.5867348110838401,0.58342,0.26181821705726804
17,normal,12,random_081,0.018066790554953475,0.5798927606244403,0.5794,0.22159811648012864
17,normal,12,random_082,0.01697553775215846,0.5774739114743038,0.57832,0.2082133614530807
17,normal,12,random_083,0.024211043907478854,0.5922740019220374,0.59546,0.2969604209223549
17,normal,12,random_084,0.021783941387569054,0.5876059063708774,0.59046,0.26719080881110346
17,normal,12,random_085,0.014600617786574838,0.5719141382039462,0.57008,0.17908379416421377
17,normal,12,random_086,0.021799572932462027,0.587636822140934,0.589,0.2673825374358097
17,normal,12,random_087,0.021070309966616463,0.5861819063592673,0.58944,0.2584377666887009
17,normal,12,random_088,0.018837801860892848,0.5815562337482698,0.58254,0.2310549512544823
17,normal,12,random_089,0.020272313745468847,0.5845593141052965,0.57974,0.24864994859081033
17,normal,12,random_090,0.017897822329255693,0.5795232992100953,0.5766,0.21952563767180205
17,normal,12,random_091,0.014063566819734225,0.5705933015357348,0.56972,0.1724965985943242
17,normal,12,random_092,0.02286219984682447,0.5897118336022947,0.58984,0.28041618179159966
17,normal,12,random_093,0.03130345823240466,0.604646154578787,0.60466,0.3839523883622679
17,normal,12,random_094,0.016250821902315478,0.5758226254560186,0.5767,0.1993243633313601
17,normal,12,random_095,0.014982959816621668,0.5728392523115189,0.57092,0.18377340815247892
17,normal,12,random_096,0.032556925180441336,0.6066710607989115,0.60722,0.39932678006234024
17,normal,12,random_097,0.019039007368382026,0.5819844746295956,0.57896,0.23352283625870662
17,normal,12,random_098,0.022194097771447346,0.5884132888671495,0.59252,0.27222157959760657
17,normal,12,random_099,0.029397728495083278,0.6014825924863775,0.59942,0.3605776711414054
17,normal,12,random_100,0.024116247394783005,0.592096428987184,0.59484,0.29579769483670126
17,normal,12,random_101,0.019293291320606892,0.5825223245209605,0.58294,0.23664175462402218
17,normal,12,random_102,0.01662657155049791,0.576683444467039,0.57266,0.20393311849747725
17,normal,12,random_103,0.02247053188658811,0.5889530319645225,0.58872,0.2756121806597996
17,normal,12,random_104,0.015910662788122795,0.5750344010704528,0.57358,0.19515214365684905
17,normal,12,random_105,0.0243209505698429,0.5924794209421764,0.59,0.29830848046255987
17,normal,12,random_106,0.01691185480703676,0.5773302923700468,0.57754,0.2074322586530039
17,normal,12,random_107,0.028553703974325752,0.6000465597396588,0.60042,0.3502252931972424
17,normal,12,random_108,0.022174826691160488,0.5883755304278827,0.58548,0.2719852102722902
17,normal,12,random_109,0.020988252666120522,0.5860165571816491,0.58674,0.25743129333760756
17,normal,12,random_110,0.02491716773365507,0.5935853313064461,0.59644,0.3056213786838588
17,normal,12,random_111,0.030528048870090602,0.6033717229527055,0.60272,0.3744416092525417
17,normal,12,random_112,0.01914003145992057,0.5821986021039954,0.58448,0.23476194667712663
17,normal,12,random_113,0.024040258857490088,0.5919538213177951,0.5961,0.294865657866052
17,normal,12,random_114,0.027217651357891292,0.5977264294470707,0.60062,0.33383794745259104
17,normal,12,random_115,0.02062196835227808,0.5852743178067862,0.5851,0.25293863517583753
17,normal,12,random_116,0.019923918021125503,0.5838404428581776,0.58626,0.24437670282148657
17,normal,12,random_117,0.014924954118007459,0.5726996932909354,0.57366,0.18306193958705075
17,normal,12,random_118,0.015272123650874637,0.57353083667229,0.57808,0.18732014551181922
17,normal,12,random_119,0.01957322888168598,0.5831101763108288,0.58482,0.24007532718238445
17,normal,12,random_120,0.0356594726849686,0.6115095981354084,0.60874,0.4373810587789807
17,normal,12,random_121,0.010728985287709821,0.5617356652673234,0.5638,0.1315963078371797
17,normal,12,random_122,0.02348211589151894,0.5908989943929872,0.58864,0.2880197585011576
17,normal,12,random_123,0.02342623137179556,0.5907926551428424,0.59202,0.28733430724331355
17,normal,12,random_124,0.01533323527131657,0.5736761264324334,0.57396,0.18806970974370593
17,normal,12,random_125,0.022289948653666243,0.5886008373360895,0.5863,0.2733972380466299
17,normal,12,random_126,0.033198059022073276,0.6076906207951553,0.60656,0.4071906035391864
17,normal,12,random_127,0.021681793139786933,0.5874035924465769,0.5938,0.2659379100606911
17,nonnormal,0,oracle_t0,0.254492147027813,0.7753876555859196,0.77262,1.000000000000001
17,nonnormal,0,oracle_t12,0.23406281633220916,0.7659888279639748,0.76318,0.9197251037637287
17,nonnormal,0,bottom,4.2749399795081827e-32,0.5000000000000001,0.4992,-2.512240884015553e-17
17,nonnormal,0,random_000,0.01753117593466366,0.5787153104709083,0.57532,0.06888690334616784
17,nonnormal,0,random_001,0.03302626727566848,0.6074184746118643,0.60706,0.1297732274310968
17,nonnormal,0,random_002,0.04291565610665283,0.6220013944625331,0.61794,0.16863253584780638
17,nonnormal,0,random_003,0.037619858509894744,0.6144504744741616,0.61706,0.14782325878913413
17,nonnormal,0,random_004,0.020291344193803424,0.5845983943686012,0.58236,0.07973269285824305
17,nonnormal,0,random_005,0.042078415147322204,0.620842924332302,0.61938,0.1653426859679233
17,nonnormal,0,random_006,0.04952827448040746,0.6307439014142618,0.62858,0.19461612100350845
17,nonnormal,0,random_007,0.019255528953826085,0.5824426860478544,0.57964,0.0756625663255601
17,nonnormal,0,random_008,0.0264176527074627,0.5963081553091323,0.59368,0.10380537480622376
17,nonnormal,0,random_009,0.04638263248041537,0.6266710897056318,0.6247,0.18225565315909859
17,nonnormal,0,random_010,0.08344729211994784,0.6676047314149313,0.6663,0.3278973166540503
17,nonnormal,0,random_011,0.04251441579164283,0.6214477677785565,0.6175,0.16705590442834586
17,nonnormal,0,random_012,0.023641359550630896,0.5912012808128142,0.59008,0.09289622421255773
17,nonnormal,0,random_013,0.05242576744072813,0.634370065721726,0.63824,0.20600151341800996
17,nonnormal,0,random_014,0.03398436335392532,0.6089266961689593,0.60764,0.13353796473024868
17,nonnormal,0,random_015,0.06995236555674182,0.654215843235384,0.65538,0.2748704287095229
17,nonnormal,0,random_016,0.034777557452804836,0.6101581028869423,0.61076,0.13665473712634485
17,nonnormal,0,random_017,0.030633586749428197,0.603546190276212,0.60384,0.1203714421336559
17,nonnormal,0,random_018,0.02567534750330598,0.5949716681774108,0.59866,0.10088856494459925
17,nonnormal,0,random_019,0.03796390487142742,0.614957962530023,0.61544,0.1491751526119918
17,nonnormal,0,random_020,0.031101063967447606,0.6043151513305297,0.60528,0.12220834446435257
17,nonnormal,0,random_021,0.03366491178650134,0.6084263910276695,0.60738,0.13228271355195176
17,nonnormal,0,random_022,0.03577402390406301,0.611683812796508,0.6124,0.1405702467516743
17,nonnormal,0,random_023,0.035211781844965734,0.610825814698439,0.60946,0.13836097599159927
17,nonnormal,0,random_024,0.027403794464369306,0.5980532496064425,0.59746,0.10768031463609141
17,nonnormal,0,random_025,0.04035753709496256,0.6184215331706957,0.6194,0.15858067750338872
17,nonnormal,0,random_026,0.030677517117286567,0.6036187179752044,0.60366,0.12054406187210923
17,nonnormal,0,random_027,0.021548678836992314,0.5871391958915253,0.5843,0.08467325647827283
17,nonnormal,0,random_028,0.02823601778414689,0.5995002004033774,0.59902,0.1109504482315561
17,nonnormal,0,random_029,0.04515005420384936,0.6250336598398417,0.625,0.17741236706575095
17,nonnormal,0,random_030,0.029147794899285095,0.6010596678072069,0.5961,0.1145331800595781
17,nonnormal,0,random_031,0.020012476589794784,0.5840237910687307,0.58106,0.07863691207574934
17,nonnormal,0,random_032,0.058088767621273796,0.6411461808547878,0.63746,0.22825367422801232
17,nonnormal,0,random_033,0.03146451574255903,0.6049087366069786,0.60768,0.12363648980933142
17,nonnormal,0,random_034,0.020707906867445787,0.585449079347961,0.58214,0.08136953186686223
17,nonnormal,0,random_035,0.03825222284610133,0.6153813290801022,0.61386,0.15030806762741036
17,nonnormal,0,random_036,0.04735983652065653,0.6279522672403498,0.62904,0.18609547317576244
17,nonnormal,0,random_037,0.02783947182645866,0.5988136104692496,0.60286,0.1093922627931469
17,nonnormal,0,random_038,0.031706903879263906,0.60530256409051,0.6025,0.12458892837977725
17,nonnormal,0,random_039,0.022151149150828983,0.5883291146798268,0.59038,0.08704059991449616
17,nonnormal,0,random_040,0.04001858114813456,0.6179379936638721,0.61264,0.1572487859272178
17,nonnormal,0,random_041,0.04888544040441748,0.629923515205257,0.62648,0.1920901724290727
17,nonnormal,0,random_042,0.02973839397186878,0.6020559737685854,0.60236,0.11685387670771138
17,nonnormal,0,random_043,0.0233874299643326,0.5907187437475588,0.59632,0.09189843473549955
17,nonnormal,0,random_044,0.023960034800794318,0.5918030068056517,0.59246,0.09414842493421142
17,nonnormal,0,random_045,0.0336677817881168,0.6084308971889024,0.6068,0.13229399092003158
17,nonnormal,0,random_046,0.05268790478039859,0.634692549363209,0.63428,0.20703155439464496
17,nonnormal,0,random_047,0.020404274543604408,0.5848299109199272,0.5815,0.08017644073463093
17,nonnormal,0,random_048,0.027914198191161997,0.5989433891794684,0.60184,0.10968589214704268
17,nonnormal,0,random_049,0.024066003970465207,0.5920021637420281,0.5905,0.09456481958885399
17,nonnormal,0,random_050,0.03516255724940438,0.6107503455318232,0.60886,0.13816755314481888
17,nonnormal,0,random_051,0.025798782617596612,0.5951953116456261,0.59402,0.10137359018302888
17,nonnormal,0,random_052,0.050452088260673406,0.6319125774638719,0.62896,0.19824614963525625
17,nonnormal,0,random_053,0.044274239981244974,0.6238551570478988,0.62216,0.1739709476238038
17,nonnormal,0,random_054,0.04583065544411045,0.6259408157258675,0.62428,0.18008671772139898
17,nonnormal,0,random_055,0.03004433062442981,0.6025679232561931,0.60288,0.11805602245615208
17,nonnormal,0,random_056,0.03857905843926986,0.6158591646918432,0.61388,0.15159233355461327
17,nonnormal,0,random_057,0.014126120107205372,0.5707484705980839,0.5689,0.05550709627854085
17,nonnormal,0,random_058,0.04690137650098502,0.6273530345043462,0.62548,0.18429400297314197
17,nonnormal,0,random_059,0.03202673275477168,0.6058197557965531,0.6062,0.12584566215031998
17,nonnormal,0,random_060,0.031284530399084645,0.604615247918582,0.6071,0.12292925642088928
17,nonnormal,0,random_061,0.052757842374307695,0.6347784355054734,0.62994,0.207306366779726
17,nonnormal,0,random_062,0.028991275371635032,0.600793828990878,0.60184,0.1139181531148255
17,nonnormal,0,random_063,0.03327291970071271,0.6078089755974388,0.609,0.13074242207197223
17,nonnormal,0,random_064,0.021892512944131352,0.5878203974831251,0.59138,0.0860243162699193
17,nonnormal,0,random_065,0.028949127776667777,0.6007221133142829,0.59998,0.11375253859406519
17,nonnormal,0,random_066,0.04532586276089114,0.6252687084238394,0.6224,0.17810318821325993
17,nonnormal,0,random_067,0.020342389619441455,0.5847031249315985,0.58214,0.07993327046440571
17,nonnormal,0,random_068,0.03442987168717516,0.6096202152083232,0.61006,0.13528854264965756
17,nonnormal,0,random_069,0.0557496152422559,0.6383943873760078,0.64004,0.21906222212885482
17,nonnormal,0,random_070,0.04705232650055305,0.627550690790998,0.62566,0.1848871450458188
17,nonnormal,0,random_071,0.018026506455200562,0.57980484025046,0.5805,0.07083325228589664
17,nonnormal,0,random_072,0.01788738738202771,0.5795004230665232,0.5805,0.07028659858833618
17,nonnormal,0,random_073,0.02130998854746178,0.5866629475082771,0.58748,0.08373534820755342
17,nonnormal,0,random_074,0.021458169699098147,0.586958933958808,0.58146,0.0843176103848621
17,nonnormal,0,random_075,0.02068087689690193,0.5853941531296981,0.58068,0.08126332045382044
17,nonnormal,0,random_076,0.06682459175126121,0.6509019890473923,0.65222,0.2625801720473448
17,nonnormal,0,random_077,0.026341153858096978,0.5961713492337469,0.59222,0.10350478066114249
17,nonnormal,0,random_078,0.018115794178032756,0.5799995740293117,0.57614,0.07118409895788626
17,nonnormal,0,random_079,0.06440682790574018,0.6482787186352565,0.64918,0.25307982449730093
17,nonnormal,0,random_080,0.02235020290429498,0.5887185182729754,0.58702,0.08782276060507435
17,nonnormal,0,random_081,0.02196574910715135,0.587964765899975,0.58844,0.08631209003376741
17,nonnormal,0,random_082,0.04355183763348161,0.622873403295739,0.62034,0.1711323439332765
17,nonnormal,0,random_083,0.05584551140513607,0.6385084657547323,0.63812,0.21943903596771047
17,nonnormal,0,random_084,0.03489974077562333,0.6103464379888601,0.61066,0.13713484358245936
17,nonnormal,0,random_085,0.023832142230687414,0.5915620282171257,0.58558,0.09364588459416338
17,nonnormal,0,random_086,0.03529493462249045,0.6109531719830419,0.61324,0.1386877160442722
17,nonnormal,0,random_087,0.03411614307734845,0.6091323437688959,0.60652,0.13405577922850404
17,nonnormal,0,random_088,0.03894654706594272,0.6163938154166297,0.61646,0.15303634128123556
17,nonnormal,0,random_089,0.05310908378781888,0.6352088136804036,0.63058,0.20868653279904448
17,nonnormal,0,random_090,0.06507355812767274,0.6490076811865226,0.64822,0.2556996704521535
17,nonnormal,0,random_091,0.08869158675826022,0.6724602939033341,0.6711,0.34850421827973876
17,nonnormal,0,random_092,0.03187962127518002,0.6055822088526633,0.60834,0.12526760313628066
17,nonnormal,0,random_093,0.04980120257612358,0.6310904233067185,0.62914,0.19568856311578434
17,nonnormal,0,random_094,0.02785182468094005,0.5988350766671152,0.6007,0.10944080202952673
17,nonnormal,0,random_095,0.02018065427676138,0.5843708162241847,0.5859,0.07929774852563877
17,nonnormal,0,random_096,0.02481820662375516,0.5934027448646138,0.59906,0.09752052043100111
17,nonnormal,0,random_097,0.03881207222966345,0.6161984905439526,0.6156,0.15250793662179993
17,nonnormal,0,random_098,0.05379194965167541,0.6360409955681336,0.63414,0.21136978205381174
17,nonnormal,0,random_099,0.046646730312655316,0.6270187982852073,0.63096,0.18329339768412356
17,nonnormal,0,random_100,0.031056789261715893,0.6042425892955566,0.6019,0.12203437168661159
17,nonnormal,0,random_101,0.04037680394614845,0.6184489517707389,0.61634,0.1586563845592288
17,nonnormal,0,random_102,0.05341026269375781,0.6355765829375353,0.63274,0.20986998348487643
17,nonnormal,0,random_103,0.06965989090710055,0.6539096419002146,0.65118,0.2737211804790488
17,nonnormal,0,random_104,0.030612000420236988,0.603510531535296,0.60194,0.12028662093408916
17,nonnormal,0,random_105,0.06460579283525865,0.648496705500835,0.64902,0.25386163616356333
17,nonnormal,0,random_106,0.022638687649710137,0.5892796547264619,0.58772,0.08895633092849825
17,nonnormal,0,random_107,0.015810887562821993,0.5748015473861818,0.57688,0.06212721196891814
17,nonnormal,0,random_108,0.0430100203293711,0.6221311845260646,0.61976,0.1690033300896734
17,nonnormal,0,random_109,0.059461569721863214,0.6427320741922111,0.64178,0.23364795502065064
17,nonnormal,0,random_110,0.031429109865766164,0.6048510740284775,0.59972,0.12349736615775173
17,nonnormal,0,random_111,0.06345076356376206,0.6472258380389238,0.6472,0.2493230706911664
17,nonnormal,0,random_112,0.04684284452228624,0.6272762972127333,0.62664,0.18406400774781834
17,nonnormal,0,random_113,0.04382761515355213,0.6232492364800047,0.6217,0.17221598255745915
17,nonnormal,0,random_114,0.014944888552455293,0.5727476861784255,0.57226,0.05872436036630244
17,nonnormal,0,random_115,0.05452078740949136,0.6369226944836445,0.63876,0.214233673008122
17,nonnormal,0,random_116,0.02871295703459756,0.6003192275757686,0.59854,0.11282453061885488
17,nonnormal,0,random_117,0.033137984176561906,0.6075955386480895,0.6092,0.1302122071882256
17,nonnormal,0,random_118,0.036646041702598574,0.6130002464953506,0.61404,0.14399674854640462
17,nonnormal,0,random_119,0.04455708457983808,0.6242371462396257,0.62396,0.175082355586275
17,nonnormal,0,random_120,0.05613716119304145,0.638854737183989,0.63722,0.22058504299115514
17,nonnormal,0,random_121,0.039768792000617476,0.6175802251921401,0.61402,0.15626726586683737
17,nonnormal,0,random_122,0.03816711202012567,0.6152565329700926,0.61268,0.149973633630253
17,nonnormal,0,random_123,0.017688068718429914,0.5790621244956065,0.57594,0.06950339696138773
17,nonnormal,0,random_124,0.02461045149578687,0.5930181754813733,0.58856,0.09670416860877544
17,nonnormal,0,random_125,0.026601227952869053,0.5966355968897425,0.59776,0.10452671433496878
17,nonnormal,0,random_126,0.05226470140044824,0.6341714736193236,0.6325,0.2053686214323005
17,nonnormal,0,random_127,0.03421885524461614,0.6092923338853012,0.60946,0.134459375836365
17,nonnormal,12,oracle_t0,0.1380110580574279,0.7113208619427693,0.70944,0.8953839783750847
17,nonnormal,12,oracle_t12,0.15413617106248212,0.7220367253089248,0.7202,0.9999999999999997
17,nonnormal,12,bottom,1.0771889786912877e-32,0.5000000000000001,0.4961,-1.6119236487014577e-17
17,nonnormal,12,random_000,0.015558568107841623,0.574209271698925,0.57098,0.10094040873465482
17,nonnormal,12,random_001,0.0178716471111149,0.5794659031250239,0.578,0.11594713290153212
17,nonnormal,12,random_002,0.013404885559202983,0.5689372794320271,0.57044,0.08696781207682297
17,nonnormal,12,random_003,0.020247380141779278,0.5845080822904826,0.58254,0.1313603419769108
17,nonnormal,12,random_004,0.012619438417153631,0.5669067629910778,0.5688,0.08187201180726161
17,nonnormal,12,random_005,0.02303381558731684,0.5900421611343946,0.59226,0.1494380937877302
17,nonnormal,12,random_006,0.03356163658842461,0.6082641019565029,0.61004,0.2177401732317571
17,nonnormal,12,random_007,0.014257613213750835,0.5710734994124831,0.56934,0.09250011282537458
17,nonnormal,12,random_008,0.011461552856965523,0.5637910320920606,0.559,0.07435991680576624
17,nonnormal,12,random_009,0.0189982859580496,0.5818979953139649,0.57994,0.12325650641956237
17,nonnormal,12,random_010,0.03618223598848851,0.6123022014286901,0.60928,0.234742018950382
17,nonnormal,12,random_011,0.016358283628173143,0.576069857750744,0.57718,0.1061287789583276
17,nonnormal,12,random_012,0.01956884972222863,0.583101014251472,0.58534,0.12695819279366943
17,nonnormal,12,random_013,0.03268701915890234,0.6068788079895248,0.6052,0.21206585666158792
17,nonnormal,12,random_014,0.015276826846294122,0.5735420289475451,0.57436,0.09911253627872568
17,nonnormal,12,random_015,0.03015254726513381,0.6027483446531795,0.60256,0.1956227863796544
17,nonnormal,12,random_016,0.00993686088881575,0.5594305868650766,0.55614,0.06446806625803395
17,nonnormal,12,random_017,0.020334159169515184,0.5846862477098348,0.58588,0.1319233443347462
17,nonnormal,12,random_018,0.010921077180740764,0.5622813995325171,0.55738,0.07085343502086665
17,nonnormal,12,random_019,0.01728007777241822,0.5781568803118897,0.5728,0.11210916719485269
17,nonnormal,12,random_020,0.01122269060624867,0.5631284552203988,0.56588,0.0728102335025523
17,nonnormal,12,random_021,0.015268771123608197,0.5735228575170777,0.5756,0.09906027260414231
17,nonnormal,12,random_022,0.015872411111997924,0.5749452196016038,0.57722,0.1029765499077029
17,nonnormal,12,random_023,0.02476046969173422,0.5932960407821214,0.59308,0.1606402281895084
17,nonnormal,12,random_024,0.016191465229476062,0.5756857029045759,0.57416,0.10504649958452988
17,nonnormal,12,random_025,0.014012377498461084,0.5704660567467673,0.56826,0.0909090799510057
17,nonnormal,12,random_026,0.01617625232942863,0.5756505682908948,0.57174,0.10494780179060803
17,nonnormal,12,random_027,0.01574600457636135,0.5746497161152689,0.57378,0.10215645339975647
17,nonnormal,12,random_028,0.008934674746411358,0.556375128191241,0.5563,0.057966113241450075
17,nonnormal,12,random_029,0.028617615241353575,0.6001560834883398,0.60144,0.18566450070796714
17,nonnormal,12,random_030,0.014661226919217639,0.572061615575474,0.57356,0.09511866564581024
17,nonnormal,12,random_031,0.020827837932903617,0.5856923337402863,0.58652,0.13512621852050963
17,nonnormal,12,random_032,0.03215015938417133,0.6060186070128125,0.6071,0.20858283401330005
17,nonnormal,12,random_033,0.013908513530905203,0.5702071361774173,0.57212,0.0902352344360955
17,nonnormal,12,random_034,0.0159221316621645,0.575061118414371,0.57632,0.10329912539289784
17,nonnormal,12,random_035,0.01184046755136492,0.5648277321673735,0.5651,0.07681822812742092
17,nonnormal,12,random_036,0.02415219060483889,0.5921638010847383,0.5938,0.15669385348263457
17,nonnormal,12,random_037,0.018605595398074583,0.5810590372249049,0.58096,0.12070882045287369
17,nonnormal,12,random_038,0.020567404373196572,0.5851631605829875,0.5851,0.13343658552968182
17,nonnormal,12,random_039,0.01127986607187565,0.5632877066344861,0.56616,0.07318117476334053
17,nonnormal,12,random_040,0.03698391925429263,0.6135057596700706,0.61228,0.23994315545376088
17,nonnormal,12,random_041,0.013742899152105678,0.5697922082067182,0.5696,0.08916076646626137
17,nonnormal,12,random_042,0.012735049430808854,0.5672096393677397,0.56748,0.08262206945342149
17,nonnormal,12,random_043,0.017519602333160727,0.5786896630648376,0.57944,0.11366314741306774
17,nonnormal,12,random_044,0.012644903966451657,0.5669735994742646,0.5653,0.08203722642964702
17,nonnormal,12,random_045,0.019078915112978493,0.5820691324551258,0.58364,0.1237796098181554
17,nonnormal,12,random_046,0.016168973906792873,0.5756337525166892,0.57118,0.10490058105983736
17,nonnormal,12,random_047,0.01538635766100092,0.5738021790472483,0.57254,0.09982314699360056
17,nonnormal,12,random_048,0.010022145151567735,0.5596831738561706,0.558,0.06502137092470696
17,nonnormal,12,random_049,0.01617421266232182,0.57564585632173,0.57612,0.10493456889989355
17,nonnormal,12,random_050,0.015020977194473616,0.5729305689196713,0.5729,0.09745264262717782
17,nonnormal,12,random_051,0.012099201632578924,0.5655258666882725,0.56436,0.0784968352929584
17,nonnormal,12,random_052,0.03692767500797597,0.6134217842343976,0.61158,0.23957825572951721
17,nonnormal,12,random_053,0.023290107164270768,0.5905330726456881,0.59172,0.15110085454782485
17,nonnormal,12,random_054,0.027353333688283896,0.5979647699728983,0.597,0.17746213299405028
17,nonnormal,12,random_055,0.017264127086817644,0.578121264793709,0.5786,0.11200568281807968
17,nonnormal,12,random_056,0.03153512650601875,0.6050236307898686,0.60396,0.20459264226328397
17,nonnormal,12,random_057,0.016788273558028137,0.5770507862945405,0.57234,0.10891845465152153
17,nonnormal,12,random_058,0.022907397605436964,0.5897989567683535,0.58424,0.14861792301919186
17,nonnormal,12,random_059,0.014722188026888449,0.5722096320950242,0.57254,0.09551416728082937
17,nonnormal,12,random_060,0.023400642159331433,0.5907439184208213,0.5906,0.1518179801537013
17,nonnormal,12,random_061,0.019111441694308083,0.5821380640587926,0.58178,0.12399063479110874
17,nonnormal,12,random_062,0.014947959953616839,0.57275507774815,0.57174,0.09697892357503407
17,nonnormal,12,random_063,0.014185268822285269,0.5708948685794053,0.57192,0.09203075906520986
17,nonnormal,12,random_064,0.018802102109950466,0.5814800026399961,0.58438,0.12198371076915268
17,nonnormal,12,random_065,0.011062709300212964,0.5626806346081754,0.56264,0.0717723116122333
17,nonnormal,12,random_066,0.02825773379739637,0.5995376515682423,0.5982,0.18332967273425746
17,nonnormal,12,random_067,0.014546629935012394,0.5717825056260625,0.57522,0.09437518678932041
17,nonnormal,12,random_068,0.02005094949778921,0.5841033117751335,0.58126,0.1300859451715663
17,nonnormal,12,random_069,0.03337229600590393,0.6079658687565789,0.60486,0.21651177511329134
17,nonnormal,12,random_070,0.022962301081094934,0.5899046671799639,0.59006,0.14897412413200994
17,nonnormal,12,random_071,0.013953889918592949,0.5703203763652309,0.5684,0.09052962599503307
17,nonnormal,12,random_072,0.010848900205379968,0.562076925377831,0.56512,0.07038516741785515
17,nonnormal,12,random_073,0.007376054326186451,0.5512523094017857,0.55252,0.04785414270603896
17,nonnormal,12,random_074,0.011571481371896819,0.5640935810175676,0.56696,0.0750731077081582
17,nonnormal,12,random_075,0.0098278634499248,0.5591061497147076,0.55594,0.06376091596268395
17,nonnormal,12,random_076,0.019569250913070112,0.5831018536658283,0.5816,0.12696079562750606
17,nonnormal,12,random_077,0.012155786989417518,0.5656775245339501,0.5621,0.07886394806375417
17,nonnormal,12,random_078,0.012546919118457404,0.5667160491140034,0.5633,0.08140152328924313
17,nonnormal,12,random_079,0.020205301978001522,0.584421548187817,0.58528,0.13108734853554202
17,nonnormal,12,random_080,0.016204238762617073,0.5757151905228826,0.57578,0.10512937132743724
17,nonnormal,12,random_081,0.011319021463066552,0.563396527915198,0.56094,0.07343520592890662
17,nonnormal,12,random_082,0.013554914512423768,0.5693180985661839,0.57008,0.08794116539283314
17,nonnormal,12,random_083,0.029493135223044625,0.6016435291629251,0.60232,0.1913446728288651
17,nonnormal,12,random_084,0.01991736517991052,0.5838268592088498,0.58156,0.12921928086455853
17,nonnormal,12,random_085,0.009905919524350269,0.5593386737990088,0.55952,0.0642673258072222
17,nonnormal,12,random_086,0.018963546975596244,0.5818241443514997,0.58072,0.12303112789735118
17,nonnormal,12,random_087,0.024353835501433503,0.5925407887309404,0.59014,0.15800207915870176
17,nonnormal,12,random_088,0.02739032555558838,0.5980296412326478,0.59766,0.1777021277146243
17,nonnormal,12,random_089,0.016324964744026414,0.575993292798803,0.5746,0.10591261370706274
17,nonnormal,12,random_090,0.026263301412366692,0.5960319062487396,0.5957,0.17039025448296846
17,nonnormal,12,random_091,0.030164429787510712,0.6027681344034121,0.59994,0.19569987744981007
17,nonnormal,12,random_092,0.021810712248518223,0.5876588461718998,0.58442,0.14150288084992596
17,nonnormal,12,random_093,0.02864874721410703,0.6002093867212003,0.59776,0.18586647778147863
17,nonnormal,12,random_094,0.009300974045701248,0.5575112613020488,0.55714,0.06034257878334679
17,nonnormal,12,random_095,0.017627943692586315,0.5789294068823724,0.57564,0.11436604121585758
17,nonnormal,12,random_096,0.01427623484578716,0.5711194037122598,0.56786,0.09262092568784525
17,nonnormal,12,random_097,0.014779557477265455,0.5723486389986436,0.56938,0.09588636707002585
17,nonnormal,12,random_098,0.01828378831454508,0.5803646147900281,0.58046,0.11862101016596152
17,nonnormal,12,random_099,0.020029368628753375,0.5840587155144223,0.58264,0.1299459334605767
17,nonnormal,12,random_100,0.028633923826005336,0.6001840104060511,0.60068,0.1857703070514058
17,nonnormal,12,random_101,0.01862658624740747,0.5811041149136084,0.57928,0.12084500425183663
17,nonnormal,12,random_102,0.02956262552138295,0.6017605741121924,0.60046,0.19179550988975294
17,nonnormal,12,random_103,0.02821428241258573,0.5994627005131876,0.59744,0.18304777015090445
17,nonnormal,12,random_104,0.01313315758056639,0.5682419204829618,0.57098,0.08520490349564092
17,nonnormal,12,random_105,0.03663823428959971,0.6129885357262763,0.61292,0.23770043096988366
17,nonnormal,12,random_106,0.016077581478808053,0.5754222683821157,0.57728,0.10430764802306323
17,nonnormal,12,random_107,0.011952403315147683,0.5651307168112258,0.56454,0.07754444159834838
17,nonnormal,12,random_108,0.028475177594600165,0.5999118115432952,0.60014,0.18474039804101003
17,nonnormal,12,random_109,0.022240937758343026,0.588504992243292,0.58888,0.14429408493174017
17,nonnormal,12,random_110,0.018253678493402876,0.5802993168377161,0.57972,0.11842566457683311
17,nonnormal,12,random_111,0.021646864949084892,0.5873342993375319,0.58368,0.14043987728428722
17,nonnormal,12,random_112,0.020422085307411464,0.584866363229902,0.58622,0.1324937888792694
17,nonnormal,12,random_113,0.016162635730341112,0.5756191058539422,0.57422,0.10485946042989004
17,nonnormal,12,random_114,0.016283674290036743,0.5758982971415052,0.57608,0.10564473074549016
17,nonnormal,12,random_115,0.024482430976741933,0.5927803468724231,0.59446,0.15883637700340628
17,nonnormal,12,random_116,0.01222043610159006,0.5658503513741584,0.56204,0.07928337662310468
17,nonnormal,12,random_117,0.015495642230007876,0.5740607912268084,0.57334,0.10053216012305384
17,nonnormal,12,random_118,0.02135131359329522,0.5867456009443732,0.58914,0.13852240811561384
17,nonnormal,12,random_119,0.02024359867283188,0.5845003095143263,0.58636,0.1313358086767689
17,nonnormal,12,random_120,0.035569538376545584,0.6113726100552273,0.6117,0.23076697787002096
17,nonnormal,12,random_121,0.025457044064129276,0.5945747429380989,0.59448,0.1651594423855888
17,nonnormal,12,random_122,0.014090719792563957,0.5706607005695868,0.5749,0.09141734672293117
17,nonnormal,12,random_123,0.01671483589945147,0.5768841850037386,0.5755,0.10844200802597972
17,nonnormal,12,random_124,0.01336741097787909,0.5688418153083868,0.56976,0.08672468561879838
17,nonnormal,12,random_125,0.009884811244101841,0.5592758862347702,0.5572,0.06413038014350854
17,nonnormal,12,random_126,0.029986845118831783,0.6024719409335203,0.60062,0.19454774899446556
17,nonnormal,12,random_127,0.014667723661370102,0.5720774050948345,0.57104,0.0951608150135263
18,normal,0,oracle_t0,0.13209733390328193,0.7071844336735441,0.70942,1.0
18,normal,0,oracle_t12,0.06747123308194145,0.6515943183481901,0.65166,0.5107690752588697
18,normal,0,bottom,2.95347373179213e-32,0.5000000000000001,0.50284,-3.1485186019954317e-17
18,normal,0,random_000,0.0435056395497687,0.6228103162865958,0.62246,0.32934532639108643
18,normal,0,random_001,0.04570625676836962,0.6257755653518531,0.62306,0.34600438493205693
18,normal,0,random_002,0.024808867278079995,0.5933854936366295,0.5961,0.18780747911418388
18,normal,0,random_003,0.032612166057617034,0.606759329330598,0.60628,0.24687982031109557
18,normal,0,random_004,0.0377438981543633,0.6146337291502942,0.61392,0.28572793287409076
18,normal,0,random_005,0.01785570917275299,0.5794309335639162,0.5833,0.13517085201603277
18,normal,0,random_006,0.039279861158299,0.6168763788102126,0.61468,0.2973554423669038
18,normal,0,random_007,0.05080044689222981,0.6323501757344085,0.63562,0.38456829817189575
18,normal,0,random_008,0.02477569153705155,0.5933241851333416,0.58972,0.1875563329324394
18,normal,0,random_009,0.027208022456047684,0.5977094913156528,0.6009,0.20596950484987572
18,normal,0,random_010,0.03449803156327762,0.6097258918977313,0.60724,0.2611561531479215
18,normal,0,random_011,0.03471799528257745,0.6100661635722254,0.61154,0.2628213171054384
18,normal,0,random_012,0.031551370339582635,0.6050500424204861,0.60448,0.23884941056178838
18,normal,0,random_013,0.03979002144265268,0.6176106792584114,0.6156,0.30121744524977195
18,normal,0,random_014,0.026054027693195456,0.5956559835870374,0.58942,0.19723356197538028
18,normal,0,random_015,0.044303948425415636,0.623895342052481,0.62458,0.33538866467853007
18,normal,0,random_016,0.02472870333451172,0.5932372771102248,0.59264,0.18720062399304285
18,normal,0,random_017,0.038114131086397655,0.6151787718893884,0.61648,0.28853066114342474
18,normal,0,random_018,0.0247865621205222,0.5933442786553504,0.59262,0.18763862515703944
18,normal,0,random_019,0.042965746508295204,0.6220703090678285,0.61956,0.32525824131888664
18,normal,0,random_020,0.028971621519466046,0.6007603941559185,0.60112,0.21932025926184312
18,normal,0,random_021,0.04077417172516571,0.619012860819312,0.62006,0.30866763560133215
18,normal,0,random_022,0.04112910976518096,0.6195140262448131,0.61538,0.31135457885391216
18,normal,0,random_023,0.02518017445163801,0.5940687340021161,0.5959,0.19061833958037533
18,normal,0,random_024,0.02355888966059841,0.5910448655282723,0.59104,0.17834492918568354
18,normal,0,random_025,0.03376135258948093,0.6085776987544026,0.60832,0.25557936403319137
18,normal,0,random_026,0.011509291181468982,0.5639226011299758,0.55974,0.08712735406072444
18,normal,0,random_027,0.04694833577438353,0.6274145613471894,0.62564,0.3554071409855843
18,normal,0,random_028,0.03562151708479173,0.6114518068882702,0.6104,0.2696611357112841
18,normal,0,random_029,0.04725944950340616,0.6278213311095243,0.62884,0.3577623265130258
18,normal,0,random_030,0.034867813817525996,0.6102972596822999,0.61002,0.26395546970732403
18,normal,0,random_031,0.03370092309922458,0.6084829170733084,0.60632,0.2551219021869092
18,normal,0,random_032,0.024953716584883413,0.5936526682753587,0.59114,0.1889040137869386
18,normal,0,random_033,0.03935515922025211,0.6169850845250969,0.62148,0.29792546191028263
18,normal,0,random_034,0.04904416078103051,0.6301266287509297,0.63396,0.37127290409160957
18,normal,0,random_035,0.02700002450410798,0.5973428243206023,0.59936,0.20439492385120095
18,normal,0,random_036,0.028194924448554093,0.599429289413205,0.6007,0.21344052612899558
18,normal,0,random_037,0.030424582695737105,0.6032003672768492,0.60494,0.23031943035287258
18,normal,0,random_038,0.02445082886729088,0.592721537518072,0.58924,0.18509706551074762
18,normal,0,random_039,0.018907922416293885,0.5817057460950023,0.57642,0.14313629092724728
18,normal,0,random_040,0.03973751587285177,0.6175353428125747,0.61288,0.3008199688719417
18,normal,0,random_041,0.017350152526074372,0.5783131449115753,0.57974,0.13134369947827773
18,normal,0,random_042,0.03456257985910323,0.6098258654414984,0.607,0.2616447950751905
18,normal,0,random_043,0.05061930050298968,0.6321228340685343,0.6324,0.38319698821515774
18,normal,0,random_044,0.02984011287093502,0.602226499085112,0.60252,0.22589489120789635
18,normal,0,random_045,0.0278582991850191,0.5988463257291673,0.5963,0.21089221380816195
18,normal,0,random_046,0.03603959520452719,0.6120865497207278,0.61408,0.27282606044808144
18,normal,0,random_047,0.038164476029923386,0.615252665465154,0.6194,0.28891178120117383
18,normal,0,random_048,0.026516379037528213,0.5964844019065801,0.59938,0.20073364279208522
18,normal,0,random_049,0.03315540530098869,0.6076231210794735,0.60492,0.2509922367189044
18,normal,0,random_050,0.03153998561338828,0.6050315322098715,0.60234,0.2387632261865406
18,normal,0,random_051,0.016693742837325557,0.576836262932813,0.5759,0.12637456293817606
18,normal,0,random_052,0.028885490828835278,0.6006137272757818,0.60282,0.21866823481830788
18,normal,0,random_053,0.05369170262633301,0.6359192005808644,0.63588,0.40645561147846193
18,normal,0,random_054,0.035775440994024375,0.6116859660823679,0.61532,0.27082636671697086
18,normal,0,random_055,0.03686200439376386,0.6133236470687862,0.61136,0.27905184233887115
18,normal,0,random_056,0.030577214917395453,0.6034530406182581,0.60166,0.2314748830569378
18,normal,0,random_057,0.025780743864412627,0.5951626638563203,0.59612,0.19516475543169243
18,normal,0,random_058,0.032561022819561726,0.6066776111107496,0.60936,0.24649265702366124
18,normal,0,random_059,0.02601182146830917,0.5955799742061822,0.59946,0.19691405344603186
18,normal,0,random_060,0.03763283323877101,0.6144696585141941,0.61496,0.2848871519717783
18,normal,0,random_061,0.03594744430468545,0.6119469858247933,0.60844,0.2721284619643058
18,normal,0,random_062,0.039163601414881746,0.6167083149123519,0.61932,0.29647533570629253
18,normal,0,random_063,0.038501755896757965,0.615746347082087,0.61762,0.2914650489838644
18,normal,0,random_064,0.029386804199847107,0.6014641471019406,0.59934,0.22246326501459396
18,normal,0,random_065,0.03866088455370091,0.6159784503833905,0.6186,0.29266968084312256
18,normal,0,random_066,0.044038978967471276,0.6235364073715159,0.62396,0.3333827993812155
18,normal,0,random_067,0.028017483615010934,0.5991224633838963,0.6007,0.21209726787918803
18,normal,0,random_068,0.059156399936510354,0.6423813419035425,0.64232,0.44782432914068554
18,normal,0,random_069,0.02587452615338599,0.5953322659168512,0.5975,0.1958747038174942
18,normal,0,random_070,0.03351905536073104,0.6081971106301572,0.61026,0.2537451314897301
18,normal,0,random_071,0.030693654073916745,0.6036453456567309,0.60426,0.23235634790623264
18,normal,0,random_072,0.03699613240831133,0.6135239853698794,0.61068,0.28006721494772086
18,normal,0,random_073,0.0416130858916397,0.6201935984055447,0.6218,0.3150183630663408
18,normal,0,random_074,0.0219413026408971,0.5879166033785918,0.58904,0.16609951156896116
18,normal,0,random_075,0.029413362078108313,0.6015089830241225,0.59788,0.22266431281379223
18,normal,0,random_076,0.02627602148171469,0.5960547043515865,0.59462,0.19891409391315407
18,normal,0,random_077,0.05046133671171004,0.6319242168117943,0.63364,0.3820011745933984
18,normal,0,random_078,0.02347860562860304,0.5908923188510607,0.59184,0.17773716497407457
18,normal,0,random_079,0.03365497121283267,0.6084107818335188,0.60856,0.2547740383426203
18,normal,0,random_080,0.04174511470942116,0.620378234843209,0.6156,0.31601784438727426
18,normal,0,random_081,0.06404948297546009,0.6478862400027009,0.64798,0.48486582645456994
18,normal,0,random_082,0.043130943290257406,0.6222972758394759,0.62486,0.32650880994946263
18,normal,0,random_083,0.024092100676369486,0.5920511385528793,0.5901,0.18238143015065744
18,normal,0,random_084,0.03813228284865436,0.6152054201660203,0.6147,0.2886680731692418
18,normal,0,random_085,0.03160319309730534,0.6051342548986274,0.60432,0.23924171793235688
18,normal,0,random_086,0.025430239650318334,0.5945258825699932,0.59236,0.19251137701944585
18,normal,0,random_087,0.027670949230883764,0.5985202530671625,0.5982,0.20947394177647571
18,normal,0,random_088,0.02637008029204771,0.5962231042902947,0.59446,0.19962613561417647
18,normal,0,random_089,0.03694727013925486,0.6134510485899503,0.61038,0.27969731899590516
18,normal,0,random_090,0.04350225340007276,0.6228056907945274,0.61982,0.3293196926436374
18,normal,0,random_091,0.031012669598680338,0.6041702262936401,0.60398,0.23477135141415464
18,normal,0,random_092,0.044648097515912845,0.6243597778634026,0.62256,0.3379939336898575
18,normal,0,random_093,0.04412854351737748,0.6236578663754039,0.61922,0.33406081874208904
18,normal,0,random_094,0.044280251385737227,0.6238632895455866,0.62434,0.3352092739294649
18,normal,0,random_095,0.023585174726173115,0.5910947499617907,0.5933,0.1785439117449678
18,normal,0,random_096,0.03981822304779113,0.6176511213481816,0.61976,0.30143093634989604
18,normal,0,random_097,0.03199866124103473,0.6057744727919201,0.60738,0.24223548118286242
18,normal,0,random_098,0.04942202337627516,0.6306087132529568,0.62842,0.37413339025040887
18,normal,0,random_099,0.037728422916480236,0.6146108840732094,0.61076,0.2856107826074973
18,normal,0,random_100,0.024027811036960153,0.5919304378602771,0.58828,0.18189474629785227
18,normal,0,random_101,0.050096210355836474,0.6314637931029174,0.62994,0.3792371040017776
18,normal,0,random_102,0.0346904741265642,0.6100236535888867,0.60886,0.26261297712460746
18,normal,0,random_103,0.03475573306362406,0.6101244249323695,0.60868,0.26310699873073334
18,normal,0,random_104,0.025079376921162626,0.5938837861875534,0.59278,0.18985528458526688
18,normal,0,random_105,0.023092826136477434,0.5901554459885432,0.58742,0.17481674651651466
18,normal,0,random_106,0.04380483203264586,0.6232182366516739,0.61996,0.33161026599309396
18,normal,0,random_107,0.025979333795512073,0.5955214225391043,0.59474,0.1966681160615507
18,normal,0,random_108,0.05233842661388095,0.63426241813054,0.63274,0.39621107457173754
18,normal,0,random_109,0.03903170843171805,0.6165173227933936,0.61392,0.29547688267725375
18,normal,0,random_110,0.04964998379377645,0.630898559869556,0.63162,0.3758590906166875
18,normal,0,random_111,0.054739599651484255,0.6371861064630463,0.63888,0.41438837585899435
18,normal,0,random_112,0.019432839181291198,0.5828159189104772,0.57996,0.14711000295826862
18,normal,0,random_113,0.03741496443975199,0.6141470473445266,0.6154,0.28323784692843385
18,normal,0,random_114,0.03843299150152845,0.6156458868226042,0.6183,0.2909444904442055
18,normal,0,random_115,0.030170594185077504,0.602778399261301,0.60044,0.22839669275359933
18,normal,0,random_116,0.03607485935513854,0.6121399067596562,0.61256,0.27309301625687293
18,normal,0,random_117,0.029740377222256677,0.602059301534536,0.59838,0.22513987484434606
18,normal,0,random_118,0.04695610980180354,0.6274247437281466,0.62474,0.35546599173745275
18,normal,0,random_119,0.049091865715373675,0.6301876051389785,0.63074,0.3716340388165396
18,normal,0,random_120,0.038279595423017516,0.6154214328311913,0.61772,0.2897832552097137
18,normal,0,random_121,0.04301699380422401,0.6221407697562549,0.62378,0.3256461923426848
18,normal,0,random_122,0.04129402429277229,0.619746078455812,0.62104,0.31260301076936686
18,normal,0,random_123,0.06668443878028413,0.6507514260079874,0.65086,0.5048129043172715
18,normal,0,random_124,0.05368904595525364,0.635915971129198,0.63368,0.40643550001216
18,normal,0,random_125,0.010840120163341571,0.5620520044310197,0.56102,0.08206161201768394
18,normal,0,random_126,0.03130830157194417,0.604654061507457,0.60442,0.23700933733353963
18,normal,0,random_127,0.03824038640782741,0.6153639826065065,0.61662,0.2894864360837591
18,normal,12,oracle_t0,0.04726689418401295,0.6278310465851458,0.6274,0.4894762763306939
18,normal,12,oracle_t12,0.09656626167532396,0.6794375891548298,0.67784,1.0000000000000002
18,normal,12,bottom,1.0559445593665635e-32,0.5000000000000001,0.49622,1.3270077909189226e-18
18,normal,12,random_000,0.019197994265597207,0.5823211921930986,0.58344,0.19880643542094348
18,normal,12,random_001,0.016545038786700193,0.5764975219304593,0.57616,0.1713335330545164
18,normal,12,random_002,0.020882280635437907,0.5858025170957263,0.583,0.2162482038048498
18,normal,12,random_003,0.01909165439427163,0.5820961373336233,0.5829,0.197705223988703
18,normal,12,random_004,0.021142566161214023,0.5863272268629093,0.58654,0.21894361233843534
18,normal,12,random_005,0.019195399537399,0.5823157085295573,0.58198,0.19877956549605252
18,normal,12,random_006,0.01967519410800729,0.5833232057694571,0.58084,0.20374811830408673
18,normal,12,random_007,0.03142301563418076,0.6048411453576958,0.60388,0.325403666757149
18,normal,12,random_008,0.016840143840052398,0.5771682318933063,0.57816,0.1743895181183724
18,normal,12,random_009,0.017831252896412124,0.5793772422656283,0.57504,0.18465303085216805
18,normal,12,random_010,0.020559690698410557,0.5851474339166913,0.58272,0.21290759672914092
18,normal,12,random_011,0.025311385129328727,0.5943089001974498,0.59664,0.26211416586085645
18,normal,12,random_012,0.036655296623828354,0.6130141267128485,0.61286,0.3795869901961324
18,normal,12,random_013,0.021536516681570875,0.5871149963278155,0.58426,0.22302319990372174
18,normal,12,random_014,0.0334181898015027,0.6080382401174128,0.60704,0.34606485973187695
18,normal,12,random_015,0.024133280567458684,0.5921283626283159,0.59362,0.24991420552863328
18,normal,12,random_016,0.024147932708335807,0.5921558228274028,0.5912,0.25006593699905494
18,normal,12,random_017,0.025888199133405912,0.595356965850903,0.59826,0.26808741152730425
18,normal,12,random_018,0.022074192090069125,0.588178073442131,0.59084,0.22859114256992988
18,normal,12,random_019,0.03142058131594217,0.6048371790987935,0.60544,0.32537845797101234
18,normal,12,random_020,0.0176677732442906,0.5790173513246232,0.5744,0.18296010364047605
18,normal,12,random_021,0.020676474435018737,0.5853852035557784,0.58456,0.2141169604818854
18,normal,12,random_022,0.016284058525027307,0.5758991817141055,0.57712,0.16863093012524125
18,normal,12,random_023,0.026662050364869773,0.5967438210867296,0.60232,0.27610109268300354
18,normal,12,random_024,0.02027357716103815,0.5845619092055848,0.5867,0.209944724061103
18,normal,12,random_025,0.01715276116546239,0.5778721235086972,0.57888,0.1776268529803254
18,normal,12,random_026,0.018717808054358395,0.5812997063043401,0.58024,0.19383382694560145
18,normal,12,random_027,0.01986202309765092,0.5837120451293597,0.58508,0.2056828415335287
18,normal,12,random_028,0.013351383014458606,0.5688009430050913,0.56764,0.13826136357384083
18,normal,12,random_029,0.025156531418315888,0.59402538786985,0.59528,0.26051056530382677
18,normal,12,random_030,0.02428743848114765,0.5924168377571569,0.59258,0.25151060069827624
18,normal,12,random_031,0.023176036687041664,0.5903149301066213,0.59084,0.24000138645694258
18,normal,12,random_032,0.013314600168442246,0.5687070488170258,0.57292,0.13788045573524155
18,normal,12,random_033,0.010132990315734138,0.5600098280010086,0.5605,0.10493302878186775
18,normal,12,random_034,0.02381744789543743,0.5915342971652906,0.58974,0.24664357387590183
18,normal,12,random_035,0.024129045236857903,0.592120423378178,0.59182,0.24987034620833545
18,normal,12,random_036,0.00878931020286624,0.5559176840952886,0.55532,0.09101843698182854
18,normal,12,random_037,0.02478351655479763,0.5933386496068214,0.59178,0.2566477786840814
18,normal,12,random_038,0.027585590188556025,0.5983713013552223,0.59846,0.28566488657606504
18,normal,12,random_039,0.026294145765014577,0.5960871782999885,0.59904,0.2722912258260657
18,normal,12,random_040,0.031067935663563306,0.604260862398311,0.60456,0.3217266064209904
18,normal,12,random_041,0.016701083487175167,0.576852943975744,0.57528,0.17294946700254094
18,normal,12,random_042,0.02038826993154009,0.5847971409643609,0.58454,0.21113243463943693
18,normal,12,random_043,0.03969350616029041,0.6174721546763389,0.61744,0.4110494231799956
18,normal,12,random_044,0.020208645640117002,0.5844284279008849,0.58258,0.2092723202650499
18,normal,12,random_045,0.016713189467511953,0.5768804455463031,0.57808,0.1730748314945152
18,normal,12,random_046,0.025907649668231156,0.5953920909181122,0.5966,0.2682888331676142
18,normal,12,random_047,0.022290213049089458,0.5886013540842316,0.58476,0.23082816567999537
18,normal,12,random_048,0.023273236676738744,0.5905008458668998,0.59148,0.24100794908047976
18,normal,12,random_049,0.028525860000284245,0.5999988031579341,0.60078,0.29540192925966413
18,normal,12,random_050,0.02612805737812681,0.5957891467285454,0.59258,0.27057128364329597
18,normal,12,random_051,0.024994390799852523,0.593727544539941,0.59608,0.2588315045671844
18,normal,12,random_052,0.022960271145641198,0.5899007611371598,0.58866,0.23776700834540385
18,normal,12,random_053,0.05086805683723354,0.6324349115580454,0.63062,0.5267684174029914
18,normal,12,random_054,0.023437449740970645,0.590814012597817,0.59178,0.24270847120262642
18,normal,12,random_055,0.029002657714869682,0.6008131869402595,0.5991,0.3003394478744835
18,normal,12,random_056,0.025013121855016758,0.593762004485223,0.5911,0.25902547557568434
18,normal,12,random_057,0.008236465515354495,0.5541417175727947,0.55604,0.08529340757797198
18,normal,12,random_058,0.020867226877506473,0.5857720657443967,0.58796,0.21609231335542922
18,normal,12,random_059,0.014003767690203943,0.5704446312184314,0.57266,0.14501718765180696
18,normal,12,random_060,0.021396516279308622,0.5868359140341672,0.58648,0.22157341402785377
18,normal,12,random_061,0.01919314255986413,0.5823109383492818,0.58302,0.1987561931764068
18,normal,12,random_062,0.01658877609180607,0.5765973168523368,0.57482,0.17178645837591838
18,normal,12,random_063,0.01499258286309858,0.5728623778920722,0.57476,0.1552569458835095
18,normal,12,random_064,0.020844542327619363,0.5857261567891671,0.58648,0.21585740160163908
18,normal,12,random_065,0.014403316865059971,0.5714318527544476,0.56674,0.14915475255205543
18,normal,12,random_066,0.027104883652626983,0.5975278607380187,0.59574,0.280686889834871
18,normal,12,random_067,0.03127294845621389,0.6045963311948368,0.6052,0.3238496335434432
18,normal,12,random_068,0.02899227485340403,0.6007955289714708,0.60088,0.3002319272841083
18,normal,12,random_069,0.027661125447407724,0.598503122981882,0.60046,0.2864470982672007
18,normal,12,random_070,0.02616440625470607,0.5958544572627272,0.59418,0.2709476974750903
18,normal,12,random_071,0.02577913452143005,0.5951597505684572,0.59282,0.26695798381535074
18,normal,12,random_072,0.022598467399560354,0.5892016479228449,0.59012,0.23402031939002815
18,normal,12,random_073,0.028721110351463165,0.6003331657297117,0.59664,0.29742386060288406
18,normal,12,random_074,0.023841710138187023,0.591580079866835,0.59258,0.24689482356009457
18,normal,12,random_075,0.02620596820721408,0.5959290756523627,0.59796,0.271378095750709
18,normal,12,random_076,0.028236595766077816,0.599501197382155,0.60194,0.2924064292870235
18,normal,12,random_077,0.037817631222006744,0.6147425067171297,0.61618,0.39162364335027866
18,normal,12,random_078,0.026251696048961534,0.5960111009250453,0.59544,0.2718516342408
18,normal,12,random_079,0.019023763164756027,0.5819521120970576,0.58068,0.19700217068273712
18,normal,12,random_080,0.0145022729971238,0.5716741661399776,0.56984,0.15017950105476266
18,normal,12,random_081,0.04113176223747417,0.619517762572578,0.61732,0.4259434042892517
18,normal,12,random_082,0.026282810832856503,0.5960668704720854,0.59542,0.2721738459879999
18,normal,12,random_083,0.007794866036680358,0.5526790168359099,0.54936,0.08072038723926515
18,normal,12,random_084,0.01871799916851176,0.5813001155559149,0.58196,0.19383580604420214
18,normal,12,random_085,0.023035070465137898,0.5900445717597329,0.58886,0.2385415989549916
18,normal,12,random_086,0.016593683859419096,0.5766085063313111,0.57536,0.17183728117394206
18,normal,12,random_087,0.017010356680271607,0.5775523176000538,0.57638,0.1761521714226031
18,normal,12,random_088,0.024910214623834224,0.5935725151140797,0.59406,0.25795981113556626
18,normal,12,random_089,0.021264847894287724,0.5865725665169342,0.58852,0.2202099110534549
18,normal,12,random_090,0.03023480415898152,0.6028852541840235,0.60406,0.3130990434385591
18,normal,12,random_091,0.013843273031290081,0.5700439892359586,0.5638,0.14335517178695473
18,normal,12,random_092,0.027071853400469803,0.5974696159666697,0.5981,0.2803448422958638
18,normal,12,random_093,0.02049054146306901,0.5850063141429794,0.5832,0.2121915160386194
18,normal,12,random_094,0.02685624618819691,0.5970884897472327,0.59616,0.278112103774849
18,normal,12,random_095,0.023188063581872455,0.5903379563245105,0.58816,0.24012593197234455
18,normal,12,random_096,0.014426834680610725,0.5714895183716735,0.5736,0.1493982932581234
18,normal,12,random_097,0.019438579344197505,0.5828279720290078,0.5834,0.20129783432596887
18,normal,12,random_098,0.022030760508569086,0.5880927096070399,0.58832,0.2281413831949003
18,normal,12,random_099,0.03053020835771217,0.6033752960832452,0.60484,0.3161581263274035
18,normal,12,random_100,0.022287631051777203,0.5885963075568708,0.58616,0.23080142759085887
18,normal,12,random_101,0.02994593317642614,0.6024035713034053,0.60248,0.3101076158162843
18,normal,12,random_102,0.014322254454961394,0.5712327145647941,0.56766,0.1483153039838678
18,normal,12,random_103,0.026638531650386685,0.5967019886552292,0.59748,0.27585754266796636
18,normal,12,random_104,0.014683330502147486,0.5721153208144046,0.56844,0.15205445719247093
18,normal,12,random_105,0.010149938563136946,0.5600596121281184,0.56094,0.10510853777547247
18,normal,12,random_106,0.024405186094385856,0.5926365286350648,0.59314,0.25272994595608583
18,normal,12,random_107,0.030195006653611984,0.6028190395250141,0.60366,0.31268691704286894
18,normal,12,random_108,0.027285756496975833,0.597846142029106,0.59536,0.2825599337035151
18,normal,12,random_109,0.025652922870385744,0.5949309775534853,0.5948,0.2656509885060713
18,normal,12,random_110,0.028654095027521913,0.6002185399842549,0.5996,0.29672987781035787
18,normal,12,random_111,0.029080365319463817,0.6009452362711903,0.6007,0.30114415547365936
18,normal,12,random_112,0.023161428795461222,0.5902869539582641,0.5909,0.23985011321381383
18,normal,12,random_113,0.011756637560093357,0.5645998593458417,0.5623,0.12174684362973111
18,normal,12,random_114,0.019026716957370855,0.581958383877995,0.57966,0.19703275892922817
18,normal,12,random_115,0.029265450714687936,0.6012589986380452,0.60134,0.3030608227652483
18,normal,12,random_116,0.032658252929408854,0.6068329094406721,0.6059,0.3381952698884914
18,normal,12,random_117,0.028523390437867367,0.5999945662915824,0.60424,0.2953763554994913
18,normal,12,random_118,0.03332124547104004,0.6078853026903377,0.60984,0.34506094460892656
18,normal,12,random_119,0.02826306822392678,0.5995468489116955,0.59968,0.29268056703854956
18,normal,12,random_120,0.025192593707171237,0.5940914943234221,0.59398,0.2608840113524746
18,normal,12,random_121,0.01868702352716794,0.5812337559170335,0.58064,0.19351503519932922
18,normal,12,random_122,0.026345287336940828,0.5961787466798498,0.59204,0.2728208266518511
18,normal,12,random_123,0.024433262393054607,0.5926888301771305,0.59264,0.2530206924153735
18,normal,12,random_124,0.02455650618320202,0.5929180389801837,0.5945,0.2542969537928904
18,normal,12,random_125,0.018224234548686997,0.5802354087014946,0.57824,0.1887225852229913
18,normal,12,random_126,0.02199263619762036,0.5880177042825875,0.58614,0.22774658370398781
18,normal,12,random_127,0.03433029666063717,0.6094656289283709,0.61242,0.3555102586042198
18,nonnormal,0,oracle_t0,0.18376601047096003,0.7398941368314498,0.7398,0.9999999999999999
18,nonnormal,0,oracle_t12,0.11065320167225466,0.6910992616244974,0.68944,0.6021418291046853
18,nonnormal,0,bottom,4.1695219628893327e-32,0.5000000000000001,0.5043,-1.8125117576552393e-17
18,nonnormal,0,random_000,0.03892835725817467,0.6163674161680232,0.61734,0.21183654778382638
18,nonnormal,0,random_001,0.02804657883373287,0.5991728447292708,0.59878,0.15262114447527259
18,nonnormal,0,random_002,0.02251576484488388,0.5890410175488635,0.58482,0.12252409891894539
18,nonnormal,0,random_003,0.05693062013659447,0.6397917010978242,0.64064,0.3097995107511517
18,nonnormal,0,random_004,0.02523439177366147,0.5941680526115678,0.59094,0.13731805848638792
18,nonnormal,0,random_005,0.029655176206968812,0.6019162328878377,0.59946,0.16137465318514446
18,nonnormal,0,random_006,0.02494643581190331,0.593639258461748,0.59244,0.13575108774451797
18,nonnormal,0,random_007,0.025444883743533212,0.5945525798958178,0.59486,0.13846349321249582
18,nonnormal,0,random_008,0.05347943072150633,0.635660879851573,0.63782,0.29101916390549004
18,nonnormal,0,random_009,0.018094048915388843,0.5799521943674121,0.58052,0.09846243529484568
18,nonnormal,0,random_010,0.021503822198037304,0.5870499071707186,0.58782,0.11701740785973844
18,nonnormal,0,random_011,0.040932557731879225,0.6192367918351575,0.6174,0.22274281096366108
18,nonnormal,0,random_012,0.021603272428631946,0.5872477349990816,0.583,0.11755858645059844
18,nonnormal,0,random_013,0.028196055324773938,0.5994312415973884,0.59938,0.15343455110394127
18,nonnormal,0,random_014,0.04396729964765049,0.6234391048035924,0.61846,0.23925697431733967
18,nonnormal,0,random_015,0.07214492565405584,0.6564880419410941,0.64798,0.39259123854928896
18,nonnormal,0,random_016,0.02688652629731176,0.5971421132143557,0.59758,0.14630848342632183
18,nonnormal,0,random_017,0.031072537901260112,0.6042684061564673,0.60586,0.1690875141797259
18,nonnormal,0,random_018,0.019270984063329104,0.5824752897490342,0.58116,0.10486696649691064
18,nonnormal,0,random_019,0.028407059031238267,0.5997947625298223,0.60366,0.15458277054845973
18,nonnormal,0,random_020,0.02464401518651276,0.5930804199620495,0.59528,0.13410540460313888
18,nonnormal,0,random_021,0.06699486604973395,0.651084666543111,0.65404,0.3645661451649182
18,nonnormal,0,random_022,0.021344254467525307,0.5867314880619875,0.58234,0.11614908770573906
18,nonnormal,0,random_023,0.02568548986825647,0.5949900658354742,0.59718,0.13977280021712965
18,nonnormal,0,random_024,0.024939745349079775,0.5936269340660787,0.59388,0.1357146802347375
18,nonnormal,0,random_025,0.02461258762975862,0.5930221383153121,0.59482,0.13393438518189987
18,nonnormal,0,random_026,0.02806833076065409,0.5992104922680885,0.5987,0.15273951199528066
18,nonnormal,0,random_027,0.02233256659917418,0.5886840905487701,0.58512,0.12152718852599417
18,nonnormal,0,random_028,0.028238612810661985,0.5995046765592699,0.60098,0.1536661362908808
18,nonnormal,0,random_029,0.011183912298571384,0.563020208782881,0.56652,0.06085952603481444
18,nonnormal,0,random_030,0.018056652001778306,0.5798706427631687,0.57896,0.09825893240813294
18,nonnormal,0,random_031,0.06369101799167752,0.6474912706302399,0.65108,0.34658758618336755
18,nonnormal,0,random_032,0.03170648256607932,0.6053018809506806,0.60836,0.17253725258997116
18,nonnormal,0,random_033,0.032105439466177686,0.605946606626994,0.60822,0.17470825744051946
18,nonnormal,0,random_034,0.021883269270963644,0.5878021576886912,0.5893,0.11908224603059436
18,nonnormal,0,random_035,0.039240279441287995,0.6168191903108121,0.62054,0.21353393557776007
18,nonnormal,0,random_036,0.018865316647388268,0.5816149358091152,0.58312,0.10265944501401411
18,nonnormal,0,random_037,0.03176988689348554,0.6054046334894018,0.6006,0.1728822800912143
18,nonnormal,0,random_038,0.053600349936538096,0.6358081007270878,0.63738,0.29167717032747126
18,nonnormal,0,random_039,0.0362857102757043,0.6124583516734116,0.61576,0.19745604849727316
18,nonnormal,0,random_040,0.034679693011729795,0.6100069958079306,0.60976,0.18871657997500094
18,nonnormal,0,random_041,0.04600811338157236,0.6261761220477117,0.6279,0.2503624759750817
18,nonnormal,0,random_042,0.033484192433968545,0.6081422281167483,0.60748,0.18221102122288246
18,nonnormal,0,random_043,0.04606975649819834,0.6262577426033784,0.62714,0.25069791949082215
18,nonnormal,0,random_044,0.05429724076174246,0.6366529695560159,0.6367,0.2954694430302325
18,nonnormal,0,random_045,0.036013452496830856,0.612046975821968,0.6104,0.19597450259998953
18,nonnormal,0,random_046,0.029219370646137076,0.6011809813948454,0.60558,0.15900312887705917
18,nonnormal,0,random_047,0.026984935929933215,0.5973161673913676,0.6,0.14684399939235526
18,nonnormal,0,random_048,0.0287918647260461,0.6004540324981273,0.5999,0.15667676874661207
18,nonnormal,0,random_049,0.01676272421866316,0.5769928678194145,0.57446,0.09121776206439502
18,nonnormal,0,random_050,0.020184806405811093,0.5843793647516148,0.58106,0.10983971602844818
18,nonnormal,0,random_051,0.021018486991148153,0.5860775200359285,0.58896,0.11437635794171873
18,nonnormal,0,random_052,0.05237986592389287,0.6343135045983874,0.63282,0.2850356591496569
18,nonnormal,0,random_053,0.037550972678138825,0.6143485618287917,0.61606,0.20434123036083915
18,nonnormal,0,random_054,0.022612566750200465,0.5892290017809944,0.58528,0.12305086611092238
18,nonnormal,0,random_055,0.012853837986832171,0.5675193708102941,0.56294,0.06994676520369593
18,nonnormal,0,random_056,0.022226283464296507,0.5884763129587351,0.58464,0.1209488273012753
18,nonnormal,0,random_057,0.0359535381808308,0.6119562210565991,0.61626,0.1956484667033265
18,nonnormal,0,random_058,0.009483413323356497,0.5580686042328612,0.56138,0.05160591612699304
18,nonnormal,0,random_059,0.041406711380868044,0.6199043500177762,0.61862,0.22532301416758133
18,nonnormal,0,random_060,0.04129950959901797,0.6197537881536024,0.61866,0.22473965393912917
18,nonnormal,0,random_061,0.04251819806448695,0.6214529998509559,0.61768,0.23137139428298112
18,nonnormal,0,random_062,0.05494215088368798,0.6374294164892821,0.63316,0.29897885219840636
18,nonnormal,0,random_063,0.02638194741052627,0.5962443281908614,0.59802,0.14356271512296512
18,nonnormal,0,random_064,0.04382613057111606,0.6232472167541953,0.62256,0.23848877416883224
18,nonnormal,0,random_065,0.030411790544687116,0.6031791599224641,0.60274,0.1654919234887182
18,nonnormal,0,random_066,0.03796246911491499,0.6149558499036886,0.61494,0.2065804716423011
18,nonnormal,0,random_067,0.05089266332751293,0.632465735396895,0.63164,0.27694274472784136
18,nonnormal,0,random_068,0.03665888700416558,0.613019510933051,0.61384,0.1994867653175648
18,nonnormal,0,random_069,0.02345952255548337,0.5908560189683552,0.5924,0.12765974782475123
18,nonnormal,0,random_070,0.03386233530568426,0.6087358833695835,0.60758,0.18426876231845596
18,nonnormal,0,random_071,0.025693835874903148,0.5950052021228904,0.5966,0.13981821670424444
18,nonnormal,0,random_072,0.027632638069784443,0.5984534302366066,0.6004,0.15036860189197573
18,nonnormal,0,random_073,0.05068456640097753,0.6322047959785401,0.63274,0.27581034311558417
18,nonnormal,0,random_074,0.022620032315767223,0.5892434819413136,0.593,0.12309149149941298
18,nonnormal,0,random_075,0.036747798104456754,0.6131527532030905,0.61564,0.19997059309433002
18,nonnormal,0,random_076,0.03348992379137974,0.6081512527419367,0.60452,0.18224220956612666
18,nonnormal,0,random_077,0.04211980639284255,0.6209004914570999,0.62412,0.2292034652376513
18,nonnormal,0,random_078,0.04558394951628416,0.6256128512465018,0.62398,0.24805430231336284
18,nonnormal,0,random_079,0.022091159431363222,0.5882113984379055,0.58684,0.12021352248300674
18,nonnormal,0,random_080,0.028283426148941675,0.5995819405158906,0.60052,0.1539099971559278
18,nonnormal,0,random_081,0.01476117777469656,0.5723041351415772,0.57392,0.08032594132541836
18,nonnormal,0,random_082,0.04298275457666271,0.6220936988271947,0.6214,0.23389937272135056
18,nonnormal,0,random_083,0.03139385666379467,0.6047936255367622,0.6024,0.17083603536550482
18,nonnormal,0,random_084,0.04972567806136586,0.6309946398244388,0.63672,0.2705923578246469
18,nonnormal,0,random_085,0.031832190427034716,0.6055054951275102,0.60342,0.17322131739952562
18,nonnormal,0,random_086,0.026115017103903786,0.5957657046456769,0.59612,0.14211015974594848
18,nonnormal,0,random_087,0.02004620036858331,0.5840934999860811,0.58618,0.10908546317792067
18,nonnormal,0,random_088,0.03421334979007191,0.609283764850749,0.60756,0.18617887879477324
18,nonnormal,0,random_089,0.04627771400845392,0.6265326516972424,0.62564,0.25182956244112953
18,nonnormal,0,random_090,0.0437227497120138,0.6231064779442879,0.62246,0.2379262062661101
18,nonnormal,0,random_091,0.04918342301548859,0.6303045414683818,0.6309,0.2676415670636811
18,nonnormal,0,random_092,0.03133015295421205,0.604689726549733,0.60418,0.1704893787154564
18,nonnormal,0,random_093,0.04334059854486526,0.62258463935583,0.62772,0.23584665321835577
18,nonnormal,0,random_094,0.03125842569612236,0.6045726059514077,0.60266,0.17009906029963046
18,nonnormal,0,random_095,0.03462580814702386,0.6099236970321805,0.60838,0.18842335455987747
18,nonnormal,0,random_096,0.037198859780632275,0.6138260408418915,0.61426,0.2024251366468593
18,nonnormal,0,random_097,0.04191119936359823,0.6206100438167257,0.61662,0.22806828779809266
18,nonnormal,0,random_098,0.015229855254494846,0.573430169736603,0.56904,0.08287634484453023
18,nonnormal,0,random_099,0.023497033549260523,0.5909273577629621,0.5884,0.12786387150181763
18,nonnormal,0,random_100,0.034401759338902806,0.609576596328615,0.60904,0.18720414755012163
18,nonnormal,0,random_101,0.022560475746063333,0.589127896437695,0.58982,0.12276740235174498
18,nonnormal,0,random_102,0.07676334812987184,0.6611460714318513,0.66156,0.4177233207225908
18,nonnormal,0,random_103,0.0496051443861371,0.6308416060796389,0.6281,0.26993644939566247
18,nonnormal,0,random_104,0.04163809876814886,0.6202286023732456,0.61914,0.22658215554355068
18,nonnormal,0,random_105,0.0321401995975909,0.60600257611292,0.60206,0.17489741174236295
18,nonnormal,0,random_106,0.03636065628478544,0.6125713003437786,0.612,0.19786388239914146
18,nonnormal,0,random_107,0.020393235010446667,0.5848073085612214,0.58616,0.11097392253432713
18,nonnormal,0,random_108,0.03266064524323151,0.6068367273732587,0.6038,0.17772952223062355
18,nonnormal,0,random_109,0.013969715021880881,0.5703598244279587,0.56966,0.07601903630643637
18,nonnormal,0,random_110,0.04429355633665688,0.6238812869217909,0.6216,0.24103236623105784
18,nonnormal,0,random_111,0.049798242247442795,0.6310866704102094,0.62982,0.27098723055378204
18,nonnormal,0,random_112,0.03883863557673704,0.616237102969114,0.61724,0.21134830906542734
18,nonnormal,0,random_113,0.0471361926614089,0.6276603549663982,0.62556,0.256501148066539
18,nonnormal,0,random_114,0.029934265565995696,0.6023840639451348,0.60264,0.16289337451076732
18,nonnormal,0,random_115,0.05047786675358236,0.6319450172192529,0.62656,0.27468554508103227
18,nonnormal,0,random_116,0.03720682321478224,0.6138378878055099,0.61298,0.20246847128817597
18,nonnormal,0,random_117,0.03123506891903259,0.6045344365570174,0.60602,0.16997195966208645
18,nonnormal,0,random_118,0.06424128652083265,0.6480970567709642,0.65062,0.3495819839381259
18,nonnormal,0,random_119,0.016001259378951006,0.5752451795971277,0.58058,0.08707409677090218
18,nonnormal,0,random_120,0.016205839340992456,0.5757188845982733,0.57144,0.08818736010788791
18,nonnormal,0,random_121,0.04117424552012949,0.6195775874824831,0.61928,0.22405800405965784
18,nonnormal,0,random_122,0.03772417368730965,0.6146046103258942,0.60972,0.20528373876447112
18,nonnormal,0,random_123,0.06317332858864552,0.6469186130264617,0.64534,0.34377047434802194
18,nonnormal,0,random_124,0.04051199235829518,0.6186411376135736,0.61568,0.22045421922405584
18,nonnormal,0,random_125,0.04957953053079032,0.6308090592187217,0.62956,0.26979706640921614
18,nonnormal,0,random_126,0.028717678767331563,0.6003272996686241,0.60088,0.15627307081289504
18,nonnormal,0,random_127,0.024949337921010818,0.5936446038482388,0.59744,0.13576688015955743
18,nonnormal,12,oracle_t0,0.09507046250759527,0.6781394865543051,0.67832,0.6144564122606146
18,nonnormal,12,oracle_t12,0.15472287474033586,0.7224121941034579,0.72378,0.9999999999999994
18,nonnormal,12,bottom,2.489779137687456e-32,0.5000000000000001,0.50474,-2.899312967355354e-17
18,nonnormal,12,random_000,0.02372512383016983,0.5913598572296151,0.5908,0.15333947142584173
18,nonnormal,12,random_001,0.02095471942385599,0.5859488887621553,0.58824,0.13543388111824647
18,nonnormal,12,random_002,0.020596748494723698,0.585222959299061,0.5842,0.13312025470888034
18,nonnormal,12,random_003,0.03075537367772449,0.6037471205330708,0.60486,0.1987771603218967
18,nonnormal,12,random_004,0.018412636472600115,0.5806434122155546,0.58108,0.11900397083172855
18,nonnormal,12,random_005,0.008407023483583848,0.5546959297687495,0.55618,0.054336008800850905
18,nonnormal,12,random_006,0.015158674796335002,0.573260318414885,0.57182,0.09797306844107626
18,nonnormal,12,random_007,0.026219851095569402,0.5959539863799053,0.59748,0.16946331393837494
18,nonnormal,12,random_008,0.040637950617927965,0.6188198871137207,0.6162,0.26264991964587475
18,nonnormal,12,random_009,0.02054208231114827,0.5851115223078872,0.58566,0.13276693795680228
18,nonnormal,12,random_010,0.01666856332748652,0.576779015568127,0.57774,0.10773173233408824
18,nonnormal,12,random_011,0.011720292391911441,0.5645008041420433,0.56448,0.07575022382166216
18,nonnormal,12,random_012,0.01902708567184431,0.5819591667329307,0.58252,0.12297525950042339
18,nonnormal,12,random_013,0.014553316512769317,0.5717988224373107,0.57008,0.09406053589162856
18,nonnormal,12,random_014,0.021495418764892305,0.5870331689854157,0.58792,0.13892851203137904
18,nonnormal,12,random_015,0.040745929105579295,0.6189728806749332,0.6171,0.2633478027987863
18,nonnormal,12,random_016,0.021757493725727533,0.5875535721821475,0.5875,0.14062234664552423
18,nonnormal,12,random_017,0.015778007508311695,0.5747246458833608,0.57574,0.10197592007510961
18,nonnormal,12,random_018,0.020942551421241816,0.585924320318407,0.58732,0.1353552372678488
18,nonnormal,12,random_019,0.024302692700948137,0.5924453303637838,0.59132,0.1570723963197697
18,nonnormal,12,random_020,0.02146179295049986,0.586966157833156,0.58874,0.1387111827292388
18,nonnormal,12,random_021,0.028890184085530672,0.6006217251407071,0.5975,0.18672212582668013
18,nonnormal,12,random_022,0.013796536860963897,0.569926872237075,0.56606,0.08916934153477934
18,nonnormal,12,random_023,0.01628509967376856,0.5759015785566115,0.57514,0.10525334215188975
18,nonnormal,12,random_024,0.01374415623866824,0.5697953673736289,0.57092,0.08883079675021817
18,nonnormal,12,random_025,0.023284375247321534,0.5905221246532673,0.58942,0.15049083909795888
18,nonnormal,12,random_026,0.019189178863743876,0.5823025602670613,0.58394,0.12402289510163364
18,nonnormal,12,random_027,0.01729493716291148,0.5781900437686261,0.57982,0.11178009193493049
18,nonnormal,12,random_028,0.026215354669623128,0.5959459189935902,0.59792,0.16943425278013424
18,nonnormal,12,random_029,0.02038173732255096,0.5847837613724624,0.58284,0.1317306012879909
18,nonnormal,12,random_030,0.01679273489714226,0.5770608951310026,0.57942,0.10853427410345569
18,nonnormal,12,random_031,0.028369582942112986,0.5997303032037087,0.60072,0.18335739294997147
18,nonnormal,12,random_032,0.013267397538741,0.5685863605213277,0.5695,0.0857494249703352
18,nonnormal,12,random_033,0.017362115329792933,0.578339788820115,0.57826,0.11221427574255566
18,nonnormal,12,random_034,0.014968485615678982,0.5728044542391753,0.56898,0.09674384373222047
18,nonnormal,12,random_035,0.03217412348650544,0.6060571678277183,0.60766,0.2079467793013913
18,nonnormal,12,random_036,0.01741511547918152,0.5784577177341205,0.57638,0.11255682463506764
18,nonnormal,12,random_037,0.01941302631136204,0.5827743018264451,0.58236,0.1254696588590537
18,nonnormal,12,random_038,0.026741729629661277,0.5968854003760774,0.59822,0.17283630280616658
18,nonnormal,12,random_039,0.01630721855793027,0.575952479981801,0.57558,0.10539630022579342
18,nonnormal,12,random_040,0.019625381869534077,0.5832192084238343,0.58514,0.12684214859936144
18,nonnormal,12,random_041,0.0260373985307417,0.5956260438393169,0.59446,0.1682840922807247
18,nonnormal,12,random_042,0.017120744291680937,0.5778003418747513,0.58034,0.1106542540682099
18,nonnormal,12,random_043,0.041902413323748645,0.6205977934995184,0.62032,0.27082235509178254
18,nonnormal,12,random_044,0.04145199392500419,0.6199678840596966,0.6199,0.2679112186518711
18,nonnormal,12,random_045,0.023333257033906086,0.590615443658802,0.59144,0.15080677031799722
18,nonnormal,12,random_046,0.023191601236159775,0.5903447281817817,0.59032,0.14989122503754632
18,nonnormal,12,random_047,0.02002629513695711,0.5840523621876191,0.58554,0.12943331857403947
18,nonnormal,12,random_048,0.02479001976005573,0.5933506688878113,0.59404,0.16022207318510368
18,nonnormal,12,random_049,0.013180792682638543,0.5683643517466157,0.56946,0.08518968319816478
18,nonnormal,12,random_050,0.013464518992810499,0.5690889088439879,0.57338,0.08702345412989106
18,nonnormal,12,random_051,0.023680831287587252,0.5912760426240338,0.591,0.1530532012627718
18,nonnormal,12,random_052,0.023232204905522476,0.5904224137558015,0.58812,0.15015365339166561
18,nonnormal,12,random_053,0.03345134391422866,0.6080904886384675,0.6071,0.2162016700527861
18,nonnormal,12,random_054,0.021893969711378813,0.5878232716358233,0.584,0.1415044139279498
18,nonnormal,12,random_055,0.014366358102360985,0.5713411316764796,0.5727,0.09285219219505432
18,nonnormal,12,random_056,0.01951409855224849,0.5829863736164056,0.58266,0.12612290577587887
18,nonnormal,12,random_057,0.022600509909037406,0.5892056111084871,0.58802,0.14607090223062866
18,nonnormal,12,random_058,0.016135618197618547,0.5755566386066626,0.5747,0.1042872181938075
18,nonnormal,12,random_059,0.014052474349367556,0.5705657485262499,0.56886,0.09082350863084182
18,nonnormal,12,random_060,0.017389528688678168,0.5784008087120892,0.5805,0.11239145289836551
18,nonnormal,12,random_061,0.033258297946084855,0.6077858698441801,0.60908,0.2149539814452174
18,nonnormal,12,random_062,0.036641561659754726,0.6129935267972962,0.61476,0.23682058468244302
18,nonnormal,12,random_063,0.01566709245830862,0.5744646183930499,0.5745,0.10125905742510258
18,nonnormal,12,random_064,0.016211332405083885,0.575731560948284,0.57436,0.1047765718694834
18,nonnormal,12,random_065,0.025714803513664623,0.5950432174872762,0.59434,0.1661991063494688
18,nonnormal,12,random_066,0.01730669586897775,0.57821627657264,0.5791,0.11185609043279968
18,nonnormal,12,random_067,0.03041642145370054,0.6031868377841985,0.60498,0.19658645500703736
18,nonnormal,12,random_068,0.0316016379508367,0.6051317288474839,0.60376,0.20424670885848162
18,nonnormal,12,random_069,0.014272337296105896,0.5711097983965756,0.56864,0.09224451988795122
18,nonnormal,12,random_070,0.021275065278115585,0.5865930326425931,0.58472,0.13750433033137813
18,nonnormal,12,random_071,0.015605942498801022,0.5743208517976027,0.5746,0.10086383493708824
18,nonnormal,12,random_072,0.01827177844849236,0.580338576194656,0.58054,0.1180935816966756
18,nonnormal,12,random_073,0.01797277475538233,0.5796874111243947,0.5806,0.11616107046579369
18,nonnormal,12,random_074,0.015336362047341491,0.5736835521216369,0.57252,0.09912149107286033
18,nonnormal,12,random_075,0.018700306154770106,0.5812622185276921,0.57948,0.12086322844087506
18,nonnormal,12,random_076,0.024142574452418117,0.5921457817115584,0.59318,0.15603752511020408
18,nonnormal,12,random_077,0.015160144140869941,0.5732638287390649,0.57196,0.09798256506229279
18,nonnormal,12,random_078,0.01937159791735158,0.5826872094835278,0.58206,0.12520190017062455
18,nonnormal,12,random_079,0.009200515938441303,0.5572019827183485,0.55642,0.05946448418750037
18,nonnormal,12,random_080,0.02762695078341571,0.5984435062036256,0.59764,0.1785576362239954
18,nonnormal,12,random_081,0.01498247664454548,0.5728380909763592,0.57284,0.09683427010834607
18,nonnormal,12,random_082,0.027157912910193566,0.5976212925879936,0.59714,0.17552616544755525
18,nonnormal,12,random_083,0.016955799056240208,0.5774294263089411,0.57788,0.1095881852292127
18,nonnormal,12,random_084,0.027319985367799397,0.5979062483428377,0.5967,0.17657366703953267
18,nonnormal,12,random_085,0.02498138437099246,0.5937036082951993,0.59582,0.16145889489784584
18,nonnormal,12,random_086,0.014359957253935443,0.571325407556795,0.57416,0.09281082243356117
18,nonnormal,12,random_087,0.014052973067294234,0.5705669875514999,0.571,0.09082673192880288
18,nonnormal,12,random_088,0.020204363857832325,0.5844196178626746,0.58444,0.13058420670983753
18,nonnormal,12,random_089,0.026470102463949912,0.5964018321654863,0.5983,0.17108073068299331
18,nonnormal,12,random_090,0.02296524804807211,0.5899103374702225,0.58996,0.14842826625742056
18,nonnormal,12,random_091,0.032813842730567165,0.6070809058731299,0.606,0.21208139252607022
18,nonnormal,12,random_092,0.0276195013072935,0.5984305055953534,0.59582,0.17850948900507446
18,nonnormal,12,random_093,0.035305781309228894,0.6109697728886002,0.61136,0.22818721128650776
18,nonnormal,12,random_094,0.020354669446886502,0.5847282991022702,0.5837,0.13155565704842798
18,nonnormal,12,random_095,0.03321291894186914,0.6077141257421816,0.60986,0.21466068929761561
18,nonnormal,12,random_096,0.026684363186586645,0.5967834905376039,0.59898,0.17246553382213042
18,nonnormal,12,random_097,0.022210490384211398,0.588445393888702,0.58598,0.14355014034922897
18,nonnormal,12,random_098,0.0138929986293756,0.5701683738800202,0.57064,0.08979279019144108
18,nonnormal,12,random_099,0.013446693022895195,0.569043619217986,0.56626,0.08690824188383357
18,nonnormal,12,random_100,0.01878742415673005,0.5814486383371292,0.57894,0.12142628676115341
18,nonnormal,12,random_101,0.028708380561956674,0.6003114031396406,0.59854,0.1855470990319731
18,nonnormal,12,random_102,0.05455294619669196,0.6369614452424864,0.6361,0.3525848798262417
18,nonnormal,12,random_103,0.02238024890555417,0.5887771380497197,0.58764,0.14464731826573085
18,nonnormal,12,random_104,0.02092357605065913,0.5858859921817957,0.58754,0.13523259625168016
18,nonnormal,12,random_105,0.009622126089079213,0.5584887100591913,0.55808,0.06218942160444972
18,nonnormal,12,random_106,0.03354027195409329,0.6082304955565334,0.6096,0.21677642695291402
18,nonnormal,12,random_107,0.028938977076602583,0.6007048332188873,0.60036,0.18703748314636415
18,nonnormal,12,random_108,0.02694343417409212,0.5972428055897973,0.59712,0.17413995325067486
18,nonnormal,12,random_109,0.034606419654547,0.6098937079320055,0.61212,0.22366711911619613
18,nonnormal,12,random_110,0.03676426190274251,0.613177406713166,0.61542,0.23761361701973438
18,nonnormal,12,random_111,0.02211921834901323,0.5882664785695235,0.58654,0.14296023381245254
18,nonnormal,12,random_112,0.02526693346275047,0.594227610330117,0.5933,0.16330444677398068
18,nonnormal,12,random_113,0.026708621043562118,0.596826598080169,0.59942,0.17262231643760453
18,nonnormal,12,random_114,0.015493508651253459,0.5740557513513168,0.57408,0.10013715604273435
18,nonnormal,12,random_115,0.030632066411962616,0.6035436792504694,0.60358,0.19798020469417313
18,nonnormal,12,random_116,0.021123935551698433,0.5862897821988673,0.59008,0.1365275534541983
18,nonnormal,12,random_117,0.022567984311061558,0.5891424776473839,0.58448,0.14586068381250242
18,nonnormal,12,random_118,0.043313432347771935,0.6225474471423535,0.62308,0.27994200870726343
18,nonnormal,12,random_119,0.01613721567320411,0.5755603336373881,0.5732,0.10429754294758574
18,nonnormal,12,random_120,0.011979852249047854,0.5652047921487515,0.56484,0.07742780289697353
18,nonnormal,12,random_121,0.02175937120273964,0.5875572884019419,0.58752,0.1406344810956839
18,nonnormal,12,random_122,0.01417843672518133,0.5708779746805959,0.57072,0.09163762468204095
18,nonnormal,12,random_123,0.023164668991111883,0.5902931601854576,0.59396,0.14971715740150288
18,nonnormal,12,random_124,0.016571254740840417,0.576557354984116,0.5766,0.10710281054854474
18,nonnormal,12,random_125,0.03266269386393258,0.6068399966810927,0.6093,0.21110449194244116
18,nonnormal,12,random_126,0.017280218593312892,0.5781571946680244,0.57786,0.11168496334051102
18,nonnormal,12,random_127,0.007929759928934313,0.5531301981603644,0.5525,0.05125137405986316
19,normal,0,oracle_t0,0.13071693550984023,0.7062016338488664,0.70656,1.0000000000000004
19,normal,0,oracle_t12,0.055647262877265596,0.6382725067899877,0.6379,0.4257081353706959
19,normal,0,bottom,1.0301429477632088e-32,0.5000000000000001,0.5021,-3.809167215724186e-17
19,normal,0,random_000,0.020649299376764643,0.5853299384713478,0.58086,0.15796957981171603
19,normal,0,random_001,0.03539369976821567,0.6111042310436703,0.60866,0.27076598476064545
19,normal,0,random_002,0.04257701076300785,0.6215343235161449,0.62212,0.3257191625319483
19,normal,0,random_003,0.04738764967300026,0.6279885171371019,0.62932,0.3625211185388672
19,normal,0,random_004,0.02065786991141835,0.5853473722116525,0.58478,0.1580351454143694
19,normal,0,random_005,0.024368248489608082,0.5925676715670785,0.59122,0.1864199798944466
19,normal,0,random_006,0.03069099157137125,0.6036409527620878,0.60072,0.23478971146061528
19,normal,0,random_007,0.05842630488101269,0.6415380616206583,0.6395,0.4469681350249712
19,normal,0,random_008,0.03932223494879208,0.6169375666101624,0.61938,0.3008197430227544
19,normal,0,random_009,0.02995185903645562,0.6024134773379671,0.60438,0.2291352602448432
19,normal,0,random_010,0.038852435950271,0.6162571574956253,0.61274,0.29722572518039364
19,normal,0,random_011,0.01125779521279663,0.5632262815936093,0.56054,0.08612346341265903
19,normal,0,random_012,0.02896227219484422,0.6007444849867298,0.60094,0.2215648039933125
19,normal,0,random_013,0.04809011291349141,0.6289001871064553,0.62722,0.3678950453200554
19,normal,0,random_014,0.038498389804115046,0.6157414317122177,0.61396,0.29451723033406746
19,normal,0,random_015,0.0607918140154951,0.6442491231100547,0.64484,0.46506455937317126
19,normal,0,random_016,0.025862544467081982,0.5953106155891065,0.59808,0.19785152066340397
19,normal,0,random_017,0.016166232081857277,0.5756274168978004,0.57644,0.12367358536063833
19,normal,0,random_018,0.0356072178592403,0.6114300262442643,0.61426,0.27239942338274786
19,normal,0,random_019,0.041112508104445535,0.6194906378086975,0.6206,0.3145155441725502
19,normal,0,random_020,0.029223485064649248,0.6011879500991231,0.59662,0.22356311330791057
19,normal,0,random_021,0.05374686731401451,0.6359862385978421,0.63226,0.4111698847925372
19,normal,0,random_022,0.024839504733949275,0.5934420729806736,0.5937,0.19002514583949515
19,normal,0,random_023,0.05034207960385592,0.6317740383247307,0.63476,0.3851228565564577
19,normal,0,random_024,0.04297496418642609,0.6220829859917689,0.62062,0.32876355323668816
19,normal,0,random_025,0.029775060097719158,0.6021174780310277,0.59872,0.22778272747587267
19,normal,0,random_026,0.030573514384630657,0.6034469225937913,0.60566,0.23389099710288977
19,normal,0,random_027,0.022023892639509164,0.5880792028744376,0.58728,0.16848538067090182
19,normal,0,random_028,0.0246343224350121,0.5930624491729882,0.59222,0.1884554770116812
19,normal,0,random_029,0.05533375638240859,0.6378983984745077,0.6389,0.4233097736463009
19,normal,0,random_030,0.02361913469895426,0.5911591566983214,0.592,0.18068917089305722
19,normal,0,random_031,0.025986730134005206,0.5955347561682472,0.59702,0.19880155568708957
19,normal,0,random_032,0.03046926789892236,0.6032744108857017,0.60412,0.2330934991711818
19,normal,0,random_033,0.03787624213537294,0.6148288926805248,0.61472,0.2897577271655184
19,normal,0,random_034,0.023759790601055944,0.5914253995476418,0.58796,0.1817652051617086
19,normal,0,random_035,0.020879357615148787,0.5857966051911427,0.58884,0.1597295525152287
19,normal,0,random_036,0.040395566701502975,0.6184756461358789,0.61404,0.30903085773810884
19,normal,0,random_037,0.026078205280575178,0.5956994957547904,0.5956,0.19950135136553931
19,normal,0,random_038,0.04024147893922855,0.6182562199237462,0.6183,0.3078520681522497
19,normal,0,random_039,0.05587297550755799,0.6385411168261428,0.63992,0.42743486365890154
19,normal,0,random_040,0.061192768558273235,0.6447026780950071,0.646,0.46813190899557716
19,normal,0,random_041,0.04042590374384776,0.6185187933013141,0.61752,0.3092629396961693
19,normal,0,random_042,0.019155345221960805,0.5822310091805573,0.58358,0.14654065402656882
19,normal,0,random_043,0.024043790216258222,0.5919604538775289,0.59634,0.18393783577070033
19,normal,0,random_044,0.030027674957056917,0.6025401237375809,0.60178,0.22971526099459758
19,normal,0,random_045,0.03730104881292365,0.6139779602364239,0.60946,0.28535743029345784
19,normal,0,random_046,0.029768623611278206,0.6021066843054582,0.60394,0.22773348759417072
19,normal,0,random_047,0.03885708220135785,0.616263908496846,0.61378,0.29726126955013227
19,normal,0,random_048,0.05661624214487201,0.6394213506184965,0.64066,0.4331209412464387
19,normal,0,random_049,0.03624770426706067,0.6124010258489336,0.61042,0.27729922007184743
19,normal,0,random_050,0.030180466979055916,0.602794836949866,0.59952,0.23088413801426647
19,normal,0,random_051,0.04089810151454876,0.6191881168928166,0.62258,0.31287530842910566
19,normal,0,random_052,0.03740551114147121,0.6141330262629889,0.61594,0.28615657944838646
19,normal,0,random_053,0.02258322330974161,0.5891720630893853,0.58796,0.17276432637943512
19,normal,0,random_054,0.03811385881193554,0.6151783721156908,0.61616,0.2915755228140762
19,normal,0,random_055,0.021251677477881675,0.5865461776607267,0.58468,0.16257784345228843
19,normal,0,random_056,0.021404806232301805,0.5868524661623211,0.58496,0.16374929651476167
19,normal,0,random_057,0.01886911361242464,0.5816230330276164,0.57946,0.14435094839722726
19,normal,0,random_058,0.037898387982631454,0.6148615143126815,0.61112,0.2899271455134328
19,normal,0,random_059,0.03546121022761636,0.6112073558807108,0.61186,0.27128244775097926
19,normal,0,random_060,0.0269709224533601,0.5972914027519924,0.5967,0.20633074320603056
19,normal,0,random_061,0.020703002480145158,0.5854391161810606,0.58454,0.1583804148972469
19,normal,0,random_062,0.047371807171287694,0.6279678704697302,0.62864,0.3623999215290784
19,normal,0,random_063,0.024586372477562332,0.5929734928996124,0.59444,0.188088654172217
19,normal,0,random_064,0.032292904926321156,0.6062480729528575,0.60628,0.24704453788155237
19,normal,0,random_065,0.010040144697020262,0.5597363426280985,0.56032,0.076808293109537
19,normal,0,random_066,0.0385164932941974,0.6157678647631535,0.61582,0.2946557241720061
19,normal,0,random_067,0.04539215856626765,0.6253572126604372,0.62226,0.34725537581815913
19,normal,0,random_068,0.03420385992685472,0.6092689924895717,0.6102,0.2616635694024505
19,normal,0,random_069,0.033821746814784254,0.6086723339787449,0.60694,0.25874035895095016
19,normal,0,random_070,0.038707201009018484,0.6160459094670251,0.61014,0.29611466072125486
19,normal,0,random_071,0.03583017330486407,0.6117690972778691,0.61488,0.27410505888249503
19,normal,0,random_072,0.04470664172311975,0.6244385881593525,0.61982,0.3420110909787531
19,normal,0,random_073,0.033562324603794956,0.6082651840079818,0.60738,0.2567557483878471
19,normal,0,random_074,0.05145368391388368,0.6331662681729024,0.6359,0.393626760856938
19,normal,0,random_075,0.027977647686495688,0.5990534382783168,0.59994,0.21403231017750995
19,normal,0,random_076,0.04574427886004901,0.625826099936978,0.62566,0.34994913766629304
19,normal,0,random_077,0.025826348153905616,0.5952451783503939,0.59126,0.19757461459124742
19,normal,0,random_078,0.0327742561212543,0.607017868287298,0.6073,0.25072693139128155
19,normal,0,random_079,0.03604555607119214,0.6120955708955603,0.61386,0.27575276249096786
19,normal,0,random_080,0.029604937290419006,0.6018317694601723,0.5997,0.22648126790113107
19,normal,0,random_081,0.04528638867546712,0.62521597703274,0.62396,0.3464462236575153
19,normal,0,random_082,0.039944445441133625,0.6178319377284253,0.61432,0.30557972679926126
19,normal,0,random_083,0.04376933008748901,0.6231699133119869,0.62262,0.33484054622894754
19,normal,0,random_084,0.030631882454447628,0.603543375417318,0.60002,0.23433751973279468
19,normal,0,random_085,0.05304019706603912,0.6351245322175179,0.63718,0.4057637739070643
19,normal,0,random_086,0.031089778980444155,0.6042966615596608,0.60288,0.23784048225414342
19,normal,0,random_087,0.03786663130168897,0.61481473235537,0.616,0.2896842031523788
19,normal,0,random_088,0.025216644808533174,0.594135555058117,0.59758,0.19291031196669156
19,normal,0,random_089,0.04873766528679837,0.6297340789704085,0.63158,0.3728488974799249
19,normal,0,random_090,0.030087996354354763,0.6026407654993211,0.6007,0.23017672681050397
19,normal,0,random_091,0.045456283828800334,0.625442751498112,0.62686,0.3477459416525141
19,normal,0,random_092,0.033598497880612865,0.608322057439376,0.61206,0.2570324782291397
19,normal,0,random_093,0.0372827734965041,0.6139508078011453,0.61408,0.2852176219637394
19,normal,0,random_094,0.033811080253573676,0.6086556265383407,0.6107,0.25865875849750486
19,normal,0,random_095,0.0298228185847708,0.6021975282120924,0.60002,0.22814808554417015
19,normal,0,random_096,0.03644633523081174,0.6127002701098263,0.6151,0.2788187704114904
19,normal,0,random_097,0.026074256519499434,0.5956923906674814,0.59606,0.1994711428767896
19,normal,0,random_098,0.01710737805545977,0.5777703542325983,0.57802,0.1308734632489295
19,normal,0,random_099,0.013241169043223328,0.5685192035898674,0.5672,0.10129650753804997
19,normal,0,random_100,0.03363829527759195,0.6083845908619002,0.6075,0.2573369330178315
19,normal,0,random_101,0.03718726777877203,0.6138087933098599,0.61254,0.28448699193971405
19,normal,0,random_102,0.04406464141241232,0.623571222226839,0.62202,0.3370997127537096
19,normal,0,random_103,0.039507006129623046,0.617203957862213,0.61328,0.302233264385616
19,normal,0,random_104,0.02299311087565356,0.5899639297314541,0.58684,0.1759000146841926
19,normal,0,random_105,0.03166685142257525,0.6052375991309684,0.60716,0.24225515461377542
19,normal,0,random_106,0.03465763204151667,0.6099729009457248,0.60826,0.26513497968981753
19,normal,0,random_107,0.04501332182576219,0.6248505057266924,0.62842,0.3443572299962131
19,normal,0,random_108,0.03175535089058929,0.6053810862738263,0.60512,0.2429321859997152
19,normal,0,random_109,0.038947273387035165,0.6163948694024036,0.61572,0.2979512427760615
19,normal,0,random_110,0.06318850331876782,0.6469354370680676,0.65056,0.4833995156963503
19,normal,0,random_111,0.0372032186562131,0.6138325255813862,0.61182,0.28460901803662986
19,normal,0,random_112,0.04882007698352367,0.629839763619563,0.6281,0.3734793566962757
19,normal,0,random_113,0.02169261200944907,0.587425043839207,0.58858,0.16595104471230568
19,normal,0,random_114,0.04338693093527996,0.6226480417764493,0.62392,0.33191514753659324
19,normal,0,random_115,0.010947194419335324,0.5623552178629772,0.56156,0.08374733064723071
19,normal,0,random_116,0.03892628351843262,0.6163644060802147,0.61676,0.2977906678014365
19,normal,0,random_117,0.02860916264897237,0.6001416058860938,0.59896,0.21886347424981287
19,normal,0,random_118,0.031232729601411713,0.6045306128278842,0.60416,0.23893407139322473
19,normal,0,random_119,0.04263912048646525,0.6216201393729202,0.6226,0.3261943092542545
19,normal,0,random_120,0.035384194802077426,0.6110897033155133,0.61106,0.2706932706467383
19,normal,0,random_121,0.037759975489990265,0.6146574576839485,0.61346,0.28886827359219835
19,normal,0,random_122,0.039048982379275225,0.6165423568782906,0.61704,0.29872932858294915
19,normal,0,random_123,0.042503321981991686,0.6214324200811705,0.62026,0.32515543465132785
19,normal,0,random_124,0.05529152310105148,0.6378479103486385,0.6391,0.4229866840543336
19,normal,0,random_125,0.042118406103339334,0.6208985444345491,0.61754,0.3222107827043476
19,normal,0,random_126,0.032047824795194114,0.6058537660058962,0.6051,0.24516964592381826
19,normal,0,random_127,0.037998950240199794,0.6150095161681596,0.6152,0.2906964586646027
19,normal,12,oracle_t0,0.04098649287644111,0.6193129389909023,0.6151,0.5244835175997836
19,normal,12,oracle_t12,0.07814638878264336,0.6625089080335036,0.6643,0.9999999999999997
19,normal,12,bottom,1.1753724869471548e-32,0.5000000000000001,0.49582,-2.0966029233042094e-17
19,normal,12,random_000,0.01135109716255288,0.5634855294670772,0.56308,0.14525427648518546
19,normal,12,random_001,0.020707148457074664,0.5854475387328375,0.58372,0.26497895526138227
19,normal,12,random_002,0.022346207175532477,0.5887107194854027,0.5874,0.28595316461373893
19,normal,12,random_003,0.011247274568254388,0.5631969800346873,0.56404,0.14392571100806187
19,normal,12,random_004,0.013244983119418704,0.5685289736208056,0.56486,0.1694893817327673
19,normal,12,random_005,0.00983415780716582,0.559124935112336,0.55944,0.1258427671497217
19,normal,12,random_006,0.019209768046669934,0.5823460698875008,0.57882,0.24581773189929515
19,normal,12,random_007,0.023080035704012083,0.5901309046319824,0.58992,0.2953435988988174
19,normal,12,random_008,0.014911352645054547,0.572666928227108,0.56886,0.1908130737368943
19,normal,12,random_009,0.028169669132336643,0.599385681368311,0.6026,0.3604730758664719
19,normal,12,random_010,0.02238319706222213,0.588782887678938,0.58898,0.28642650557377397
19,normal,12,random_011,0.03143216424346744,0.6048560498071781,0.60136,0.4022215835320676
19,normal,12,random_012,0.009283171362265075,0.5574565772589876,0.5552,0.11879207096933571
19,normal,12,random_013,0.016442780256924867,0.5762636645994559,0.57944,0.21040998199749011
19,normal,12,random_014,0.0231983975835266,0.590357736377801,0.59178,0.29685821629007936
19,normal,12,random_015,0.02585777183899783,0.5953019902030102,0.59388,0.33088888996417615
19,normal,12,random_016,0.012345305250537657,0.5661828399971895,0.56564,0.15797665692364782
19,normal,12,random_017,0.019551314180729713,0.5830643157359782,0.5824,0.2501883258497049
19,normal,12,random_018,0.012315604564331761,0.5661039133028867,0.56444,0.15759659219297287
19,normal,12,random_019,0.017373419260569973,0.5783649565046991,0.57696,0.2223189008630002
19,normal,12,random_020,0.02106142547192246,0.5861640199979821,0.58734,0.2695124598847782
19,normal,12,random_021,0.028523829928756496,0.5999953203115677,0.60324,0.3650050933011473
19,normal,12,random_022,0.013150790699430885,0.568287267556204,0.5675,0.16828404874866995
19,normal,12,random_023,0.03242295847701519,0.6064566631603459,0.60672,0.414900278593762
19,normal,12,random_024,0.019478243454164525,0.5829112074909971,0.58224,0.2492532765441198
19,normal,12,random_025,0.023251613762941954,0.5904595228065509,0.58894,0.29753919695015024
19,normal,12,random_026,0.02219974188451436,0.588424344298163,0.58812,0.28407892201213264
19,normal,12,random_027,0.012247390627103089,0.565922270289027,0.56918,0.15672369277572143
19,normal,12,random_028,0.015398640205964844,0.573831291892213,0.5742,0.1970486473635354
19,normal,12,random_029,0.017852076238188873,0.5794229602407456,0.57532,0.22844403325971577
19,normal,12,random_030,0.017455152901705018,0.5785466801127677,0.57518,0.2233648051256063
19,normal,12,random_031,0.02535903437927685,0.5943959538276464,0.59498,0.3245067977460934
19,normal,12,random_032,0.022820127224646047,0.5896306530352827,0.5888,0.2920176809208422
19,normal,12,random_033,0.016355890418196187,0.5760643609830209,0.5709,0.20929809646979983
19,normal,12,random_034,0.024150766383911726,0.5921611325253622,0.59518,0.3090452004261481
19,normal,12,random_035,0.018430565687495265,0.5806821262541477,0.5817,0.2358466715430458
19,normal,12,random_036,0.021226487565128446,0.5864956821094751,0.58604,0.2716246764027428
19,normal,12,random_037,0.012232463040044047,0.5658824511970443,0.5633,0.15653267195836065
19,normal,12,random_038,0.016769357153605613,0.5770079085952042,0.57434,0.21458902215236014
19,normal,12,random_039,0.02345117565752551,0.5908401365862674,0.58922,0.3000928900598679
19,normal,12,random_040,0.015337403782925193,0.5736860259351827,0.5743,0.19626503568302667
19,normal,12,random_041,0.021221946072818607,0.5864865749210749,0.5851,0.2715665612117456
19,normal,12,random_042,0.012409828521506745,0.5663539687526689,0.56628,0.15880232874257924
19,normal,12,random_043,0.015939577444239104,0.5751017401743044,0.57958,0.2039707489052819
19,normal,12,random_044,0.02071936749188758,0.5854723565693207,0.5873,0.26513531609907764
19,normal,12,random_045,0.021159692192438344,0.586361632313112,0.5869,0.2707699296418158
19,normal,12,random_046,0.024144137676870486,0.5921487112409343,0.59378,0.30896037619889327
19,normal,12,random_047,0.011600580330506663,0.5641734210684188,0.56516,0.1484467870009009
19,normal,12,random_048,0.02587398108639523,0.5953312811223396,0.59536,0.3310963115437259
19,normal,12,random_049,0.021543222768788707,0.5871283406037718,0.59124,0.2756777773661312
19,normal,12,random_050,0.011824296762313625,0.5647838401651747,0.5638,0.15130957356457958
19,normal,12,random_051,0.03275893207097658,0.6069934553461012,0.60688,0.41919956355363236
19,normal,12,random_052,0.01480570976774891,0.5724119138231819,0.57524,0.18946121501442056
19,normal,12,random_053,0.011220156724844044,0.5631213879605965,0.56414,0.14357869761649278
19,normal,12,random_054,0.019147820905120988,0.5822150878645687,0.58336,0.24502502551178387
19,normal,12,random_055,0.014560760572799824,0.571816983129057,0.57192,0.1863267234689394
19,normal,12,random_056,0.016306615021362266,0.5759510915590031,0.57916,0.20866754402071638
19,normal,12,random_057,0.011301550544670963,0.5633479963487025,0.56332,0.14462025335687773
19,normal,12,random_058,0.0217898525506737,0.587617598723729,0.5863,0.2788337745366592
19,normal,12,random_059,0.030707176445183997,0.6036676532344195,0.60046,0.39294427962107153
19,normal,12,random_060,0.01807763205170366,0.5799164048550195,0.57566,0.23133035746520342
19,normal,12,random_061,0.024519975520160005,0.5928501626619114,0.58964,0.31376978389058924
19,normal,12,random_062,0.019885642591340555,0.5837610671415319,0.58218,0.2544665582263888
19,normal,12,random_063,0.013504926650514688,0.5691914564992848,0.5703,0.17281574825008644
19,normal,12,random_064,0.01657634330232898,0.5765689629914832,0.57318,0.2121191210566935
19,normal,12,random_065,0.008703374099409005,0.5556454379218956,0.5553,0.11137269725433627
19,normal,12,random_066,0.021675389280335175,0.5873908923846092,0.58804,0.2773690456845441
19,normal,12,random_067,0.020075486423996022,0.5841539861848355,0.58562,0.25689589418948106
19,normal,12,random_068,0.017957742035038873,0.5796545248486411,0.5799,0.22979618527206142
19,normal,12,random_069,0.011958546429713144,0.5651473025687046,0.5624,0.1530274989798272
19,normal,12,random_070,0.028297237081569476,0.599605739213642,0.60224,0.36210549869777714
19,normal,12,random_071,0.016019466639804726,0.5752874652468762,0.57178,0.20499305072639137
19,normal,12,random_072,0.01790122716361684,0.579530761999665,0.57928,0.22907299291087338
19,normal,12,random_073,0.02151495188708431,0.5870720703093188,0.5886,0.2753160091239284
19,normal,12,random_074,0.022367564318288347,0.5887523954521449,0.58796,0.2862264612188485
19,normal,12,random_075,0.013321624420006692,0.5687249896694241,0.56604,0.1704701218767702
19,normal,12,random_076,0.020212463209403495,0.5844362819686703,0.58298,0.2586487171611025
19,normal,12,random_077,0.01902222788906492,0.5819488520492401,0.5785,0.24341787490620193
19,normal,12,random_078,0.015110865240211777,0.5731460032884839,0.57244,0.19336613598666946
19,normal,12,random_079,0.02136714246848189,0.5867772377696614,0.58406,0.2734245663982314
19,normal,12,random_080,0.029669268045602746,0.6019399108730841,0.6014,0.37966268829292815
19,normal,12,random_081,0.01954932337035878,0.583060148266937,0.58402,0.25016285045152015
19,normal,12,random_082,0.01643185368120824,0.5762386318251163,0.57902,0.2102701601082533
19,normal,12,random_083,0.03436625606530536,0.6095214823056219,0.60828,0.43976767961590346
19,normal,12,random_084,0.016013127243432346,0.5752727450736996,0.57906,0.204911928662133
19,normal,12,random_085,0.030290479886774573,0.6029778088033889,0.60434,0.38761202351940527
19,normal,12,random_086,0.017766036607041187,0.5792338789458711,0.57576,0.22734302741046286
19,normal,12,random_087,0.020114877086990817,0.5842352693439548,0.5816,0.25739995667539267
19,normal,12,random_088,0.010652871636423523,0.5615180429226504,0.55632,0.13631943589937912
19,normal,12,random_089,0.02187847230453032,0.5877926906288017,0.58962,0.2799677969174386
19,normal,12,random_090,0.014375834712123715,0.5713644049745733,0.57336,0.18396032031766302
19,normal,12,random_091,0.01311731596995806,0.5682011538949039,0.56794,0.16785568948608223
19,normal,12,random_092,0.015694404331341675,0.5745287361236895,0.57282,0.20083339199453137
19,normal,12,random_093,0.009623065659283322,0.5584915450589186,0.55652,0.12314152719262493
19,normal,12,random_094,0.014192622929537907,0.5709130485749617,0.57116,0.1816158513608774
19,normal,12,random_095,0.01990584014188685,0.5838029628266596,0.5825,0.25472501611370685
19,normal,12,random_096,0.01411336007824765,0.5707168470199072,0.5747,0.18060156455217125
19,normal,12,random_097,0.016515914654933583,0.5764309938199843,0.57158,0.2113458460744871
19,normal,12,random_098,0.012574799879545604,0.5667894378389666,0.56474,0.1609133841682843
19,normal,12,random_099,0.01985158992930196,0.5836903815017317,0.58446,0.25403080345167617
19,normal,12,random_100,0.020692738061475396,0.5854182602170805,0.5847,0.26479455268278895
19,normal,12,random_101,0.020376482022217365,0.5847729962390703,0.58418,0.26074758334505466
19,normal,12,random_102,0.017907900249576343,0.5795453860725941,0.58134,0.22915838503280583
19,normal,12,random_103,0.017557010438877772,0.5787725286868558,0.57712,0.22466822475586035
19,normal,12,random_104,0.014556853009065163,0.5718074507490165,0.56728,0.1862767203428125
19,normal,12,random_105,0.020858006401513605,0.585753408512898,0.58274,0.2669094084376454
19,normal,12,random_106,0.01931443542709258,0.5825668806095966,0.57892,0.24715710767920185
19,normal,12,random_107,0.014388379831911775,0.5713952019496753,0.5723,0.18412085390064092
19,normal,12,random_108,0.015465650981427027,0.5739899138190936,0.57174,0.19790615052530744
19,normal,12,random_109,0.013690713184587717,0.56966092868263,0.56936,0.1751931650055782
19,normal,12,random_110,0.019819336243078453,0.5836233717028334,0.58464,0.2536180692649023
19,normal,12,random_111,0.009459129374795022,0.5579947357637794,0.55604,0.12104371708211203
19,normal,12,random_112,0.019077063549193026,0.5820652067058636,0.58576,0.24411957924574126
19,normal,12,random_113,0.022902207196122144,0.5897889563353469,0.58976,0.29306801699848734
19,normal,12,random_114,0.020001425100444715,0.5840009336771462,0.58522,0.2559481687129105
19,normal,12,random_115,0.019440547436304238,0.5828321041753002,0.58192,0.2487708995789458
19,normal,12,random_116,0.0287958448476533,0.6004608268749129,0.6006,0.36848593129167023
19,normal,12,random_117,0.006061725900490734,0.546485034122551,0.54606,0.07756885500302306
19,normal,12,random_118,0.019483155586957915,0.5829215094839827,0.58326,0.24931613463481234
19,normal,12,random_119,0.021576217425744035,0.5871939641573874,0.58658,0.27609999338237096
19,normal,12,random_120,0.0194825692541324,0.5829202798660342,0.58004,0.24930863162879185
19,normal,12,random_121,0.01722012489851419,0.5780229257212165,0.57682,0.22035727007693573
19,normal,12,random_122,0.017843845474979476,0.5794048927867459,0.5786,0.22833870832611858
19,normal,12,random_123,0.018905560740641078,0.5817007151941616,0.58186,0.2419249441356152
19,normal,12,random_124,0.023822628875715787,0.5915440757052625,0.59096,0.30484618991129725
19,normal,12,random_125,0.02087048734690666,0.5857786621293491,0.58424,0.26706912081319445
19,normal,12,random_126,0.022326477850843546,0.5886722014249092,0.58544,0.2857006983770225
19,normal,12,random_127,0.023997196092242424,0.5918728999545333,0.5889,0.30708003870771683
19,nonnormal,0,oracle_t0,0.22510082501939363,0.7616660058626982,0.7627,0.9999999999999988
19,nonnormal,0,oracle_t12,0.10568972920220124,0.6871008839198054,0.68872,0.469521731842144
19,nonnormal,0,bottom,1.5714119017420808e-31,0.5000000000000002,0.49838,3.623435089938023e-18
19,nonnormal,0,random_000,0.04126857752977893,0.6197103052450865,0.61714,0.18333374622782198
19,nonnormal,0,random_001,0.026743370099552476,0.5968883129186116,0.59714,0.11880618428319113
19,nonnormal,0,random_002,0.052468330699375246,0.6344224886206503,0.63456,0.2330881314844348
19,nonnormal,0,random_003,0.03181588324655657,0.6054791060658791,0.60824,0.1413405892395793
19,nonnormal,0,random_004,0.034504344432182095,0.6097356738252513,0.60978,0.1532839536648047
19,nonnormal,0,random_005,0.05298210357859981,0.6350534084219495,0.63678,0.23537054372872712
19,nonnormal,0,random_006,0.029429843351217122,0.6015367964241214,0.6002,0.13074071740377474
19,nonnormal,0,random_007,0.014158083845493526,0.5708276226936564,0.5735,0.0628966324058284
19,nonnormal,0,random_008,0.058346098746753394,0.6414450585207971,0.64152,0.2591998440775437
19,nonnormal,0,random_009,0.023703222769266855,0.5913184242469762,0.58748,0.10530047043241476
19,nonnormal,0,random_010,0.03709829146423997,0.6136763099429838,0.60972,0.1648074433358638
19,nonnormal,0,random_011,0.03428208831542019,0.6093907006148145,0.60394,0.15229659114961733
19,nonnormal,0,random_012,0.03695527374444993,0.6134629991591489,0.62036,0.16417209373295716
19,nonnormal,0,random_013,0.04185782590651968,0.6205356038853972,0.62024,0.18595145487766804
19,nonnormal,0,random_014,0.05760195611046255,0.6405787188537189,0.6411,0.25589402484642043
19,nonnormal,0,random_015,0.05429267169361982,0.6366474501579252,0.6393,0.2411926819412685
19,nonnormal,0,random_016,0.026059049354201537,0.595665022779292,0.59284,0.11576612103468022
19,nonnormal,0,random_017,0.032762652983224935,0.6069993837426718,0.61032,0.14554656998881368
19,nonnormal,0,random_018,0.057965336185862776,0.6410025555409881,0.63996,0.2575083240182202
19,nonnormal,0,random_019,0.03752689369610297,0.6143129144439913,0.61322,0.16671148891999743
19,nonnormal,0,random_020,0.0549851034404565,0.6374809474769277,0.63542,0.24426877793859336
19,nonnormal,0,random_021,0.03459259033192427,0.6098723119301814,0.60804,0.15367598199137608
19,nonnormal,0,random_022,0.05972261281232308,0.6430312826892959,0.64742,0.2653149441241612
19,nonnormal,0,random_023,0.020772059661504624,0.5855792909465193,0.58644,0.09227891394762758
19,nonnormal,0,random_024,0.030378043386786208,0.6031231896163949,0.6021,0.13495305218969744
19,nonnormal,0,random_025,0.037154966156298125,0.613760716929893,0.61592,0.16505921803306128
19,nonnormal,0,random_026,0.04384660526368825,0.6232750685890242,0.62042,0.1947865151534233
19,nonnormal,0,random_027,0.051220085136470674,0.6328750991274993,0.63048,0.22754285832607554
19,nonnormal,0,random_028,0.03648019666478311,0.6127511954144158,0.60738,0.16206158578779126
19,nonnormal,0,random_029,0.018523757525875085,0.5808830375427572,0.5866,0.08229093573637121
19,nonnormal,0,random_030,0.055017491791787235,0.6375197894339193,0.64242,0.24441266169080944
19,nonnormal,0,random_031,0.03132455180681544,0.6046805858271871,0.606,0.13915787205185326
19,nonnormal,0,random_032,0.031316309303382465,0.6046671329855859,0.60298,0.1391212551117231
19,nonnormal,0,random_033,0.04245152966999956,0.6213607391104093,0.61806,0.1885889563769572
19,nonnormal,0,random_034,0.03680834873122925,0.6132433945696871,0.61466,0.16351938615977074
19,nonnormal,0,random_035,0.02106666904448564,0.5861745768930003,0.58944,0.09358770250029337
19,nonnormal,0,random_036,0.04744313487147987,0.6280607978696773,0.62022,0.21076393152887074
19,nonnormal,0,random_037,0.04216849737796238,0.6209681714658889,0.62562,0.18733159851515102
19,nonnormal,0,random_038,0.025803219482195557,0.5952033399409613,0.59012,0.11462960866523896
19,nonnormal,0,random_039,0.04418285970775514,0.6237314588841819,0.62502,0.19628030996309534
19,nonnormal,0,random_040,0.046198992802979684,0.6264286666884509,0.6259,0.2052368879545393
19,nonnormal,0,random_041,0.025216000063000128,0.5941343741976779,0.59762,0.11202091356541051
19,nonnormal,0,random_042,0.026442777169923035,0.5963530406434939,0.59578,0.11747081410139129
19,nonnormal,0,random_043,0.024994713624603877,0.5937281385634098,0.59198,0.11103785880149669
19,nonnormal,0,random_044,0.029282005725319638,0.6012870116098107,0.5988,0.13008395559099697
19,nonnormal,0,random_045,0.048643553871564785,0.6296132692827928,0.62402,0.21609673739478213
19,nonnormal,0,random_046,0.009673781804693436,0.5586443634857526,0.55468,0.04297532807292009
19,nonnormal,0,random_047,0.052057854500877396,0.6339159321192573,0.63472,0.23126460996485587
19,nonnormal,0,random_048,0.0501116048231315,0.6314832431369317,0.62986,0.2226184858221379
19,nonnormal,0,random_049,0.02670803930171841,0.5968255645359228,0.59502,0.11864922884852747
19,nonnormal,0,random_050,0.015334764336889165,0.5736797578635231,0.57502,0.06812398104524041
19,nonnormal,0,random_051,0.02848875547165959,0.5999351247740615,0.59838,0.12655997804186236
19,nonnormal,0,random_052,0.03203085486120051,0.6058264034989506,0.6102,0.14229559069115294
19,nonnormal,0,random_053,0.013741571747866017,0.5697888721637322,0.57002,0.0610462966836398
19,nonnormal,0,random_054,0.026096868308955468,0.5957330688230286,0.59374,0.11593412999133637
19,nonnormal,0,random_055,0.05806206394778773,0.6411151229884984,0.63776,0.25793803262509274
19,nonnormal,0,random_056,0.0312915060647725,0.6046266394266003,0.60196,0.13901106787181491
19,nonnormal,0,random_057,0.02399292718391837,0.5918648738708269,0.59036,0.10658746889022375
19,nonnormal,0,random_058,0.03846371070871449,0.6156907776217407,0.61494,0.17087325515311017
19,nonnormal,0,random_059,0.039416505054264264,0.6170735641444903,0.62136,0.1751059999485487
19,nonnormal,0,random_060,0.0650773655042465,0.649011831624039,0.65384,0.28910318519996386
19,nonnormal,0,random_061,0.03188941596891936,0.6055980429780601,0.60994,0.14166725495640398
19,nonnormal,0,random_062,0.055218562463436566,0.637760637844859,0.63498,0.2453059088463097
19,nonnormal,0,random_063,0.0283290316663487,0.5996605034784694,0.59652,0.12585041242700004
19,nonnormal,0,random_064,0.05140618566336241,0.6331071238227043,0.63078,0.22836960130614106
19,nonnormal,0,random_065,0.07343650378965287,0.6578078008981496,0.65596,0.32623827026545027
19,nonnormal,0,random_066,0.027885387709049147,0.5988933753552854,0.60184,0.12387954467357738
19,nonnormal,0,random_067,0.02582451225539561,0.5952418580422227,0.59604,0.11472420082498874
19,nonnormal,0,random_068,0.05226856945319065,0.6341762468777095,0.63032,0.23220070139097615
19,nonnormal,0,random_069,0.028821958008562614,0.6005053916733559,0.60326,0.12804021489516712
19,nonnormal,0,random_070,0.02082067084071275,0.5856778174631665,0.5868,0.09249486686207799
19,nonnormal,0,random_071,0.04093240532072959,0.6192365765791968,0.61936,0.1818403167434104
19,nonnormal,0,random_072,0.040973853559680515,0.6192950993590512,0.62224,0.18202444862718895
19,nonnormal,0,random_073,0.045263523915519535,0.6251854215983262,0.62024,0.20108111070503534
19,nonnormal,0,random_074,0.05494654564782475,0.6374346900094023,0.6368,0.2440974867288502
19,nonnormal,0,random_075,0.012972470217932885,0.5678272284270057,0.57076,0.05762959872232904
19,nonnormal,0,random_076,0.05935672628407458,0.6426116926873469,0.63894,0.2636895101515537
19,nonnormal,0,random_077,0.04220688957456862,0.6210215060967262,0.6216,0.18750215407221285
19,nonnormal,0,random_078,0.07657935548730986,0.6609636839086568,0.65958,0.3402002435162645
19,nonnormal,0,random_079,0.036940580500232884,0.6134410588913887,0.61182,0.16410681967536192
19,nonnormal,0,random_080,0.0668182084836937,0.6508951356027864,0.65224,0.29683679958941456
19,nonnormal,0,random_081,0.02595068034167585,0.5954697490144679,0.59704,0.11528469671064077
19,nonnormal,0,random_082,0.05002032639765526,0.631367869409075,0.63026,0.22221298564030437
19,nonnormal,0,random_083,0.0257129826894056,0.595039916893199,0.59536,0.11422873588841914
19,nonnormal,0,random_084,0.026180122928845563,0.5958826816194981,0.59126,0.11630398478810536
19,nonnormal,0,random_085,0.03978053090644999,0.6175970659855341,0.6162,0.17672316795383855
19,nonnormal,0,random_086,0.036904313326034624,0.6133868837308216,0.61372,0.1639457044320254
19,nonnormal,0,random_087,0.04019590817224135,0.6181912378442611,0.6241,0.1785684622381025
19,nonnormal,0,random_088,0.018505189816500067,0.5808430496828072,0.5788,0.08220844954657863
19,nonnormal,0,random_089,0.04751251646862998,0.6281511156935727,0.62496,0.21107215606400578
19,nonnormal,0,random_090,0.032412780120052935,0.6064403545104186,0.60262,0.14399227598237524
19,nonnormal,0,random_091,0.06131469357103559,0.644840262907788,0.64426,0.2723876892310497
19,nonnormal,0,random_092,0.049329377611992006,0.6304907039430914,0.63012,0.21914347762937764
19,nonnormal,0,random_093,0.024263593709311353,0.5923722803700868,0.58898,0.10778989240586247
19,nonnormal,0,random_094,0.04292459865591274,0.6220137008957303,0.62736,0.19069054345853464
19,nonnormal,0,random_095,0.03672790540416997,0.6131229571481046,0.60774,0.16316202040132735
19,nonnormal,0,random_096,0.033890127231345726,0.6087793735431478,0.60866,0.15055532216919182
19,nonnormal,0,random_097,0.029625753058243363,0.6018667749265716,0.60018,0.1316110372127286
19,nonnormal,0,random_098,0.02685328404484172,0.5970832423252883,0.59364,0.11929447189955046
19,nonnormal,0,random_099,0.03454827662542862,0.6098037210225122,0.60952,0.15347912040061187
19,nonnormal,0,random_100,0.027057118555619417,0.5974436207280928,0.60168,0.12019999728249893
19,nonnormal,0,random_101,0.040560533772731576,0.6187100594216757,0.62146,0.18018829459748553
19,nonnormal,0,random_102,0.032387067741252086,0.606399143657421,0.60686,0.14387804992923378
19,nonnormal,0,random_103,0.019241975423686518,0.5824140826325985,0.57968,0.08548158551630672
19,nonnormal,0,random_104,0.02618070515038657,0.5958837270136899,0.59226,0.1163065712803626
19,nonnormal,0,random_105,0.018051659871302698,0.5798597497572276,0.57722,0.08019366374933284
19,nonnormal,0,random_106,0.055566388737745234,0.6381761131176436,0.64002,0.2468511109764161
19,nonnormal,0,random_107,0.03583663627266999,0.6117789091471408,0.61404,0.15920259852260615
19,nonnormal,0,random_108,0.04971945637117907,0.6309867456008487,0.6307,0.2208763844685839
19,nonnormal,0,random_109,0.0174067535110016,0.578439124191426,0.57372,0.07732869708274899
19,nonnormal,0,random_110,0.04075167487357223,0.6189810155875155,0.62126,0.18103743009409767
19,nonnormal,0,random_111,0.04527491013267175,0.6252006386882935,0.62464,0.20113169344790724
19,nonnormal,0,random_112,0.07922494226554416,0.6635618967974979,0.66076,0.35195314037040243
19,nonnormal,0,random_113,0.04652066398757258,0.6268529566278881,0.62712,0.20666589730874832
19,nonnormal,0,random_114,0.024556394378517983,0.592917831321206,0.59302,0.1090906458312726
19,nonnormal,0,random_115,0.013569614615855732,0.5693552948335903,0.56874,0.060282385080937036
19,nonnormal,0,random_116,0.09750039835242268,0.6802420669780757,0.68148,0.4331410084526451
19,nonnormal,0,random_117,0.05372217579826072,0.6359562373921712,0.6392,0.23865828032230535
19,nonnormal,0,random_118,0.028289018705188854,0.599591578231242,0.60178,0.12567265669839975
19,nonnormal,0,random_119,0.027493560329165966,0.5982104345986762,0.59558,0.12213886966783534
19,nonnormal,0,random_120,0.03184451346918032,0.6055254320606489,0.60018,0.14146777767889876
19,nonnormal,0,random_121,0.03100772690581219,0.6041621160914711,0.60418,0.13775039208825937
19,nonnormal,0,random_122,0.04442258021240818,0.6240556613115497,0.62368,0.19734525721343263
19,nonnormal,0,random_123,0.045464789351356644,0.6254540923031344,0.62502,0.2019752230914283
19,nonnormal,0,random_124,0.04170960277994821,0.6203286044227444,0.61568,0.1852929804959829
19,nonnormal,0,random_125,0.058070921897563535,0.6411254261745607,0.6404,0.2579773836571249
19,nonnormal,0,random_126,0.0757053679396939,0.660093795229505,0.66304,0.33631759427434965
19,nonnormal,0,random_127,0.05482889702714768,0.6372934351093044,0.63674,0.2435748381749547
19,nonnormal,12,oracle_t0,0.09462308911514963,0.677748834436408,0.67882,0.5792760804977695
19,nonnormal,12,oracle_t12,0.16334713671215345,0.7278234307175493,0.7275,0.9999999999999988
19,nonnormal,12,bottom,5.560842633889195e-32,0.5000000000000001,0.49986,-1.2566686486516417e-17
19,nonnormal,12,random_000,0.030226074627835848,0.6028707340711548,0.60194,0.1850419617767743
19,nonnormal,12,random_001,0.03035811131962994,0.6030901162993476,0.60384,0.18585028137423842
19,nonnormal,12,random_002,0.025380629750917694,0.5944353793994,0.5954,0.15537847960961096
19,nonnormal,12,random_003,0.01757418893586323,0.5788105513727277,0.5796,0.10758798280518404
19,nonnormal,12,random_004,0.014301400942146797,0.5711813917412698,0.5681,0.08755219852643256
19,nonnormal,12,random_005,0.021927151250408478,0.587888710545331,0.58576,0.13423652040530093
19,nonnormal,12,random_006,0.028082107832990318,0.5992343291621173,0.59828,0.17191674367990867
19,nonnormal,12,random_007,0.011664237701986508,0.5643477230141388,0.56366,0.07140766551997141
19,nonnormal,12,random_008,0.02196761735610367,0.5879684454212853,0.58522,0.1344842511369788
19,nonnormal,12,random_009,0.006144194087341,0.546798729574973,0.54696,0.037614336014766846
19,nonnormal,12,random_010,0.0119547604322024,0.5651370812945542,0.56382,0.07318622580614187
19,nonnormal,12,random_011,0.01629082365637457,0.5759147543954378,0.57292,0.09973130833068636
19,nonnormal,12,random_012,0.02469563039177851,0.5931760540721216,0.59378,0.15118496037856205
19,nonnormal,12,random_013,0.02310206738507701,0.5901731729792531,0.58714,0.14142927663180843
19,nonnormal,12,random_014,0.029526496589381855,0.6016997392143237,0.60198,0.180759192867964
19,nonnormal,12,random_015,0.022277453327023466,0.588576412149694,0.58868,0.13638104576194846
19,nonnormal,12,random_016,0.01571166297115669,0.5745692229674784,0.5731,0.0961857262233093
19,nonnormal,12,random_017,0.0175037547973732,0.5786545302202324,0.58014,0.10715678982618403
19,nonnormal,12,random_018,0.037516072175772824,0.6142968898395393,0.61584,0.22967082821832832
19,nonnormal,12,random_019,0.018966593658212946,0.5818306240580322,0.58304,0.11611218929190921
19,nonnormal,12,random_020,0.020262108524093766,0.5845383491188165,0.5836,0.12404324270341614
19,nonnormal,12,random_021,0.01845855509481325,0.5807425237930391,0.5801,0.11300201195041742
19,nonnormal,12,random_022,0.02332562704303174,0.5906008842129937,0.58982,0.14279789356905342
19,nonnormal,12,random_023,0.012524190741946974,0.5666561606230477,0.56644,0.07667223922031033
19,nonnormal,12,random_024,0.014245527846721721,0.5710436911426069,0.5724,0.0872101472572785
19,nonnormal,12,random_025,0.025949815822835634,0.595468189475508,0.59462,0.1588629978165076
19,nonnormal,12,random_026,0.026622331921690313,0.5966731630230342,0.59974,0.16298009538179756
19,nonnormal,12,random_027,0.029190559652187392,0.6011321687614013,0.59782,0.1787026099124486
19,nonnormal,12,random_028,0.025974895286781905,0.5955134201250004,0.59532,0.1590165325796572
19,nonnormal,12,random_029,0.006846869238093314,0.5493893604380766,0.54616,0.041916065233262724
19,nonnormal,12,random_030,0.02168163410457037,0.5874032770735458,0.58902,0.13273348122885814
19,nonnormal,12,random_031,0.015949338978984054,0.5751244594452849,0.57506,0.09764076248908851
19,nonnormal,12,random_032,0.01558338786301312,0.5742677511414374,0.57216,0.0954004347837072
19,nonnormal,12,random_033,0.024274616636701468,0.5923928811644082,0.59096,0.14860754296218615
19,nonnormal,12,random_034,0.04468258038373019,0.6244062044494464,0.62428,0.2735437013656919
19,nonnormal,12,random_035,0.013288151374975674,0.5686394513901671,0.56712,0.08134915397012277
19,nonnormal,12,random_036,0.023658969389231604,0.5912346430067037,0.5902,0.14483859261593834
19,nonnormal,12,random_037,0.019849735070396453,0.583686529415117,0.58308,0.12151872062119566
19,nonnormal,12,random_038,0.020166167890329767,0.5843409840173124,0.58468,0.12345590070468208
19,nonnormal,12,random_039,0.026153716888665225,0.5958352559300351,0.59584,0.16011126619717042
19,nonnormal,12,random_040,0.03874695396628929,0.6161037739528585,0.61392,0.23720620236256879
19,nonnormal,12,random_041,0.029612915239629015,0.6018451873709803,0.60404,0.18128824193479548
19,nonnormal,12,random_042,0.016263344076505117,0.5758514781825991,0.57652,0.09956308022199364
19,nonnormal,12,random_043,0.011436237459831824,0.5637211476284288,0.56008,0.07001186362993607
19,nonnormal,12,random_044,0.015010687675811594,0.5729058656048287,0.57366,0.09189440340336708
19,nonnormal,12,random_045,0.025011202782346094,0.5937584745506468,0.59196,0.15311687297231436
19,nonnormal,12,random_046,0.004819740206073304,0.5414694964543295,0.54026,0.02950611993013711
19,nonnormal,12,random_047,0.02395795336092976,0.5917990903339672,0.59248,0.14666895204381752
19,nonnormal,12,random_048,0.0315021710537575,0.6049700245428523,0.60202,0.1928541368268357
19,nonnormal,12,random_049,0.009906394572083116,0.5593400860634086,0.5568,0.060646270093732496
19,nonnormal,12,random_050,0.010049501815427547,0.5597639633232028,0.5593,0.061522362850697156
19,nonnormal,12,random_051,0.02616868534358749,0.5958621426357966,0.59464,0.16020290205454482
19,nonnormal,12,random_052,0.02668928975571626,0.5967922470014903,0.6002,0.16339000666260517
19,nonnormal,12,random_053,0.009756032302155125,0.5588913339413452,0.55668,0.059725762560178634
19,nonnormal,12,random_054,0.018837479445011324,0.5815555456178094,0.58046,0.11532176090852621
19,nonnormal,12,random_055,0.03745603983793864,0.6142079478659817,0.61448,0.22930331435158707
19,nonnormal,12,random_056,0.01829390454852801,0.5803865408932558,0.58032,0.11199403256614827
19,nonnormal,12,random_057,0.015429973406295393,0.5739055054070238,0.56882,0.09446124197135893
19,nonnormal,12,random_058,0.016287080674697897,0.5759061388261438,0.5768,0.09970839405283606
19,nonnormal,12,random_059,0.024697648426913132,0.5931797910007738,0.594,0.15119731465164726
19,nonnormal,12,random_060,0.02784776484181929,0.5988280222316403,0.59872,0.17048211191416196
19,nonnormal,12,random_061,0.011335975873050604,0.5634435879915197,0.56402,0.06939806905233108
19,nonnormal,12,random_062,0.028223586088889294,0.5994787539630291,0.60136,0.17278286388713518
19,nonnormal,12,random_063,0.010801483910976389,0.5619422176802775,0.56246,0.06612594581324374
19,nonnormal,12,random_064,0.03527116517346865,0.6109167830976614,0.61018,0.21592766107447997
19,nonnormal,12,random_065,0.037279678598411234,0.6139462088618194,0.61156,0.22822364290415809
19,nonnormal,12,random_066,0.01808903819937719,0.5799412725699447,0.57744,0.11073985478700647
19,nonnormal,12,random_067,0.017022913630862627,0.577580573208837,0.57744,0.10421311308847729
19,nonnormal,12,random_068,0.0465925314723247,0.6269475294848916,0.62914,0.2852362913127086
19,nonnormal,12,random_069,0.011713344694901862,0.5644818509338061,0.5653,0.07170829517227988
19,nonnormal,12,random_070,0.013039321530601151,0.5680000735223273,0.56652,0.07982583467978828
19,nonnormal,12,random_071,0.01994918721359948,0.5838928025469985,0.58518,0.12212755984057104
19,nonnormal,12,random_072,0.01484786944249834,0.5725137966622966,0.57432,0.09089764131380451
19,nonnormal,12,random_073,0.016001463758766613,0.5752456543995184,0.57494,0.09795986682621816
19,nonnormal,12,random_074,0.033732795087951316,0.6085329186297307,0.6096,0.20650986461669318
19,nonnormal,12,random_075,0.02292751437880087,0.5898377047798502,0.58738,0.14036067506468256
19,nonnormal,12,random_076,0.02371724413136372,0.5913449525364316,0.59098,0.14519534660198963
19,nonnormal,12,random_077,0.0215741781919483,0.5871899098215692,0.58602,0.13207564348045966
19,nonnormal,12,random_078,0.04231712647646628,0.6211745002859349,0.6232,0.25906255431361797
19,nonnormal,12,random_079,0.019821056313069383,0.5836269467328763,0.58122,0.12134315123011659
19,nonnormal,12,random_080,0.028359582964213037,0.5997130954664869,0.6005,0.1736154274573396
19,nonnormal,12,random_081,0.013863774964503821,0.5700953010620524,0.57004,0.08487308221958141
19,nonnormal,12,random_082,0.03731792832347021,0.6140030324578931,0.6141,0.22845780510515445
19,nonnormal,12,random_083,0.016981745337650546,0.5774878959801275,0.57706,0.10396108361284215
19,nonnormal,12,random_084,0.01721893332406128,0.5780202608959499,0.5758,0.10541313224488331
19,nonnormal,12,random_085,0.023483307023916267,0.5909012594755249,0.58998,0.14376319962864104
19,nonnormal,12,random_086,0.02434934203078537,0.5925324058778034,0.58856,0.14906500671446232
19,nonnormal,12,random_087,0.03356891797793957,0.6082755528956779,0.60928,0.20550662015639684
19,nonnormal,12,random_088,0.016877837137845873,0.5772534599849586,0.57452,0.10332496471969135
19,nonnormal,12,random_089,0.03078499135712291,0.6037959209574125,0.6046,0.18846361177038246
19,nonnormal,12,random_090,0.019299784483872644,0.5825360100007608,0.5832,0.11815196074040929
19,nonnormal,12,random_091,0.03405537582891501,0.6090375672409652,0.6098,0.2084846818522848
19,nonnormal,12,random_092,0.025479964716541792,0.5946165022332763,0.5952,0.1559866014758616
19,nonnormal,12,random_093,0.01155176669153095,0.5640394304646934,0.5609,0.07071912568560779
19,nonnormal,12,random_094,0.040594052244133705,0.618757624553189,0.61738,0.24851401170053897
19,nonnormal,12,random_095,0.019395974718240845,0.5827384670754442,0.58226,0.11874083077697263
19,nonnormal,12,random_096,0.017197592493785163,0.5779725182470915,0.57688,0.1052824851413854
19,nonnormal,12,random_097,0.010341871784673246,0.5606204601534052,0.55942,0.06331223180787947
19,nonnormal,12,random_098,0.012565149914250874,0.5667640463347854,0.5662,0.07692298847204698
19,nonnormal,12,random_099,0.027861313885626106,0.5988515631164504,0.60066,0.17056505823375798
19,nonnormal,12,random_100,0.015995208984196284,0.5752311222755704,0.57516,0.09792157552404886
19,nonnormal,12,random_101,0.036400226967327906,0.6126308852281621,0.61216,0.22283970016243085
19,nonnormal,12,random_102,0.015884841524966484,0.5749742125532351,0.5758,0.09724591348643204
19,nonnormal,12,random_103,0.01622185192822661,0.5757558306516112,0.57244,0.09930906812778946
19,nonnormal,12,random_104,0.028093694568071155,0.5992543715536314,0.59854,0.17198767687968228
19,nonnormal,12,random_105,0.011725711506922972,0.5645155834004435,0.56478,0.07178400394973401
19,nonnormal,12,random_106,0.027877795252295674,0.59888019058847,0.59902,0.17066595603338464
19,nonnormal,12,random_107,0.013734080581608911,0.5697700421899222,0.56966,0.08407910207701268
19,nonnormal,12,random_108,0.017681902408544687,0.5790485240302288,0.57764,0.1082473973186522
19,nonnormal,12,random_109,0.006840433846091273,0.5493662632705999,0.54652,0.041876668203528554
19,nonnormal,12,random_110,0.02627773504783352,0.5960577751189778,0.5962,0.16087049688626934
19,nonnormal,12,random_111,0.03454966657106958,0.6098058731678754,0.61076,0.21151069597229719
19,nonnormal,12,random_112,0.03828168763769577,0.6154244975085856,0.61388,0.2343578737174612
19,nonnormal,12,random_113,0.01698500278483337,0.5774952333255672,0.5779,0.10398102548172566
19,nonnormal,12,random_114,0.018544333522690533,0.5809273261200908,0.58074,0.11352714161968389
19,nonnormal,12,random_115,0.016445694744235295,0.5762703402298189,0.57898,0.10067941853927631
19,nonnormal,12,random_116,0.04458050708295309,0.6242687190839729,0.62474,0.2729188155989032
19,nonnormal,12,random_117,0.03448907074202981,0.6097120052542272,0.60928,0.2111397324509313
19,nonnormal,12,random_118,0.0147392957803529,0.5722511136335717,0.57212,0.09023296077926442
19,nonnormal,12,random_119,0.03881691321116677,0.6162055284547883,0.61756,0.23763448807534954
19,nonnormal,12,random_120,0.015043213564188557,0.5729839246518479,0.5705,0.0920935246676368
19,nonnormal,12,random_121,0.01959879210216569,0.5831636382329692,0.58526,0.11998246493112527
19,nonnormal,12,random_122,0.030284690747494576,0.6029681892467685,0.60194,0.18540080565269731
19,nonnormal,12,random_123,0.01328861145923341,0.5686406278584025,0.5684,0.08135197057448443
19,nonnormal,12,random_124,0.012028073739369916,0.5653347148211232,0.56366,0.07363504485888539
19,nonnormal,12,random_125,0.030571884607682995,0.6034442279872664,0.59956,0.18715898682421364
19,nonnormal,12,random_126,0.06731672513201735,0.6514292422285451,0.65186,0.4121083876152738
19,nonnormal,12,random_127,0.017989963930120725,0.5797249974288183,0.57942,0.11013332888609002
20,normal,0,oracle_t0,0.12941941526472822,0.7052716985706009,0.70104,0.9999999999999998
20,normal,0,oracle_t12,0.08092168430654467,0.6652014587041319,0.66568,0.6252669596831268
20,normal,0,bottom,1.0248155056535355e-32,0.5000000000000001,0.50218,2.0843622721539852e-17
20,normal,0,random_000,0.028699972808488773,0.6002970265979463,0.6029,0.22175940719391132
20,normal,0,random_001,0.03649407992931748,0.6127720675119528,0.6068,0.28198303828423743
20,normal,0,random_002,0.02480896155195772,0.5933856677923115,0.59232,0.19169427941867015
20,normal,0,random_003,0.02008855761145259,0.5841809679872978,0.58476,0.15522058703758873
20,normal,0,random_004,0.025354562141528578,0.5943877868729275,0.59554,0.1959100347476123
20,normal,0,random_005,0.02982261641550541,0.6021971894911624,0.6034,0.23043386770449428
20,normal,0,random_006,0.022450237137771164,0.5889135250871773,0.58912,0.17346885003188325
20,normal,0,random_007,0.05000535335421411,0.6313489326645868,0.6291,0.38638216106855244
20,normal,0,random_008,0.03440444683695344,0.6095807670575621,0.60836,0.265836828010534
20,normal,0,random_009,0.025145577549788196,0.5940052982174601,0.5952,0.19429524927425118
20,normal,0,random_010,0.033858045809559784,0.6087291692440862,0.61006,0.26161488784586867
20,normal,0,random_011,0.046561558091604144,0.6269067804517345,0.62778,0.3597725889609545
20,normal,0,random_012,0.026218469239108668,0.5959515071620948,0.59408,0.2025852858744464
20,normal,0,random_013,0.024566775649889624,0.5929371107139256,0.58886,0.1898229535316484
20,normal,0,random_014,0.04044509461496168,0.618546078592212,0.61418,0.3125118015116278
20,normal,0,random_015,0.026913988112258817,0.5971907180413445,0.60044,0.20795943218570473
20,normal,0,random_016,0.02496781274639427,0.5936786248807865,0.59404,0.19292169335893272
20,normal,0,random_017,0.029775879722483835,0.602118852419018,0.60222,0.23007274188016594
20,normal,0,random_018,0.022964597267352536,0.5899090853290911,0.5893,0.1774432160768019
20,normal,0,random_019,0.02650205065566434,0.5964588444199808,0.58942,0.20477646728239524
20,normal,0,random_020,0.03730842717860185,0.6139889205533187,0.61586,0.2882753495855875
20,normal,0,random_021,0.034051272519528844,0.6090311641743575,0.60774,0.2631079150672775
20,normal,0,random_022,0.027385526970754925,0.5980212287592613,0.60166,0.2116029261508998
20,normal,0,random_023,0.018841837983431503,0.5815648475032851,0.57986,0.14558741395091618
20,normal,0,random_024,0.04703731928429283,0.6275310558169163,0.62826,0.36344870812526625
20,normal,0,random_025,0.020990937656703415,0.5860219729108647,0.58774,0.1621931115495021
20,normal,0,random_026,0.025350557729657462,0.5943804735900171,0.59498,0.19587909339416132
20,normal,0,random_027,0.020859631945714628,0.5857566980442049,0.58886,0.16117853648964578
20,normal,0,random_028,0.05650576219734489,0.6392909253770089,0.6384,0.4366096236933384
20,normal,0,random_029,0.03034654405731953,0.6030709173998651,0.60218,0.23448216015537907
20,normal,0,random_030,0.04998170451208206,0.6313190170165641,0.63398,0.38619943081835245
20,normal,0,random_031,0.03355721481482469,0.6082571474860835,0.60554,0.2592904221223932
20,normal,0,random_032,0.018127539849572282,0.580025153774061,0.57892,0.14006816374878747
20,normal,0,random_033,0.031589847623919504,0.6051125754507416,0.601,0.24408893796423264
20,normal,0,random_034,0.029817953223699047,0.6021893762886346,0.60008,0.23039783607974304
20,normal,0,random_035,0.03219980840039309,0.6060984805185246,0.60484,0.24880199261083175
20,normal,0,random_036,0.052487602359183975,0.6344462166789155,0.63468,0.40556204223160985
20,normal,0,random_037,0.023522460431316394,0.5909756807813843,0.59344,0.18175372206095242
20,normal,0,random_038,0.0356959478156539,0.611565103920768,0.61414,0.2758160183511695
20,normal,0,random_039,0.04441803673636409,0.6240495255869936,0.6206,0.3432099939990202
20,normal,0,random_040,0.03663393134744474,0.6129820809288595,0.61438,0.28306364445017623
20,normal,0,random_041,0.03738180484444809,0.6140978567593537,0.6121,0.2888423253032273
20,normal,0,random_042,0.043734704912127484,0.6231227626428263,0.62404,0.3379300147714921
20,normal,0,random_043,0.042089846434366786,0.620858826113032,0.6233,0.32522049607681913
20,normal,0,random_044,0.03334695392181238,0.6079258831032224,0.60748,0.257665774904028
20,normal,0,random_045,0.0312918442108259,0.6046271915964877,0.602,0.2417863204436385
20,normal,0,random_046,0.021000244716951263,0.5860407428018481,0.58542,0.1622650254909213
20,normal,0,random_047,0.03637754605175651,0.612596736966206,0.61292,0.2810826024622814
20,normal,0,random_048,0.050538089404753204,0.6320207657085211,0.6365,0.3904985144723242
20,normal,0,random_049,0.05793734181721897,0.6409699571373937,0.63772,0.4476711759105676
20,normal,0,random_050,0.03780361364613373,0.6147218356084392,0.61584,0.29210156427307443
20,normal,0,random_051,0.030836516827280114,0.6038807586035588,0.60376,0.2382680895613986
20,normal,0,random_052,0.03723009326294919,0.6138724980912894,0.61282,0.2876700778379719
20,normal,0,random_053,0.0331954949102832,0.607686564393041,0.60808,0.25649547900043906
20,normal,0,random_054,0.023345689081137058,0.5906391609579491,0.59438,0.18038784237576178
20,normal,0,random_055,0.04997036170571413,0.6313046656385739,0.62992,0.3861117870413756
20,normal,0,random_056,0.02956837620678056,0.6017702536176295,0.60194,0.22846940040872735
20,normal,0,random_057,0.016247206906739836,0.575814293890312,0.57496,0.12553917720541444
20,normal,0,random_058,0.0454909915799332,0.6254890215935272,0.62506,0.35150051858047004
20,normal,0,random_059,0.042579075325119224,0.6215371771851523,0.6214,0.3290006776651206
20,normal,0,random_060,0.03779477809003366,0.6147088040619306,0.6134,0.2920332935574171
20,normal,0,random_061,0.025857332272294527,0.5953011957487525,0.59738,0.19979484700501218
20,normal,0,random_062,0.014873548607703771,0.572575779555222,0.5695,0.11492517237293826
20,normal,0,random_063,0.04127780133893816,0.6197232735231837,0.61922,0.3189459730945635
20,normal,0,random_064,0.04392994668898727,0.6233883647134013,0.6258,0.3394386120438597
20,normal,0,random_065,0.02264006625504041,0.5892823272274301,0.5861,0.17493562467988286
20,normal,0,random_066,0.042605346170494274,0.6215734825273246,0.6172,0.32920366765175657
20,normal,0,random_067,0.030640205485031324,0.6035571211622468,0.60758,0.23675122795414108
20,normal,0,random_068,0.03127990512642062,0.6046076939357135,0.6049,0.24169406933602175
20,normal,0,random_069,0.032154132717028876,0.6060250015977163,0.606,0.24844906501282976
20,normal,0,random_070,0.013876555116248438,0.5701272671753119,0.56986,0.10722158717734787
20,normal,0,random_071,0.03509143246384198,0.610641199119011,0.61142,0.27114503949861174
20,normal,0,random_072,0.03575999334209422,0.6116624906954852,0.61264,0.27631088634535195
20,normal,0,random_073,0.03869687781242689,0.6160308777181959,0.61388,0.2990036520662079
20,normal,0,random_074,0.0407553822877366,0.6189862642471898,0.6169,0.3149093372456613
20,normal,0,random_075,0.0213773193950448,0.5867975716831609,0.5885,0.16517861212181614
20,normal,0,random_076,0.02748197982081018,0.5981901718111238,0.59654,0.21234819956955928
20,normal,0,random_077,0.024326118190331515,0.5924890673268575,0.59782,0.18796343763856665
20,normal,0,random_078,0.032630675513958374,0.6067888873510033,0.6031,0.2521312234892432
20,normal,0,random_079,0.03032559606964623,0.6030361387794965,0.60162,0.23432029891044573
20,normal,0,random_080,0.042695934744793565,0.6216985786173447,0.62498,0.32990362889106517
20,normal,0,random_081,0.03067703404769886,0.6036179207439999,0.60246,0.23703579547897655
20,normal,0,random_082,0.034773946329537044,0.6101525312270676,0.6112,0.2686918825773298
20,normal,0,random_083,0.031814359150891744,0.6054766393308961,0.6034,0.24582369720814506
20,normal,0,random_084,0.04816215662451266,0.628993268615806,0.62516,0.3721401192085181
20,normal,0,random_085,0.028105553511317383,0.5992748802529146,0.59926,0.21716643869721786
20,normal,0,random_086,0.037182925169394476,0.6138023312690486,0.6137,0.2873056186611303
20,normal,0,random_087,0.035549696594120675,0.6113423618429226,0.61036,0.2746859620823007
20,normal,0,random_088,0.03899626412712706,0.6164659366370588,0.61496,0.30131695501297057
20,normal,0,random_089,0.02204593016735422,0.5881225352718463,0.58944,0.17034484449075224
20,normal,0,random_090,0.037309692148465155,0.613990799506021,0.61408,0.28828512377488286
20,normal,0,random_091,0.0405958529734415,0.6187601793114282,0.61852,0.3136766835980709
20,normal,0,random_092,0.022144490039588287,0.5883160559450521,0.59188,0.1711063984819556
20,normal,0,random_093,0.03622326510077047,0.6123641462062325,0.61112,0.2798905019519332
20,normal,0,random_094,0.019494976306287937,0.5829462949868346,0.58394,0.15063409355088528
20,normal,0,random_095,0.04368841396727345,0.6230596941299925,0.62484,0.33757233316120705
20,normal,0,random_096,0.027875676721209032,0.5988765112888323,0.59816,0.21539022305261665
20,normal,0,random_097,0.03817329139925286,0.615265598740102,0.61268,0.29495799622621643
20,normal,0,random_098,0.03745123678079648,0.6142008284735945,0.60984,0.2893788130953129
20,normal,0,random_099,0.025138934618996522,0.5939931126741025,0.59512,0.19424392057076348
20,normal,0,random_100,0.02540378385449251,0.5944776309772717,0.59508,0.196290361863627
20,normal,0,random_101,0.04387317625701071,0.6233112026048022,0.62168,0.3389999573654993
20,normal,0,random_102,0.035756192911292894,0.6116567144419445,0.61096,0.2762815211160813
20,normal,0,random_103,0.026764575098938724,0.5969259524296342,0.59614,0.20680494533367816
20,normal,0,random_104,0.022008805416813736,0.5880495237414655,0.58946,0.17005798837674072
20,normal,0,random_105,0.03120236314293518,0.6044809634517752,0.6066,0.2410949167024944
20,normal,0,random_106,0.046562685770974915,0.6269082643058357,0.62384,0.3597813023318848
20,normal,0,random_107,0.05223127913888302,0.6341302216217622,0.63046,0.40358147988880655
20,normal,0,random_108,0.04563961543935915,0.6256869374226917,0.62744,0.35264890778561336
20,normal,0,random_109,0.02254533413069999,0.5890984845178859,0.59032,0.17420364699209434
20,normal,0,random_110,0.020855854830006293,0.5857490542804541,0.58404,0.16114935141180714
20,normal,0,random_111,0.03344192336018793,0.6080756453485697,0.6115,0.25839958627368437
20,normal,0,random_112,0.02576304001933607,0.5951306104549904,0.59574,0.1990662681224266
20,normal,0,random_113,0.0445986989496351,0.6242932348883646,0.62414,0.3446059376671436
20,normal,0,random_114,0.03781227427376975,0.6147346075496868,0.61716,0.29216848334868845
20,normal,0,random_115,0.04998127457513143,0.6313184730759555,0.63006,0.386196108774672
20,normal,0,random_116,0.03187239930801272,0.6055705321334184,0.60228,0.246272162818983
20,normal,0,random_117,0.031152498728492885,0.6043993786586406,0.60442,0.24070962355045608
20,normal,0,random_118,0.03709683148346725,0.6136741346357228,0.61334,0.2866403885969152
20,normal,0,random_119,0.03837742545034521,0.6155646371229782,0.61424,0.29653530246481136
20,normal,0,random_120,0.02190014529775946,0.587835454745643,0.58478,0.16921839163747235
20,normal,0,random_121,0.022696478155748986,0.5893916114949502,0.58808,0.1753715090531293
20,normal,0,random_122,0.008957223476724407,0.5564457452254378,0.55936,0.06921081708182925
20,normal,0,random_123,0.034042319880389874,0.6090171924613457,0.60312,0.2630387396725297
20,normal,0,random_124,0.030653422915899127,0.6035789460617019,0.60344,0.2368533566095733
20,normal,0,random_125,0.03469640838387439,0.6100328213533475,0.6077,0.26809276114331576
20,normal,0,random_126,0.03149330052334816,0.6049555903651699,0.60628,0.24334293628918358
20,normal,0,random_127,0.043757977991549,0.6231544569068675,0.62294,0.338109841572393
20,normal,12,oracle_t0,0.04572523021962415,0.625800785574539,0.62568,0.5237332673487085
20,normal,12,oracle_t12,0.08730633142916189,0.671194766373292,0.67186,1.0000000000000009
20,normal,12,bottom,5.193482012540401e-33,0.5,0.5,-5.563453513353654e-17
20,normal,12,random_000,0.016258621317449734,0.5758405976810779,0.57372,0.1862249971027769
20,normal,12,random_001,0.021604513661953855,0.587250201058225,0.58442,0.2474564365298435
20,normal,12,random_002,0.015802538620137824,0.5747820283143116,0.57372,0.18100106099360747
20,normal,12,random_003,0.016903695430307848,0.5773118709008624,0.57888,0.19361362633846413
20,normal,12,random_004,0.0185172321262725,0.5808689866673473,0.5827,0.21209495145603413
20,normal,12,random_005,0.027456972122348287,0.5981463995677077,0.595,0.31449004525663976
20,normal,12,random_006,0.03690476682937595,0.6133875613427677,0.61246,0.4227043586102294
20,normal,12,random_007,0.032640826218852656,0.6068050933389156,0.60398,0.37386551106361177
20,normal,12,random_008,0.01542537123346538,0.5738946099267306,0.57546,0.17668101477819098
20,normal,12,random_009,0.02284668146189597,0.5896818994953867,0.58544,0.2616841308975765
20,normal,12,random_010,0.02284513063361114,0.5896789074459357,0.58884,0.2616663678297732
20,normal,12,random_011,0.019751473176002947,0.5834821941239359,0.58176,0.22623185343698474
20,normal,12,random_012,0.025830100422654927,0.5952519641152181,0.59448,0.2958559820327902
20,normal,12,random_013,0.02871475752186429,0.6003223057029603,0.59924,0.3288966224077657
20,normal,12,random_014,0.025209756970439277,0.5941229390613236,0.59162,0.2887506158805201
20,normal,12,random_015,0.01598176043471527,0.5751998664152952,0.57672,0.1830538538626202
20,normal,12,random_016,0.013511760736047308,0.5692087845921893,0.56984,0.1547626674362147
20,normal,12,random_017,0.01769452263596439,0.5790763566709705,0.57424,0.20267170028007978
20,normal,12,random_018,0.01514864606294837,0.5732363546610061,0.5708,0.1735114259753269
20,normal,12,random_019,0.0317853747340517,0.6054297162589707,0.60484,0.36406723560297083
20,normal,12,random_020,0.018397056461728224,0.580609754802508,0.57582,0.2107184686445695
20,normal,12,random_021,0.017009942861414773,0.5775513862419533,0.5778,0.1948305762362289
20,normal,12,random_022,0.027352567743347413,0.597963426271877,0.59808,0.3132942055358334
20,normal,12,random_023,0.01868588971363589,0.5812313258422794,0.58128,0.21402674247969247
20,normal,12,random_024,0.03212021132719951,0.6059703957022688,0.6035,0.36790242816766455
20,normal,12,random_025,0.021165049230166582,0.586372391373318,0.5866,0.24242284475484327
20,normal,12,random_026,0.005205970576690737,0.5430928278784612,0.53818,0.05962878626866523
20,normal,12,random_027,0.01714602394009034,0.577857024474674,0.5735,0.19638923843687317
20,normal,12,random_028,0.022799178173133025,0.589590201780316,0.58946,0.2611400318845342
20,normal,12,random_029,0.02389557724648525,0.591681639101561,0.59254,0.27369810247809506
20,normal,12,random_030,0.02516862897860718,0.5940475697102244,0.59352,0.288279539027801
20,normal,12,random_031,0.029500479710627355,0.6016559066857529,0.6015,0.33789622387882956
20,normal,12,random_032,0.03218905610596854,0.6060811882290895,0.6048,0.3686909709645279
20,normal,12,random_033,0.018341622918915647,0.5804898815184176,0.57446,0.2100835371120545
20,normal,12,random_034,0.03229896510415508,0.6062578027453324,0.60298,0.3699498601697822
20,normal,12,random_035,0.02507390063797574,0.5938737268220282,0.59064,0.2871945279056889
20,normal,12,random_036,0.03524433520454027,0.6108756929282426,0.6088,0.4036859025869922
20,normal,12,random_037,0.017303623544912737,0.5782094233385087,0.5794,0.19819437217966795
20,normal,12,random_038,0.023026200088993906,0.5900275302498338,0.59256,0.26374032343435266
20,normal,12,random_039,0.02796680033379475,0.5990346336441601,0.59362,0.32032957834777787
20,normal,12,random_040,0.014934934535670078,0.5727237256534196,0.5692,0.17106359059179926
20,normal,12,random_041,0.02261499686632918,0.5892337154934656,0.58676,0.259030433373305
20,normal,12,random_042,0.023433124899978938,0.5908057796324172,0.5901,0.2684012088973409
20,normal,12,random_043,0.027965487300891108,0.5990323571480606,0.5984,0.3203145389699671
20,normal,12,random_044,0.03650607400505444,0.6127900959446416,0.61286,0.41813776168884814
20,normal,12,random_045,0.02068308712431793,0.5853986458293253,0.58454,0.23690248789229762
20,normal,12,random_046,0.020808558269286237,0.5856532786323024,0.58674,0.23833962472893258
20,normal,12,random_047,0.028158022838485782,0.599365564852323,0.59554,0.32251982619762815
20,normal,12,random_048,0.017945480624128138,0.5796276906121536,0.58048,0.20554615375963498
20,normal,12,random_049,0.024182580420354115,0.5922207226517932,0.58874,0.2769854147402271
20,normal,12,random_050,0.02935571386729636,0.6014116318826792,0.60198,0.3362380870523102
20,normal,12,random_051,0.024717936893719747,0.5932173515408348,0.59172,0.2831173465784123
20,normal,12,random_052,0.030336641163451333,0.6030544778495254,0.60512,0.3474735527980091
20,normal,12,random_053,0.021386785946670584,0.5868164816850046,0.58514,0.24496260003804293
20,normal,12,random_054,0.010246935361441185,0.560343718125527,0.55982,0.11736760889736038
20,normal,12,random_055,0.03097169010929372,0.6041029643154825,0.60366,0.35474735454236084
20,normal,12,random_056,0.031859239243423904,0.6055492508524838,0.60578,0.3649132740077816
20,normal,12,random_057,0.02161676973998656,0.5872745472178096,0.5854,0.24759681670424866
20,normal,12,random_058,0.030283513229481293,0.6029662324969913,0.60254,0.34686502953170795
20,normal,12,random_059,0.03222042410824849,0.6061316269042457,0.60864,0.3690502576481677
20,normal,12,random_060,0.031066337399743453,0.6042582424642389,0.60826,0.3558314373219302
20,normal,12,random_061,0.02125554610701705,0.5865539299137479,0.58506,0.24345938901651448
20,normal,12,random_062,0.01140079245398542,0.5636231664114698,0.56072,0.13058379922005708
20,normal,12,random_063,0.010634948791589934,0.5614666826528318,0.5591,0.12181188485990696
20,normal,12,random_064,0.018440208894067826,0.580702940442725,0.58222,0.21121273328303522
20,normal,12,random_065,0.012706792702723412,0.5671357437324916,0.56542,0.14554262554295255
20,normal,12,random_066,0.02239496601094848,0.5888058360560733,0.58766,0.25651021689210707
20,normal,12,random_067,0.023327849231127445,0.5906051248210218,0.59268,0.267195389489651
20,normal,12,random_068,0.02847290159582673,0.5999079030719922,0.59466,0.3261264232471952
20,normal,12,random_069,0.03587338324677093,0.6118346790538504,0.60986,0.41089097044327993
20,normal,12,random_070,0.02120091307881079,0.5864443835184247,0.58906,0.2428336265166827
20,normal,12,random_071,0.030108435578485603,0.6026748423883117,0.60366,0.34485970359337387
20,normal,12,random_072,0.033296642363754445,0.6078464512844506,0.60946,0.3813771787074861
20,normal,12,random_073,0.02993402143200217,0.6023836557283067,0.60434,0.34286197738465135
20,normal,12,random_074,0.022538456407805052,0.5890851214171476,0.58616,0.2581537448528827
20,normal,12,random_075,0.014928678758055494,0.5727086630149228,0.57318,0.1709919373965249
20,normal,12,random_076,0.01370838875988496,0.569705422370065,0.57112,0.1570148296862938
20,normal,12,random_077,0.029450350515462215,0.6015713922296732,0.60012,0.33732204793597936
20,normal,12,random_078,0.012164066801685348,0.5656996853235651,0.5614,0.13932628484745085
20,normal,12,random_079,0.018905835500969,0.5817013005123575,0.5815,0.21654598459802119
20,normal,12,random_080,0.03076626052013683,0.6037650614722548,0.6026,0.3523943798405938
20,normal,12,random_081,0.019377926885568157,0.5827005207662086,0.58404,0.22195328297914946
20,normal,12,random_082,0.01840604684219651,0.5806291784830809,0.57948,0.21082144377044088
20,normal,12,random_083,0.022921525614792392,0.5898261713650217,0.59028,0.2625413900639078
20,normal,12,random_084,0.018863645464742958,0.5816113716590408,0.58068,0.21606274317056204
20,normal,12,random_085,0.012118344208943536,0.5655772125639238,0.56498,0.13880258178957006
20,normal,12,random_086,0.022232191925221943,0.5884878773459105,0.584,0.25464581504332934
20,normal,12,random_087,0.03273808017914626,0.6069602260804257,0.6093,0.37497945043893094
20,normal,12,random_088,0.0207411700120982,0.5855166202123455,0.58508,0.23756776481814573
20,normal,12,random_089,0.02608820556565754,0.5957174869271822,0.5948,0.2988122984737352
20,normal,12,random_090,0.01780095449223143,0.5793106720224398,0.57714,0.20389076256943267
20,normal,12,random_091,0.02686897782747587,0.5971110402883951,0.59652,0.30775520386258237
20,normal,12,random_092,0.013685102360072695,0.5696467986935383,0.57018,0.1567481090552573
20,normal,12,random_093,0.03308379871263632,0.6075096983208326,0.60644,0.3789392839106942
20,normal,12,random_094,0.015697608561426275,0.5745362546316551,0.57072,0.17979920017785797
20,normal,12,random_095,0.019577475094060128,0.583119059197078,0.583,0.22423889279948503
20,normal,12,random_096,0.026294358033656234,0.5960875585593204,0.59696,0.30117355297411424
20,normal,12,random_097,0.029060258719858897,0.6009110869631241,0.60032,0.3328539665354931
20,normal,12,random_098,0.016487452481406106,0.5763659190125905,0.57368,0.1888460116410185
20,normal,12,random_099,0.021637915012461997,0.5873165343619255,0.58608,0.2478390130275771
20,normal,12,random_100,0.017362959940651894,0.5783416696017648,0.57802,0.1988740066891915
20,normal,12,random_101,0.02755658602960003,0.5983206333332107,0.59894,0.31563101528276627
20,normal,12,random_102,0.020841812019708257,0.5857206294335064,0.5851,0.2387205106266408
20,normal,12,random_103,0.018594398023154775,0.5810349801118024,0.57488,0.2129788036992691
20,normal,12,random_104,0.02334226535551496,0.5906326299918929,0.58872,0.26736051066874
20,normal,12,random_105,0.013243754515364952,0.5685258266211934,0.56724,0.15169294481363715
20,normal,12,random_106,0.03503689070637829,0.6105574197531507,0.60928,0.40130984927257374
20,normal,12,random_107,0.02757977352176662,0.598361142356911,0.59844,0.31589660303324235
20,normal,12,random_108,0.025666408218796278,0.5949554496499757,0.59734,0.2939810641295972
20,normal,12,random_109,0.025043830988548677,0.5938184712962156,0.59428,0.28685011245568853
20,normal,12,random_110,0.023419983010774942,0.5907807572213276,0.58774,0.26825068270996283
20,normal,12,random_111,0.036652830151950096,0.6130104277672461,0.61064,0.4198186952991982
20,normal,12,random_112,0.018759437508399746,0.5813888001978432,0.5804,0.21486915325975744
20,normal,12,random_113,0.04278566361189785,0.6218223442036187,0.61752,0.4900636976897039
20,normal,12,random_114,0.026226905388101747,0.5959666415569113,0.5981,0.30040095556393426
20,normal,12,random_115,0.026243570984748894,0.5959965319515574,0.59302,0.3005918420251374
20,normal,12,random_116,0.040267262547282745,0.6182929685384466,0.61694,0.4612181257433158
20,normal,12,random_117,0.02604409733125864,0.5956381058199324,0.59806,0.2983070861520528
20,normal,12,random_118,0.037346258976476136,0.614045099985316,0.61538,0.4277611756803452
20,normal,12,random_119,0.02371855057460753,0.5913474238944392,0.59104,0.27167045260459916
20,normal,12,random_120,0.013206866213257772,0.5684312692200434,0.56732,0.15127042904068755
20,normal,12,random_121,0.02431504818824131,0.5924684016582571,0.59568,0.2785026903572273
20,normal,12,random_122,0.015305510660751889,0.5736102497719193,0.57518,0.17530814100430264
20,normal,12,random_123,0.019285926909055333,0.5825067998241971,0.58088,0.2208995223296429
20,normal,12,random_124,0.02635222205946273,0.5961911559678169,0.59482,0.3018363230717611
20,normal,12,random_125,0.02897626193119776,0.6007682894430466,0.59802,0.3318918737836141
20,normal,12,random_126,0.02392193835285863,0.5917312954868207,0.59116,0.27400004056141447
20,normal,12,random_127,0.026398368841055987,0.5962736889708203,0.59674,0.3023648847560954
20,nonnormal,0,oracle_t0,0.243770609804479,0.7705310771445332,0.77342,1.0000000000000009
20,nonnormal,0,oracle_t12,0.18696298597331923,0.7416977239518214,0.74196,0.7669627857241557
20,nonnormal,0,bottom,2.2451854283426005e-32,0.5000000000000001,0.49978,-1.571659697544658e-17
20,nonnormal,0,random_000,0.027791205011173017,0.5987296861575424,0.5955,0.11400556052866058
20,nonnormal,0,random_001,0.07198058617323694,0.6563191342712059,0.65942,0.2952800020928299
20,nonnormal,0,random_002,0.032604422700878634,0.6067469611803138,0.60376,0.13375042515186575
20,nonnormal,0,random_003,0.046009554758317445,0.6261780312377985,0.62672,0.18874118908436235
20,nonnormal,0,random_004,0.06164020499714216,0.6452068214403803,0.6443,0.2528615120854067
20,nonnormal,0,random_005,0.018848779258106123,0.581579659086031,0.5807,0.07732178736897027
20,nonnormal,0,random_006,0.03497115190246723,0.6104563475114739,0.60878,0.14345926250304153
20,nonnormal,0,random_007,0.02118311346116077,0.5864086610153181,0.58374,0.08689773339842365
20,nonnormal,0,random_008,0.07282482714623406,0.6571844763208868,0.65756,0.2987432619733965
20,nonnormal,0,random_009,0.04655537917570339,0.6268986495881788,0.62564,0.1909802794235288
20,nonnormal,0,random_010,0.02707140357793702,0.5974688225000635,0.60062,0.11105277867438654
20,nonnormal,0,random_011,0.036144513337477306,0.6122452151461684,0.61232,0.14827264601941856
20,nonnormal,0,random_012,0.04101578084284717,0.6193542656422669,0.62,0.1682556435976622
20,nonnormal,0,random_013,0.03240638327788331,0.6064301035268587,0.60678,0.13293802441514802
20,nonnormal,0,random_014,0.02047689978196462,0.5849784447927182,0.58582,0.0840006914631281
20,nonnormal,0,random_015,0.05694543798294296,0.6398091286481951,0.63908,0.23360255786625475
20,nonnormal,0,random_016,0.026752470721656808,0.5969044687334553,0.59686,0.10974444681052477
20,nonnormal,0,random_017,0.03731566181232404,0.613999666220564,0.6134,0.15307695149244538
20,nonnormal,0,random_018,0.04395947428831956,0.6234284768326458,0.61956,0.18033131362135144
20,nonnormal,0,random_019,0.04496685616111436,0.6247881948650905,0.62392,0.1844638129148585
20,nonnormal,0,random_020,0.05753311953881311,0.6404982597235083,0.63974,0.23601335528084674
20,nonnormal,0,random_021,0.04961605555915247,0.6308554677868558,0.6316,0.2035358388730619
20,nonnormal,0,random_022,0.029140456504360673,0.6010472210098222,0.59506,0.11954048327537664
20,nonnormal,0,random_023,0.02460992257061225,0.5930171942215143,0.59562,0.10095524883147783
20,nonnormal,0,random_024,0.0376975214147197,0.6145652510027299,0.61366,0.1546434225395579
20,nonnormal,0,random_025,0.048564947559429944,0.6295122638962134,0.62868,0.1992239655075009
20,nonnormal,0,random_026,0.03737424331253568,0.614086636297176,0.61322,0.15331726553300443
20,nonnormal,0,random_027,0.03781587057310409,0.6147399105931648,0.6141,0.15512891649832228
20,nonnormal,0,random_028,0.03728224218859765,0.6139500183059102,0.61396,0.15293985693558643
20,nonnormal,0,random_029,0.029784220214797562,0.6021328370280866,0.60234,0.12218134187171535
20,nonnormal,0,random_030,0.02329190452784769,0.5905365053278561,0.59142,0.09554845248378975
20,nonnormal,0,random_031,0.038530452114336984,0.6157882415395384,0.61466,0.1580602852215906
20,nonnormal,0,random_032,0.037335749199321054,0.6140294962804994,0.61536,0.1531593543178439
20,nonnormal,0,random_033,0.06446241246231046,0.6483396560884322,0.64874,0.26443882022534987
20,nonnormal,0,random_034,0.033841783514973245,0.6087037105611538,0.60926,0.1388263480249598
20,nonnormal,0,random_035,0.0254836240837214,0.5946231674210111,0.59504,0.10453936224781592
20,nonnormal,0,random_036,0.04074992101751326,0.6189785325279343,0.61838,0.1671650288367313
20,nonnormal,0,random_037,0.035346467747578984,0.6110320191598161,0.61016,0.14499888963615978
20,nonnormal,0,random_038,0.03444676916975213,0.6096464239662521,0.61058,0.14130813061254946
20,nonnormal,0,random_039,0.0487126089402662,0.629701927091729,0.62738,0.1998297045707731
20,nonnormal,0,random_040,0.03338499933664523,0.6079859063880668,0.60614,0.13695252009018788
20,nonnormal,0,random_041,0.03417176449259715,0.6092190148871774,0.61006,0.1401800016827513
20,nonnormal,0,random_042,0.020970125097001135,0.5859799836816184,0.5885,0.08602400885742811
20,nonnormal,0,random_043,0.057705206498253864,0.6406993005702841,0.63938,0.23671929337395306
20,nonnormal,0,random_044,0.03498455737715539,0.6104769665029255,0.60802,0.1435142546725196
20,nonnormal,0,random_045,0.018721174167888002,0.5813069141765246,0.58316,0.07679832356699483
20,nonnormal,0,random_046,0.05752464655281704,0.6404883523779477,0.63902,0.23597859725155487
20,nonnormal,0,random_047,0.03956212141706393,0.6172832881646755,0.61898,0.16229241682906534
20,nonnormal,0,random_048,0.06317741848688496,0.6469231476748387,0.6474,0.25916749577628617
20,nonnormal,0,random_049,0.0366850068883999,0.6130586723478394,0.61104,0.15048986798623448
20,nonnormal,0,random_050,0.032532952788031075,0.6066327306827033,0.60816,0.1334572400426975
20,nonnormal,0,random_051,0.035175079295131445,0.6107695492313425,0.61156,0.14429581697048846
20,nonnormal,0,random_052,0.026923226677226922,0.597207063519364,0.5966,0.1104449248365964
20,nonnormal,0,random_053,0.03964726928765758,0.6174057277177232,0.617,0.1626417118924118
20,nonnormal,0,random_054,0.039625391812038564,0.6173742823808455,0.61484,0.1625519657345933
20,nonnormal,0,random_055,0.04184042981927624,0.6205113303518572,0.62122,0.17163853285199238
20,nonnormal,0,random_056,0.030842202324457276,0.6038901152359808,0.60592,0.12652141432962277
20,nonnormal,0,random_057,0.028626466819965463,0.6001712420350916,0.59784,0.11743198592695772
20,nonnormal,0,random_058,0.05442971107443274,0.6368128794709946,0.63462,0.22328249955189108
20,nonnormal,0,random_059,0.05659059072086977,0.6393910810577459,0.6385,0.2321468973075113
20,nonnormal,0,random_060,0.02268001147539521,0.5893597260934518,0.58838,0.09303833425032729
20,nonnormal,0,random_061,0.049493011529095805,0.6306990526235994,0.62806,0.20303108553074833
20,nonnormal,0,random_062,0.03073632682862633,0.603715724167688,0.6047,0.12608709004452598
20,nonnormal,0,random_063,0.04253645901482436,0.6214782568995013,0.61898,0.17449379582280897
20,nonnormal,0,random_064,0.03714085864502981,0.6137397127970825,0.61444,0.15235987092463438
20,nonnormal,0,random_065,0.046035807801286126,0.6262127991973491,0.62272,0.18884888477003064
20,nonnormal,0,random_066,0.04281487906954155,0.6218626112112124,0.6214,0.17563593537335
20,nonnormal,0,random_067,0.029784109406498404,0.6021326512481036,0.59714,0.12218088731199946
20,nonnormal,0,random_068,0.04648358573003114,0.6268041325344654,0.62662,0.19068576711242693
20,nonnormal,0,random_069,0.04136869773470568,0.6198509853339078,0.6179,0.1697033853584166
20,nonnormal,0,random_070,0.04151282332430284,0.6200531715581921,0.61928,0.17029461983788383
20,nonnormal,0,random_071,0.04856272507494808,0.6295094067912788,0.6313,0.19921484839332682
20,nonnormal,0,random_072,0.053172601834057046,0.635286472474185,0.63578,0.2181255643438936
20,nonnormal,0,random_073,0.025335594491918773,0.5943531407289739,0.5919,0.10393211270316674
20,nonnormal,0,random_074,0.016913476855741683,0.5773339539285183,0.57788,0.06938275647465245
20,nonnormal,0,random_075,0.026717036937665473,0.5968415487366301,0.5967,0.10959908973068748
20,nonnormal,0,random_076,0.047458232626779354,0.6280804576635036,0.6275,0.1946839804225956
20,nonnormal,0,random_077,0.03483311199514641,0.6102437796000878,0.60886,0.14289299281437182
20,nonnormal,0,random_078,0.03792056828479733,0.6148941763317247,0.61546,0.15555840925701542
20,nonnormal,0,random_079,0.05042128521537364,0.6318738026882867,0.63146,0.2068390658570985
20,nonnormal,0,random_080,0.06546176614996391,0.6494301540113138,0.65064,0.26853838615930303
20,nonnormal,0,random_081,0.03328094315231062,0.6078216521874656,0.60768,0.13652565901609015
20,nonnormal,0,random_082,0.03223042644775107,0.6061477047868543,0.60604,0.13221621127174493
20,nonnormal,0,random_083,0.017634992227537692,0.5789449777046405,0.57952,0.07234256927724873
20,nonnormal,0,random_084,0.02581536338419118,0.595225310019441,0.59184,0.10590022892791266
20,nonnormal,0,random_085,0.062182776319407496,0.6458153695026749,0.64858,0.2550872575216612
20,nonnormal,0,random_086,0.03929473887378928,0.6168978663378925,0.61802,0.1611955555483347
20,nonnormal,0,random_087,0.018595523807018562,0.581037399154666,0.58026,0.07628287848946796
20,nonnormal,0,random_088,0.0664748359025932,0.6505259146391063,0.65058,0.27269421837156954
20,nonnormal,0,random_089,0.054578766214421245,0.6369925486180966,0.63962,0.22389395611799662
20,nonnormal,0,random_090,0.0374151362318364,0.6141473021278615,0.61344,0.15348501717186488
20,nonnormal,0,random_091,0.030193321518353043,0.6028162347870968,0.60374,0.12385956429517986
20,nonnormal,0,random_092,0.02442944041965058,0.5926817123318475,0.5927,0.10021487183891732
20,nonnormal,0,random_093,0.052833818642379654,0.6348716652402984,0.63526,0.21673580209179483
20,nonnormal,0,random_094,0.05609433221176554,0.6388039505294998,0.63848,0.23011113709219144
20,nonnormal,0,random_095,0.07220724760181162,0.6565520377904303,0.65502,0.2962098165144967
20,nonnormal,0,random_096,0.03976745334877878,0.6175783045720719,0.62032,0.16313473302083079
20,nonnormal,0,random_097,0.017074450739905697,0.5776964286499595,0.57902,0.07004310631868464
20,nonnormal,0,random_098,0.03264506607158636,0.6068118616248005,0.6088,0.13391715308818403
20,nonnormal,0,random_099,0.029577489922204683,0.6017855916910445,0.60246,0.12133328929983771
20,nonnormal,0,random_100,0.0458294306448654,0.6259391899173105,0.62656,0.18800228083944917
20,nonnormal,0,random_101,0.03554923340877282,0.6113416556216359,0.61064,0.14583067842873182
20,nonnormal,0,random_102,0.04432725189987845,0.6239268530331995,0.62348,0.18184001728277258
20,nonnormal,0,random_103,0.03466043615390995,0.6099772353035595,0.60746,0.1421846390002062
20,nonnormal,0,random_104,0.08699279921718817,0.6709066675817366,0.67242,0.3568633613665016
20,nonnormal,0,random_105,0.032285194044219936,0.6062356914906305,0.6055,0.13244087985058964
20,nonnormal,0,random_106,0.03757638456020592,0.6143861690459776,0.61454,0.15414649284565035
20,nonnormal,0,random_107,0.02424776628139476,0.5923426917929748,0.5926,0.09946960505551995
20,nonnormal,0,random_108,0.04428395356248681,0.6238682977143506,0.62308,0.1816623980963318
20,nonnormal,0,random_109,0.025922862250091796,0.5954195530849824,0.59646,0.10634121262970853
20,nonnormal,0,random_110,0.0462799739068467,0.6265356354168912,0.62902,0.1898505071795427
20,nonnormal,0,random_111,0.03305606272549555,0.6074657298891951,0.60624,0.1356031506505597
20,nonnormal,0,random_112,0.0776660806105027,0.6620372336936001,0.65956,0.31860313543456426
20,nonnormal,0,random_113,0.030410483170964838,0.6031769922361261,0.60402,0.1247504085720432
20,nonnormal,0,random_114,0.030367237644913406,0.6031052610674569,0.6013,0.12457300602919301
20,nonnormal,0,random_115,0.03910120822765013,0.6166180080179589,0.6154,0.1604016507938018
20,nonnormal,0,random_116,0.03152552484773534,0.605008015565794,0.60446,0.12932455177029348
20,nonnormal,0,random_117,0.038136506585861124,0.6152116199711364,0.61196,0.15644423508005859
20,nonnormal,0,random_118,0.04647211096304462,0.6267890183753184,0.62476,0.19063869512538253
20,nonnormal,0,random_119,0.03320408688777676,0.6077001561622014,0.60856,0.1362103779221325
20,nonnormal,0,random_120,0.03251748618072807,0.606607992655677,0.60304,0.1333937926594571
20,nonnormal,0,random_121,0.05020065285929671,0.6315956850874384,0.63156,0.20593398400061913
20,nonnormal,0,random_122,0.026733768319388836,0.5968712642667432,0.59628,0.10966772549336935
20,nonnormal,0,random_123,0.05349729514733706,0.6356826417774498,0.63688,0.21945752685381417
20,nonnormal,0,random_124,0.03687252190698431,0.6133393706436387,0.615,0.15125909532965712
20,nonnormal,0,random_125,0.02376209455193752,0.5914297536993925,0.59154,0.09747727411026456
20,nonnormal,0,random_126,0.03911546403934054,0.6166386485558168,0.61586,0.1604601312303968
20,nonnormal,0,random_127,0.08016302625728902,0.664470900013758,0.66304,0.3288461489331524
20,nonnormal,12,oracle_t0,0.12124005120639815,0.6992668746438008,0.7001,0.7387591997438215
20,nonnormal,12,oracle_t12,0.1641130848163249,0.7282945287726466,0.72714,0.9999999999999994
20,nonnormal,12,bottom,3.943317486102407e-32,0.5000000000000001,0.50138,-1.7332165936745086e-17
20,nonnormal,12,random_000,0.019849947005809658,0.583686969562458,0.58086,0.120952860206276
20,nonnormal,12,random_001,0.024217986177150826,0.5922869917728516,0.59426,0.14756889253684766
20,nonnormal,12,random_002,0.023084258963661265,0.5901390087079399,0.59308,0.1406606852189581
20,nonnormal,12,random_003,0.02225469825216756,0.5885319132796816,0.5885,0.13560587370029015
20,nonnormal,12,random_004,0.033333576867793535,0.607904769718756,0.60656,0.20311346231228553
20,nonnormal,12,random_005,0.010974576523426243,0.5624325144162684,0.5615,0.06687203848315305
20,nonnormal,12,random_006,0.01063113076825754,0.5614557358805098,0.55918,0.0647793000793074
20,nonnormal,12,random_007,0.010156637931174268,0.5600792792635095,0.55932,0.06188804471344597
20,nonnormal,12,random_008,0.026460568307305806,0.5963848111900373,0.59586,0.16123375133019055
20,nonnormal,12,random_009,0.024460580589742868,0.5927396890787876,0.5912,0.149047107469335
20,nonnormal,12,random_010,0.015423564795661919,0.5738903327899505,0.57084,0.0939813227746219
20,nonnormal,12,random_011,0.02083911947157143,0.5857151781491875,0.58256,0.1269802435003555
20,nonnormal,12,random_012,0.019986601724094565,0.5839702646654262,0.58042,0.12178554651180634
20,nonnormal,12,random_013,0.01643950906488813,0.5762561712064768,0.57494,0.10017183628768665
20,nonnormal,12,random_014,0.016058928089312183,0.5753790275439837,0.57948,0.09785281964131815
20,nonnormal,12,random_015,0.02779498549515944,0.5987362622981116,0.60068,0.16936483478003925
20,nonnormal,12,random_016,0.02410880786134221,0.5920824776854436,0.59034,0.14690362982528019
20,nonnormal,12,random_017,0.02195526665227151,0.587944117630905,0.58814,0.133781329361055
20,nonnormal,12,random_018,0.026932055296119424,0.5972226809147255,0.5908,0.1641066909823902
20,nonnormal,12,random_019,0.02061839634585426,0.5852670456593576,0.58424,0.12563529817826735
20,nonnormal,12,random_020,0.02468567124090853,0.5931576096953938,0.59236,0.15041866569345572
20,nonnormal,12,random_021,0.019317162032208724,0.5825726244174243,0.57998,0.11770640990527025
20,nonnormal,12,random_022,0.017634743564751396,0.5789444284421358,0.57456,0.1074548296041609
20,nonnormal,12,random_023,0.018678022120019316,0.5812144613051707,0.58436,0.11381190074468298
20,nonnormal,12,random_024,0.019025905010068643,0.5819566599227889,0.5776,0.1159316762058455
20,nonnormal,12,random_025,0.020762110836234644,0.5855591115137792,0.58878,0.12651100221211226
20,nonnormal,12,random_026,0.023933535299843618,0.5917531315100709,0.59194,0.14583563112368514
20,nonnormal,12,random_027,0.017334182454685106,0.5782775610192196,0.5808,0.1056234027535677
20,nonnormal,12,random_028,0.03328586351914985,0.6078294252703798,0.60996,0.20282272773315616
20,nonnormal,12,random_029,0.0114496538436677,0.5637581941209392,0.56478,0.06976685531493197
20,nonnormal,12,random_030,0.024758101810739494,0.5932916618801672,0.59296,0.15086001118343936
20,nonnormal,12,random_031,0.020019547002684365,0.5840384110859407,0.5789,0.1219862939331754
20,nonnormal,12,random_032,0.016717929292446254,0.57689121035372,0.57444,0.1018683507848075
20,nonnormal,12,random_033,0.02709876656260391,0.5975170768470582,0.59408,0.16512252263695368
20,nonnormal,12,random_034,0.012245660312806429,0.5659176559823283,0.56284,0.07461720877717795
20,nonnormal,12,random_035,0.01099372628252893,0.5624865132997435,0.56396,0.06698872484685234
20,nonnormal,12,random_036,0.023115326172022083,0.5901986000845729,0.5899,0.14084998888353545
20,nonnormal,12,random_037,0.024350961751050147,0.5925354276622332,0.59562,0.14837916049353223
20,nonnormal,12,random_038,0.009138621106478841,0.5570105695488172,0.55936,0.05568490237513216
20,nonnormal,12,random_039,0.026589581698587682,0.5966148592044199,0.59686,0.1620198762843724
20,nonnormal,12,random_040,0.021172303394425183,0.5863869583439869,0.58014,0.12901045287230567
20,nonnormal,12,random_041,0.011708396737418218,0.5644683494659978,0.56408,0.07134346874609196
20,nonnormal,12,random_042,0.013465648118026294,0.5690917765202496,0.5714,0.08205103287831696
20,nonnormal,12,random_043,0.022853663728874103,0.5896953692248165,0.58542,0.1392555855887535
20,nonnormal,12,random_044,0.017720238546489714,0.5791330385982857,0.57618,0.10797578125060633
20,nonnormal,12,random_045,0.012313292488686057,0.5660977650846367,0.56528,0.07502931592850791
20,nonnormal,12,random_046,0.033272403207478284,0.6078081595116865,0.60784,0.20274070921716383
20,nonnormal,12,random_047,0.01973030565325182,0.5834381068756167,0.5858,0.12022384245189192
20,nonnormal,12,random_048,0.03962866508866018,0.6173789877885568,0.61854,0.24147169698877152
20,nonnormal,12,random_049,0.017768470235469385,0.5792392336404341,0.57798,0.10826967426366904
20,nonnormal,12,random_050,0.013922321445253388,0.570241615005373,0.56528,0.08483370756716459
20,nonnormal,12,random_051,0.020397559653470478,0.5848161636047348,0.58622,0.12428966085366926
20,nonnormal,12,random_052,0.01484041141830578,0.5724957845343157,0.57184,0.0904279596895954
20,nonnormal,12,random_053,0.019307275084511907,0.5825517947710489,0.58274,0.11764616518006822
20,nonnormal,12,random_054,0.03162751928991746,0.6051737596895455,0.60436,0.19271784041665482
20,nonnormal,12,random_055,0.017717631688038075,0.5791272946194549,0.57824,0.10795989672528317
20,nonnormal,12,random_056,0.01215109834661583,0.5656649720152782,0.5609,0.07404100873623398
20,nonnormal,12,random_057,0.0217634116405004,0.587565285348834,0.5864,0.13261228783102802
20,nonnormal,12,random_058,0.02376309085773827,0.5914316365120871,0.59214,0.14479705188854308
20,nonnormal,12,random_059,0.03592081651271995,0.6119066216406556,0.61188,0.2188784431961807
20,nonnormal,12,random_060,0.01672430065610738,0.5769056781200204,0.57638,0.10190717379315117
20,nonnormal,12,random_061,0.023399771691646094,0.5907422600515946,0.5863,0.142583217650409
20,nonnormal,12,random_062,0.013171082632755286,0.5683394135803878,0.57176,0.08025613952413567
20,nonnormal,12,random_063,0.018658537958967887,0.5811726801994523,0.58104,0.11369317674974233
20,nonnormal,12,random_064,0.028041023436002916,0.5991632271367962,0.59674,0.1708640323675981
20,nonnormal,12,random_065,0.018640650272761183,0.5811343024967015,0.58096,0.11358418064972554
20,nonnormal,12,random_066,0.02762920878723029,0.5984474464382854,0.59774,0.16835469772658804
20,nonnormal,12,random_067,0.01013111445875195,0.5600043152038984,0.55628,0.061732521024089396
20,nonnormal,12,random_068,0.0151441144380758,0.5732255236096158,0.57452,0.09227853132506202
20,nonnormal,12,random_069,0.020020588315558176,0.5840405640578623,0.57856,0.12199263902671245
20,nonnormal,12,random_070,0.01625675061979391,0.5758362874320264,0.57712,0.09905822340728307
20,nonnormal,12,random_071,0.02290487603111399,0.5897940985652435,0.5858,0.13956764054949725
20,nonnormal,12,random_072,0.02282186569403999,0.5896340090291985,0.58752,0.13906182873585118
20,nonnormal,12,random_073,0.01671850360070798,0.5768925145808005,0.57456,0.10187185025142452
20,nonnormal,12,random_074,0.019864807536944844,0.5837178257867287,0.58374,0.12104341076263057
20,nonnormal,12,random_075,0.012813747839453273,0.5674150042783451,0.56498,0.07807877021990292
20,nonnormal,12,random_076,0.014081167968721029,0.5706369987038031,0.57048,0.08580161651632255
20,nonnormal,12,random_077,0.030102651059871834,0.6026651995182934,0.59782,0.18342627032794287
20,nonnormal,12,random_078,0.02285577039890311,0.5896994328489814,0.59386,0.1392684222862744
20,nonnormal,12,random_079,0.03108173258328805,0.6042834758301995,0.60506,0.1893921658841199
20,nonnormal,12,random_080,0.022386356445090856,0.5887890488096335,0.59342,0.13640811438128544
20,nonnormal,12,random_081,0.034620110767988335,0.6099148855651838,0.6115,0.21095277568351783
20,nonnormal,12,random_082,0.019199027169008957,0.5823233750096477,0.58454,0.11698657173190342
20,nonnormal,12,random_083,0.012100199011049102,0.5655285429730519,0.5655,0.07373086079389478
20,nonnormal,12,random_084,0.015185297080813088,0.5733238928818537,0.573,0.09252947196628743
20,nonnormal,12,random_085,0.01786668956891529,0.5794550274796357,0.57904,0.1088681599575784
20,nonnormal,12,random_086,0.024326178076042305,0.5924891791090345,0.59056,0.14822814465566914
20,nonnormal,12,random_087,0.00851962137788629,0.5550586723731007,0.55418,0.051913114590597303
20,nonnormal,12,random_088,0.02563079018942887,0.5948907982411964,0.59356,0.15617761507630432
20,nonnormal,12,random_089,0.018505958756689863,0.5808447061053366,0.57798,0.11276345684076133
20,nonnormal,12,random_090,0.027208275800160636,0.5977099370121838,0.59636,0.16578980177364952
20,nonnormal,12,random_091,0.014752675054143908,0.5722835373183931,0.57328,0.08989335049459997
20,nonnormal,12,random_092,0.014968230903061982,0.5728038417175267,0.57244,0.09120680974228475
20,nonnormal,12,random_093,0.03393529005255519,0.6088500056341891,0.60848,0.2067799169733206
20,nonnormal,12,random_094,0.02101773720089508,0.5860760087549668,0.58156,0.12806862551159828
20,nonnormal,12,random_095,0.03903733196841997,0.6165254733056407,0.61716,0.23786849179095304
20,nonnormal,12,random_096,0.0218645486378364,0.5877652053874997,0.58456,0.1332285518994854
20,nonnormal,12,random_097,0.00918650486211306,0.557158710376722,0.55694,0.05597667530529076
20,nonnormal,12,random_098,0.02514594861547141,0.594005978836293,0.59898,0.15322330113783866
20,nonnormal,12,random_099,0.0073999991182585375,0.5513349719260255,0.54918,0.04509085382521818
20,nonnormal,12,random_100,0.031606875819641125,0.6051402365423563,0.60406,0.1925920523340079
20,nonnormal,12,random_101,0.013902868119003655,0.5701930343102017,0.57072,0.08471517145975119
20,nonnormal,12,random_102,0.018747987047432177,0.581364304604266,0.5811,0.11423822218938176
20,nonnormal,12,random_103,0.0312613243901602,0.6045773419012872,0.60658,0.19048648329990156
20,nonnormal,12,random_104,0.03674398681977191,0.6131470451899583,0.61438,0.22389431568418636
20,nonnormal,12,random_105,0.014160979880313469,0.5708347896140253,0.5709,0.0862879391741519
20,nonnormal,12,random_106,0.01650519659379631,0.5764064952930186,0.58072,0.10057209400620862
20,nonnormal,12,random_107,0.021249316915491007,0.5865414470232317,0.58224,0.12947972393105156
20,nonnormal,12,random_108,0.02979436688861356,0.6021498472679092,0.5991,0.1815477840902166
20,nonnormal,12,random_109,0.014072773703605122,0.5706161623527668,0.57202,0.08575046724248309
20,nonnormal,12,random_110,0.030495534304472355,0.6033179073812196,0.6002,0.18582024912031178
20,nonnormal,12,random_111,0.020928664953547324,0.5858962729844193,0.58142,0.12752587630030018
20,nonnormal,12,random_112,0.04105889009311512,0.6194150654440519,0.61916,0.25018657189381427
20,nonnormal,12,random_113,0.015822678814708578,0.5748291051763351,0.57584,0.09641326791472651
20,nonnormal,12,random_114,0.015190716795923528,0.5733368281912145,0.57432,0.09256249623803585
20,nonnormal,12,random_115,0.017148634276340974,0.5778628749570884,0.57696,0.10449279102597876
20,nonnormal,12,random_116,0.010987901229384731,0.562470092799078,0.55998,0.06695323070480559
20,nonnormal,12,random_117,0.03195766898013207,0.6057083086748614,0.6056,0.19472956111877995
20,nonnormal,12,random_118,0.015157220780993375,0.5732568445395821,0.57234,0.09235839298223728
20,nonnormal,12,random_119,0.02008292151743082,0.5841693349765448,0.58328,0.12237245762522587
20,nonnormal,12,random_120,0.01637136835805554,0.5760999036257344,0.57622,0.09975663047451913
20,nonnormal,12,random_121,0.022161199105897617,0.5883488190689417,0.5873,0.13503614980304826
20,nonnormal,12,random_122,0.014421959289245709,0.5714775679152978,0.56984,0.08787818049600823
20,nonnormal,12,random_123,0.03505577177812738,0.6105864301529157,0.61052,0.21360741477354928
20,nonnormal,12,random_124,0.01413409108477582,0.5707682178429629,0.57006,0.08612409608042326
20,nonnormal,12,random_125,0.0164231859660666,0.5762187679587727,0.5706,0.10007237378084384
20,nonnormal,12,random_126,0.0269598832688746,0.5972718894810408,0.59624,0.16427625682039948
20,nonnormal,12,random_127,0.02919056277361478,0.6011321740512272,0.59578,0.1778685886398687
21,normal,0,oracle_t0,0.14096259328551725,0.7133420633835342,0.71444,1.0000000000000002
21,normal,0,oracle_t12,0.0887166729020111,0.6724831022675137,0.67526,0.6293632291675924
21,normal,0,bottom,1.5445700419501461e-32,0.5000000000000001,0.50176,-1.9371091118417362e-17
21,normal,0,random_000,0.0347441518868285,0.6101065489957771,0.60608,0.246477814269881
21,normal,0,random_001,0.028301695667309838,0.5996134208322248,0.59872,0.20077451051134715
21,normal,0,random_002,0.037879712450041104,0.6148340052629698,0.61258,0.26872173366814
21,normal,0,random_003,0.04446400009747818,0.6241115807716886,0.62724,0.31543120100959793
21,normal,0,random_004,0.028567749677306832,0.6000706408189931,0.5979,0.20266191910532866
21,normal,0,random_005,0.024970879932631147,0.5936842717578642,0.59282,0.17714543518685893
21,normal,0,random_006,0.04976125212952652,0.6310397664776737,0.62928,0.353010333945375
21,normal,0,random_007,0.027655880354419196,0.5984939756010536,0.59574,0.19619304462143872
21,normal,0,random_008,0.06065026564229728,0.6440885992744275,0.64238,0.430257873586727
21,normal,0,random_009,0.024107193625923035,0.5920794502221568,0.5915,0.1710183749038607
21,normal,0,random_010,0.04900807207734318,0.6300804783338687,0.63034,0.3476672139400712
21,normal,0,random_011,0.02289394631826379,0.5897730375305741,0.5931,0.16241150070141305
21,normal,0,random_012,0.03670061416149814,0.6130820650532492,0.61686,0.26035711536011324
21,normal,0,random_013,0.04629809553059332,0.6265595582946932,0.62336,0.3284424218616448
21,normal,0,random_014,0.03400837379242751,0.6089641973697243,0.61096,0.24125814515588642
21,normal,0,random_015,0.03242780771744959,0.6064644320696926,0.60724,0.23004548200789426
21,normal,0,random_016,0.05204155192039817,0.6338957675920588,0.63474,0.3691869644806328
21,normal,0,random_017,0.056298120771231405,0.6390454083749281,0.63688,0.39938340703764275
21,normal,0,random_018,0.03967758230004881,0.617449282162232,0.6175,0.2814759673134174
21,normal,0,random_019,0.04377105809524163,0.6231722658815916,0.62118,0.31051541458650744
21,normal,0,random_020,0.05186415678032547,0.6336761205703273,0.6377,0.3679285090568357
21,normal,0,random_021,0.038882950573934996,0.616301487211232,0.61994,0.2758387857917615
21,normal,0,random_022,0.037575116011095915,0.6143842920386199,0.61034,0.2665609019762297
21,normal,0,random_023,0.029050003699838525,0.6008936648580177,0.6034,0.20608306801647916
21,normal,0,random_024,0.030915066804592772,0.6040099468784518,0.60726,0.2193139760274901
21,normal,0,random_025,0.04353202628281902,0.6228463538857523,0.62098,0.3088197036404239
21,normal,0,random_026,0.057143388204292406,0.6400416967284988,0.64206,0.40537980234621174
21,normal,0,random_027,0.04788556599907736,0.6286354876997807,0.6294,0.33970406533374425
21,normal,0,random_028,0.0496590442766908,0.6309100647746617,0.6324,0.35228526319821074
21,normal,0,random_029,0.02882519767994076,0.6005109190070355,0.60524,0.20448827598933167
21,normal,0,random_030,0.03930980876892136,0.6169196269129068,0.61628,0.27886695223675423
21,normal,0,random_031,0.039607007058037144,0.6173478499553419,0.62018,0.28097530085739736
21,normal,0,random_032,0.02420734443068523,0.5922670789383112,0.59096,0.17172885278616917
21,normal,0,random_033,0.026270566366050907,0.5960449278969145,0.59706,0.18636551551545558
21,normal,0,random_034,0.048930611202468804,0.6299813572307323,0.62948,0.3471177002494607
21,normal,0,random_035,0.025331927846259213,0.5943464416849163,0.59226,0.17970673819081806
21,normal,0,random_036,0.04633078059096279,0.6266026937176097,0.62764,0.3286742923147037
21,normal,0,random_037,0.027990530077993306,0.5990757657597776,0.59942,0.19856707673715235
21,normal,0,random_038,0.024977621807380952,0.5936966826734997,0.59302,0.17719326258980797
21,normal,0,random_039,0.04005133008059321,0.6179848090360548,0.62072,0.2841273641970389
21,normal,0,random_040,0.03134408388442406,0.6047124571649044,0.60842,0.22235745777560406
21,normal,0,random_041,0.04159674891212,0.6201707296053705,0.61914,0.2950906899667099
21,normal,0,random_042,0.06148040276708272,0.645027006126667,0.64484,0.43614693326870935
21,normal,0,random_043,0.024511219652883935,0.5928338857731125,0.59534,0.1738845681083413
21,normal,0,random_044,0.026891471560979475,0.5971508678082077,0.5994,0.19077026702049446
21,normal,0,random_045,0.04512796229941753,0.6250040882681694,0.62646,0.3201414023932693
21,normal,0,random_046,0.04015878830418171,0.6181382767158197,0.62244,0.2848896814975642
21,normal,0,random_047,0.03319617211098514,0.6076876357349071,0.606,0.23549632095478612
21,normal,0,random_048,0.040088573325165446,0.6180380237843653,0.61982,0.284391570776275
21,normal,0,random_049,0.037993472773584544,0.6150014602196376,0.61636,0.26952875857376885
21,normal,0,random_050,0.022575403525167095,0.5891568828393912,0.58564,0.16015173244891295
21,normal,0,random_051,0.039309934213907445,0.6169198080334688,0.62234,0.2788678421535979
21,normal,0,random_052,0.05296240590139539,0.6350292826696095,0.6334,0.3757195768534207
21,normal,0,random_053,0.02634281055479064,0.596174314201054,0.59696,0.18687802161410114
21,normal,0,random_054,0.025427838897752443,0.5945215050352473,0.59456,0.18038713892166283
21,normal,0,random_055,0.035242121286216226,0.6108723015525674,0.6122,0.25001044933129124
21,normal,0,random_056,0.06079733922071576,0.6442553846943402,0.64226,0.4313012254078768
21,normal,0,random_057,0.05196342989720644,0.6337990901108785,0.63894,0.3686327605505628
21,normal,0,random_058,0.03417396667468192,0.6092224448359403,0.60958,0.24243287441132108
21,normal,0,random_059,0.017277621428054626,0.5781513967715006,0.57386,0.12256883918884151
21,normal,0,random_060,0.026914231389651794,0.5971911485018806,0.6003,0.19093172707980394
21,normal,0,random_061,0.03521126275675677,0.6108250191504148,0.60636,0.24979153643574767
21,normal,0,random_062,0.018007390235351667,0.5797630831820704,0.5776,0.12774587793570183
21,normal,0,random_063,0.05337185081521756,0.6355297429518293,0.64038,0.3786242120781208
21,normal,0,random_064,0.036945341584829025,0.6134481687626502,0.61414,0.26209323142911317
21,normal,0,random_065,0.018607895415355048,0.5810639777864423,0.58164,0.13200591009038187
21,normal,0,random_066,0.03184133874947839,0.6055202962101407,0.607,0.22588502387285345
21,normal,0,random_067,0.04689666314401421,0.6273468571033285,0.62638,0.3326887087627981
21,normal,0,random_068,0.045392013368692544,0.6253570189009849,0.62552,0.32201460196430853
21,normal,0,random_069,0.02952006777715434,0.6016889100428928,0.6017,0.20941774047361605
21,normal,0,random_070,0.019820266534381716,0.5836253052601793,0.58584,0.14060656854003895
21,normal,0,random_071,0.04180674564616508,0.6204643136279816,0.61662,0.2965804237262169
21,normal,0,random_072,0.032918528750439165,0.6072474110367085,0.61004,0.23352669657377306
21,normal,0,random_073,0.04481125348567601,0.6245792718037663,0.62646,0.3178946445381549
21,normal,0,random_074,0.03906746538715521,0.6165691365111314,0.61486,0.2771477487507963
21,normal,0,random_075,0.04474576723000341,0.6244912259809845,0.62592,0.3174300797614561
21,normal,0,random_076,0.04990810654652442,0.6312258656080768,0.63132,0.3540521310177404
21,normal,0,random_077,0.028658251380674803,0.6002256533281269,0.6018,0.20330394548451594
21,normal,0,random_078,0.023026427612796576,0.5900279674051163,0.59026,0.1633513336843694
21,normal,0,random_079,0.036039380354605965,0.6120862245518266,0.61262,0.25566626943084714
21,normal,0,random_080,0.04045957542111086,0.6185666625090729,0.62186,0.28702348955201684
21,normal,0,random_081,0.04947404929691773,0.6306749283788686,0.63098,0.3509728938989433
21,normal,0,random_082,0.04536929934861982,0.6253267038842798,0.62282,0.3218534668748971
21,normal,0,random_083,0.045269471769313285,0.6251933708601615,0.62778,0.32114528198002695
21,normal,0,random_084,0.052915471884988165,0.6349717775553909,0.63634,0.3753866231575977
21,normal,0,random_085,0.030361729264856266,0.6030961204241978,0.60032,0.21538855491512648
21,normal,0,random_086,0.029794984827832806,0.6021508831030378,0.60026,0.21136802419265655
21,normal,0,random_087,0.044979015430860775,0.6248045039753524,0.62364,0.31908476130086916
21,normal,0,random_088,0.04584120091921493,0.6259548128846291,0.62696,0.32520117465748094
21,normal,0,random_089,0.05932660907791115,0.642577089754282,0.64304,0.4208677472167822
21,normal,0,random_090,0.044973065273639944,0.6247965233906783,0.62098,0.3190425504058924
21,normal,0,random_091,0.01761445025053339,0.5788995896729493,0.57848,0.12495833000784563
21,normal,0,random_092,0.04186644689002285,0.6205476310815219,0.6249,0.29700394916276196
21,normal,0,random_093,0.04076594492493103,0.619001216553055,0.6199,0.28919689950908
21,normal,0,random_094,0.03655999930329382,0.6128711121078012,0.60978,0.25935958222081085
21,normal,0,random_095,0.05163262813119095,0.6333888146118059,0.6318,0.3662860261559603
21,normal,0,random_096,0.022019971338296168,0.588071490034461,0.58686,0.15621145174092477
21,normal,0,random_097,0.052638028063417455,0.6346312598175039,0.63024,0.3734184143221603
21,normal,0,random_098,0.0355926285342458,0.6114077988504881,0.6143,0.25249697600379395
21,normal,0,random_099,0.03480750675441222,0.6102043001280854,0.6087,0.24692725880766273
21,normal,0,random_100,0.02720414211472828,0.5977026645362207,0.59564,0.19298837713368944
21,normal,0,random_101,0.02739417235275946,0.5980363845474107,0.59806,0.19433646696094078
21,normal,0,random_102,0.04940253405925888,0.6305838985777474,0.6265,0.35046555903802734
21,normal,0,random_103,0.030825601319598144,0.6038627923481121,0.60274,0.21867930066497457
21,normal,0,random_104,0.035098668484045664,0.610652308794662,0.61048,0.24899278358872085
21,normal,0,random_105,0.03387167063812276,0.6087504938989468,0.61042,0.2402883619593767
21,normal,0,random_106,0.019404625155715803,0.5827566484434598,0.5819,0.13765797509422997
21,normal,0,random_107,0.05289966619200551,0.6349524054724337,0.63578,0.37527449629745513
21,normal,0,random_108,0.026644502731008185,0.596712611191956,0.59766,0.18901825023210383
21,normal,0,random_109,0.02965521410887758,0.6019162965810341,0.60234,0.21037647944523455
21,normal,0,random_110,0.04375812892987414,0.6231546624308432,0.62232,0.31042369404514875
21,normal,0,random_111,0.03203846506408854,0.6058386752340083,0.60862,0.2272834538393827
21,normal,0,random_112,0.03685810112284462,0.6133178111005848,0.61452,0.26147434055919494
21,normal,0,random_113,0.061000883989473086,0.6444858320853024,0.64186,0.432745188405529
21,normal,0,random_114,0.03466086166514337,0.609977893006025,0.60952,0.24588694672308137
21,normal,0,random_115,0.05016301750677528,0.6315481760589039,0.63304,0.3558604899185629
21,normal,0,random_116,0.05131193455897283,0.6329896729584753,0.63526,0.36401100010299486
21,normal,0,random_117,0.02662950521867802,0.5966859282610409,0.59872,0.18891185667065893
21,normal,0,random_118,0.028694638583438903,0.6002879043654771,0.5997,0.2035620792341584
21,normal,0,random_119,0.03624588569144627,0.6123982820114741,0.61218,0.25713123493713586
21,normal,0,random_120,0.03922721147440958,0.6168003025446768,0.6147,0.2782810003711805
21,normal,0,random_121,0.02898368483974647,0.6007809175245484,0.59954,0.2056125966769108
21,normal,0,random_122,0.04118462808616215,0.6195922030716983,0.62218,0.2921670716056097
21,normal,0,random_123,0.04462099507977739,0.6243232741960923,0.62802,0.31654493606965894
21,normal,0,random_124,0.03766059592530574,0.6145106955331994,0.61662,0.2671673033783145
21,normal,0,random_125,0.03028836706619517,0.6029742981367004,0.60538,0.21486811756397403
21,normal,0,random_126,0.03911230066018181,0.6166340687527392,0.61984,0.2774658137918939
21,normal,0,random_127,0.05309112121233031,0.6351868427453256,0.63564,0.3766326936451515
21,normal,12,oracle_t0,0.052304362012985633,0.6342204062877593,0.63228,0.6956244733761071
21,normal,12,oracle_t12,0.07519051444399918,0.6595786027019136,0.6602,0.9999999999999978
21,normal,12,bottom,1.9433055293272866e-32,0.5000000000000001,0.49914,-1.3148662150315976e-17
21,normal,12,random_000,0.023259223494606466,0.5904740678971323,0.5881,0.3093372038560734
21,normal,12,random_001,0.016324021805718306,0.5759911248006271,0.57286,0.2171021428224987
21,normal,12,random_002,0.022205895886137954,0.5884363967941819,0.5897,0.29532842075015364
21,normal,12,random_003,0.020444241632861744,0.5849116861637949,0.58924,0.27189921207532464
21,normal,12,random_004,0.020365453754092287,0.584750400843761,0.58288,0.2708513687489149
21,normal,12,random_005,0.022470451528540235,0.5889528755720819,0.5869,0.2988468917216393
21,normal,12,random_006,0.02474363768186691,0.5932649086902597,0.59242,0.3290792444344233
21,normal,12,random_007,0.0106783235319537,0.5615909027153843,0.56176,0.1420168968242229
21,normal,12,random_008,0.02627964959132756,0.5960612059190755,0.59918,0.34950751149468723
21,normal,12,random_009,0.020066774090094087,0.5841359969144324,0.58136,0.2668790636489059
21,normal,12,random_010,0.027040302315628793,0.5974139443117638,0.60096,0.35962385036968914
21,normal,12,random_011,0.012254881878433673,0.5659422436817474,0.56874,0.1629844132475102
21,normal,12,random_012,0.02570025875439556,0.5950168488632854,0.59622,0.34180187413848157
21,normal,12,random_013,0.02343418613947268,0.5908077999305693,0.58936,0.31166412828477275
21,normal,12,random_014,0.016115928045280226,0.575511078849307,0.5771,0.21433458946850392
21,normal,12,random_015,0.018402853006859135,0.5806222787806563,0.5797,0.24474966214741456
21,normal,12,random_016,0.021241923888833284,0.5865266293954335,0.58478,0.2825080270551137
21,normal,12,random_017,0.023147321903648592,0.5902599284829515,0.58958,0.3078489630615352
21,normal,12,random_018,0.018987381654518576,0.5818748216428818,0.58158,0.2525236300738447
21,normal,12,random_019,0.018075721875739414,0.5799122394860184,0.57792,0.24039896534026128
21,normal,12,random_020,0.020537580878396577,0.5851023392297507,0.58424,0.2731405820303653
21,normal,12,random_021,0.017910299798672542,0.5795506439933631,0.5803,0.2381989261692289
21,normal,12,random_022,0.0152843786142603,0.5735599962927097,0.5716,0.20327535630367108
21,normal,12,random_023,0.018690823593407076,0.5812418999457135,0.58084,0.24857954133732774
21,normal,12,random_024,0.017056224123989598,0.5776554759874463,0.5753,0.22684010410239702
21,normal,12,random_025,0.021748924155465164,0.5875366077042303,0.58868,0.2892509024082206
21,normal,12,random_026,0.024575766156090827,0.5929538037988444,0.59118,0.3268466286980181
21,normal,12,random_027,0.02458673386112199,0.5929741636769269,0.59336,0.32699249423853555
21,normal,12,random_028,0.025091282509817202,0.5939056515195579,0.5947,0.33370276417652084
21,normal,12,random_029,0.01780388671323114,0.579317117135956,0.57668,0.23678368002776692
21,normal,12,random_030,0.017099780562914953,0.5777533035557803,0.5784,0.22741938513601445
21,normal,12,random_031,0.01960797201312231,0.5831828278564319,0.5851,0.2607772025250073
21,normal,12,random_032,0.021400698172256892,0.5868442642274472,0.58716,0.28461965356276114
21,normal,12,random_033,0.02985621688601017,0.6022534679973056,0.60264,0.39707424675550773
21,normal,12,random_034,0.03069767786242216,0.6036519841667781,0.6022,0.4082652990130194
21,normal,12,random_035,0.021086621685003477,0.5862147350081884,0.58854,0.2804425776433334
21,normal,12,random_036,0.026847786472533275,0.597073502590371,0.59784,0.3570634763049673
21,normal,12,random_037,0.018588905587280723,0.5810231770738464,0.58126,0.24722407772758928
21,normal,12,random_038,0.018174562068995127,0.5801274725638169,0.57952,0.24171349542409684
21,normal,12,random_039,0.018136859840387327,0.580045444730341,0.58158,0.2412120727528119
21,normal,12,random_040,0.019369879513229514,0.5826835948908624,0.58058,0.2576106794382404
21,normal,12,random_041,0.018254407240999103,0.5803008979049834,0.5785,0.24277540027465405
21,normal,12,random_042,0.0299947473527874,0.6024851409439247,0.60612,0.3989166396131919
21,normal,12,random_043,0.015233117515394903,0.5734379443187754,0.57394,0.20259360676060106
21,normal,12,random_044,0.019059849277055542,0.5820286988989706,0.5802,0.25348741683701326
21,normal,12,random_045,0.024893416022930152,0.5935415436038491,0.59348,0.3310712289576146
21,normal,12,random_046,0.017098827684744057,0.5777511647808304,0.58032,0.2274067122852175
21,normal,12,random_047,0.03792125703454042,0.6148951903970667,0.61228,0.5043356507792419
21,normal,12,random_048,0.013738687150069918,0.569781621996655,0.57362,0.1827183555221219
21,normal,12,random_049,0.014778958920114714,0.5723471901274916,0.5697,0.1965535018532402
21,normal,12,random_050,0.016654563669267805,0.5767471669665666,0.57124,0.22149820083584928
21,normal,12,random_051,0.019796247591244185,0.5835753680624103,0.57992,0.2632811829740585
21,normal,12,random_052,0.02178376637542959,0.587605560169364,0.58862,0.2897142882517949
21,normal,12,random_053,0.012919764752149343,0.567690634241895,0.56622,0.1718270562142751
21,normal,12,random_054,0.018767284412410726,0.5814055823219269,0.57678,0.2495964358162263
21,normal,12,random_055,0.010845481995450688,0.5620672244855628,0.5575,0.14424002915325468
21,normal,12,random_056,0.030975094431465615,0.6041085538362783,0.60082,0.4119548145203254
21,normal,12,random_057,0.026798399309622994,0.5969859587151131,0.59788,0.3564066492666703
21,normal,12,random_058,0.026879207604763145,0.5971291553754531,0.5973,0.3574813632214516
21,normal,12,random_059,0.010073871894949309,0.559835838182244,0.55886,0.1339779621065388
21,normal,12,random_060,0.019190401990999605,0.5823051456928992,0.57904,0.25522370917268145
21,normal,12,random_061,0.012157061390788745,0.5656809359542936,0.56738,0.16168344478934404
21,normal,12,random_062,0.01692731297377757,0.5773651797132148,0.5778,0.22512564382552191
21,normal,12,random_063,0.020344516804101154,0.5847074863198956,0.58746,0.27057291673743505
21,normal,12,random_064,0.017517495027396704,0.5786849922721978,0.57818,0.23297479950670424
21,normal,12,random_065,0.011224941691910094,0.5631347330472433,0.56254,0.14928667232713563
21,normal,12,random_066,0.024210710262908303,0.5922733775820546,0.58862,0.3219915496247871
21,normal,12,random_067,0.028239933264747087,0.5995069541238331,0.59598,0.375578402057346
21,normal,12,random_068,0.022102820639943194,0.5882342940448463,0.58792,0.29395756636836157
21,normal,12,random_069,0.0192984168461521,0.58253312766424,0.5796,0.2566602581303687
21,normal,12,random_070,0.020814111186446698,0.5856645292023716,0.58628,0.2768183106653526
21,normal,12,random_071,0.03625720818278686,0.6124153639922333,0.61458,0.48220455001395973
21,normal,12,random_072,0.01888817150313736,0.5816636621126522,0.5835,0.2512041797134525
21,normal,12,random_073,0.030008061969528616,0.6025073776820944,0.60112,0.399093718023144
21,normal,12,random_074,0.021786802512681086,0.5876115659190886,0.58792,0.28975466751072076
21,normal,12,random_075,0.012947328342187394,0.5677621051449985,0.56846,0.17219363955582923
21,normal,12,random_076,0.013931509759281039,0.5702645487653308,0.5688,0.1852828094381106
21,normal,12,random_077,0.01956583968693767,0.5830947160473678,0.58454,0.2602168615498698
21,normal,12,random_078,0.019209566247106284,0.5823456435572515,0.58478,0.2554785851533606
21,normal,12,random_079,0.012397684177935006,0.5663217944953355,0.5669,0.16488361955773814
21,normal,12,random_080,0.028617565276967013,0.6001559979160134,0.60246,0.3806007378534547
21,normal,12,random_081,0.017741460635625164,0.5791797832307247,0.57442,0.2359534412926341
21,normal,12,random_082,0.014581251626770379,0.5718669488045246,0.56746,0.19392408383680157
21,normal,12,random_083,0.02905005158625378,0.6008937462191681,0.60064,0.38635261111146896
21,normal,12,random_084,0.027788369798696033,0.5987247540020667,0.59626,0.36957281120070457
21,normal,12,random_085,0.01997435459542956,0.5839449168469442,0.58186,0.26564992596647446
21,normal,12,random_086,0.026594771400530723,0.5966241007447484,0.5918,0.3536984897255632
21,normal,12,random_087,0.02177456499089496,0.5875873563297666,0.58612,0.28959191397888745
21,normal,12,random_088,0.02625736948841719,0.5960212724983661,0.5992,0.3492111961539143
21,normal,12,random_089,0.02288389326205633,0.5897536611035947,0.58804,0.3043454806935769
21,normal,12,random_090,0.030065937626279238,0.6026039746561644,0.6046,0.3998634382089756
21,normal,12,random_091,0.019684569585952626,0.583342764392812,0.58482,0.2617959157682497
21,normal,12,random_092,0.014267873383705722,0.5710987956452389,0.56948,0.18975629425081525
21,normal,12,random_093,0.026860138419751555,0.5970953843491988,0.59738,0.3572277516435471
21,normal,12,random_094,0.021511404440131235,0.5870650067431765,0.58188,0.2860919970982851
21,normal,12,random_095,0.023673851790747928,0.5912628278217463,0.59066,0.31485157357687465
21,normal,12,random_096,0.014491752602016298,0.5716484455363465,0.57264,0.19273378708972008
21,normal,12,random_097,0.023667979840074325,0.5912517084299844,0.59162,0.3147734792757913
21,normal,12,random_098,0.017757587715826476,0.579215285952045,0.58242,0.23616792420075838
21,normal,12,random_099,0.023420700010274787,0.5907821225928153,0.5903,0.31148476883634196
21,normal,12,random_100,0.017345503690305887,0.5783027883127245,0.58042,0.23068739213407732
21,normal,12,random_101,0.021728018548231632,0.5874952078684985,0.58814,0.28897286724131
21,normal,12,random_102,0.018468609210897175,0.58076420763764,0.5833,0.24562419006525466
21,normal,12,random_103,0.029381604221737058,0.6014553657920044,0.60374,0.39076211193660576
21,normal,12,random_104,0.011508794993014411,0.5639212350526818,0.56384,0.15306179347377605
21,normal,12,random_105,0.021391256303667776,0.5868254099650981,0.58552,0.28449408096016715
21,normal,12,random_106,0.013731868430047168,0.5697644806606574,0.56814,0.18262766961482133
21,normal,12,random_107,0.035710927737436615,0.611587890641416,0.6104,0.47493926596330854
21,normal,12,random_108,0.024204244480096494,0.5922612774431808,0.59508,0.3219055576235403
21,normal,12,random_109,0.016801019568918666,0.5770796634650993,0.58104,0.22344599838363638
21,normal,12,random_110,0.020230103524117204,0.58447256416512,0.58378,0.269051271609323
21,normal,12,random_111,0.010831090017311678,0.5620263628113568,0.56308,0.14404862232161594
21,normal,12,random_112,0.022116463250579563,0.5882610718888261,0.59024,0.294139006949494
21,normal,12,random_113,0.027122192427786525,0.5975583675909136,0.59794,0.360712952003895
21,normal,12,random_114,0.015163223787971684,0.5732711855712247,0.57404,0.20166405164397436
21,normal,12,random_115,0.02048765181118416,0.5850004115224849,0.58584,0.27247654790875275
21,normal,12,random_116,0.02050242046593916,0.5850305745158928,0.5827,0.2726729643698476
21,normal,12,random_117,0.023845915532047478,0.5915880129227076,0.58926,0.3171399438928897
21,normal,12,random_118,0.0172117862050008,0.5780042751394168,0.57634,0.22890900976372283
21,normal,12,random_119,0.03327948934562637,0.6078193553787383,0.6058,0.4426022297056149
21,normal,12,random_120,0.020104436352499283,0.5842137328574065,0.58614,0.2673799547876843
21,normal,12,random_121,0.019774330909058523,0.5835297740059967,0.58234,0.26298970096535396
21,normal,12,random_122,0.02358601074234233,0.591096336093069,0.59162,0.31368332716899794
21,normal,12,random_123,0.02250432629654457,0.5890187764587137,0.58734,0.29929741088957984
21,normal,12,random_124,0.017737919815585937,0.5791719860987072,0.58332,0.2359063499797816
21,normal,12,random_125,0.02597895872148425,0.5955207463269708,0.59242,0.3455084582621515
21,normal,12,random_126,0.01401523036721249,0.5704731546197104,0.57014,0.18639625584222844
21,normal,12,random_127,0.020058393132623895,0.5841186880197438,0.58266,0.26676760068669364
21,nonnormal,0,oracle_t0,0.25305159509453595,0.7747445371334394,0.77424,0.9999999999999996
21,nonnormal,0,oracle_t12,0.1695674333533544,0.7316063552688443,0.7308,0.6700903556446925
21,nonnormal,0,bottom,1.0042905431845029e-31,0.5000000000000002,0.50158,1.7274388020411746e-17
21,nonnormal,0,random_000,0.035575945095763284,0.6113823749636517,0.6144,0.14058771327828498
21,nonnormal,0,random_001,0.06058319004747127,0.6440124574223477,0.6424,0.23941042547010355
21,nonnormal,0,random_002,0.022802697970316508,0.5895969996447538,0.58786,0.09011086439426627
21,nonnormal,0,random_003,0.032200680889477036,0.6060998835561201,0.60692,0.1272494681467919
21,nonnormal,0,random_004,0.04134346156198961,0.61981554324283,0.6184,0.16337957303349288
21,nonnormal,0,random_005,0.024525737156037567,0.5928608716935728,0.59378,0.09691990736859474
21,nonnormal,0,random_006,0.0375973443414281,0.6144171771913314,0.61568,0.14857580458001987
21,nonnormal,0,random_007,0.03425469770458534,0.6093481031953385,0.60818,0.13536645636155084
21,nonnormal,0,random_008,0.029041306177811664,0.6008788861959922,0.59836,0.11476436719145083
21,nonnormal,0,random_009,0.04368941122213832,0.6230610532139613,0.62358,0.1726502107438471
21,nonnormal,0,random_010,0.061322361435563646,0.6448489104126889,0.64288,0.24233145581498744
21,nonnormal,0,random_011,0.027907497501695744,0.5989317595041806,0.60036,0.11028382370508258
21,nonnormal,0,random_012,0.05322706637890448,0.6353530208775922,0.6358,0.21034076611538338
21,nonnormal,0,random_013,0.053990916816372705,0.636282354140518,0.63642,0.2133593222212355
21,nonnormal,0,random_014,0.03522214350095279,0.6108416935175811,0.61048,0.1391895731295208
21,nonnormal,0,random_015,0.036339830072393976,0.6125399264863994,0.61264,0.1436064058747309
21,nonnormal,0,random_016,0.0609428836709761,0.6444202104282885,0.6435,0.2408318495214734
21,nonnormal,0,random_017,0.05913986075999132,0.642362304135452,0.64024,0.23370672979910528
21,nonnormal,0,random_018,0.040978771781449465,0.6193020414890151,0.61896,0.16193840535223838
21,nonnormal,0,random_019,0.04172148712878073,0.6203452162086667,0.62122,0.164873440585088
21,nonnormal,0,random_020,0.0296241568390262,0.6018640910606479,0.60156,0.11706765502884538
21,nonnormal,0,random_021,0.0464884247972142,0.6268105057656866,0.6275,0.18371124979412545
21,nonnormal,0,random_022,0.036253275519611654,0.6124094312012958,0.6149,0.14326436277182136
21,nonnormal,0,random_023,0.01516906926146313,0.573285147438572,0.57346,0.059944570812905607
21,nonnormal,0,random_024,0.03230906491827457,0.6062740161164055,0.60518,0.12767777617131573
21,nonnormal,0,random_025,0.04322934637624347,0.6224322470256348,0.61806,0.17083214338203911
21,nonnormal,0,random_026,0.05028414835525397,0.6317010150016309,0.63122,0.1987110507502181
21,nonnormal,0,random_027,0.04497564280497904,0.6247999805483615,0.62656,0.1777330934751739
21,nonnormal,0,random_028,0.027532041398166125,0.5982777336346017,0.5977,0.1088001100640389
21,nonnormal,0,random_029,0.024755892493821714,0.5932875760100366,0.59166,0.09782942677983637
21,nonnormal,0,random_030,0.04803806383797637,0.6288328908668595,0.62812,0.18983505644384555
21,nonnormal,0,random_031,0.05007677137107498,0.6314392282999183,0.6326,0.19789154600020253
21,nonnormal,0,random_032,0.04823209229336717,0.6290835527245817,0.6305,0.19060181096802986
21,nonnormal,0,random_033,0.07539943874412591,0.6597879125604799,0.66032,0.297960732932578
21,nonnormal,0,random_034,0.016731358110887093,0.5769217004892692,0.57868,0.06611836651192234
21,nonnormal,0,random_035,0.02504239069245351,0.5938158237510405,0.59546,0.09896159983934533
21,nonnormal,0,random_036,0.02885182060311383,0.6005563289254511,0.59638,0.11401556505634854
21,nonnormal,0,random_037,0.04419028579391736,0.623741516555106,0.62382,0.174629548481639
21,nonnormal,0,random_038,0.045408172920388706,0.6253785809799012,0.62604,0.17944235010028275
21,nonnormal,0,random_039,0.0383689637103469,0.6155522586063686,0.61608,0.151625061663859
21,nonnormal,0,random_040,0.0576335207984115,0.6406155948515573,0.64342,0.2277540308603095
21,nonnormal,0,random_041,0.027020897107997217,0.5973796868529311,0.59554,0.10678018883027644
21,nonnormal,0,random_042,0.030562795775457445,0.6034291994759944,0.60272,0.12077693390567125
21,nonnormal,0,random_043,0.06332970612674099,0.647091876417482,0.64766,0.2502640068444621
21,nonnormal,0,random_044,0.03267988052394449,0.606867419817038,0.6086,0.12914315166334286
21,nonnormal,0,random_045,0.07981607678994149,0.6641354407313338,0.66382,0.3154142409579496
21,nonnormal,0,random_046,0.03010388229656417,0.6026672520892189,0.6037,0.11896341647369522
21,nonnormal,0,random_047,0.04413287643007706,0.6236637388259985,0.62346,0.17440268026601347
21,nonnormal,0,random_048,0.05169558631386894,0.6334670110467614,0.63206,0.20428871943903892
21,nonnormal,0,random_049,0.025238353609305323,0.5941753057221475,0.59348,0.09973599889728683
21,nonnormal,0,random_050,0.035005327088845836,0.6105089040301519,0.61108,0.138332765994889
21,nonnormal,0,random_051,0.028077386681261293,0.5992261613930291,0.60318,0.11095518552559225
21,nonnormal,0,random_052,0.04970829091467696,0.6309725772356268,0.63222,0.19643539846530797
21,nonnormal,0,random_053,0.03367897094689972,0.608448463204081,0.60906,0.1330913205044916
21,nonnormal,0,random_054,0.02162946970422476,0.5872997675036152,0.58634,0.0854745440199432
21,nonnormal,0,random_055,0.038577271526868566,0.6158565582067865,0.6131,0.15244824484294095
21,nonnormal,0,random_056,0.06787084315112632,0.6520202540600859,0.6505,0.2682095053610348
21,nonnormal,0,random_057,0.04258376901571983,0.6215436645932759,0.6235,0.16828097447799614
21,nonnormal,0,random_058,0.07266484346882765,0.6570209437629992,0.65634,0.28715425975355435
21,nonnormal,0,random_059,0.02390424717497387,0.5916979738196467,0.59114,0.09446392608607597
21,nonnormal,0,random_060,0.043656128360409344,0.6230156852873339,0.62112,0.17251868475320262
21,nonnormal,0,random_061,0.07171935236953969,0.6560501771427469,0.65104,0.28341790275120177
21,nonnormal,0,random_062,0.04032393995180142,0.6183737040896531,0.6209,0.15935066497698644
21,nonnormal,0,random_063,0.023267683382591733,0.5904902350208878,0.591,0.09194837666958516
21,nonnormal,0,random_064,0.056394361366973164,0.6391592674053663,0.63892,0.2228571661281374
21,nonnormal,0,random_065,0.028425552779773353,0.5998265553312976,0.60078,0.11233105552705179
21,nonnormal,0,random_066,0.05100709057828942,0.6326089661054835,0.63278,0.20156794727665714
21,nonnormal,0,random_067,0.05431856648130986,0.6366787274102055,0.63618,0.21465411613397373
21,nonnormal,0,random_068,0.029688647416699493,0.6019724635050551,0.6022,0.11732250652523371
21,nonnormal,0,random_069,0.018526386470469867,0.5808886976128188,0.57934,0.07321189365966534
21,nonnormal,0,random_070,0.01934678998857415,0.5826350107840084,0.58138,0.07645393415262414
21,nonnormal,0,random_071,0.030366250904178993,0.6031036237283041,0.6059,0.12000023510159914
21,nonnormal,0,random_072,0.05946293195552248,0.6427336375202621,0.64632,0.23498343068459254
21,nonnormal,0,random_073,0.02426755746373746,0.5923796888151478,0.5912,0.09589964234239065
21,nonnormal,0,random_074,0.03369521222639754,0.6084739550292556,0.60622,0.13315550219633893
21,nonnormal,0,random_075,0.04546690321923258,0.6254569106391243,0.62384,0.17967443833834318
21,nonnormal,0,random_076,0.03187047866619827,0.6055674265365221,0.60856,0.12594458712774353
21,nonnormal,0,random_077,0.02344786522106968,0.5908338367015004,0.58898,0.0926604126415798
21,nonnormal,0,random_078,0.035615919254994605,0.611443280811542,0.6115,0.14074568169265667
21,nonnormal,0,random_079,0.02948532521298733,0.6016303653009755,0.60138,0.11651902530775232
21,nonnormal,0,random_080,0.024745977987741995,0.5932692379342155,0.59542,0.09779024699882763
21,nonnormal,0,random_081,0.058212340439900076,0.6412897979530684,0.6406,0.230041389061993
21,nonnormal,0,random_082,0.015701020302489627,0.5745442591767806,0.57456,0.06204671540056479
21,nonnormal,0,random_083,0.03347836839834402,0.6081330567091253,0.6069,0.1322985867203763
21,nonnormal,0,random_084,0.10849648710894051,0.6893758914266661,0.69102,0.4287524331486943
21,nonnormal,0,random_085,0.05725509185702189,0.6401727346973274,0.64228,0.22625856926779025
21,nonnormal,0,random_086,0.05309428203662664,0.6351907092111069,0.63772,0.20981603382816638
21,nonnormal,0,random_087,0.03546691550146169,0.6112160660481288,0.6131,0.14015685413171108
21,nonnormal,0,random_088,0.04369183456379632,0.6230643557338222,0.62194,0.17265978721641242
21,nonnormal,0,random_089,0.029503998426493094,0.6016618361273746,0.60566,0.11659281742709769
21,nonnormal,0,random_090,0.04533568111771816,0.6252818203295331,0.62808,0.17915587965680072
21,nonnormal,0,random_091,0.036468716356949184,0.6127339326751017,0.61226,0.1441157339605983
21,nonnormal,0,random_092,0.060356327544942204,0.6437545755906964,0.64648,0.23851391856429138
21,nonnormal,0,random_093,0.03315436858532947,0.6076214798913916,0.6077,0.13101821615842232
21,nonnormal,0,random_094,0.03138827822186922,0.6047845317636263,0.60364,0.12403904512098833
21,nonnormal,0,random_095,0.06640859666723017,0.6504545629836387,0.64976,0.26243105340798584
21,nonnormal,0,random_096,0.04517401433902926,0.6250657231624104,0.62638,0.178517010818102
21,nonnormal,0,random_097,0.04038305931003172,0.6184578522263593,0.61634,0.1595842906856417
21,nonnormal,0,random_098,0.028999458669910546,0.60080774673387,0.6014,0.11459899574660584
21,nonnormal,0,random_099,0.03701917834328345,0.6135583679634218,0.61476,0.1462910294220974
21,nonnormal,0,random_100,0.03398845612807611,0.6089330895610705,0.61262,0.13431433267740742
21,nonnormal,0,random_101,0.0672186485508595,0.651324344109843,0.65138,0.2656321866919974
21,nonnormal,0,random_102,0.044071654447836735,0.6235807344951144,0.62434,0.17416074548501573
21,nonnormal,0,random_103,0.04756769747471733,0.6282228957307872,0.62842,0.18797627992404803
21,nonnormal,0,random_104,0.03384830449405192,0.6087139199686787,0.60666,0.13376048659723622
21,nonnormal,0,random_105,0.033669299786179926,0.6084332804991502,0.60868,0.13305310236673915
21,nonnormal,0,random_106,0.02554085564306221,0.5947273434697744,0.59394,0.10093141532469121
21,nonnormal,0,random_107,0.11742036524772868,0.6963739440715322,0.6977,0.46401748704197016
21,nonnormal,0,random_108,0.03903070454057255,0.6165158677295551,0.61468,0.1542401047738558
21,nonnormal,0,random_109,0.06806746098442788,0.6522292943403681,0.65382,0.2689864924937502
21,nonnormal,0,random_110,0.03685383692307364,0.613311435107787,0.61194,0.14563763926999015
21,nonnormal,0,random_111,0.08916562425602619,0.6728906370334238,0.67158,0.35236143926583563
21,nonnormal,0,random_112,0.04205634436292591,0.6208122155188854,0.62252,0.16619671710511974
21,nonnormal,0,random_113,0.0227822746308814,0.5895575478956777,0.59086,0.09003015619154782
21,nonnormal,0,random_114,0.020620070358220867,0.5852704538161225,0.58684,0.0814856367552931
21,nonnormal,0,random_115,0.025575587365202265,0.5947905039014337,0.59434,0.10106866686869785
21,nonnormal,0,random_116,0.031606855239547454,0.605140203116277,0.6054,0.12490280975205728
21,nonnormal,0,random_117,0.03844922488971769,0.6156696115346484,0.616,0.15194223484484928
21,nonnormal,0,random_118,0.06485108166271558,0.6487649165389783,0.65222,0.2562761228139593
21,nonnormal,0,random_119,0.030232424825236956,0.6028812967828403,0.6048,0.11947138611769115
21,nonnormal,0,random_120,0.05118954428870443,0.6328369768087172,0.63186,0.20228896114873662
21,nonnormal,0,random_121,0.07441217928575307,0.6587958251219619,0.65986,0.29405931726276574
21,nonnormal,0,random_122,0.03694414600270658,0.6134463834104569,0.61068,0.14599451937422028
21,nonnormal,0,random_123,0.0417028331524723,0.6203191407695205,0.6194,0.16479972448659255
21,nonnormal,0,random_124,0.026693164380057272,0.5967991331411702,0.5971,0.10548506667221422
21,nonnormal,0,random_125,0.04834359409755094,0.6292273470875078,0.62682,0.19104243970282253
21,nonnormal,0,random_126,0.0364926738230237,0.6127699537675331,0.61298,0.14421040819517708
21,nonnormal,0,random_127,0.02823908955080793,0.5995054988635817,0.59956,0.11159419698681712
21,nonnormal,12,oracle_t0,0.07288635803882246,0.6572473164730706,0.65704,0.5431102290667404
21,nonnormal,12,oracle_t12,0.13420177735202599,0.7086699879202893,0.70718,1.000000000000001
21,nonnormal,12,bottom,6.666356464474599e-33,0.5,0.49558,-2.9095971977569234e-17
21,nonnormal,12,random_000,0.025836820565529675,0.5952641158084825,0.59592,0.19252219363501336
21,nonnormal,12,random_001,0.012268732206639637,0.565979155316805,0.56628,0.09142004263071282
21,nonnormal,12,random_002,0.012058060310700523,0.5654153724883523,0.56378,0.08985022813126321
21,nonnormal,12,random_003,0.019150542421510777,0.58222084691978,0.58258,0.14269961843558018
21,nonnormal,12,random_004,0.011915717657132879,0.5650315781848989,0.56654,0.08878956666778452
21,nonnormal,12,random_005,0.013144610887492945,0.5682713785050022,0.56914,0.0979466229647108
21,nonnormal,12,random_006,0.012275033940107172,0.5659959425818273,0.56684,0.09146699978427573
21,nonnormal,12,random_007,0.00730807003413589,0.5510168669011044,0.54926,0.05445583641538535
21,nonnormal,12,random_008,0.011561187414649805,0.5640653123893751,0.5589,0.08614779656996306
21,nonnormal,12,random_009,0.016883650313696666,0.5772665953270442,0.5777,0.12580794864891404
21,nonnormal,12,random_010,0.020613259543186234,0.5852565866316337,0.5874,0.1535990055415988
21,nonnormal,12,random_011,0.016120740822875856,0.5755222174830888,0.57652,0.1201231544094189
21,nonnormal,12,random_012,0.01583864729722157,0.5748664087871833,0.57518,0.11802114405441202
21,nonnormal,12,random_013,0.019203473829454094,0.5823327713592895,0.58464,0.14309403502966495
21,nonnormal,12,random_014,0.009859052317288182,0.559199172191311,0.55658,0.07346439452457336
21,nonnormal,12,random_015,0.015709003375402843,0.5745629853535932,0.57208,0.11705510676059391
21,nonnormal,12,random_016,0.025261318333579797,0.5942173364294265,0.59232,0.18823385823957176
21,nonnormal,12,random_017,0.0427197552493563,0.62173144880679,0.61912,0.31832480979218114
21,nonnormal,12,random_018,0.011125522737630998,0.5628568555844453,0.56496,0.0829014559803298
21,nonnormal,12,random_019,0.013350831930588794,0.5687995372577157,0.571,0.09948327208490022
21,nonnormal,12,random_020,0.012458799852631638,0.5664835455856538,0.56892,0.09283632525932088
21,nonnormal,12,random_021,0.017286953879513137,0.5781722283728427,0.58058,0.12881315151413808
21,nonnormal,12,random_022,0.015567294048697685,0.5742298369560859,0.57564,0.11599916451078719
21,nonnormal,12,random_023,0.012292482470139511,0.5660424008437762,0.56798,0.09159701691502184
21,nonnormal,12,random_024,0.01935334255301421,0.5826488015161333,0.58166,0.1442107767488673
21,nonnormal,12,random_025,0.020065083409889883,0.5841325055166909,0.57948,0.14951428964503938
21,nonnormal,12,random_026,0.020998092798842218,0.5860364033365797,0.58322,0.15646657751604837
21,nonnormal,12,random_027,0.016102637391689243,0.5754803101681484,0.5763,0.11998825730489596
21,nonnormal,12,random_028,0.006603705334781489,0.548508824491327,0.54648,0.04920728670723376
21,nonnormal,12,random_029,0.012613080940766349,0.5668900664423082,0.56672,0.09398594556375257
21,nonnormal,12,random_030,0.01822591149661759,0.5802390499627409,0.57962,0.13580976240582152
21,nonnormal,12,random_031,0.025919078555715132,0.5954127234538245,0.5973,0.19313513626370662
21,nonnormal,12,random_032,0.016629668012429072,0.5766904961262265,0.57778,0.12391540813060652
21,nonnormal,12,random_033,0.018464055535411417,0.5807543874275463,0.58218,0.13758428464757358
21,nonnormal,12,random_034,0.015585962189390297,0.5742738139196347,0.5729,0.11613826952907351
21,nonnormal,12,random_035,0.011622915281749236,0.564234632749781,0.5631,0.08660775968161032
21,nonnormal,12,random_036,0.01576353616398487,0.5746907732906883,0.57492,0.1174614559882869
21,nonnormal,12,random_037,0.015292370793418816,0.5735790064745356,0.57422,0.1139505831827045
21,nonnormal,12,random_038,0.015430066857807385,0.573905726632733,0.57006,0.11497662074424422
21,nonnormal,12,random_039,0.01635061514427626,0.5760522431663526,0.57346,0.12183605513201817
21,nonnormal,12,random_040,0.040245802470249385,0.6182623830205217,0.61872,0.299890234424245
21,nonnormal,12,random_041,0.01619146117061502,0.575685693532806,0.57334,0.12065012468607662
21,nonnormal,12,random_042,0.013768757299871728,0.5698571620089633,0.56754,0.10259742882357493
21,nonnormal,12,random_043,0.019230764414314046,0.5823904149378647,0.58054,0.14329738989871682
21,nonnormal,12,random_044,0.014880301496428036,0.572592070105352,0.5728,0.11088006276843398
21,nonnormal,12,random_045,0.04817430729872169,0.6290089598555071,0.63058,0.35896921970232354
21,nonnormal,12,random_046,0.014592835566870755,0.5718951792053224,0.57456,0.10873802012764817
21,nonnormal,12,random_047,0.011914709665294268,0.5650288519964245,0.56376,0.08878205565072873
21,nonnormal,12,random_048,0.025818316520134665,0.5952306518437823,0.5922,0.19238431136728104
21,nonnormal,12,random_049,0.016002250478053377,0.5752474820271872,0.57512,0.1192402276169393
21,nonnormal,12,random_050,0.010491170679273446,0.5610530537479763,0.5576,0.07817460309600789
21,nonnormal,12,random_051,0.021478322123060542,0.5869991048409431,0.58656,0.1600449900653743
21,nonnormal,12,random_052,0.02244741767557729,0.5889080350827162,0.58722,0.16726617276234174
21,nonnormal,12,random_053,0.022603152417103988,0.589210738222866,0.58596,0.1684266249158046
21,nonnormal,12,random_054,0.008580861788824834,0.5552549376402561,0.55436,0.06394000107998792
21,nonnormal,12,random_055,0.014773063328792907,0.5723329176024052,0.57408,0.11008098119327846
21,nonnormal,12,random_056,0.023318971664505785,0.59058818246273,0.58696,0.17376052780089177
21,nonnormal,12,random_057,0.023530457960192736,0.5909908741570136,0.58822,0.17533641077248763
21,nonnormal,12,random_058,0.038737028673405415,0.6160893297001037,0.61382,0.2886476575626415
21,nonnormal,12,random_059,0.009738286929871096,0.5588381408572681,0.55838,0.07256451532923076
21,nonnormal,12,random_060,0.02285730527695857,0.5897023934010659,0.59002,0.17032043634564814
21,nonnormal,12,random_061,0.04126559058730173,0.6197061053932286,0.6204,0.3074891510494498
21,nonnormal,12,random_062,0.01907010165963313,0.5820504440897091,0.58092,0.14210021682209295
21,nonnormal,12,random_063,0.016421315577863686,0.5762144808634538,0.5753,0.12236287701904865
21,nonnormal,12,random_064,0.019812519622216022,0.5836092022992122,0.58558,0.14763231913274608
21,nonnormal,12,random_065,0.011705842856881659,0.5644613795587743,0.5627,0.08722569169986441
21,nonnormal,12,random_066,0.02093475812643475,0.5859085809314389,0.58494,0.15599464134905305
21,nonnormal,12,random_067,0.022461841387384465,0.5889361168549383,0.58658,0.16737365056250042
21,nonnormal,12,random_068,0.007580557045860402,0.5519539671329435,0.55216,0.05648626415711151
21,nonnormal,12,random_069,0.023047023602438627,0.590067530323245,0.58996,0.1717341160242891
21,nonnormal,12,random_070,0.006766202318771782,0.5490990383260017,0.55128,0.050418127481451275
21,nonnormal,12,random_071,0.01390877874766662,0.5702077985988313,0.5756,0.10364079390083179
21,nonnormal,12,random_072,0.025533313141573297,0.5947136212573684,0.59624,0.19026061834186167
21,nonnormal,12,random_073,0.021270281598937967,0.5865834512439759,0.58724,0.15849478314392
21,nonnormal,12,random_074,0.014022398617747683,0.5704909857771128,0.56798,0.10448742851568503
21,nonnormal,12,random_075,0.0215855544549233,0.587212525158468,0.58368,0.16084402815546947
21,nonnormal,12,random_076,0.008186055233664167,0.5539767972442344,0.55566,0.06099811340196526
21,nonnormal,12,random_077,0.0100985190109312,0.5599084397341195,0.56212,0.07524877248415039
21,nonnormal,12,random_078,0.0158890004239795,0.5749839102317993,0.57692,0.11839634867354196
21,nonnormal,12,random_079,0.011029013046982101,0.5625858895690475,0.5586,0.08218231728818165
21,nonnormal,12,random_080,0.024750016932775676,0.5932767089186656,0.59398,0.1844239131636363
21,nonnormal,12,random_081,0.020127294045136745,0.5842608746553511,0.5804,0.14997785008719117
21,nonnormal,12,random_082,0.010176690737287376,0.5601381080720962,0.55788,0.07583126645627657
21,nonnormal,12,random_083,0.029295337052807267,0.6013095636063728,0.599,0.21829321213803612
21,nonnormal,12,random_084,0.03993315359091168,0.6178157745939704,0.6192,0.2975605418858402
21,nonnormal,12,random_085,0.03750952333129836,0.614287191034547,0.61198,0.2795009430680401
21,nonnormal,12,random_086,0.02702297522336304,0.5973833561285786,0.60054,0.20136078490584247
21,nonnormal,12,random_087,0.015965113824202192,0.5751611590463804,0.57586,0.11896350509817735
21,nonnormal,12,random_088,0.012159753583567023,0.5656881420291142,0.56306,0.09060799211079498
21,nonnormal,12,random_089,0.011585773437050452,0.5641328076203322,0.56292,0.08633099848342324
21,nonnormal,12,random_090,0.02078466156264698,0.5856048444142795,0.58526,0.15487620188610876
21,nonnormal,12,random_091,0.016519049630037523,0.5764381579485378,0.57612,0.1230911389996442
21,nonnormal,12,random_092,0.024043868239582288,0.5919606004142925,0.59072,0.17916207008579774
21,nonnormal,12,random_093,0.015289947783215786,0.5735732436500615,0.5759,0.11393252820421736
21,nonnormal,12,random_094,0.012263615638583714,0.5659655219693083,0.56352,0.091381916697086
21,nonnormal,12,random_095,0.028857655280210594,0.6005662779775187,0.60212,0.2150318412290012
21,nonnormal,12,random_096,0.01450813077222436,0.5716884832435254,0.5718,0.10810684521836064
21,nonnormal,12,random_097,0.019112359237838994,0.5821400076653352,0.58042,0.1424150977352945
21,nonnormal,12,random_098,0.010471581577396846,0.5609964746857545,0.55832,0.07802863556664191
21,nonnormal,12,random_099,0.01508634806655429,0.5730873089196606,0.56846,0.112415411809198
21,nonnormal,12,random_100,0.014673053784352299,0.5720903565949105,0.57346,0.10933576345910294
21,nonnormal,12,random_101,0.02807143455331649,0.5992158629485423,0.59906,0.20917334410320115
21,nonnormal,12,random_102,0.01633224397786218,0.5760100269858476,0.57314,0.12169916300751313
21,nonnormal,12,random_103,0.02356215520664767,0.5910510645542055,0.5894,0.1755726017312094
21,nonnormal,12,random_104,0.017247201241166125,0.5780834531911608,0.5772,0.1285169360754801
21,nonnormal,12,random_105,0.024341070597184593,0.5925169728628639,0.59412,0.18137666339049527
21,nonnormal,12,random_106,0.014294898160761689,0.5711653797715581,0.56862,0.10651794963389055
21,nonnormal,12,random_107,0.04162980524841567,0.6202169973818331,0.62218,0.3102030842647945
21,nonnormal,12,random_108,0.022840919910986662,0.5896707830612551,0.58658,0.1701983413459007
21,nonnormal,12,random_109,0.02272076931221732,0.5894386257025621,0.5896,0.16930304322735065
21,nonnormal,12,random_110,0.01661007305311578,0.5766458604890623,0.57074,0.12376939695474927
21,nonnormal,12,random_111,0.045328517533501166,0.625272253889158,0.62666,0.3377639136223921
21,nonnormal,12,random_112,0.009490283019465494,0.5580894833817219,0.55732,0.07071652258800899
21,nonnormal,12,random_113,0.011580164469397441,0.564117415973143,0.56592,0.0862892034508709
21,nonnormal,12,random_114,0.013638814363749292,0.569530115471214,0.56634,0.10162916343479708
21,nonnormal,12,random_115,0.012786989707758017,0.5673452514350845,0.56722,0.09528182085261319
21,nonnormal,12,random_116,0.013252420363747519,0.5685480204923713,0.56662,0.09874996162670015
21,nonnormal,12,random_117,0.01843919732699171,0.5807007573119146,0.57788,0.13739905454920828
21,nonnormal,12,random_118,0.023501652260241583,0.5909361375284934,0.59194,0.17512176607463395
21,nonnormal,12,random_119,0.010530326011599587,0.5611659839905112,0.56144,0.07846636772907556
21,nonnormal,12,random_120,0.024323907230567432,0.5924849402658914,0.59434,0.18124877114528198
21,nonnormal,12,random_121,0.019582323689062826,0.5831292010110253,0.58502,0.1459170219310602
21,nonnormal,12,random_122,0.020930971304864113,0.5859009319354617,0.58596,0.1559664239763375
21,nonnormal,12,random_123,0.018838039791914576,0.5815567415592175,0.58294,0.1403710156721721
21,nonnormal,12,random_124,0.02041363878787848,0.584849078276849,0.5843,0.1521115382423832
21,nonnormal,12,random_125,0.023675904783862067,0.5912667151198093,0.58848,0.1764202028543749
21,nonnormal,12,random_126,0.013382889394415374,0.5688812622825492,0.56978,0.09972214719117019
21,nonnormal,12,random_127,0.010482756781703803,0.5610287585780237,0.56178,0.07811190722315389
22,normal,0,oracle_t0,0.12975747519310749,0.7055145650110046,0.709,0.9999999999999998
22,normal,0,oracle_t12,0.039858907077721224,0.6177094361881522,0.61694,0.30718004506794283
22,normal,0,bottom,2.402660604620005e-32,0.5000000000000001,0.49778,-5.808573754469211e-17
22,normal,0,random_000,0.028520122662813174,0.5999889596841098,0.59918,0.2197956042252594
22,normal,0,random_001,0.01996228689070342,0.5839199324374327,0.58712,0.1538430588372282
22,normal,0,random_002,0.03488644772724371,0.6103259651502997,0.60826,0.26885886670748665
22,normal,0,random_003,0.03398038779562648,0.608920485484926,0.60988,0.26187614813756377
22,normal,0,random_004,0.02299060835820505,0.5899591177050512,0.5912,0.1771813787528618
22,normal,0,random_005,0.04724601328366443,0.6278037943975567,0.62744,0.36411014635844313
22,normal,0,random_006,0.027335626079088373,0.5979337003180397,0.59714,0.2106670620587137
22,normal,0,random_007,0.03068797183165943,0.6036359702110492,0.60526,0.23650253510242103
22,normal,0,random_008,0.011583784907839123,0.5641273513067928,0.56572,0.08927258248975574
22,normal,0,random_009,0.039138094956680296,0.6166714067406085,0.61556,0.3016249730386187
22,normal,0,random_010,0.024192672510427664,0.5922396172735044,0.59246,0.18644530863770029
22,normal,0,random_011,0.03282943773838957,0.6071057281005102,0.6052,0.2530061384866821
22,normal,0,random_012,0.03587778485416475,0.611841357185907,0.60802,0.27649878976737763
22,normal,0,random_013,0.017179284244639093,0.5779315354119744,0.57534,0.1323953338262213
22,normal,0,random_014,0.04378668951059616,0.6231935447144318,0.62456,0.33745022739870656
22,normal,0,random_015,0.032883058360620054,0.6071910265789289,0.60736,0.2534193757367957
22,normal,0,random_016,0.01706765625482685,0.5776811650448535,0.57518,0.13153505206098098
22,normal,0,random_017,0.018643885075964678,0.5811412441282972,0.5785,0.14368255122272144
22,normal,0,random_018,0.05565521448652258,0.6382819800354043,0.63686,0.42891721192706195
22,normal,0,random_019,0.01901973306441058,0.5819435541754071,0.58198,0.14657909331316019
22,normal,0,random_020,0.0229887550374347,0.5899555538247041,0.59386,0.1771670957933052
22,normal,0,random_021,0.0229605520621495,0.5899013016932052,0.58764,0.17694974434404778
22,normal,0,random_022,0.034454632679272124,0.6096586182626728,0.60926,0.2655310041136057
22,normal,0,random_023,0.039535121466025336,0.6172444332534444,0.61612,0.30468473132039925
22,normal,0,random_024,0.02922471963592655,0.6011900410246186,0.60286,0.22522571121574123
22,normal,0,random_025,0.037571568922789234,0.6143790434107491,0.61352,0.2895522502027302
22,normal,0,random_026,0.04188715645322768,0.6205765176063411,0.62364,0.32281112429854575
22,normal,0,random_027,0.05042440150613285,0.6318777260647027,0.63358,0.38860498349779327
22,normal,0,random_028,0.04307862193605582,0.6222254422767549,0.62494,0.3319933735759378
22,normal,0,random_029,0.023491724114121492,0.5909172638686739,0.58948,0.18104332007971535
22,normal,0,random_030,0.03088416073619873,0.6039591377662962,0.60366,0.23801450120878467
22,normal,0,random_031,0.03495750164168785,0.61043534763314,0.61102,0.26940645685085535
22,normal,0,random_032,0.03086176916238201,0.6039223093678459,0.60564,0.23784193640060386
22,normal,0,random_033,0.032740291565149036,0.606963750650862,0.60212,0.2523191170021173
22,normal,0,random_034,0.026273293913233287,0.5960498162395322,0.59398,0.20248000259047028
22,normal,0,random_035,0.026923517521532308,0.5972075780519821,0.59732,0.20749107118078722
22,normal,0,random_036,0.03590414548670327,0.6118813423553999,0.61322,0.2767019428612497
22,normal,0,random_037,0.03685010463258556,0.6133058541180384,0.61546,0.28399215211104056
22,normal,0,random_038,0.005941401910632683,0.5460234354096973,0.54702,0.045788513546449465
22,normal,0,random_039,0.0382572857813703,0.6153887479958394,0.61766,0.2948368540959594
22,normal,0,random_040,0.034633746354373426,0.6099359728224037,0.60816,0.2669113768037706
22,normal,0,random_041,0.02861521219595123,0.6001519677831519,0.60218,0.2205284293129589
22,normal,0,random_042,0.03163504315742106,0.6051859748626273,0.60654,0.2438013155723106
22,normal,0,random_043,0.05027217263784297,0.6316859135668664,0.63046,0.3874318035475567
22,normal,0,random_044,0.043840717301738566,0.6232670598945753,0.62636,0.33786660257140466
22,normal,0,random_045,0.036594894395862984,0.6129235032596574,0.60902,0.2820253271836692
22,normal,0,random_046,0.022647479367993505,0.5892966964817037,0.58834,0.17453699167843015
22,normal,0,random_047,0.051181191678705586,0.6328265485353999,0.63246,0.3944373270405945
22,normal,0,random_048,0.06861196098425251,0.6528063850683665,0.65424,0.5287707770372605
22,normal,0,random_049,0.021588720246366346,0.5872188174528336,0.58702,0.16637746853688085
22,normal,0,random_050,0.027475716191130622,0.598179210247947,0.59612,0.21174669243710806
22,normal,0,random_051,0.03928483866772503,0.6168835682006449,0.61936,0.302755880609272
22,normal,0,random_052,0.03153877804128362,0.6050295686314041,0.60896,0.24305943063663205
22,normal,0,random_053,0.03507371849125771,0.6106139971164682,0.61054,0.27030210351319145
22,normal,0,random_054,0.05331002091013311,0.6354543070251201,0.63354,0.41084354354765407
22,normal,0,random_055,0.028511422654153386,0.5999740311841752,0.60044,0.21972855599819702
22,normal,0,random_056,0.027357075038017493,0.5979713331543846,0.60024,0.21083236243078998
22,normal,0,random_057,0.06252238058521585,0.6461947311275967,0.64274,0.4818402985428691
22,normal,0,random_058,0.031273386809771646,0.6045970472235594,0.60422,0.24101414398846774
22,normal,0,random_059,0.026759374387102682,0.5969167224733919,0.5984,0.2062260717332769
22,normal,0,random_060,0.027101839023543652,0.5975224934864928,0.59836,0.20886533884240727
22,normal,0,random_061,0.027319166924209014,0.5979048116124788,0.60018,0.2105402165351331
22,normal,0,random_062,0.023530280813078026,0.5909905376496736,0.58916,0.18134046441686552
22,normal,0,random_063,0.022984953568613374,0.5899482432411702,0.58614,0.17713779907020175
22,normal,0,random_064,0.03736010686476756,0.6140656560989126,0.60954,0.28792257871207455
22,normal,0,random_065,0.04753255768049702,0.6281771908474127,0.62526,0.36631845379049
22,normal,0,random_066,0.01077195380812467,0.5618581708143651,0.56358,0.08301605585415132
22,normal,0,random_067,0.042473261848285766,0.621390822447714,0.62432,0.32732805401057824
22,normal,0,random_068,0.04600030534219303,0.6261657792568518,0.62626,0.35450986753352376
22,normal,0,random_069,0.05622953540389039,0.6389642003912104,0.63996,0.4333433223805298
22,normal,0,random_070,0.029690746620961286,0.6019759889774248,0.60078,0.2288172344350487
22,normal,0,random_071,0.020575195584098895,0.5851790421982468,0.58612,0.15856655312904713
22,normal,0,random_072,0.04451859036999852,0.6241852373388647,0.62546,0.34309075684268
22,normal,0,random_073,0.03697693011720646,0.6134953283085325,0.61238,0.2849695561829999
22,normal,0,random_074,0.010594992925740319,0.5613520241169937,0.56532,0.08165227405953032
22,normal,0,random_075,0.04019176231396554,0.6181853240242667,0.61718,0.3097452555558082
22,normal,0,random_076,0.02190966986069881,0.5878542411362196,0.58608,0.16885092614581498
22,normal,0,random_077,0.024765091852448132,0.5933045878673344,0.59426,0.19085676424878228
22,normal,0,random_078,0.03515424594562854,0.6107375973518099,0.61252,0.27092270324550727
22,normal,0,random_079,0.030816607451241332,0.6038479864367953,0.60478,0.23749388931450363
22,normal,0,random_080,0.041889804893691304,0.6205802111931588,0.62044,0.3228315349951909
22,normal,0,random_081,0.047404300193548375,0.628010212735306,0.62844,0.36533001372753604
22,normal,0,random_082,0.023035744326185915,0.5900458662210133,0.58562,0.1775292274445359
22,normal,0,random_083,0.01660311102814332,0.5766299950176899,0.57454,0.12795494828667295
22,normal,0,random_084,0.028029907924851667,0.599143980746927,0.59956,0.21601767361099647
22,normal,0,random_085,0.030304011238998084,0.6030002894236756,0.60328,0.23354347172599563
22,normal,0,random_086,0.04783878157052483,0.6285748570950462,0.62922,0.3686784248794164
22,normal,0,random_087,0.036807717169630036,0.6132424495692178,0.61488,0.28366548528207797
22,normal,0,random_088,0.0489436036805921,0.62999798884567,0.63114,0.3771929409673957
22,normal,0,random_089,0.04476164009939772,0.6245125734533743,0.62428,0.3449638645695179
22,normal,0,random_090,0.026402961664480706,0.596281899001351,0.59228,0.20347931111627537
22,normal,0,random_091,0.03425217566775829,0.6093441800437516,0.60826,0.2639707316806494
22,normal,0,random_092,0.029549127926340103,0.6017378511286086,0.59854,0.22772582375207698
22,normal,0,random_093,0.03325919310492699,0.6077872845589971,0.60748,0.2563181277643546
22,normal,0,random_094,0.028343309147476806,0.5996850849471345,0.59986,0.2184329581420705
22,normal,0,random_095,0.03209058954274731,0.6059226859221305,0.60474,0.24731206811006057
22,normal,0,random_096,0.04837611297171383,0.629269249268568,0.62902,0.372819468779888
22,normal,0,random_097,0.0424520315127136,0.6213614338944775,0.6199,0.3271644384998682
22,normal,0,random_098,0.02811327176359923,0.5992882256248382,0.60034,0.21666013246451152
22,normal,0,random_099,0.0184601193627014,0.5807458978741658,0.58074,0.14226632673939366
22,normal,0,random_100,0.04457277992669076,0.6242583041138532,0.62636,0.3435083786915298
22,normal,0,random_101,0.015369606279488478,0.5737624545044492,0.57166,0.11844871562594092
22,normal,0,random_102,0.034943153011535784,0.610413268598887,0.60878,0.26929587647673264
22,normal,0,random_103,0.039970003101129484,0.6178685117246282,0.61936,0.30803622713562645
22,normal,0,random_104,0.02752557045433643,0.5982664201806538,0.5988,0.21213090354426486
22,normal,0,random_105,0.0366078470156455,0.6129429433164038,0.61424,0.2821251489454847
22,normal,0,random_106,0.043171242005822424,0.6223525705808145,0.62372,0.3327071672870806
22,normal,0,random_107,0.015297811265156811,0.5735919442306815,0.57394,0.11789541405911544
22,normal,0,random_108,0.03636270303670531,0.6125743831691961,0.61324,0.2802359014969246
22,normal,0,random_109,0.05022889051757351,0.6316313179134952,0.62718,0.38709824187640773
22,normal,0,random_110,0.026107501873098616,0.5957521919414704,0.59684,0.20120229554594019
22,normal,0,random_111,0.03101153418796944,0.6041683633196904,0.6069,0.23899612829100975
22,normal,0,random_112,0.043614339939566295,0.6229586965167844,0.62218,0.33612198352856826
22,normal,0,random_113,0.04324168048219225,0.6224491527830037,0.62266,0.33325001444301505
22,normal,0,random_114,0.026704550160424424,0.5968193653470067,0.59674,0.2058035586827057
22,normal,0,random_115,0.02498508176945935,0.5937104134330373,0.59332,0.19255215726320263
22,normal,0,random_116,0.025721495375185234,0.5950553467111173,0.59376,0.19822746502200372
22,normal,0,random_117,0.027722289602086822,0.5986097246149716,0.59682,0.21364695606807999
22,normal,0,random_118,0.03361041289199179,0.6083407836047127,0.60804,0.25902486806229963
22,normal,0,random_119,0.02953091262581733,0.6017071771874891,0.60032,0.22758544416704216
22,normal,0,random_120,0.0436683989965843,0.6230324136224703,0.62122,0.3365385996575239
22,normal,0,random_121,0.044088963963971335,0.6236042090371723,0.62466,0.3397797614230495
22,normal,0,random_122,0.023635298001598876,0.5911897940587421,0.5898,0.1821497988183292
22,normal,0,random_123,0.05713133290370224,0.6400275461876004,0.64094,0.440293191730791
22,normal,0,random_124,0.05131015896002632,0.6329874591443551,0.63026,0.3954312372652565
22,normal,0,random_125,0.025552360203836604,0.5947482698040616,0.59262,0.19692399351797732
22,normal,0,random_126,0.030164109867982937,0.6027676016478742,0.60528,0.23246529591526144
22,normal,0,random_127,0.03289486713980636,0.6072098016812458,0.6048,0.25351038227933764
22,normal,12,oracle_t0,0.04931993853537131,0.6304786738304343,0.63222,0.5260669606028118
22,normal,12,oracle_t12,0.09375220690319794,0.6769851449847566,0.67752,0.9999999999999994
22,normal,12,bottom,1.4619509166526555e-32,0.5000000000000001,0.50154,-1.3909461268645855e-18
22,normal,12,random_000,0.021561342650933752,0.5871643860186029,0.58674,0.22998224109216434
22,normal,12,random_001,0.017416443684475095,0.5784606706838401,0.57916,0.18577102619523506
22,normal,12,random_002,0.027337054300372414,0.5979362066617053,0.59678,0.2915883817924281
22,normal,12,random_003,0.019624114908687817,0.5832165614832704,0.58462,0.20931896492794372
22,normal,12,random_004,0.021715737394865223,0.5874708774880171,0.58578,0.231629079593693
22,normal,12,random_005,0.02499194476899412,0.5937230435150518,0.59228,0.26657446895942477
22,normal,12,random_006,0.029896012691227884,0.6023200795689309,0.59944,0.3188832954310763
22,normal,12,random_007,0.019171006652631738,0.5822641380227502,0.5857,0.20448592396791668
22,normal,12,random_008,0.023226486387149015,0.5904114770396911,0.5903,0.24774335617646917
22,normal,12,random_009,0.027373517329328172,0.5980001710406349,0.59744,0.29197731161243123
22,normal,12,random_010,0.02116368666951075,0.5863696549454299,0.58746,0.22574067713801033
22,normal,12,random_011,0.027555476649079376,0.5983186947690976,0.6024,0.29391816533483034
22,normal,12,random_012,0.04606787008642056,0.626255245733239,0.63154,0.49137904704458907
22,normal,12,random_013,0.027600766917143256,0.5983978026519345,0.60124,0.2944012501555499
22,normal,12,random_014,0.02156117768294833,0.5871640579236862,0.58324,0.22998048147507502
22,normal,12,random_015,0.023521350926813525,0.5909735727756729,0.58994,0.25088850389516737
22,normal,12,random_016,0.016657892799177315,0.5767547418476482,0.57416,0.17768000721707908
22,normal,12,random_017,0.03338404257592472,0.607984397381813,0.6051,0.3560880717228849
22,normal,12,random_018,0.023088186707594827,0.5901465450145285,0.59138,0.24626819432031158
22,normal,12,random_019,0.018351398127152377,0.5805110337821104,0.58044,0.1957436388254919
22,normal,12,random_020,0.013275810780060108,0.5686078877792095,0.56744,0.1416053148889368
22,normal,12,random_021,0.012076765252996911,0.5654656327492609,0.5659,0.1288157970026939
22,normal,12,random_022,0.024956826899326365,0.5936583962593549,0.59506,0.2661998871674034
22,normal,12,random_023,0.02481402514857452,0.5933950214516154,0.59138,0.2646767043488987
22,normal,12,random_024,0.013065833701995688,0.5680684948185587,0.56614,0.13936561211286005
22,normal,12,random_025,0.01506393443019505,0.5730336072789599,0.57096,0.1606781848426141
22,normal,12,random_026,0.03174795086970201,0.6053690965864968,0.60538,0.3386368376638081
22,normal,12,random_027,0.01550412307518933,0.5740808208745172,0.56804,0.16537341986197523
22,normal,12,random_028,0.019251862168050044,0.5824349486875326,0.58228,0.20534836249698285
22,normal,12,random_029,0.024588570738178342,0.5929775730915572,0.59278,0.26227191391416294
22,normal,12,random_030,0.017013061116588468,0.5775584040284183,0.5748,0.18146838009002778
22,normal,12,random_031,0.0241335276754617,0.5921288258167621,0.59264,0.25741823550223514
22,normal,12,random_032,0.019216060557318414,0.5823593625383205,0.58468,0.2049664876386278
22,normal,12,random_033,0.020432011719417813,0.5848866718560848,0.58532,0.21793632805374383
22,normal,12,random_034,0.024480098041495,0.5927760068097302,0.59146,0.26111489905268515
22,normal,12,random_035,0.024057724435999038,0.5919866199693293,0.59346,0.25660968664811673
22,normal,12,random_036,0.01884278752313478,0.5815668738387818,0.5777,0.20098500233269734
22,normal,12,random_037,0.027947222405252707,0.599000684140374,0.5981,0.29809668837032355
22,normal,12,random_038,0.02707664615639376,0.5974780697371924,0.5988,0.28881076030936753
22,normal,12,random_039,0.03665863342424144,0.6130191306679008,0.61106,0.3910162185525146
22,normal,12,random_040,0.024513217972104196,0.5928376008573955,0.59342,0.2614681699964123
22,normal,12,random_041,0.023228953707753568,0.590416195985542,0.59262,0.24776967364339672
22,normal,12,random_042,0.029403556640663145,0.6014924316618544,0.60056,0.3136305545428196
22,normal,12,random_043,0.028456658487499883,0.5998800046782489,0.5993,0.3035305453329994
22,normal,12,random_044,0.016267100411092354,0.5758601310234297,0.57482,0.17351165320181347
22,normal,12,random_045,0.02203335683942801,0.588097815119885,0.58878,0.23501694058442935
22,normal,12,random_046,0.010184665514948333,0.5601614871554291,0.55972,0.1086338748853593
22,normal,12,random_047,0.022433776259940943,0.5888814676544206,0.58716,0.2392879805283357
22,normal,12,random_048,0.02490587498263295,0.593564515192503,0.58892,0.2656564128495559
22,normal,12,random_049,0.030653924630376646,0.6035797744040893,0.60236,0.3269674991440761
22,normal,12,random_050,0.0171481281775559,0.5778617406864743,0.57826,0.1829090614929402
22,normal,12,random_051,0.02930899435487836,0.6013326613681327,0.60242,0.3126219139048192
22,normal,12,random_052,0.04148914797116257,0.6200199850171911,0.61864,0.4425404941560616
22,normal,12,random_053,0.015909392714318387,0.5750314417535312,0.57686,0.16969619425327576
22,normal,12,random_054,0.022576019305272192,0.5891580783300581,0.5901,0.2408052039626397
22,normal,12,random_055,0.013706985690104014,0.5697018915857583,0.5694,0.14620440566542495
22,normal,12,random_056,0.03413139498495528,0.6091561173587419,0.60614,0.3640596430993564
22,normal,12,random_057,0.0249273565600867,0.5936041082635711,0.58954,0.2658855442819064
22,normal,12,random_058,0.025049294821421444,0.5938285141556965,0.59204,0.26718618845192205
22,normal,12,random_059,0.0154428467058378,0.5739359735594125,0.57496,0.16471982064148097
22,normal,12,random_060,0.012563437570594218,0.5667595396774336,0.56818,0.13400684619153924
22,normal,12,random_061,0.014554867337704409,0.5718026062592478,0.56918,0.15524826367802472
22,normal,12,random_062,0.014155946202108128,0.5708223321063496,0.5749,0.15099320506369066
22,normal,12,random_063,0.02947686873167767,0.6016161097078463,0.59936,0.3144125317723287
22,normal,12,random_064,0.03065699551545669,0.6035848443495826,0.60452,0.3270002544805263
22,normal,12,random_065,0.020173497650929288,0.5843560797907636,0.58488,0.21517890956699337
22,normal,12,random_066,0.022894495744626757,0.5897740963751096,0.58984,0.24420220601597173
22,normal,12,random_067,0.030809179887716337,0.6038357572702701,0.60474,0.32862351623922575
22,normal,12,random_068,0.02951133579908725,0.6016741992327674,0.60054,0.31478017183700646
22,normal,12,random_069,0.017564080889693374,0.5787881806811002,0.5794,0.1873457859805778
22,normal,12,random_070,0.02237595866732009,0.5887687703213478,0.58588,0.23867127405783575
22,normal,12,random_071,0.025154605469781828,0.5940218559698485,0.59638,0.26830947559191565
22,normal,12,random_072,0.032547163459158646,0.6066554543433511,0.6075,0.34716157127655217
22,normal,12,random_073,0.03019217198442737,0.6028143214556969,0.59992,0.32204225352904703
22,normal,12,random_074,0.009693498355215937,0.5587036630848452,0.55674,0.10339488184235242
22,normal,12,random_075,0.023571693232242615,0.5910691681149711,0.58758,0.2514254758459298
22,normal,12,random_076,0.011249162303476104,0.5632022386919805,0.56386,0.11998824001115199
22,normal,12,random_077,0.018393314302075876,0.5806016684249707,0.5844,0.19619073416658372
22,normal,12,random_078,0.01438910636907307,0.5713969850987886,0.57202,0.15348018830031662
22,normal,12,random_079,0.01965080853886575,0.5832723110918033,0.58356,0.2096036902806545
22,normal,12,random_080,0.023016857468786907,0.5900095777447844,0.59076,0.24550736701646414
22,normal,12,random_081,0.02023179215349147,0.5844760364319467,0.58338,0.2158007029571199
22,normal,12,random_082,0.00977478331476206,0.5589474878146828,0.56,0.10426190100095264
22,normal,12,random_083,0.019460590135682215,0.5828741727908244,0.58196,0.2075747417420889
22,normal,12,random_084,0.015573915136471713,0.574245437524874,0.57396,0.1661178509915212
22,normal,12,random_085,0.019445564227055318,0.5828426362890817,0.57916,0.2074144691562669
22,normal,12,random_086,0.032682773580548885,0.6068720352339143,0.6093,0.34860804518761707
22,normal,12,random_087,0.014438489017613371,0.5715180767908412,0.56886,0.15400692415189277
22,normal,12,random_088,0.02318214638657828,0.590326628281445,0.59208,0.24727040730374006
22,normal,12,random_089,0.026244561550281435,0.5959983082527971,0.59344,0.27993540010615153
22,normal,12,random_090,0.008030953131950205,0.5534661017773724,0.55412,0.08566148357704693
22,normal,12,random_091,0.015067629791263512,0.5730424639702839,0.57426,0.1607176010994738
22,normal,12,random_092,0.022540156474069567,0.5890884247673777,0.58918,0.2404226761012993
22,normal,12,random_093,0.01912376298260143,0.5821641598362224,0.58176,0.2039820033500363
22,normal,12,random_094,0.02253245870141172,0.5890734663994064,0.58968,0.24034056845912077
22,normal,12,random_095,0.006501330457011027,0.5481331925405715,0.54598,0.06934589245161821
22,normal,12,random_096,0.020067943798786517,0.5841384123719348,0.58664,0.21405302831438702
22,normal,12,random_097,0.03061566638041016,0.6035165883302088,0.60646,0.3265594207507218
22,normal,12,random_098,0.017834258902757277,0.5793838437141233,0.5772,0.19022761694742496
22,normal,12,random_099,0.020573678524430282,0.5851759500683748,0.58654,0.21944740506933585
22,normal,12,random_100,0.02895469625552815,0.6007315914716985,0.60332,0.30884282313935024
22,normal,12,random_101,0.014354506684312263,0.5713120150094884,0.57182,0.153111133683858
22,normal,12,random_102,0.022954650814965737,0.5898899454358539,0.59056,0.24484384499521292
22,normal,12,random_103,0.025435989994417915,0.5945363668652608,0.59676,0.2713108398683494
22,normal,12,random_104,0.016453611438831353,0.5762884703156163,0.57746,0.17550105733319118
22,normal,12,random_105,0.01711959605131069,0.5777977662326957,0.58018,0.18260472597714095
22,normal,12,random_106,0.01688051192062441,0.5772595041650653,0.57998,0.18005455528160583
22,normal,12,random_107,0.022519467100162092,0.5890482149349593,0.58638,0.24020199464119413
22,normal,12,random_108,0.03092566140696218,0.6040273579933468,0.60194,0.32986595653043
22,normal,12,random_109,0.019971703239432426,0.5839394282800706,0.58256,0.2130264865130462
22,normal,12,random_110,0.02083636798495011,0.5857096071581872,0.58292,0.22224936002268497
22,normal,12,random_111,0.012279660583218516,0.5660082647343266,0.56184,0.13097996291327452
22,normal,12,random_112,0.02365321109679245,0.5912237352450431,0.59152,0.2522949792660893
22,normal,12,random_113,0.016178297746769908,0.5756552932348827,0.57384,0.1725644470798911
22,normal,12,random_114,0.013726993452282794,0.5697522229389109,0.56724,0.14641781677157029
22,normal,12,random_115,0.020677474937917977,0.5853872375222969,0.58638,0.22055454075089775
22,normal,12,random_116,0.022217842425777467,0.588459788861481,0.58552,0.23698474051622126
22,normal,12,random_117,0.023760955942790055,0.5914276019117759,0.59052,0.2534442305696757
22,normal,12,random_118,0.023860882038862982,0.5916162397667497,0.59242,0.2545100838372804
22,normal,12,random_119,0.009930036487926213,0.5594103271868671,0.5612,0.10591789586541975
22,normal,12,random_120,0.0317963529564116,0.6054474916747538,0.60366,0.33915311443539997
22,normal,12,random_121,0.042888219084862296,0.6219636277862436,0.6213,0.45746356807521
22,normal,12,random_122,0.032053549391892366,0.6058629946561441,0.60412,0.34189647850091287
22,normal,12,random_123,0.04036236259542063,0.6184284009964058,0.6179,0.4305217330733986
22,normal,12,random_124,0.03157637997145919,0.6050906925524735,0.60476,0.3368067911623965
22,normal,12,random_125,0.024304707565024633,0.592449093124063,0.59344,0.2592441113425734
22,normal,12,random_126,0.018665127627880515,0.5811868133816056,0.58084,0.19909000805872046
22,normal,12,random_127,0.01984639266025712,0.5836795875750674,0.58318,0.21168987179948864
22,nonnormal,0,oracle_t0,0.24129899901336435,0.7693880186090893,0.77226,0.9999999999999996
22,nonnormal,0,oracle_t12,0.1577021871673492,0.7243041596330216,0.72554,0.6535550823342403
22,nonnormal,0,bottom,1.844363323515521e-32,0.5000000000000001,0.49564,-1.0771324792691421e-17
22,nonnormal,0,random_000,0.048663812042989,0.6296392853972065,0.62702,0.20167432207331168
22,nonnormal,0,random_001,0.022270906952922692,0.5885636127813096,0.59064,0.09229589448768996
22,nonnormal,0,random_002,0.023807508748116317,0.5915155349623445,0.59042,0.09866393497470634
22,nonnormal,0,random_003,0.026672734633361925,0.5967628185957343,0.59616,0.11053810725457938
22,nonnormal,0,random_004,0.0788909907499395,0.6632367676103155,0.6601,0.3269428844401052
22,nonnormal,0,random_005,0.025184658166960902,0.5940769518292869,0.5896,0.10437116718236379
22,nonnormal,0,random_006,0.057615858313479845,0.640594961751211,0.64016,0.2387737145577167
22,nonnormal,0,random_007,0.03786394186266869,0.6148107694642873,0.61196,0.15691711120845375
22,nonnormal,0,random_008,0.04506878202591455,0.6249248319911159,0.62474,0.186775669232753
22,nonnormal,0,random_009,0.04948099840552937,0.6306837698118262,0.63298,0.20506093522082464
22,nonnormal,0,random_010,0.039131888042515786,0.6166624232768,0.61428,0.16217177942105113
22,nonnormal,0,random_011,0.09005972759552389,0.6736986024968048,0.67334,0.3732287658206815
22,nonnormal,0,random_012,0.052818927912442755,0.634853398883271,0.6373,0.21889410286993094
22,nonnormal,0,random_013,0.05351503371315741,0.6357042463567457,0.63542,0.22177892959346035
22,nonnormal,0,random_014,0.05295475159435841,0.6350199063052142,0.63816,0.21945698826303664
22,nonnormal,0,random_015,0.0203077365828067,0.5846320418461353,0.58288,0.08416005315331597
22,nonnormal,0,random_016,0.037536575394762677,0.6143272490668106,0.61306,0.15556042730489608
22,nonnormal,0,random_017,0.01998262646375131,0.5839620379795593,0.586,0.08281272009190783
22,nonnormal,0,random_018,0.07058505384531721,0.6548756995599231,0.65442,0.29252112165375294
22,nonnormal,0,random_019,0.031899791024739915,0.6056148124760724,0.6033,0.13220026255878967
22,nonnormal,0,random_020,0.023180482916608323,0.5903234434144021,0.58772,0.09606539194687856
22,nonnormal,0,random_021,0.03198880957485328,0.6057585757249742,0.60178,0.13256917643939983
22,nonnormal,0,random_022,0.04434693896063126,0.62395346679827,0.62492,0.18378418121069398
22,nonnormal,0,random_023,0.05422311906026352,0.6365633989292286,0.6385,0.22471340238448462
22,nonnormal,0,random_024,0.03450354800230619,0.6097344397930129,0.6095,0.14299084597692507
22,nonnormal,0,random_025,0.02903610506433536,0.6008700474375821,0.60098,0.1203324720908899
22,nonnormal,0,random_026,0.03378943592568423,0.6086217154867555,0.60818,0.14003139699644085
22,nonnormal,0,random_027,0.063096058460237,0.646832908745208,0.6465,0.2614849573277442
22,nonnormal,0,random_028,0.033899350857394796,0.6087938028854025,0.61022,0.1404869104140679
22,nonnormal,0,random_029,0.03109130758974175,0.6042991663040514,0.6046,0.12884971639695755
22,nonnormal,0,random_030,0.046425185862126545,0.6267271888263943,0.6269,0.19239692684989246
22,nonnormal,0,random_031,0.046952199750063886,0.6274196224790739,0.6298,0.19458099678011267
22,nonnormal,0,random_032,0.05626622389063314,0.6390076480515999,0.63964,0.23318051098718726
22,nonnormal,0,random_033,0.05782174827066992,0.6408352583891964,0.64146,0.23962697113164333
22,nonnormal,0,random_034,0.04097215856744695,0.6192927067514199,0.62352,0.16979829479183906
22,nonnormal,0,random_035,0.038789832221108295,0.6161661514630659,0.61452,0.16075421936980308
22,nonnormal,0,random_036,0.021970605830001225,0.5879743308872427,0.58818,0.09105137576134065
22,nonnormal,0,random_037,0.029013124034106545,0.6008309834369818,0.59696,0.12023723327795342
22,nonnormal,0,random_038,0.04646435766871021,0.6267788048421048,0.62284,0.19255926406116894
22,nonnormal,0,random_039,0.039312266750340955,0.6169231757497472,0.6156,0.16291931135679358
22,nonnormal,0,random_040,0.030680823337306793,0.6036241741968922,0.60342,0.1271485727779895
22,nonnormal,0,random_041,0.012050187460636621,0.565394206133591,0.56848,0.04993882075726813
22,nonnormal,0,random_042,0.038861998773880635,0.6162710517970843,0.61882,0.16105329459625417
22,nonnormal,0,random_043,0.04960820405746381,0.6308454932999658,0.63034,0.20558810546377873
22,nonnormal,0,random_044,0.05480113743846164,0.6372600807202293,0.6367,0.22710884695972758
22,nonnormal,0,random_045,0.053805697968651645,0.6360576891440847,0.6378,0.2229835108668295
22,nonnormal,0,random_046,0.03219893602695149,0.6060970776465101,0.60726,0.13343999004806537
22,nonnormal,0,random_047,0.020518699967077,0.5850638100446943,0.5826,0.08503433520642398
22,nonnormal,0,random_048,0.06454751212366479,0.6484328927482157,0.65046,0.2675001238612258
22,nonnormal,0,random_049,0.0188627125599643,0.581609381970918,0.58252,0.07817153256785608
22,nonnormal,0,random_050,0.03879863124825176,0.6161789472875286,0.61434,0.16079068461491158
22,nonnormal,0,random_051,0.04412916824997294,0.6236587131028313,0.62458,0.18288168799046203
22,nonnormal,0,random_052,0.0445928478788268,0.624285350442554,0.62232,0.184803285803755
22,nonnormal,0,random_053,0.024440674924052823,0.5927026332169676,0.59024,0.10128792503900592
22,nonnormal,0,random_054,0.04919464074810895,0.6303188603611221,0.63048,0.20387420150625768
22,nonnormal,0,random_055,0.06215878710471465,0.6457885272649853,0.64556,0.2576006836284967
22,nonnormal,0,random_056,0.030973491257725333,0.6041059216430967,0.60246,0.12836145771168256
22,nonnormal,0,random_057,0.05861275608012487,0.6417539825278884,0.63972,0.2429050941768663
22,nonnormal,0,random_058,0.03150767899914361,0.6049789860078497,0.59912,0.13057525778380266
22,nonnormal,0,random_059,0.06571376883897292,0.6497036307205027,0.64968,0.27233336693341736
22,nonnormal,0,random_060,0.05275654954209086,0.6347768484340792,0.63402,0.21863559218150308
22,nonnormal,0,random_061,0.02718261363107112,0.5976647795594519,0.59864,0.1126511661557518
22,nonnormal,0,random_062,0.035341416279064175,0.6110242930104826,0.60868,0.14646316985801824
22,nonnormal,0,random_063,0.022968782823336538,0.5899171382639335,0.58906,0.09518805679780047
22,nonnormal,0,random_064,0.05290171101600139,0.6349549118720347,0.63448,0.2192371755884133
22,nonnormal,0,random_065,0.058263940350888443,0.6413497166662566,0.63922,0.24145951947219416
22,nonnormal,0,random_066,0.04720786068404731,0.6277539832684681,0.62982,0.195640516028136
22,nonnormal,0,random_067,0.028662434097968467,0.6002328112383062,0.59864,0.11878389141755614
22,nonnormal,0,random_068,0.025042191080477075,0.5938154568189449,0.59512,0.1037807499528421
22,nonnormal,0,random_069,0.04710836794900357,0.6276239830817797,0.62812,0.1952281946532006
22,nonnormal,0,random_070,0.06816088030868103,0.6523284939659637,0.65058,0.28247477439765883
22,nonnormal,0,random_071,0.029295472115125933,0.6013097920571256,0.60426,0.12140735036162909
22,nonnormal,0,random_072,0.02869198358418417,0.6002833636280989,0.60062,0.11890635146229943
22,nonnormal,0,random_073,0.04446406141407903,0.6241116635317285,0.62064,0.1842695642994207
22,nonnormal,0,random_074,0.04818443826478084,0.6290220411908515,0.6306,0.19968768400117612
22,nonnormal,0,random_075,0.030979367827809474,0.6041155698157542,0.60352,0.12838581160501902
22,nonnormal,0,random_076,0.04829299034225884,0.6291621105517842,0.62772,0.2001375494292212
22,nonnormal,0,random_077,0.016936679390100434,0.5773863106160757,0.57904,0.07018959655594087
22,nonnormal,0,random_078,0.03668165121448558,0.6130536420474266,0.61042,0.15201741973431873
22,nonnormal,0,random_079,0.04655914152379948,0.6269036005501339,0.62876,0.19295207072624768
22,nonnormal,0,random_080,0.03888159720135512,0.6162995215180866,0.6184,0.16113451510506113
22,nonnormal,0,random_081,0.0499561818302384,0.6312867221371851,0.63354,0.20703020747911
22,nonnormal,0,random_082,0.07695467978582449,0.661335462273279,0.6648,0.3189183548231889
22,nonnormal,0,random_083,0.07101502318505869,0.6553221785774863,0.65704,0.2943030160731229
22,nonnormal,0,random_084,0.025109440330383336,0.593938988902383,0.59482,0.10405944671570164
22,nonnormal,0,random_085,0.07514735073704018,0.6595353169721458,0.6634,0.31142835670395014
22,nonnormal,0,random_086,0.039572192915742516,0.617297778092874,0.61904,0.16399650673043517
22,nonnormal,0,random_087,0.054160150075711955,0.6364872515615734,0.63548,0.22445244405142467
22,nonnormal,0,random_088,0.041514193027410703,0.620055091200571,0.6188,0.17204461351748668
22,nonnormal,0,random_089,0.03912033096151269,0.6166456942810994,0.61892,0.1621238841498302
22,nonnormal,0,random_090,0.04759750665691716,0.6282616526576454,0.62672,0.19725530089862062
22,nonnormal,0,random_091,0.03719172024199573,0.6138154183947067,0.61386,0.1541312661638346
22,nonnormal,0,random_092,0.051292605496940195,0.6329655712132866,0.63414,0.2125686625583529
22,nonnormal,0,random_093,0.04234679838786082,0.6212156436741747,0.61708,0.17549512663131858
22,nonnormal,0,random_094,0.049616921513213626,0.630856567834466,0.62984,0.20562423265778057
22,nonnormal,0,random_095,0.048146136896858656,0.6289725775720997,0.63004,0.19952895409314175
22,nonnormal,0,random_096,0.06331290851293703,0.6470732766986165,0.64698,0.2623836351241159
22,nonnormal,0,random_097,0.040312399298556734,0.6183572697364921,0.62058,0.16706409667420133
22,nonnormal,0,random_098,0.04544166858943835,0.6254232615945006,0.62652,0.188320999155581
22,nonnormal,0,random_099,0.0780196921929017,0.6623846547071608,0.66638,0.32333201758777524
22,nonnormal,0,random_100,0.05092860349321699,0.6325107416831782,0.63048,0.21106015234815076
22,nonnormal,0,random_101,0.062639145563813,0.6463248941930267,0.64418,0.25959140245063234
22,nonnormal,0,random_102,0.033874057998399945,0.6087542299575825,0.60788,0.1403820908371186
22,nonnormal,0,random_103,0.05969036317660601,0.642994358249871,0.64358,0.24737095230676864
22,nonnormal,0,random_104,0.03999759959637414,0.6179079890652043,0.61838,0.16575949241363766
22,nonnormal,0,random_105,0.03432003864874849,0.6094496900572057,0.61128,0.14223033990641487
22,nonnormal,0,random_106,0.041100140237052656,0.6194732105913248,0.61872,0.17032868103516793
22,nonnormal,0,random_107,0.02946715526622316,0.6015997324508422,0.59976,0.12211884585808454
22,nonnormal,0,random_108,0.03837571788979394,0.6155621392849119,0.61416,0.15903803184723733
22,nonnormal,0,random_109,0.08422332057171956,0.6683344853679948,0.66992,0.34904131768509666
22,nonnormal,0,random_110,0.07907404577304093,0.6634150868455897,0.66308,0.3277015076579799
22,nonnormal,0,random_111,0.07063063119525093,0.6549231015160122,0.6505,0.292710004948421
22,nonnormal,0,random_112,0.056093158939140575,0.6388025589542622,0.63436,0.23246328898377996
22,nonnormal,0,random_113,0.048156768613820594,0.6289863098992085,0.62754,0.19957301443738434
22,nonnormal,0,random_114,0.033793425903935914,0.608627967626918,0.60644,0.14004793240797594
22,nonnormal,0,random_115,0.06617793209742533,0.6502057757725597,0.64694,0.27425696902190644
22,nonnormal,0,random_116,0.030063210042514228,0.6025994244307504,0.6014,0.12458903752372863
22,nonnormal,0,random_117,0.02737628083112481,0.5980050170020703,0.59946,0.11345376873945738
22,nonnormal,0,random_118,0.02756082321596092,0.5983280371357528,0.60038,0.11421855593538724
22,nonnormal,0,random_119,0.0383143030347239,0.6154722608063129,0.61418,0.1587835141935332
22,nonnormal,0,random_120,0.05157619442982038,0.6333186765890555,0.62894,0.2137439220249886
22,nonnormal,0,random_121,0.04270884005413728,0.6217163880499742,0.61762,0.17699551274048936
22,nonnormal,0,random_122,0.053696544788744166,0.6359250864873458,0.63612,0.2225311543284527
22,nonnormal,0,random_123,0.051045178454254936,0.6326566016728218,0.63208,0.2115432664991195
22,nonnormal,0,random_124,0.03788452011645738,0.6148410876563595,0.61572,0.15700239234875205
22,nonnormal,0,random_125,0.036903204796306315,0.6133852273778764,0.6137,0.15293559006542923
22,nonnormal,0,random_126,0.035716171787931114,0.6115958664130847,0.60734,0.14801624513143113
22,nonnormal,0,random_127,0.04196966566108954,0.6206915272249879,0.62042,0.17393219960587172
22,nonnormal,12,oracle_t0,0.07691868095968148,0.6612998497187308,0.66156,0.6314679172193395
22,nonnormal,12,oracle_t12,0.12180932532311678,0.6996930478872379,0.69846,1.0000000000000002
22,nonnormal,12,bottom,7.1135812246141e-32,0.5000000000000001,0.5016,3.3185955663763405e-18
22,nonnormal,12,random_000,0.010381038288904701,0.560734252630236,0.56156,0.08522367447128945
22,nonnormal,12,random_001,0.00765719446137202,0.5522144299196585,0.55116,0.06286213671293399
22,nonnormal,12,random_002,0.012516000651965216,0.5666345663245845,0.56098,0.10275075917845143
22,nonnormal,12,random_003,0.013729843491272303,0.5697593893947374,0.57244,0.11271586518398256
22,nonnormal,12,random_004,0.03197079562664196,0.6057295008657272,0.6038,0.26246591171763584
22,nonnormal,12,random_005,0.01076451976120715,0.5618369938758332,0.56102,0.08837188558965181
22,nonnormal,12,random_006,0.03216105538482569,0.6060361417582206,0.60744,0.26402785911106447
22,nonnormal,12,random_007,0.00954183347724854,0.5582459156510785,0.55686,0.07833417886469245
22,nonnormal,12,random_008,0.014851246402759602,0.5725219509363135,0.57144,0.12192208078785871
22,nonnormal,12,random_009,0.013499615935794348,0.5691779878534817,0.56658,0.11082580007716714
22,nonnormal,12,random_010,0.02105507275777137,0.5861512282219004,0.58378,0.1728527163410499
22,nonnormal,12,random_011,0.02323207124364337,0.5904221581424625,0.58874,0.19072489878764998
22,nonnormal,12,random_012,0.03201788397261841,0.6058054838564211,0.60814,0.2628524859462637
22,nonnormal,12,random_013,0.01818031890056103,0.5801399897678263,0.58058,0.14925227483474782
22,nonnormal,12,random_014,0.028313344598746987,0.5996334875334065,0.60072,0.2324398770261782
22,nonnormal,12,random_015,0.013043839669358978,0.5680117387685011,0.5704,0.10708408108129917
22,nonnormal,12,random_016,0.017131551640833954,0.5778245796724187,0.57838,0.14064236539682032
22,nonnormal,12,random_017,0.0161584588103211,0.5756094519334758,0.5791,0.13265370912660798
22,nonnormal,12,random_018,0.03587328357948237,0.6118345278332122,0.61316,0.294503589805816
22,nonnormal,12,random_019,0.017306693037836614,0.578216270257688,0.58188,0.14208019781677728
22,nonnormal,12,random_020,0.012314543523478428,0.5661010918811575,0.56612,0.10109688639036733
22,nonnormal,12,random_021,0.0184261407495176,0.580672573436113,0.57944,0.15127036210601782
22,nonnormal,12,random_022,0.013563449830157958,0.5693396983555887,0.56792,0.11134984775737782
22,nonnormal,12,random_023,0.0288586936263646,0.6005680484105205,0.59984,0.23691694826986975
22,nonnormal,12,random_024,0.017778111144379695,0.5792604427137572,0.5809,0.14595032931362764
22,nonnormal,12,random_025,0.01909407830133629,0.5821012744962027,0.58184,0.15675383022347839
22,nonnormal,12,random_026,0.028203121855376462,0.5994434393099933,0.59988,0.23153499767414049
22,nonnormal,12,random_027,0.02645709864465401,0.5963786161239568,0.59734,0.21720092919382605
22,nonnormal,12,random_028,0.022897567847588004,0.5897800166301175,0.5853,0.1879787757369882
22,nonnormal,12,random_029,0.01490135797351316,0.5726428418677821,0.57094,0.12233347433774187
22,nonnormal,12,random_030,0.031492878230553516,0.6049549031536462,0.60122,0.25854242396478366
22,nonnormal,12,random_031,0.014638309363877767,0.5720058884459153,0.57136,0.12017396307751926
22,nonnormal,12,random_032,0.026660377338537745,0.5967408459428302,0.595,0.21886975621790242
22,nonnormal,12,random_033,0.03701625790592532,0.6135540115585206,0.61408,0.3038868970641974
22,nonnormal,12,random_034,0.014468550062071274,0.5715916851147677,0.57242,0.1187803152483717
22,nonnormal,12,random_035,0.01837069413562723,0.5805527705920157,0.58272,0.15081517024165694
22,nonnormal,12,random_036,0.012873262380569912,0.5675698780368168,0.56284,0.10568371794541777
22,nonnormal,12,random_037,0.01473001589880011,0.5722286155931721,0.5715,0.12092683265198809
22,nonnormal,12,random_038,0.020704762601775905,0.5854426919758091,0.58382,0.1699768268714529
22,nonnormal,12,random_039,0.016029674486154374,0.5753111616786142,0.5798,0.1315964475103475
22,nonnormal,12,random_040,0.012801334882527916,0.5673826556267926,0.56654,0.10509322540429919
22,nonnormal,12,random_041,0.013064850104706826,0.5680659576765215,0.5679,0.10725656734449873
22,nonnormal,12,random_042,0.022333652490776488,0.58868621072356,0.58742,0.18334928324685532
22,nonnormal,12,random_043,0.017875296708728866,0.5794739084544598,0.57616,0.1467481792655207
22,nonnormal,12,random_044,0.021205100105586724,0.5864527842856557,0.58626,0.17408437366627844
22,nonnormal,12,random_045,0.027297922460475892,0.5978675101904812,0.59634,0.22410371609943838
22,nonnormal,12,random_046,0.011035779969364112,0.5626049282727861,0.56286,0.09059881039559256
22,nonnormal,12,random_047,0.008851152320936384,0.5561127615025321,0.55736,0.07266399594166888
22,nonnormal,12,random_048,0.030686473355791038,0.6036334976382457,0.60492,0.2519222011483173
22,nonnormal,12,random_049,0.0119308166936844,0.5650724004844019,0.56408,0.09794666099689983
22,nonnormal,12,random_050,0.01948620167111678,0.5829278972169795,0.58404,0.15997298744925173
22,nonnormal,12,random_051,0.03241975448230415,0.6064515297372416,0.6058,0.26615166282471475
22,nonnormal,12,random_052,0.016945404701684545,0.5774059897119358,0.57922,0.13911418240544743
22,nonnormal,12,random_053,0.014625720339111758,0.5719752573572768,0.57014,0.12007061282307352
22,nonnormal,12,random_054,0.020881368473944374,0.5858006722656349,0.58714,0.17142668197655256
22,nonnormal,12,random_055,0.03092029122946985,0.6040185330700771,0.60642,0.2538417411593844
22,nonnormal,12,random_056,0.015216903464216966,0.5733992946809265,0.57356,0.1249239614771032
22,nonnormal,12,random_057,0.03352540678458257,0.6082071059715627,0.61142,0.2752285729820078
22,nonnormal,12,random_058,0.011032118202663626,0.562594626652622,0.5647,0.09056874893116222
22,nonnormal,12,random_059,0.027813066324424204,0.5987677072772714,0.60034,0.22833281647891931
22,nonnormal,12,random_060,0.01653000540268426,0.5764631888359191,0.57726,0.13570394022654705
22,nonnormal,12,random_061,0.01842293523109384,0.5806656524270299,0.57984,0.1512440462355764
22,nonnormal,12,random_062,0.017050050999332676,0.5776416006873025,0.57414,0.139973281635909
22,nonnormal,12,random_063,0.027737783415232895,0.5986367085976871,0.59966,0.22771477751522248
22,nonnormal,12,random_064,0.02346268211213836,0.5908620301605537,0.59278,0.19261811072264143
22,nonnormal,12,random_065,0.01246436834225571,0.5664982630713886,0.56728,0.10232688104291011
22,nonnormal,12,random_066,0.016884652818162815,0.5772688603298466,0.57776,0.13861543665375245
22,nonnormal,12,random_067,0.01779420184289396,0.5792958273878881,0.58532,0.1460824267410748
22,nonnormal,12,random_068,0.016810035054893036,0.5771000819511172,0.57548,0.13800285824013883
22,nonnormal,12,random_069,0.02865025765259014,0.600211972064492,0.59654,0.23520578228794228
22,nonnormal,12,random_070,0.024895968273646693,0.5935462498886273,0.59516,0.20438474811026622
22,nonnormal,12,random_071,0.00782159298996317,0.5527687245323063,0.55358,0.06421177499518421
22,nonnormal,12,random_072,0.018702045246263357,0.581265944351043,0.58356,0.15353541444100025
22,nonnormal,12,random_073,0.012696503943700858,0.5671088160793751,0.5666,0.10423261035246317
22,nonnormal,12,random_074,0.02260676129468213,0.589217739822597,0.58912,0.1855913841958687
22,nonnormal,12,random_075,0.013094923231706877,0.5681434854679659,0.56986,0.10750345424679687
22,nonnormal,12,random_076,0.028472061476837694,0.5999064603310762,0.60356,0.23374287150274783
22,nonnormal,12,random_077,0.006778945886058742,0.5491450191297343,0.55074,0.055652109295217043
22,nonnormal,12,random_078,0.020855529358829138,0.5857483955892566,0.58558,0.17121455441532776
22,nonnormal,12,random_079,0.013472474964421388,0.5691091122474397,0.5727,0.11060298485919458
22,nonnormal,12,random_080,0.021343535497253083,0.5867300505310586,0.58452,0.17522086622379923
22,nonnormal,12,random_081,0.01841980076277818,0.5806588842152601,0.58232,0.1512183136546977
22,nonnormal,12,random_082,0.03525907273197389,0.6108982655798169,0.60938,0.28946119386544605
22,nonnormal,12,random_083,0.021093980981729914,0.5862295418325838,0.58506,0.17317213543195556
22,nonnormal,12,random_084,0.00861513433049967,0.5553644639281055,0.5559,0.07072639395749694
22,nonnormal,12,random_085,0.021543997522015045,0.587129882125594,0.58682,0.17686656965602998
22,nonnormal,12,random_086,0.03072562543570933,0.6036980796868939,0.60682,0.2522436221874244
22,nonnormal,12,random_087,0.034467751161094434,0.6096789583432117,0.605,0.28296479821773707
22,nonnormal,12,random_088,0.015747947154067084,0.574654266598003,0.57166,0.1292835923053788
22,nonnormal,12,random_089,0.020582641275361573,0.5851942165660946,0.5853,0.1689742654822457
22,nonnormal,12,random_090,0.013067447374020628,0.5680726569952366,0.5639,0.10727788976219466
22,nonnormal,12,random_091,0.005965204697473507,0.5461151232363268,0.54782,0.04897165862835169
22,nonnormal,12,random_092,0.02582342465406287,0.5952398910055303,0.59538,0.21199874956668968
22,nonnormal,12,random_093,0.018242723732302794,0.5802755457811113,0.5774,0.1497645905509397
22,nonnormal,12,random_094,0.02944424913163246,0.6015611004723375,0.6012,0.24172409668576156
22,nonnormal,12,random_095,0.018024904298199255,0.5798013414172131,0.58106,0.14797639056275538
22,nonnormal,12,random_096,0.034165276374192324,0.6092089088030284,0.60798,0.28048161570195074
22,nonnormal,12,random_097,0.021908530331655452,0.5878519937377457,0.58624,0.1798592207414327
22,nonnormal,12,random_098,0.02470698591198809,0.593197079739655,0.59774,0.20283328757013674
22,nonnormal,12,random_099,0.03113658096960297,0.6043733203840536,0.60228,0.25561738304525294
22,nonnormal,12,random_100,0.02578537318521903,0.5951710434752724,0.59358,0.21168636405151758
22,nonnormal,12,random_101,0.032824246393534325,0.6070974658553887,0.6073,0.2694723602356658
22,nonnormal,12,random_102,0.021758376925697504,0.5875553203817372,0.58616,0.1786265285353176
22,nonnormal,12,random_103,0.018335853598467858,0.5804773947142128,0.57868,0.1505291450373718
22,nonnormal,12,random_104,0.022985556869262697,0.5899494034877346,0.58862,0.1887011261928444
22,nonnormal,12,random_105,0.01889947242185368,0.5816877441933929,0.57908,0.15515620312090314
22,nonnormal,12,random_106,0.02659657806663157,0.5966273177337011,0.59578,0.2183459927725592
22,nonnormal,12,random_107,0.015490510438538135,0.5740486684565821,0.5743,0.12717015218208724
22,nonnormal,12,random_108,0.024877720002029462,0.5935125949414717,0.5879,0.20423493797406506
22,nonnormal,12,random_109,0.03264668116660564,0.6068144397564862,0.6074,0.26801462925769937
22,nonnormal,12,random_110,0.034760115336653366,0.6101311882809909,0.6093,0.28536497714314696
22,nonnormal,12,random_111,0.04016069313376091,0.6181409950992074,0.61336,0.3297013018274987
22,nonnormal,12,random_112,0.02743475869476355,0.5981075005249794,0.60152,0.22522708029117558
22,nonnormal,12,random_113,0.02169725274027498,0.5874342436484071,0.58792,0.17812472635177884
22,nonnormal,12,random_114,0.018999553708630827,0.581900689069474,0.57768,0.1559778256568762
22,nonnormal,12,random_115,0.023372599871083942,0.590690477394004,0.5916,0.19187857587327375
22,nonnormal,12,random_116,0.010029122443654656,0.5597037898361672,0.5623,0.08233460301213368
22,nonnormal,12,random_117,0.016897388406723758,0.5772976283367782,0.57998,0.1387199901313056
22,nonnormal,12,random_118,0.010477881751406456,0.5610146773378214,0.55632,0.08601871592024968
22,nonnormal,12,random_119,0.02325404182327114,0.5904641640250903,0.58938,0.19090526740531927
22,nonnormal,12,random_120,0.020647233262951183,0.5853257351226681,0.58562,0.16950453676827634
22,nonnormal,12,random_121,0.014911714237665415,0.5726677994799879,0.57566,0.12241849462764809
22,nonnormal,12,random_122,0.024438175258663618,0.5926979787809172,0.59184,0.2006264725121647
22,nonnormal,12,random_123,0.02084318456834981,0.5857234081288386,0.58626,0.17111320921497808
22,nonnormal,12,random_124,0.03891257193939893,0.6163445011676095,0.61162,0.3194547858809474
22,nonnormal,12,random_125,0.02502772007031101,0.5937888517028075,0.59268,0.20546637134653997
22,nonnormal,12,random_126,0.012663156512549581,0.567021462247157,0.56808,0.10395884287971167
22,nonnormal,12,random_127,0.017339880361066956,0.578290258826254,0.57676,0.14235265087521354
23,normal,0,oracle_t0,0.15519026958495064,0.7227106234456266,0.71934,1.0000000000000013
23,normal,0,oracle_t12,0.07528353319802247,0.6596718350590223,0.66132,0.4851047259558542
23,normal,0,bottom,1.5265245679376936e-32,0.5000000000000001,0.50036,-1.7416529512475333e-17
23,normal,0,random_000,0.021830956661439607,0.5876988571897351,0.58748,0.14067220013101045
23,normal,0,random_001,0.029815549450034656,0.6021853484985036,0.60098,0.19212254434363077
23,normal,0,random_002,0.049913367086557844,0.6312325262980022,0.62776,0.3216269114039748
23,normal,0,random_003,0.03625238870101666,0.6124080933042502,0.60978,0.23359962449947463
23,normal,0,random_004,0.035002197580766184,0.6105040924485035,0.60458,0.22554376427322428
23,normal,0,random_005,0.04747067892814237,0.6280966622198256,0.63392,0.3058869544791734
23,normal,0,random_006,0.03421663613236481,0.6092888800092119,0.60404,0.22048183964030535
23,normal,0,random_007,0.04748042846577976,0.6281093540620134,0.6319,0.30594977760373826
23,normal,0,random_008,0.05664160402619313,0.6394512709095854,0.64218,0.3649816717096929
23,normal,0,random_009,0.04222198422329196,0.6210424683834692,0.62128,0.2720659248560674
23,normal,0,random_010,0.043771567844390416,0.6231729598619946,0.62338,0.2820509814272219
23,normal,0,random_011,0.04142390493656087,0.6199284780463262,0.61928,0.2669233389912094
23,normal,0,random_012,0.05180503808336042,0.6336028278363787,0.63886,0.3338162774116619
23,normal,0,random_013,0.017511973093791468,0.5786727516536048,0.5792,0.11284195291770852
23,normal,0,random_014,0.036581092307829334,0.6129027841723931,0.61196,0.23571769290474126
23,normal,0,random_015,0.03946403750038622,0.6171420690685642,0.6145,0.2542945353850539
23,normal,0,random_016,0.027692240916488163,0.5985573690629747,0.59478,0.17844057485401532
23,normal,0,random_017,0.04674315921235165,0.6271454845096123,0.62188,0.3011990335306729
23,normal,0,random_018,0.0300454473307396,0.6025697868258342,0.59856,0.19360393799878586
23,normal,0,random_019,0.03601058908476145,0.6120426403474822,0.61184,0.232041539595686
23,normal,0,random_020,0.023723135155014462,0.5913560958352585,0.58984,0.15286483629715283
23,normal,0,random_021,0.03720644701202043,0.6138373281707965,0.61472,0.23974729286525148
23,normal,0,random_022,0.03167092085156946,0.60524420174005,0.6054,0.20407800654172428
23,normal,0,random_023,0.05431607406512524,0.6366757172868225,0.63322,0.34999664740831493
23,normal,0,random_024,0.03821960251541681,0.615333516451919,0.6157,0.24627576598477144
23,normal,0,random_025,0.030786782643844997,0.6037988716175671,0.60288,0.19838088255264258
23,normal,0,random_026,0.03849758248575593,0.6157402527829315,0.61876,0.24806698634338384
23,normal,0,random_027,0.02663832796842356,0.5967016262832968,0.59532,0.17164947286751034
23,normal,0,random_028,0.036450699931145636,0.6127068357603538,0.61296,0.2348774831607126
23,normal,0,random_029,0.040699468833047286,0.6189070787686727,0.61816,0.2622552879242766
23,normal,0,random_030,0.029000884911571136,0.600810172200035,0.59738,0.18687308804303732
23,normal,0,random_031,0.029145771252640045,0.6010562356266771,0.6018,0.1878066925883248
23,normal,0,random_032,0.03353794173593804,0.6082268294457518,0.60628,0.21610853454687462
23,normal,0,random_033,0.030436463811347965,0.6032200600128493,0.60334,0.19612353205358138
23,normal,0,random_034,0.02197120206066533,0.5879755050467579,0.58686,0.14157589982559055
23,normal,0,random_035,0.040277044727655746,0.6183069074334966,0.61954,0.2595333124645956
23,normal,0,random_036,0.027290255039430496,0.5978540438074844,0.59944,0.1758502972668138
23,normal,0,random_037,0.05475134031383408,0.6372002234567666,0.63806,0.35280137382494503
23,normal,0,random_038,0.05821896120315069,0.6412974877776232,0.64164,0.3751456928250382
23,normal,0,random_039,0.031819837843050196,0.6054855062491155,0.60236,0.20503758340101447
23,normal,0,random_040,0.041303509892418176,0.6197594102859697,0.61972,0.26614754908850025
23,normal,0,random_041,0.0423372466939136,0.6212024009172099,0.62136,0.2728086419795694
23,normal,0,random_042,0.04500450227830271,0.6248386813607668,0.62036,0.2899956446925782
23,normal,0,random_043,0.025250603656792985,0.59419772862947,0.5981,0.16270738960841175
23,normal,0,random_044,0.027880855321423932,0.598885504815702,0.59812,0.17965595005402119
23,normal,0,random_045,0.03651031008904521,0.6127964624851839,0.61158,0.23526159331181296
23,normal,0,random_046,0.030480480193145684,0.6032929806077705,0.60238,0.19640716054340515
23,normal,0,random_047,0.04712649383302595,0.6276476782082935,0.62576,0.30366912796184775
23,normal,0,random_048,0.013362901296675025,0.5688303178938716,0.56914,0.08610656668368138
23,normal,0,random_049,0.02989738024095509,0.6023223677789811,0.6031,0.19264983765357405
23,normal,0,random_050,0.021867817155522516,0.5877716582479439,0.5889,0.1409097182059611
23,normal,0,random_051,0.03486709399783054,0.6102961506368323,0.61048,0.22467319691550927
23,normal,0,random_052,0.030727647200592113,0.6037014134290611,0.60276,0.19799983132171783
23,normal,0,random_053,0.06094558458157367,0.6444232670311378,0.63814,0.392715243968388
23,normal,0,random_054,0.05423976665143568,0.6365835222979375,0.63768,0.34950494510060165
23,normal,0,random_055,0.027580272408480544,0.5983620137234372,0.60192,0.17771908304717035
23,normal,0,random_056,0.03605032485980189,0.6121027873990019,0.61398,0.23229758512706314
23,normal,0,random_057,0.042019188388233424,0.620760497567145,0.62262,0.2707591687327558
23,normal,0,random_058,0.04334844350443211,0.6225953772127574,0.61918,0.27932449386398783
23,normal,0,random_059,0.04275910787475257,0.6217857299512098,0.61956,0.2755269901206431
23,normal,0,random_060,0.038212310221304675,0.615322824880572,0.61692,0.2462287766075915
23,normal,0,random_061,0.06333615404858078,0.6470990153457541,0.64764,0.40811936352691797
23,normal,0,random_062,0.032477924079882724,0.6065446864071542,0.60204,0.2092780956353997
23,normal,0,random_063,0.03171150281935095,0.6053100207428032,0.60668,0.20433950468777445
23,normal,0,random_064,0.03134289319098349,0.6047105145631246,0.60452,0.20196429373316174
23,normal,0,random_065,0.02837085799145568,0.5997324970480326,0.5976,0.18281338171092998
23,normal,0,random_066,0.031981801482603135,0.6057472655723323,0.60746,0.20608122898514877
23,normal,0,random_067,0.038604726033359064,0.6158965975669268,0.61782,0.24875738753857268
23,normal,0,random_068,0.023723124830147272,0.5913560763062977,0.5928,0.15286476976677557
23,normal,0,random_069,0.0695603166001833,0.6538052246343049,0.65166,0.4482260182047453
23,normal,0,random_070,0.022315571593060763,0.5886509011900634,0.59012,0.14379491480195752
23,normal,0,random_071,0.025064602151943526,0.5938566438069504,0.5977,0.16150885116043487
23,normal,0,random_072,0.02920858352833767,0.6011627084725364,0.60136,0.1882114362353693
23,normal,0,random_073,0.057761817359153464,0.6407653622482824,0.63996,0.3721999936828187
23,normal,0,random_074,0.021444655919334796,0.5869319851568778,0.58536,0.13818299289438435
23,normal,0,random_075,0.025271152517337248,0.594235329064481,0.59776,0.16283980036199333
23,normal,0,random_076,0.03887362271541109,0.6162879382962293,0.61586,0.250490077885533
23,normal,0,random_077,0.03579640363419531,0.6117178136944112,0.6141,0.23066139217317697
23,normal,0,random_078,0.025229945994394896,0.5941599128071715,0.59502,0.16257427776800237
23,normal,0,random_079,0.04474037770005108,0.6244839766373049,0.62336,0.2882937043650176
23,normal,0,random_080,0.04516060846933337,0.6250477846551394,0.62382,0.29100154661831207
23,normal,0,random_081,0.04046958463365975,0.618580887876296,0.62,0.2607739824274671
23,normal,0,random_082,0.02997112278577443,0.6024456725892434,0.59948,0.19312501270814786
23,normal,0,random_083,0.03779581334568144,0.6147103310441829,0.61814,0.24354499445593272
23,normal,0,random_084,0.033104031121541706,0.607541759226591,0.60804,0.21331254343508121
23,normal,0,random_085,0.03139027957386994,0.6047877943943768,0.60382,0.2022696375089873
23,normal,0,random_086,0.0392894392791259,0.6168902127681513,0.61728,0.2531694763093316
23,normal,0,random_087,0.03493989520752243,0.6104082549538137,0.61208,0.225142306286133
23,normal,0,random_088,0.04491789378245485,0.6247224975166571,0.62612,0.2894375652712363
23,normal,0,random_089,0.037888221070388126,0.6148465393687343,0.61888,0.24414044238545696
23,normal,0,random_090,0.023234446337255896,0.5904267001270948,0.58628,0.14971587071402997
23,normal,0,random_091,0.018075821820551084,0.579912457433409,0.57872,0.11647522662918285
23,normal,0,random_092,0.0423253522667299,0.6211859078366218,0.61964,0.272731997823879
23,normal,0,random_093,0.03982260987979847,0.6176574108163503,0.61538,0.2566050692888304
23,normal,0,random_094,0.032953777072213045,0.6073034101778993,0.60578,0.21234435097217425
23,normal,0,random_095,0.029296318339683693,0.6013112233883338,0.59582,0.18877677329922438
23,normal,0,random_096,0.028232297615668298,0.5994937831108199,0.60038,0.18192053980687278
23,normal,0,random_097,0.039985361874232635,0.617890484590311,0.6184,0.2576537947976491
23,normal,0,random_098,0.027590690680301865,0.5983802085944263,0.59472,0.17778621529617777
23,normal,0,random_099,0.050314526687977,0.6317393132420516,0.6324,0.32421186471639624
23,normal,0,random_100,0.05140126499169162,0.6331009949087869,0.63428,0.33121448354437477
23,normal,0,random_101,0.03789917603268687,0.6148626749482371,0.61314,0.24421103290848425
23,normal,0,random_102,0.033374456060419215,0.607969276213415,0.60844,0.2150550814150767
23,normal,0,random_103,0.04182452585148483,0.6204891340072934,0.62404,0.269504821167865
23,normal,0,random_104,0.033620977982422376,0.608357385187645,0.60882,0.2166435954544071
23,normal,0,random_105,0.04997253715024129,0.631307418239516,0.63336,0.3220081857186706
23,normal,0,random_106,0.03214398532660006,0.6060086697944647,0.6067,0.20712629350131126
23,normal,0,random_107,0.030145411075018377,0.6027364576820333,0.6016,0.19424807467401764
23,normal,0,random_108,0.05246684679541726,0.6344206613752084,0.63576,0.33808077617068094
23,normal,0,random_109,0.0270767996742347,0.5974783405086935,0.5943,0.1744748542975692
23,normal,0,random_110,0.04452224286364006,0.624190163735164,0.62646,0.2868881082732367
23,normal,0,random_111,0.03166609564485072,0.6052363728388999,0.60566,0.20404691434289232
23,normal,0,random_112,0.02491500086244185,0.5935813374633321,0.59382,0.16054486488795938
23,normal,0,random_113,0.04985840284820123,0.6311629134486063,0.62834,0.32127273817840096
23,normal,0,random_114,0.031056053110881145,0.6042413823467554,0.60222,0.20011598145901283
23,normal,0,random_115,0.040386241051731046,0.6184623790846745,0.6173,0.26023694114162105
23,normal,0,random_116,0.03389457321242545,0.6087863290523358,0.60948,0.21840656184872279
23,normal,0,random_117,0.02563013810556295,0.5948896141804513,0.59602,0.16515299686062557
23,normal,0,random_118,0.06355005947140137,0.64733560947168,0.6423,0.4094977065338129
23,normal,0,random_119,0.02756872435899356,0.5983418414998339,0.59564,0.1776446708464707
23,normal,0,random_120,0.04154352471361263,0.6200961913257091,0.62188,0.26769413330306724
23,normal,0,random_121,0.03654239735935938,0.6128446744532084,0.61168,0.23546835415062053
23,normal,0,random_122,0.04568644997368304,0.6257492312581674,0.6273,0.2943899130781167
23,normal,0,random_123,0.03555727074746651,0.6113539094919556,0.6127,0.22912049088233988
23,normal,0,random_124,0.05597230907637156,0.6386591355233755,0.64028,0.36066893385820553
23,normal,0,random_125,0.031606337185858806,0.6051393616923767,0.60924,0.20366184858360367
23,normal,0,random_126,0.0359383874150181,0.6119332586008779,0.6134,0.23157629348240547
23,normal,0,random_127,0.03484136755495615,0.6102565051091826,0.61068,0.22450742335932436
23,normal,12,oracle_t0,0.05116943837804223,0.6328118728763977,0.62954,0.5869401843687628
23,normal,12,oracle_t12,0.08717998825225008,0.6710787465804531,0.6706,1.0000000000000004
23,normal,12,bottom,3.6386638885284584e-33,0.5,0.49798,-1.5600463783793334e-17
23,normal,12,random_000,0.022228473887653755,0.5884806003723783,0.58812,0.25497220558618333
23,normal,12,random_001,0.021392647168112698,0.5868281876259764,0.5868,0.24538483655462723
23,normal,12,random_002,0.0344336094535712,0.6096260132494503,0.60276,0.39497148535899806
23,normal,12,random_003,0.02029738785143588,0.5846108014031741,0.58726,0.23282164013037734
23,normal,12,random_004,0.02167534666269795,0.5873908078592006,0.58632,0.2486275474135376
23,normal,12,random_005,0.017010827804603685,0.5775533779179454,0.5729,0.19512307979881668
23,normal,12,random_006,0.010494506386312998,0.5610626828576339,0.5612,0.12037746960859612
23,normal,12,random_007,0.017033943553872843,0.5776053837797681,0.5757,0.19538822951645912
23,normal,12,random_008,0.019945566656372687,0.583885302604501,0.58328,0.2287860672642142
23,normal,12,random_009,0.033041661335627956,0.6074428922909453,0.60594,0.3790051134214873
23,normal,12,random_010,0.020137720313616207,0.584282368541257,0.58252,0.2309901700760605
23,normal,12,random_011,0.022992713001856336,0.5899631646885817,0.58666,0.2637384273937765
23,normal,12,random_012,0.023815432841027245,0.5915304936653523,0.59348,0.27317545366166734
23,normal,12,random_013,0.0198589042329003,0.5837055696827214,0.5829,0.2277920040025671
23,normal,12,random_014,0.021408706891083547,0.5868602532473148,0.58732,0.2455690499652139
23,normal,12,random_015,0.01422251210353881,0.5709868872487771,0.5708,0.16313964234987996
23,normal,12,random_016,0.02505872556455192,0.5938458457175565,0.5928,0.2874366705813954
23,normal,12,random_017,0.024948858972923538,0.5936437216977455,0.59092,0.28617644339129217
23,normal,12,random_018,0.017775811080481756,0.5792553833374935,0.57912,0.2038978375295087
23,normal,12,random_019,0.021459135243372895,0.5869608590796815,0.58504,0.24614748950507048
23,normal,12,random_020,0.018426417234757728,0.5806731703638022,0.58158,0.21136062993541588
23,normal,12,random_021,0.024110948594263097,0.5920864924184942,0.59418,0.276565173701326
23,normal,12,random_022,0.022214091431874004,0.5884524448935468,0.58588,0.2548072313063276
23,normal,12,random_023,0.027729588728673475,0.5986224377516931,0.59362,0.3180728660852717
23,normal,12,random_024,0.029309955120541985,0.6013342860364976,0.60186,0.3362004940369504
23,normal,12,random_025,0.019237745140110993,0.5824051528760632,0.5829,0.22066698477232782
23,normal,12,random_026,0.013948127587121072,0.5703060065706094,0.56656,0.15999230863352493
23,normal,12,random_027,0.009124272002057728,0.5569660997756188,0.55724,0.10466016553772864
23,normal,12,random_028,0.017526613664754463,0.5787052014115218,0.5753,0.20103941301348027
23,normal,12,random_029,0.021708307118500452,0.5874561537502961,0.58514,0.24900562105707982
23,normal,12,random_030,0.021213435544845317,0.5864695057586908,0.5868,0.24332918563220635
23,normal,12,random_031,0.030710686554180067,0.6036734429305362,0.60228,0.35226761519307104
23,normal,12,random_032,0.01932589930497851,0.582591027319854,0.58356,0.22167815908692468
23,normal,12,random_033,0.019374951820283218,0.5826942637990218,0.58018,0.22224081705795792
23,normal,12,random_034,0.016203817518077576,0.5757142182747133,0.57288,0.18586625030497614
23,normal,12,random_035,0.021801238536955134,0.5876401156559995,0.5886,0.25007159296551584
23,normal,12,random_036,0.028045051077377765,0.5991701999542431,0.60224,0.32169138399320624
23,normal,12,random_037,0.018428236191326056,0.5806770973488145,0.57968,0.21138149431730888
23,normal,12,random_038,0.027989655932011553,0.5990742508816741,0.59592,0.3210559727425652
23,normal,12,random_039,0.015242969456384732,0.5734614181246994,0.57306,0.1748448211793755
23,normal,12,random_040,0.015878395254137284,0.5749591786053866,0.573,0.18213348696714782
23,normal,12,random_041,0.016259425750676283,0.5758424510857147,0.57842,0.18650410577747056
23,normal,12,random_042,0.026949164388419298,0.5972529383362077,0.5995,0.30912099128120435
23,normal,12,random_043,0.01210994827664546,0.5655546974000404,0.56544,0.1389074318478462
23,normal,12,random_044,0.02002576778775153,0.5840512720336661,0.58382,0.22970601613076821
23,normal,12,random_045,0.02259652397845631,0.589197876828705,0.58398,0.2591939323629481
23,normal,12,random_046,0.01895659862910485,0.5818093645275463,0.5825,0.21744208744620455
23,normal,12,random_047,0.01791828264600894,0.5795681334675716,0.57846,0.20553206080004807
23,normal,12,random_048,0.014720349658547459,0.5722051730823866,0.5685,0.16885009913003213
23,normal,12,random_049,0.020631777381818858,0.5852942843450474,0.58344,0.23665726269797205
23,normal,12,random_050,0.010927848759206894,0.5623005475454911,0.56366,0.12534813296358588
23,normal,12,random_051,0.036377161730422644,0.6125961582349008,0.61324,0.41726504510608003
23,normal,12,random_052,0.021082949106999885,0.5862073448091695,0.58432,0.24183243803609644
23,normal,12,random_053,0.030553646890980734,0.603414069255297,0.60106,0.35046628823320775
23,normal,12,random_054,0.03358153260229936,0.6082953878844557,0.60782,0.3851977188289267
23,normal,12,random_055,0.021469099890317235,0.5869807241342603,0.5845,0.24626178921013017
23,normal,12,random_056,0.03461560925971825,0.609907923058352,0.61086,0.39705911819533707
23,normal,12,random_057,0.029194269389654498,0.6011384553730008,0.60384,0.33487351828016587
23,normal,12,random_058,0.02758637173569807,0.5983726662661105,0.59908,0.31643009237255876
23,normal,12,random_059,0.02691416808926416,0.5971910364969378,0.60116,0.3087195654510716
23,normal,12,random_060,0.034161840371447254,0.6092035563655083,0.6079,0.3918541520400533
23,normal,12,random_061,0.03165518542419774,0.605218668642457,0.60228,0.3631015105508544
23,normal,12,random_062,0.025886396975733493,0.5953537106881847,0.59752,0.29693049396649135
23,normal,12,random_063,0.03234913799633366,0.6063383192063115,0.60988,0.371061509009767
23,normal,12,random_064,0.014634655725178258,0.5719969999667728,0.56958,0.167867144955718
23,normal,12,random_065,0.01494426682147406,0.5727461898381219,0.5758,0.1714185459423752
23,normal,12,random_066,0.025868802890895555,0.595321924920192,0.59614,0.2967286806238805
23,normal,12,random_067,0.033488768100595,0.6081494330520613,0.61104,0.38413366154279877
23,normal,12,random_068,0.020200139473676108,0.5844109249682682,0.58242,0.23170615044393233
23,normal,12,random_069,0.03121582768789901,0.604502981267983,0.6012,0.35806184783574296
23,normal,12,random_070,0.018544837729182546,0.5809284110724239,0.57802,0.2127189748583606
23,normal,12,random_071,0.024106655041239607,0.5920784400945672,0.5925,0.2765159244055925
23,normal,12,random_072,0.010545173254945212,0.5612087496031541,0.56384,0.12095864505548441
23,normal,12,random_073,0.03730597795735183,0.6139852824468521,0.6154,0.42791905235647915
23,normal,12,random_074,0.015114205986147856,0.5731539972565279,0.57266,0.1733678369216546
23,normal,12,random_075,0.0164833594573978,0.5763565560920454,0.57728,0.18907274235578228
23,normal,12,random_076,0.02524820733120425,0.5941933427651834,0.59138,0.28961012541261283
23,normal,12,random_077,0.021208413420588344,0.5864594314390995,0.58506,0.24327157924388648
23,normal,12,random_078,0.0242978712825948,0.5924363256932639,0.59096,0.2787092745675805
23,normal,12,random_079,0.030377619359451834,0.6031224861477263,0.60304,0.34844716050610164
23,normal,12,random_080,0.024283425048159755,0.5924093396952226,0.59008,0.27854356871323643
23,normal,12,random_081,0.018727584794065902,0.5813206394082313,0.5835,0.21481517914270384
23,normal,12,random_082,0.013160927661449537,0.5683133226020658,0.56856,0.1509627143257829
23,normal,12,random_083,0.018753319531230814,0.5813757131806582,0.58046,0.21511037001942698
23,normal,12,random_084,0.021571783397851728,0.5871851483162368,0.5875,0.24743962267389924
23,normal,12,random_085,0.027951249299163223,0.5990076680896208,0.59994,0.3206154286037291
23,normal,12,random_086,0.024125181417934145,0.5921131798966576,0.58946,0.27672843162274097
23,normal,12,random_087,0.016977461211079715,0.577478244944088,0.57708,0.19474034754348046
23,normal,12,random_088,0.02344649289491782,0.590831224976082,0.58932,0.26894351977975495
23,normal,12,random_089,0.02942788296203005,0.6015334885536676,0.60586,0.33755318797339406
23,normal,12,random_090,0.011573298567370962,0.5640985699473647,0.56104,0.13275177938639227
23,normal,12,random_091,0.01347405747519887,0.5691131301442096,0.56892,0.15455447683948403
23,normal,12,random_092,0.024163864142946592,0.592185670639587,0.59354,0.2771721426829045
23,normal,12,random_093,0.018129772857527086,0.5800300158469922,0.58108,0.20795796398904848
23,normal,12,random_094,0.017973347370668614,0.5796886635211693,0.57608,0.2061636819526038
23,normal,12,random_095,0.012074533594865254,0.5654596383756068,0.56764,0.13850120695047935
23,normal,12,random_096,0.022791914767734896,0.5895761720561168,0.58638,0.26143516677001455
23,normal,12,random_097,0.025436709090616523,0.5945376778668117,0.5922,0.2917723390489218
23,normal,12,random_098,0.020222812010616938,0.5844575691526802,0.583,0.23196621628467595
23,normal,12,random_099,0.017821936597076003,0.579356779193711,0.57696,0.20442692129654003
23,normal,12,random_100,0.038318832073893395,0.6154788915669289,0.6122,0.4395370180943378
23,normal,12,random_101,0.02683916825236152,0.5970582320534477,0.59646,0.30785927814883385
23,normal,12,random_102,0.021432570412667537,0.586907877036762,0.58838,0.24584277702187438
23,normal,12,random_103,0.027644881696506942,0.5984747910779882,0.59964,0.3171012321832178
23,normal,12,random_104,0.020621115159862986,0.5852725808762528,0.5848,0.2365349614431816
23,normal,12,random_105,0.02533328850509381,0.5943489276989946,0.5914,0.2905860509156465
23,normal,12,random_106,0.033580533496652354,0.6082938170563895,0.60812,0.38518625856531546
23,normal,12,random_107,0.024411738594649735,0.5926487377068911,0.59724,0.280015392110582
23,normal,12,random_108,0.022871198934031188,0.5897291874510867,0.59362,0.262344597568134
23,normal,12,random_109,0.014706175688694501,0.5721707840680884,0.57388,0.16868751629265039
23,normal,12,random_110,0.019413632860733922,0.5827755762168209,0.58192,0.22268450879531823
23,normal,12,random_111,0.03312709003400405,0.607578286264706,0.60468,0.3799850252118959
23,normal,12,random_112,0.015843267434904898,0.5748771981535518,0.57362,0.18173055253303494
23,normal,12,random_113,0.0361114442752668,0.6121952324207777,0.61152,0.41421712710926856
23,normal,12,random_114,0.04032219858319847,0.6183712244752471,0.61592,0.4625166783290749
23,normal,12,random_115,0.03014432122825346,0.602734642158549,0.60152,0.34577110908793285
23,normal,12,random_116,0.02102125030266771,0.5860830895366362,0.58796,0.24112472052466882
23,normal,12,random_117,0.022318699508808017,0.588657010658359,0.5878,0.25600714058632584
23,normal,12,random_118,0.037670284846642185,0.6145250132116842,0.61446,0.4320978426567974
23,normal,12,random_119,0.02664999763441043,0.5967223854960013,0.60086,0.3056893923557351
23,normal,12,random_120,0.03520120853712956,0.6108096089319935,0.61176,0.40377624777003823
23,normal,12,random_121,0.025339798513929954,0.5943608209412075,0.5955,0.29066072411722255
23,normal,12,random_122,0.022609095490583785,0.5892222680938719,0.58868,0.259338134173243
23,normal,12,random_123,0.02331791925587304,0.5905861737724518,0.58616,0.26746871298495745
23,normal,12,random_124,0.02136174031915172,0.586766441993339,0.58778,0.24503031885417104
23,normal,12,random_125,0.025333804526152682,0.5943498704852921,0.5964,0.29059196994671344
23,normal,12,random_126,0.03068286379214992,0.6036275413821924,0.59962,0.35194847358055276
23,normal,12,random_127,0.018187946249876394,0.5801565709025002,0.58072,0.20862524318368414
23,nonnormal,0,oracle_t0,0.26298860970606475,0.7791234557781028,0.77696,1.0000000000000004
23,nonnormal,0,oracle_t12,0.15955316313314305,0.7254674348635612,0.72222,0.6066922948163855
23,nonnormal,0,bottom,1.8865215545244495e-32,0.5000000000000001,0.49654,-1.5959130696459357e-17
23,nonnormal,0,random_000,0.015203716671253843,0.573367845450637,0.57142,0.05781131239199538
23,nonnormal,0,random_001,0.02242314268884614,0.5888607522878198,0.58782,0.08526279033113981
23,nonnormal,0,random_002,0.04454742210383024,0.6242241188463576,0.62362,0.16938916918728808
23,nonnormal,0,random_003,0.020215837389983362,0.5844432231861244,0.58532,0.07686963101777704
23,nonnormal,0,random_004,0.03526573742577911,0.6109084718489147,0.60818,0.13409606395195106
23,nonnormal,0,random_005,0.05319249052087334,0.6353107782159955,0.63934,0.20226157543600531
23,nonnormal,0,random_006,0.049308116997760415,0.6304636054648196,0.62638,0.18749145467885772
23,nonnormal,0,random_007,0.05654098699778908,0.6393325250169553,0.64198,0.2149940526359048
23,nonnormal,0,random_008,0.05100856804722974,0.6326108143090196,0.6363,0.19395732805401983
23,nonnormal,0,random_009,0.023752469892863212,0.591411562935194,0.58874,0.09031748530634359
23,nonnormal,0,random_010,0.06144394200824922,0.6449859418840889,0.64016,0.23363727454555352
23,nonnormal,0,random_011,0.03784127978016388,0.6147773707957733,0.60918,0.14388942480230638
23,nonnormal,0,random_012,0.05589492659202095,0.6385672071762842,0.6391,0.21253744279835257
23,nonnormal,0,random_013,0.015004047502407143,0.5728899190755851,0.57074,0.0570520811497379
23,nonnormal,0,random_014,0.02376734149460868,0.5914396688729253,0.59338,0.0903740337696481
23,nonnormal,0,random_015,0.030868333811348306,0.6039331080124458,0.6027,0.11737517395087581
23,nonnormal,0,random_016,0.02914121924616659,0.6010485147891105,0.59926,0.11080791399573148
23,nonnormal,0,random_017,0.08175195500963808,0.6659963530419029,0.66148,0.31085739835276543
23,nonnormal,0,random_018,0.045543693105433845,0.6255592426186065,0.62452,0.17317743592141435
23,nonnormal,0,random_019,0.0710468374313584,0.6553551520613893,0.65404,0.2701517663094442
23,nonnormal,0,random_020,0.03277467368642198,0.6070185334299497,0.60606,0.1246239284775617
23,nonnormal,0,random_021,0.039044084951443125,0.6165352599449551,0.61346,0.14846302657397087
23,nonnormal,0,random_022,0.02511866982589981,0.5939559291836024,0.59266,0.09551238684433627
23,nonnormal,0,random_023,0.019472385294240932,0.5828989196653295,0.58278,0.07404269453344274
23,nonnormal,0,random_024,0.035867439463264525,0.6118256604248518,0.60894,0.13638400348727125
23,nonnormal,0,random_025,0.055812273134377366,0.6384689378951638,0.63592,0.2122231574848708
23,nonnormal,0,random_026,0.022501021512011256,0.5890123495366995,0.5891,0.0855589203546118
23,nonnormal,0,random_027,0.028776981082978347,0.6004286205309615,0.60346,0.10942291803109504
23,nonnormal,0,random_028,0.03954831473809789,0.6172634211447883,0.61758,0.15038033313419924
23,nonnormal,0,random_029,0.09220675716320173,0.6756192763080688,0.67268,0.35061121949828467
23,nonnormal,0,random_030,0.05171109254005341,0.633486262204991,0.634,0.19662863953632642
23,nonnormal,0,random_031,0.02677194182752023,0.596939024894117,0.5971,0.10179886443539335
23,nonnormal,0,random_032,0.02690183786564789,0.5971692164940037,0.59762,0.10229278711239764
23,nonnormal,0,random_033,0.0494560775695273,0.6306520595374145,0.63156,0.18805406677043185
23,nonnormal,0,random_034,0.05532919687854529,0.637892948821347,0.6344,0.2103862860843489
23,nonnormal,0,random_035,0.053350724936411825,0.6355039737102339,0.63552,0.20286325326424032
23,nonnormal,0,random_036,0.04357560200659517,0.6229058410514883,0.61856,0.16569387569788085
23,nonnormal,0,random_037,0.05117112227019845,0.6328139755693711,0.63696,0.1945754317169518
23,nonnormal,0,random_038,0.04489394382389699,0.6246903472844196,0.62386,0.17070679933276878
23,nonnormal,0,random_039,0.0222026865303111,0.5884301115501877,0.58946,0.08442451768206408
23,nonnormal,0,random_040,0.03881150507668244,0.6161976659749482,0.61464,0.1475786541480296
23,nonnormal,0,random_041,0.036381884555550886,0.6126032698843208,0.60988,0.13834015319604132
23,nonnormal,0,random_042,0.04382577307099003,0.6232467303813611,0.62246,0.16664513767334999
23,nonnormal,0,random_043,0.037625965520427004,0.6144595045613617,0.61354,0.1430707039460019
23,nonnormal,0,random_044,0.03522001189156,0.6108384271182749,0.6139,0.13392219507500527
23,nonnormal,0,random_045,0.05030974120348857,0.6317332809924165,0.63206,0.19130007668285873
23,nonnormal,0,random_046,0.05238056492857329,0.6343143661390491,0.63656,0.1991742721752006
23,nonnormal,0,random_047,0.04244477636223259,0.6213513889491902,0.61824,0.1613939721939745
23,nonnormal,0,random_048,0.01963341380725922,0.583235986710836,0.58044,0.07465499676660131
23,nonnormal,0,random_049,0.0352890832557061,0.6109442152950431,0.61658,0.13418483521072555
23,nonnormal,0,random_050,0.03461508240877741,0.6099071081432967,0.61108,0.1316219833530653
23,nonnormal,0,random_051,0.04512084855565076,0.6249945643235568,0.62556,0.171569592333604
23,nonnormal,0,random_052,0.04593308952890239,0.6260767028482699,0.62746,0.1746580948134621
23,nonnormal,0,random_053,0.028081099776833693,0.5992325852485537,0.60064,0.10677686690773111
23,nonnormal,0,random_054,0.032977716123048596,0.6073414238967778,0.60974,0.12539598638856228
23,nonnormal,0,random_055,0.025717173024761272,0.5950475124966494,0.59474,0.09778816296836836
23,nonnormal,0,random_056,0.017636339725529537,0.5789479540756596,0.57512,0.06706123031427563
23,nonnormal,0,random_057,0.06725396760070626,0.6513621298569446,0.6533,0.25572958340619495
23,nonnormal,0,random_058,0.05525937269111003,0.6378094613384393,0.63668,0.21012078337868684
23,nonnormal,0,random_059,0.0499711999525661,0.6313057262844406,0.63456,0.19001279184074782
23,nonnormal,0,random_060,0.035106169573899976,0.6106638241352969,0.60924,0.13348931580397036
23,nonnormal,0,random_061,0.05121818786715429,0.6328727312486719,0.63006,0.19475439611015666
23,nonnormal,0,random_062,0.04791913224398419,0.6286789678962565,0.62686,0.18220991508925855
23,nonnormal,0,random_063,0.025889284235351556,0.5953589257677476,0.59384,0.0984426065611257
23,nonnormal,0,random_064,0.055798071749161744,0.6384520451804545,0.6348,0.21216915748376247
23,nonnormal,0,random_065,0.019721856244566516,0.5834205017369974,0.58402,0.07499129436293502
23,nonnormal,0,random_066,0.020207924461402647,0.584426944098347,0.58334,0.07683954253375655
23,nonnormal,0,random_067,0.09166130882405885,0.6751339094722005,0.67262,0.3485371816159882
23,nonnormal,0,random_068,0.07547599479033207,0.6598645249690329,0.65988,0.2869933982110084
23,nonnormal,0,random_069,0.048957994251156954,0.6300164072925948,0.62698,0.186160131824249
23,nonnormal,0,random_070,0.08910365057140757,0.6728344539090308,0.67206,0.3388118240976154
23,nonnormal,0,random_071,0.04415858877058223,0.6236985805632755,0.62174,0.16791065141542488
23,nonnormal,0,random_072,0.02346693862365196,0.5908701276828106,0.58778,0.08923176805976633
23,nonnormal,0,random_073,0.05469377237310687,0.637130987382641,0.63358,0.20797011868398663
23,nonnormal,0,random_074,0.024449451386216407,0.5927189732087411,0.59528,0.09296771983221218
23,nonnormal,0,random_075,0.018852765421354598,0.5815881636431358,0.57894,0.07168662339568944
23,nonnormal,0,random_076,0.04094802493354269,0.6192586344664263,0.61798,0.15570265563709854
23,nonnormal,0,random_077,0.05368092008686695,0.6359060927606512,0.63444,0.20411880250960188
23,nonnormal,0,random_078,0.03441417622660389,0.6095958646323476,0.60888,0.13085804843437027
23,nonnormal,0,random_079,0.021809010470892586,0.5876554818945163,0.58826,0.08292758570520577
23,nonnormal,0,random_080,0.028445837051330688,0.5998614135893718,0.6013,0.10816376071619167
23,nonnormal,0,random_081,0.028154767938605357,0.5993599419084548,0.60252,0.1070569861184224
23,nonnormal,0,random_082,0.033478978107373436,0.6081340168894072,0.60568,0.12730200804054595
23,nonnormal,0,random_083,0.04519517315240341,0.6250940299836469,0.6247,0.17185220760289532
23,nonnormal,0,random_084,0.0564491413434257,0.6392240268761238,0.63958,0.2146448144903211
23,nonnormal,0,random_085,0.042842655757059124,0.6219008812291672,0.62062,0.1629068871269491
23,nonnormal,0,random_086,0.013285525856689063,0.5686327373513709,0.56912,0.050517495307260414
23,nonnormal,0,random_087,0.059036858601764816,0.6422436733884992,0.64384,0.2244844697561189
23,nonnormal,0,random_088,0.03838769729935544,0.6155796616212886,0.61582,0.14596714793945018
23,nonnormal,0,random_089,0.06080380964034689,0.6442627170565792,0.64512,0.23120320575216435
23,nonnormal,0,random_090,0.029929891905658444,0.6023767504716934,0.59762,0.11380679923404402
23,nonnormal,0,random_091,0.06450483390735912,0.648386142560304,0.64652,0.2452761508548011
23,nonnormal,0,random_092,0.04446925673260073,0.6241186755119166,0.62492,0.1690919495802607
23,nonnormal,0,random_093,0.04266765301285662,0.621659539276248,0.62184,0.1622414486336314
23,nonnormal,0,random_094,0.017840626046487465,0.579397824598728,0.57846,0.06783801802833767
23,nonnormal,0,random_095,0.04686311984259246,0.6273028848010664,0.62692,0.1781944849055255
23,nonnormal,0,random_096,0.046054420170480434,0.6262374416784806,0.62492,0.17511944803219512
23,nonnormal,0,random_097,0.046897222212862646,0.62734758984584,0.62758,0.1783241573286328
23,nonnormal,0,random_098,0.029028924605458785,0.6008578435989224,0.599,0.11038091968280922
23,nonnormal,0,random_099,0.02407620595964425,0.5920213128031504,0.58896,0.09154847423450616
23,nonnormal,0,random_100,0.0315531281222758,0.6050529000473034,0.60258,0.11997906737307708
23,nonnormal,0,random_101,0.04212226646330439,0.6209039119587232,0.6165,0.16016764570291972
23,nonnormal,0,random_102,0.02732394496175861,0.5979131988583164,0.59672,0.10389782657240502
23,nonnormal,0,random_103,0.04363008999581845,0.6229801791040868,0.62548,0.1659010633372398
23,nonnormal,0,random_104,0.03162411992787813,0.6051682402361431,0.60322,0.12024900988382563
23,nonnormal,0,random_105,0.03148270965383575,0.6049383539905585,0.60434,0.11971130494595625
23,nonnormal,0,random_106,0.062107860979659923,0.6457315249494974,0.64472,0.23616179061548037
23,nonnormal,0,random_107,0.04369748115470844,0.6230720504940286,0.62106,0.16615731458312197
23,nonnormal,0,random_108,0.04099530316276763,0.6193253724007686,0.6177,0.15588242855303502
23,nonnormal,0,random_109,0.057216744000443936,0.6401277656481037,0.63936,0.21756358218096816
23,nonnormal,0,random_110,0.029844478837812737,0.6022338114063619,0.60268,0.11348202065165151
23,nonnormal,0,random_111,0.04313879112392735,0.6223080462435661,0.6241,0.16403292588276908
23,nonnormal,0,random_112,0.0349915796437103,0.6104877657664891,0.6104,0.1330535937766258
23,nonnormal,0,random_113,0.027694609135496068,0.5985614964421342,0.60116,0.10530725709546739
23,nonnormal,0,random_114,0.023365331163395228,0.5906766196941269,0.59266,0.08884541117392897
23,nonnormal,0,random_115,0.06924342115693241,0.6534723401135408,0.65534,0.2632943732214256
23,nonnormal,0,random_116,0.02608699688675605,0.5957153126280982,0.5938,0.09919439825136458
23,nonnormal,0,random_117,0.05590703371219491,0.6385815948406676,0.6366,0.21258347946962702
23,nonnormal,0,random_118,0.03899388162683614,0.61646248164415,0.61324,0.14827213114065502
23,nonnormal,0,random_119,0.06357175679991421,0.6473595827748778,0.64764,0.24172817549386144
23,nonnormal,0,random_120,0.03220159082584232,0.6061013467904534,0.60238,0.12244481181840222
23,nonnormal,0,random_121,0.05041291262345735,0.6318632610168429,0.63078,0.19169238044112455
23,nonnormal,0,random_122,0.045114176728163764,0.6249856312689085,0.6216,0.17154422306953404
23,nonnormal,0,random_123,0.035584106113483074,0.6113948123403358,0.6105,0.13530664371074663
23,nonnormal,0,random_124,0.017923591118111735,0.5795797614583909,0.58206,0.06815348823716913
23,nonnormal,0,random_125,0.0583712169178521,0.6414741920937771,0.63714,0.2219534031648446
23,nonnormal,0,random_126,0.028270054668776773,0.5995588931838862,0.60112,0.10749535769010478
23,nonnormal,0,random_127,0.03714779178387098,0.613750035821821,0.6115,0.14125247411053313
23,nonnormal,12,oracle_t0,0.08540727362021572,0.6694401732787895,0.66574,0.6965677856741662
23,nonnormal,12,oracle_t12,0.12261157546577475,0.7002914841841805,0.69574,0.9999999999999992
23,nonnormal,12,bottom,1.845067489896322e-32,0.5000000000000001,0.4973,-5.616161893859838e-18
23,nonnormal,12,random_000,0.015223259804872557,0.573414448906862,0.57148,0.12415842262072474
23,nonnormal,12,random_001,0.010621343805101558,0.5614276661813056,0.5611,0.08662594673262594
23,nonnormal,12,random_002,0.01815081886868786,0.5800758253892461,0.57634,0.1480351165845217
23,nonnormal,12,random_003,0.014868322999080686,0.5725631707655527,0.5708,0.12126361595631686
23,nonnormal,12,random_004,0.017099327252389912,0.5777522860890449,0.57814,0.13945932255933635
23,nonnormal,12,random_005,0.02520032758129751,0.5941056649202132,0.59636,0.20552975920558003
23,nonnormal,12,random_006,0.019364757640081817,0.5826728202478326,0.57968,0.1579358030962354
23,nonnormal,12,random_007,0.04740736605049371,0.6280142070816659,0.62788,0.38664674090030554
23,nonnormal,12,random_008,0.026917056330485904,0.5971961468651799,0.59992,0.2195311187237733
23,nonnormal,12,random_009,0.011380108073418573,0.5635659160428325,0.5632,0.09281430427908623
23,nonnormal,12,random_010,0.029713342021937088,0.6020139280190497,0.5985,0.2423371684856225
23,nonnormal,12,random_011,0.01424197912962569,0.5710349358381489,0.56612,0.11615525757273323
23,nonnormal,12,random_012,0.03217123924790466,0.6060525275933644,0.60324,0.26238337714602455
23,nonnormal,12,random_013,0.015567059036113991,0.5742292831576946,0.57332,0.12696239304468687
23,nonnormal,12,random_014,0.010344421338618421,0.5606278742071225,0.562,0.08436741228813188
23,nonnormal,12,random_015,0.01630138391479983,0.5759390563955658,0.5751,0.13295142691768214
23,nonnormal,12,random_016,0.024503868124261204,0.5928202171376571,0.59688,0.1998495495321409
23,nonnormal,12,random_017,0.027713333717946466,0.5985941234178815,0.5925,0.22602542714804463
23,nonnormal,12,random_018,0.025078218346779754,0.5938816581030756,0.59634,0.20453385621637288
23,nonnormal,12,random_019,0.021048753693250905,0.5861385021971476,0.58564,0.1716702000874815
23,nonnormal,12,random_020,0.013691838037230356,0.5696637610899271,0.5687,0.11166839660299628
23,nonnormal,12,random_021,0.019081708944242735,0.5820750556562935,0.57648,0.1556273041248794
23,nonnormal,12,random_022,0.020067138210478824,0.5841367488337319,0.58322,0.16366430440395296
23,nonnormal,12,random_023,0.006603677998689725,0.5485087245861672,0.54652,0.053858520075317336
23,nonnormal,12,random_024,0.022185465044846808,0.5883963766208724,0.58858,0.18094103236638986
23,nonnormal,12,random_025,0.019486172926185763,0.5829278369404031,0.58554,0.15892604635542776
23,nonnormal,12,random_026,0.011074072475540972,0.5627125515299086,0.56264,0.09031832788603336
23,nonnormal,12,random_027,0.012307057099753344,0.5660811811243284,0.56686,0.10037434926516113
23,nonnormal,12,random_028,0.019987115929677456,0.5839713287365044,0.58074,0.16301165574090964
23,nonnormal,12,random_029,0.046342612918468085,0.6266183050414792,0.6235,0.3779627881170479
23,nonnormal,12,random_030,0.01705397352920628,0.5776504176393216,0.57668,0.13908942499451557
23,nonnormal,12,random_031,0.010540999199576092,0.5611967298789389,0.56154,0.08597066924173451
23,nonnormal,12,random_032,0.010260966089206614,0.5603847003994378,0.5578,0.08368676489334242
23,nonnormal,12,random_033,0.02741416464693079,0.5980714223201636,0.59418,0.22358545302750016
23,nonnormal,12,random_034,0.04159110643167099,0.6201628300179174,0.62012,0.33921027662906517
23,nonnormal,12,random_035,0.026254304991654237,0.596015778488314,0.59604,0.2141258269614415
23,nonnormal,12,random_036,0.018905565521751173,0.5817007253793334,0.58164,0.15419070711662433
23,nonnormal,12,random_037,0.014948498752568125,0.572756374329497,0.5695,0.12191751631754195
23,nonnormal,12,random_038,0.02027435950570882,0.5845635161268358,0.58646,0.16535436747053375
23,nonnormal,12,random_039,0.017388822339751895,0.5783992370647658,0.57936,0.14182039724793946
23,nonnormal,12,random_040,0.016560739316427424,0.5765333613785608,0.579,0.13506668724805762
23,nonnormal,12,random_041,0.018024993446091542,0.5798015361050121,0.57922,0.14700890497180624
23,nonnormal,12,random_042,0.02295522201542013,0.5898910447111645,0.58898,0.1872190445985072
23,nonnormal,12,random_043,0.014479641574832511,0.5716188241638503,0.5735,0.11809359369070574
23,nonnormal,12,random_044,0.013761463300173932,0.5698388463794182,0.5703,0.1122362488851245
23,nonnormal,12,random_045,0.017754422249951274,0.5792083187070104,0.58172,0.1448021704517381
23,nonnormal,12,random_046,0.018150008468668467,0.5800740619538425,0.58032,0.1480285070942162
23,nonnormal,12,random_047,0.019182436015241257,0.5822883058039044,0.57642,0.15644881767786883
23,nonnormal,12,random_048,0.013462545150023607,0.569083895513282,0.56848,0.109798321234209
23,nonnormal,12,random_049,0.024821944740242984,0.5934096487883445,0.59374,0.20244373050382708
23,nonnormal,12,random_050,0.014869501832783787,0.5725660153550298,0.57182,0.12127323033162055
23,nonnormal,12,random_051,0.028867867291609797,0.6005836885029538,0.60164,0.23544161456165152
23,nonnormal,12,random_052,0.020540947834131268,0.5851092080348526,0.58388,0.16752861837147642
23,nonnormal,12,random_053,0.019276929509121826,0.5824878284752371,0.58516,0.1572194911931679
23,nonnormal,12,random_054,0.014757556286684065,0.5722953628438087,0.57666,0.12036022072649592
23,nonnormal,12,random_055,0.015494996326115486,0.5740592655299807,0.5771,0.12637466134215591
23,nonnormal,12,random_056,0.010074272406357351,0.5598370186705478,0.56208,0.08216412168335148
23,nonnormal,12,random_057,0.04470342200702178,0.6244342553591631,0.62326,0.3645938145497532
23,nonnormal,12,random_058,0.012907081987026212,0.5676577221611145,0.56414,0.10526805432517285
23,nonnormal,12,random_059,0.02903041662442688,0.6008603795523035,0.60082,0.23676734039299802
23,nonnormal,12,random_060,0.017441943387657956,0.5785173405595596,0.57326,0.14225364384561398
23,nonnormal,12,random_061,0.02209844099860811,0.5882256958043961,0.58476,0.18023127844708714
23,nonnormal,12,random_062,0.01640196421570215,0.5761701109604199,0.57332,0.133771743437719
23,nonnormal,12,random_063,0.010530195060812365,0.561165606666019,0.55938,0.08588255244915033
23,nonnormal,12,random_064,0.01774888732932172,0.5791961346988902,0.5737,0.14475702854235042
23,nonnormal,12,random_065,0.018040112449151414,0.5798345468646156,0.57602,0.1471322130934289
23,nonnormal,12,random_066,0.006069952982645392,0.5465164253340894,0.5448,0.0495055459452907
23,nonnormal,12,random_067,0.03565054410621668,0.6114960064591318,0.60898,0.2907600197680194
23,nonnormal,12,random_068,0.025298247129534095,0.5942848822698685,0.59566,0.20632837506109453
23,nonnormal,12,random_069,0.0194368863816282,0.5828244173616329,0.5791,0.1585240733412948
23,nonnormal,12,random_070,0.03629539504161768,0.6124729543606027,0.60894,0.29601931876121274
23,nonnormal,12,random_071,0.020602904389990507,0.585235498390873,0.58,0.16803392593011335
23,nonnormal,12,random_072,0.011705923117909403,0.5644615986145362,0.56322,0.09547159861082558
23,nonnormal,12,random_073,0.01611862476396831,0.5755173203144249,0.56822,0.131460873108735
23,nonnormal,12,random_074,0.011693185751070449,0.5644268249742139,0.56668,0.09536771472555156
23,nonnormal,12,random_075,0.015543143513828787,0.5741729044808943,0.57328,0.12676734194780348
23,nonnormal,12,random_076,0.015177054136958537,0.5733042147559633,0.57304,0.12378157673371537
23,nonnormal,12,random_077,0.026502773837748298,0.5964601345328345,0.59422,0.21615229832150842
23,nonnormal,12,random_078,0.01836134200841142,0.5805325450139884,0.57758,0.14975210895595018
23,nonnormal,12,random_079,0.011296096988603255,0.563332839318934,0.56008,0.0921291235814549
23,nonnormal,12,random_080,0.01799019662232,0.57972550611154,0.58072,0.1467251077557656
23,nonnormal,12,random_081,0.022785359032193926,0.5895635072227483,0.58888,0.1858336698279692
23,nonnormal,12,random_082,0.030715401255773378,0.6036812189670423,0.60324,0.25050980006652895
23,nonnormal,12,random_083,0.014486784930019411,0.5716362970596842,0.56968,0.11815185372985589
23,nonnormal,12,random_084,0.031693526779448644,0.6052808713679885,0.60916,0.25848723221320496
23,nonnormal,12,random_085,0.01514724426531085,0.573233004398876,0.57562,0.12353845228535516
23,nonnormal,12,random_086,0.005190935394277226,0.5430307976732415,0.54384,0.04233642194513843
23,nonnormal,12,random_087,0.021971695958467832,0.587976477669084,0.58592,0.1791975665837594
23,nonnormal,12,random_088,0.019985021697120187,0.5839669949478552,0.58664,0.16299457552193922
23,nonnormal,12,random_089,0.02950685509960575,0.6016666496733772,0.59964,0.24065309484455766
23,nonnormal,12,random_090,0.006794978454210465,0.5492028048862663,0.54904,0.05541873537141835
23,nonnormal,12,random_091,0.030210415899902136,0.6028446827878847,0.59638,0.24639122191472784
23,nonnormal,12,random_092,0.026463683810652228,0.5963903735396816,0.59352,0.2158334864397787
23,nonnormal,12,random_093,0.027021036363260472,0.5973799327370999,0.59848,0.22037916290214365
23,nonnormal,12,random_094,0.008945048379339963,0.5564076271149382,0.5566,0.07295435480181753
23,nonnormal,12,random_095,0.022665486823221188,0.5893315910556243,0.59026,0.18485601165403767
23,nonnormal,12,random_096,0.015081928012037935,0.573076722017986,0.57132,0.12300574358289543
23,nonnormal,12,random_097,0.02393638673779379,0.5917584996610069,0.59512,0.19522126395378767
23,nonnormal,12,random_098,0.022044363482860388,0.5881194554504616,0.5912,0.17979023105378605
23,nonnormal,12,random_099,0.013940096332858802,0.5702859735495998,0.56946,0.11369315074782618
23,nonnormal,12,random_100,0.007925529087781099,0.5531161068081338,0.55504,0.06463932183950603
23,nonnormal,12,random_101,0.019643095568067086,0.5832562066271463,0.57976,0.16020588181374562
23,nonnormal,12,random_102,0.017583630025447654,0.5788314399451681,0.58014,0.14340921694098824
23,nonnormal,12,random_103,0.030219510959118387,0.602859815032711,0.60218,0.2464653997334348
23,nonnormal,12,random_104,0.010011679670007854,0.5596522374723761,0.55882,0.08165362554045692
23,nonnormal,12,random_105,0.01686103551256781,0.577215482144923,0.57886,0.13751585401717895
23,nonnormal,12,random_106,0.024955124083705954,0.5936552603849765,0.59124,0.20352991949501378
23,nonnormal,12,random_107,0.022433402336160237,0.5888807392972486,0.58544,0.1829631684524123
23,nonnormal,12,random_108,0.018436216833909683,0.5806943245471033,0.57434,0.1503627758135762
23,nonnormal,12,random_109,0.022427609975759374,0.5888694556826659,0.58772,0.18291592690626265
23,nonnormal,12,random_110,0.015236026369781896,0.5734448759405371,0.57532,0.12426254464069585
23,nonnormal,12,random_111,0.023459633773345413,0.5908562305723494,0.5872,0.1913329445790688
23,nonnormal,12,random_112,0.022634446417410446,0.5892714323320613,0.58918,0.18460285116985964
23,nonnormal,12,random_113,0.01706895395974204,0.577684080543375,0.57708,0.13921160294124574
23,nonnormal,12,random_114,0.010789305161539248,0.5619075695060199,0.5626,0.08799581214541136
23,nonnormal,12,random_115,0.026327138552934524,0.5961462622817305,0.5983,0.21471984560122834
23,nonnormal,12,random_116,0.009882929137823807,0.5592702844956092,0.55606,0.0806035572113049
23,nonnormal,12,random_117,0.02222518684155073,0.5884741664066395,0.58906,0.18126499685793981
23,nonnormal,12,random_118,0.015004288311047446,0.5728904974468145,0.5727,0.12237252685196648
23,nonnormal,12,random_119,0.02135374104072644,0.5867504534279538,0.58364,0.17415762712132357
23,nonnormal,12,random_120,0.012482884875838178,0.5665471778730009,0.56464,0.10180837191283452
23,nonnormal,12,random_121,0.01996445539284298,0.5839244225839667,0.58268,0.162826840100556
23,nonnormal,12,random_122,0.02459810723106422,0.5929952715494584,0.58972,0.20061814830795
23,nonnormal,12,random_123,0.01778347469971108,0.5792722394310272,0.57652,0.14503911749078754
23,nonnormal,12,random_124,0.014810189470823184,0.5724227465603997,0.56974,0.12078948838690373
23,nonnormal,12,random_125,0.02385590448319909,0.5916068531282136,0.59116,0.19456486381955107
23,nonnormal,12,random_126,0.016189100129528167,0.5756802417641618,0.57788,0.13203565868906977
23,nonnormal,12,random_127,0.016791818192201522,0.5770588181060203,0.57414,0.13695132884813724
24,normal,0,oracle_t0,0.13694852774270805,0.7105863071900653,0.71178,1.0000000000000013
24,normal,0,oracle_t12,0.05853261261017852,0.6416612196065383,0.64132,0.4274059281611753
24,normal,0,bottom,1.6153158445621163e-32,0.5000000000000001,0.49926,-2.859883380414329e-17
24,normal,0,random_000,0.03168701311585571,0.6052703068323495,0.60478,0.23137899792093933
24,normal,0,random_001,0.04353675348979674,0.6228528087873757,0.6221,0.3179059622429198
24,normal,0,random_002,0.02005486627039766,0.5841114029862624,0.58012,0.1464409044840245
24,normal,0,random_003,0.04634413597081671,0.6266203143648122,0.62606,0.33840550705215156
24,normal,0,random_004,0.02688903060207757,0.5971465466885334,0.59214,0.19634406477589408
24,normal,0,random_005,0.03270251613080197,0.6069035255154591,0.60634,0.23879421465736264
24,normal,0,random_006,0.0410210235423836,0.6193616616286789,0.61814,0.2995360681748392
24,normal,0,random_007,0.05504721216126844,0.6375554204923233,0.63876,0.40195548698915873
24,normal,0,random_008,0.04761749717427834,0.6282876361506833,0.62794,0.3477036077652455
24,normal,0,random_009,0.04071855719519886,0.6189341186667128,0.6197,0.29732745482082784
24,normal,0,random_010,0.023991111170013617,0.5918614593084789,0.59274,0.17518341792682088
24,normal,0,random_011,0.04247629620725707,0.6213950221677507,0.62124,0.3101624888371157
24,normal,0,random_012,0.024504963371976683,0.5928222536596758,0.59064,0.17893557364862953
24,normal,0,random_013,0.044644661077489906,0.6243551500761272,0.62336,0.32599591841809417
24,normal,0,random_014,0.03810984600436104,0.6151724800321361,0.61406,0.2782786104569152
24,normal,0,random_015,0.046348857034719956,0.6266265425099166,0.6298,0.3384399803245632
24,normal,0,random_016,0.02998563289894981,0.6024699158589624,0.60684,0.21895549658836302
24,normal,0,random_017,0.03800873532875186,0.6150239059552225,0.61228,0.2775402989374284
24,normal,0,random_018,0.028415735130343844,0.5998096790755123,0.597,0.20749208186983883
24,normal,0,random_019,0.034122236344469314,0.6091418422069556,0.61322,0.24916103084055408
24,normal,0,random_020,0.03791694510651336,0.6148888416612943,0.61626,0.27687004549439076
24,normal,0,random_021,0.045711945137337784,0.6257831271509842,0.62524,0.3337892410440448
24,normal,0,random_022,0.024313045335673054,0.5924646621689235,0.5916,0.17753418555438
24,normal,0,random_023,0.035289792703987605,0.6109453012903292,0.61234,0.2576865431535585
24,normal,0,random_024,0.07021665807357647,0.6544919031842498,0.65452,0.5127229860075317
24,normal,0,random_025,0.034663692926841266,0.6099822691082317,0.60884,0.2531147541210936
24,normal,0,random_026,0.04050784675245601,0.6186352493633467,0.62132,0.29578884432083974
24,normal,0,random_027,0.05316095985533026,0.6352722425805407,0.63892,0.3881820471645117
24,normal,0,random_028,0.0428447826377364,0.621903811030911,0.62146,0.3128531817313952
24,normal,0,random_029,0.02570276229437454,0.595021388167184,0.59654,0.18768191756441235
24,normal,0,random_030,0.030967364512398992,0.604095861689361,0.60182,0.2261241140947419
24,normal,0,random_031,0.03264684452463548,0.6068147005165967,0.60978,0.2383876998369107
24,normal,0,random_032,0.04395065555479416,0.6234164984698071,0.62,0.3209282807140978
24,normal,0,random_033,0.03543527062484753,0.611167744683421,0.60998,0.2587488248973481
24,normal,0,random_034,0.03494822950092416,0.6104210806339416,0.60546,0.2551924440296514
24,normal,0,random_035,0.03917067193216827,0.6167185437262248,0.61672,0.286024775715444
24,normal,0,random_036,0.057210895832620984,0.6401209062330548,0.63912,0.41775473439266164
24,normal,0,random_037,0.04582955306352436,0.6259393524179198,0.62868,0.33464801571015546
24,normal,0,random_038,0.06406901721494945,0.647907727150054,0.6505,0.46783282939206994
24,normal,0,random_039,0.03425072700888569,0.6093419265137084,0.60964,0.2500992714082642
24,normal,0,random_040,0.02797061155715216,0.5990412411043922,0.59748,0.20424178352396719
24,normal,0,random_041,0.03302393460241751,0.6074147740496054,0.60638,0.24114121668004526
24,normal,0,random_042,0.021330184850431397,0.5867033522318675,0.58726,0.15575329798729554
24,normal,0,random_043,0.048763038275607684,0.629766627814816,0.62688,0.3560683643654882
24,normal,0,random_044,0.05147724455123109,0.6331955943434914,0.63418,0.37588753526393487
24,normal,0,random_045,0.040490826654268355,0.6186110712605638,0.61844,0.295664563333901
24,normal,0,random_046,0.04584102378681295,0.6259545777889444,0.62384,0.33473177508659885
24,normal,0,random_047,0.06411485245588021,0.647958129994225,0.64746,0.468167518940664
24,normal,0,random_048,0.053584409454643094,0.6357887036173897,0.63702,0.39127408186026524
24,normal,0,random_049,0.03332075132166955,0.6078845225179843,0.60628,0.2433085763745554
24,normal,0,random_050,0.027052754493711174,0.5974359202012888,0.59558,0.19753957884480913
24,normal,0,random_051,0.036611854954531314,0.6129489579136509,0.61206,0.26734025957048524
24,normal,0,random_052,0.056392449279051265,0.6391570063444427,0.63908,0.41177842659979963
24,normal,0,random_053,0.0516071267756042,0.6333571258252838,0.63428,0.37683593702125173
24,normal,0,random_054,0.0386408996844788,0.6159493292160718,0.61644,0.28215637160463247
24,normal,0,random_055,0.056774972638580105,0.6396084863387242,0.63542,0.4145716173396629
24,normal,0,random_056,0.04579351923808474,0.6258915101651099,0.62344,0.33438489622991296
24,normal,0,random_057,0.050884368232977074,0.6324553452999329,0.63302,0.371558344377211
24,normal,0,random_058,0.04201401041361088,0.6207532882808492,0.6203,0.30678687172559266
24,normal,0,random_059,0.0765125319416559,0.6608973797376563,0.66018,0.5586955420609114
24,normal,0,random_060,0.037618040943312045,0.6144477867888971,0.61754,0.27468744325595784
24,normal,0,random_061,0.05061931669887703,0.6321228544148756,0.63256,0.369622934493886
24,normal,0,random_062,0.03967113227495171,0.6174400161336542,0.61468,0.2896791439005746
24,normal,0,random_063,0.02913596692104909,0.6010396053150067,0.60482,0.21275122413720501
24,normal,0,random_064,0.05350776577758644,0.6356953949036229,0.63928,0.39071442869480266
24,normal,0,random_065,0.04120859038423154,0.6196259272340665,0.6185,0.3009056837883806
24,normal,0,random_066,0.029108188643690667,0.6009924710248609,0.60274,0.21254838678059898
24,normal,0,random_067,0.043693195282254536,0.6230662100711395,0.62502,0.3190483023252587
24,normal,0,random_068,0.040349987692464825,0.6184107876911807,0.61538,0.29463615533182214
24,normal,0,random_069,0.05228399317425382,0.6341952781111614,0.63452,0.38177842460988265
24,normal,0,random_070,0.0429590868947274,0.622061149280837,0.62322,0.313687832960401
24,normal,0,random_071,0.04773548237636803,0.6284408693898232,0.62928,0.34856513730509825
24,normal,0,random_072,0.050793707166676645,0.6323417253653103,0.62776,0.37089633604608985
24,normal,0,random_073,0.033234901055006844,0.607748885986679,0.60498,0.24268169656739175
24,normal,0,random_074,0.04337900527743064,0.6226371987401363,0.62466,0.3167540826647583
24,normal,0,random_075,0.045560344409550244,0.6255814199816233,0.62406,0.33268225048133954
24,normal,0,random_076,0.051296674844240116,0.632970645774438,0.63204,0.37456901282366284
24,normal,0,random_077,0.027168224451345473,0.5976394491713369,0.59314,0.19838274203566314
24,normal,0,random_078,0.049053719421189815,0.6301388492300771,0.63032,0.35819092201815783
24,normal,0,random_079,0.04339844352786896,0.6226637901365948,0.62166,0.3168960210321049
24,normal,0,random_080,0.03468394044002229,0.6100135587954555,0.60908,0.25326260173592213
24,normal,0,random_081,0.047659326812176675,0.6283419864037572,0.6265,0.34800904834637336
24,normal,0,random_082,0.03026056364745426,0.6029280877329348,0.60312,0.22096304462875505
24,normal,0,random_083,0.0621589213383195,0.6457886774793373,0.64618,0.45388528349206214
24,normal,0,random_084,0.032141748855007285,0.6060050699146167,0.607,0.23469948443252797
24,normal,0,random_085,0.0640919369346572,0.647932933458297,0.65048,0.46800018949506306
24,normal,0,random_086,0.039547068152134754,0.617261627193151,0.62054,0.2887732259994341
24,normal,0,random_087,0.022973102532389086,0.5899254484977715,0.58864,0.1677499050997453
24,normal,0,random_088,0.045422635167662276,0.6253978747191808,0.62356,0.3316766957363723
24,normal,0,random_089,0.03289204889721874,0.6072053212088255,0.60896,0.24017818547866887
24,normal,0,random_090,0.039874634424725136,0.6177319704383896,0.6183,0.29116511934790296
24,normal,0,random_091,0.02905228152639428,0.600897534907582,0.59904,0.21214015225469432
24,normal,0,random_092,0.04361336366117874,0.6229573647632115,0.62286,0.31846537074949327
24,normal,0,random_093,0.04844114726862424,0.629353002362135,0.63074,0.3537179118831645
24,normal,0,random_094,0.018344208943441475,0.5804954779058872,0.5815,0.1339496615685104
24,normal,0,random_095,0.04691682165084335,0.627373274760429,0.6299,0.3425872656257272
24,normal,0,random_096,0.03928035098619296,0.6168770863273949,0.61854,0.28682565364989493
24,normal,0,random_097,0.050166284359325554,0.6315523007597428,0.63318,0.36631488622919345
24,normal,0,random_098,0.04659837673751621,0.6269552179227272,0.6278,0.3402619765658448
24,normal,0,random_099,0.05213248721393736,0.6340081996991521,0.63126,0.38067212604053197
24,normal,0,random_100,0.03958906953702928,0.617322054092536,0.61776,0.2890799206794487
24,normal,0,random_101,0.042205336380355556,0.6210193489072287,0.62222,0.3081839365199225
24,normal,0,random_102,0.03993925058329516,0.6178245021273834,0.61868,0.29163694741086266
24,normal,0,random_103,0.022490864943285303,0.5889925946227177,0.5885,0.16422859970820594
24,normal,0,random_104,0.03129652343135998,0.6046348321228114,0.60714,0.22852763696852846
24,normal,0,random_105,0.05845880638925051,0.6415757282111034,0.64006,0.42686699413870294
24,normal,0,random_106,0.03521541099290202,0.6108313765078874,0.61032,0.25714340689418
24,normal,0,random_107,0.03671254377938515,0.6130999419347307,0.6106,0.26807549073005643
24,normal,0,random_108,0.035706501890631626,0.6115811587982924,0.61312,0.2607293592649293
24,normal,0,random_109,0.0506713165630723,0.6321881613878733,0.63144,0.3700026382048522
24,normal,0,random_110,0.04102874293066926,0.619372550592352,0.62124,0.299592435252404
24,normal,0,random_111,0.0446560988802953,0.6243705523916211,0.62442,0.3260794374087245
24,normal,0,random_112,0.04842940778822662,0.6293378885249893,0.62642,0.3536321900386794
24,normal,0,random_113,0.023708167413478448,0.5913277804119582,0.58888,0.17311735879351822
24,normal,0,random_114,0.033919012066899,0.6088245536217736,0.60686,0.24767708441980743
24,normal,0,random_115,0.04908377401471474,0.6301772646547795,0.63084,0.35841038106616896
24,normal,0,random_116,0.03709096636049516,0.6136653953925353,0.61414,0.2708387375304964
24,normal,0,random_117,0.04719333258224938,0.6277350098697985,0.62502,0.34460635218301783
24,normal,0,random_118,0.06395408699329976,0.6477812530505223,0.65062,0.4669936073606686
24,normal,0,random_119,0.04028688154056467,0.6183209223144814,0.6181,0.29417535335796874
24,normal,0,random_120,0.025084429841126583,0.5938930668495314,0.59296,0.18316684563600394
24,normal,0,random_121,0.03679281144767706,0.6132201437099563,0.61208,0.2686616063284854
24,normal,0,random_122,0.028757221044075396,0.6003948719113317,0.59698,0.20998561662600004
24,normal,0,random_123,0.036204905683118224,0.6123364322868582,0.61178,0.26436871049200483
24,normal,0,random_124,0.025572871720903983,0.594785567075166,0.5917,0.1867334548418734
24,normal,0,random_125,0.055098454763165855,0.6376168286755153,0.6357,0.40232966116059443
24,normal,0,random_126,0.03512419886765453,0.6106914964794449,0.6083,0.25647737472318166
24,normal,0,random_127,0.05430416482799,0.636661333276516,0.63514,0.3965297453216437
24,normal,12,oracle_t0,0.049003798401338235,0.6300750118861392,0.62854,0.6581372956612219
24,normal,12,oracle_t12,0.07445832157575076,0.6588423637398764,0.6593,0.9999999999999997
24,normal,12,bottom,5.693791810404448e-33,0.5,0.4957,-2.432380041764708e-17
24,normal,12,random_000,0.02072559537425999,0.5854850029495555,0.5875,0.27835163264020973
24,normal,12,random_001,0.020996259477066077,0.5860327061552335,0.58232,0.2819867414779872
24,normal,12,random_002,0.013124669799080762,0.5682200812899244,0.56664,0.17626867650687342
24,normal,12,random_003,0.0226198465125534,0.5892431215891343,0.59012,0.30379205485502264
24,normal,12,random_004,0.004647196251527018,0.54072307034256,0.54286,0.06241338984251955
24,normal,12,random_005,0.020003134850526724,0.5840044703221727,0.57926,0.2686487477450907
24,normal,12,random_006,0.026292916772529297,0.5960849766434424,0.5961,0.3531226089454619
24,normal,12,random_007,0.021396973218011844,0.5868368264679822,0.58626,0.28736846016927003
24,normal,12,random_008,0.012569748637299824,0.5667761479905628,0.56592,0.1688159009132631
24,normal,12,random_009,0.035497687109087336,0.6112630316235489,0.61048,0.4767457331545336
24,normal,12,random_010,0.015188892723342682,0.5733324749183045,0.57706,0.20399187628598547
24,normal,12,random_011,0.02413161297744481,0.5921252367701049,0.59244,0.32409558081287543
24,normal,12,random_012,0.013521793417258551,0.569234214672371,0.56926,0.1816021786564453
24,normal,12,random_013,0.016027936481407146,0.5753071276373718,0.57538,0.2152605127568044
24,normal,12,random_014,0.013519293314881293,0.5692278785119333,0.57284,0.18156860145077708
24,normal,12,random_015,0.01539502487258766,0.573822723854229,0.57344,0.20676029954456338
24,normal,12,random_016,0.026227979958766266,0.5959685691443986,0.59678,0.3522504859592223
24,normal,12,random_017,0.016184513812382686,0.5756696505378411,0.57428,0.21736339833979784
24,normal,12,random_018,0.0158560937058788,0.574907142692775,0.57592,0.21295260718101833
24,normal,12,random_019,0.02885008509131791,0.6005533693952049,0.60098,0.38746622917046336
24,normal,12,random_020,0.02731703436442382,0.5979010679198764,0.59798,0.36687684850151503
24,normal,12,random_021,0.024006699309778903,0.5918907644953187,0.59012,0.3224179487494288
24,normal,12,random_022,0.01184300048822582,0.5648346044718606,0.5634,0.15905543178511272
24,normal,12,random_023,0.026159866663129278,0.5958463032914475,0.5959,0.3513357017659245
24,normal,12,random_024,0.024024142693559725,0.5919235455924806,0.59002,0.32265221918974585
24,normal,12,random_025,0.019560676523624487,0.5830839114557098,0.58334,0.2627063853933946
24,normal,12,random_026,0.019984553719730864,0.5839660264866318,0.58308,0.2683991969843077
24,normal,12,random_027,0.018841167020785397,0.5815634156243495,0.58484,0.25304313368945847
24,normal,12,random_028,0.022828653450226936,0.5896471110325854,0.59002,0.30659640141098293
24,normal,12,random_029,0.00815922877617169,0.5538888219827773,0.5522,0.10958115363735174
24,normal,12,random_030,0.009180433295815082,0.5571399482605103,0.55678,0.12329626966510776
24,normal,12,random_031,0.013378410451766182,0.5688698500478957,0.56908,0.1796764977861547
24,normal,12,random_032,0.017419234941764658,0.5784668760016564,0.5802,0.233946113384292
24,normal,12,random_033,0.0170316551414482,0.577600236939333,0.57806,0.22874078787984642
24,normal,12,random_034,0.015398893257716918,0.5738318915647478,0.57494,0.2068122532422481
24,normal,12,random_035,0.02192033146111376,0.587875265154755,0.58596,0.29439733527719847
24,normal,12,random_036,0.029363043012126805,0.6014240143377936,0.60314,0.39435542449414557
24,normal,12,random_037,0.019689552471302676,0.5833531574436418,0.57972,0.2644372321940046
24,normal,12,random_038,0.023813175043078984,0.5915262317753761,0.5926,0.31981885354281653
24,normal,12,random_039,0.014552646928200786,0.5717971886690343,0.57108,0.1954468838435409
24,normal,12,random_040,0.01392924650021574,0.5702589004618461,0.5745,0.18707440895031063
24,normal,12,random_041,0.014785927954034299,0.5723640575363571,0.5729,0.1985799255358142
24,normal,12,random_042,0.01397583579614171,0.570375075821185,0.56884,0.18770011867542946
24,normal,12,random_043,0.019015561551121864,0.5819346949673705,0.5843,0.25538531018022254
24,normal,12,random_044,0.029947562490146778,0.6024062950693806,0.60074,0.40220571530986476
24,normal,12,random_045,0.02182982307399279,0.5876966172842606,0.5868,0.2931817775637615
24,normal,12,random_046,0.02301738266464292,0.5900105870473891,0.58964,0.3091310974721072
24,normal,12,random_047,0.023592616202941806,0.5911088672592285,0.58962,0.31685667503181175
24,normal,12,random_048,0.019538512480103642,0.5830375133875599,0.5833,0.26240871492417384
24,normal,12,random_049,0.02226829074549549,0.5885584970609424,0.5876,0.2990705440874149
24,normal,12,random_050,0.010166453018197944,0.5601080811459278,0.5613,0.1365388421743434
24,normal,12,random_051,0.01821246827630134,0.5802098549568949,0.57848,0.2445995006451056
24,normal,12,random_052,0.02663927498280077,0.5967033111104025,0.59664,0.3577743147983678
24,normal,12,random_053,0.019103092222264386,0.5821203753713564,0.58278,0.25656087617862416
24,normal,12,random_054,0.011380617557553586,0.5635673268371697,0.5624,0.15284547538417742
24,normal,12,random_055,0.0337221359540487,0.6085161991489496,0.60704,0.452899491156824
24,normal,12,random_056,0.01859646090308536,0.5810394126939675,0.57908,0.24975664921705354
24,normal,12,random_057,0.01956753251569804,0.5830982581880216,0.58336,0.26279846364507214
24,normal,12,random_058,0.020072127650071426,0.5841470514550479,0.58292,0.26957534396811345
24,normal,12,random_059,0.025663148519997653,0.5949495348411509,0.59606,0.3446646120526507
24,normal,12,random_060,0.00916652180836466,0.5570969356364387,0.5544,0.12310943376609722
24,normal,12,random_061,0.022804671899100973,0.5896008116969591,0.58748,0.3062743212106985
24,normal,12,random_062,0.016271245858630524,0.5758696789968079,0.57586,0.21852823854049447
24,normal,12,random_063,0.02022573122103117,0.5844635728540768,0.58424,0.27163829096596487
24,normal,12,random_064,0.03280255543210153,0.607062936179537,0.60806,0.4405492191860593
24,normal,12,random_065,0.023323217412533768,0.5905962856678213,0.58892,0.31323855975998205
24,normal,12,random_066,0.02496752353583648,0.5936780924075976,0.59638,0.3353221373709796
24,normal,12,random_067,0.026914117466582982,0.597190946924076,0.6012,0.3614655406810598
24,normal,12,random_068,0.01841260698765672,0.5806433485333999,0.58176,0.24728743004130846
24,normal,12,random_069,0.02520485196675352,0.5941139537806679,0.59198,0.33850953705840864
24,normal,12,random_070,0.02346445155422464,0.5908653964139614,0.58998,0.3151353812126007
24,normal,12,random_071,0.029633354602701792,0.6018795550241105,0.60418,0.3979857989755256
24,normal,12,random_072,0.01853116233868846,0.5808989789003619,0.58352,0.24887966779959741
24,normal,12,random_073,0.014940537418039076,0.5727372134854218,0.57148,0.2006563820115015
24,normal,12,random_074,0.016062100940525955,0.5753863844370354,0.5742,0.21571935279504048
24,normal,12,random_075,0.011868554744071568,0.5649038955148636,0.56586,0.15939863393236697
24,normal,12,random_076,0.019180986561972493,0.5822852413009313,0.58226,0.25760702304387245
24,normal,12,random_077,0.015663012514208468,0.5744550352942821,0.57464,0.2103594626192798
24,normal,12,random_078,0.026920994121161584,0.5972031138066008,0.59944,0.3615578964370461
24,normal,12,random_079,0.017033074219508296,0.5776034286127509,0.57566,0.228759846569729
24,normal,12,random_080,0.017319376329066456,0.5782445553680116,0.57332,0.2326049790344312
24,normal,12,random_081,0.02206479120942255,0.5881596036943401,0.58996,0.29633747769851015
24,normal,12,random_082,0.017385120781607116,0.5783910004456269,0.58078,0.23348794887781904
24,normal,12,random_083,0.025004522601106735,0.593746185936336,0.5946,0.33581904711172095
24,normal,12,random_084,0.015730537250622473,0.5746134735740707,0.5783,0.2112663422666448
24,normal,12,random_085,0.023737492576023495,0.5913832478362815,0.5926,0.3188024128622609
24,normal,12,random_086,0.018616200254433907,0.5810818143824256,0.5828,0.25002175526471626
24,normal,12,random_087,0.015914476958039433,0.5750432874860566,0.57914,0.2137367136573003
24,normal,12,random_088,0.018315653732228557,0.5804336590932425,0.58008,0.24598531560498546
24,normal,12,random_089,0.028908407267969987,0.6006527730437495,0.60396,0.388249515382371
24,normal,12,random_090,0.020983198607131767,0.5860063619661915,0.58864,0.28181132965486383
24,normal,12,random_091,0.016283052754223624,0.5758968662401958,0.57282,0.21868680907154114
24,normal,12,random_092,0.01673757966021863,0.5769358222147596,0.57688,0.22479125645063738
24,normal,12,random_093,0.01545142971205092,0.5739562802691698,0.57228,0.20751783528092657
24,normal,12,random_094,0.016500887194291325,0.5763966428709353,0.57704,0.22161239798434096
24,normal,12,random_095,0.022199263875988674,0.5884234080540812,0.58488,0.2981434902934799
24,normal,12,random_096,0.0201706353942746,0.5843501852630612,0.5794,0.27089833570521504
24,normal,12,random_097,0.025105732030644264,0.5939321815758674,0.5903,0.3371783233805873
24,normal,12,random_098,0.01851999457655628,0.5808749352530109,0.57862,0.24872968104330426
24,normal,12,random_099,0.02182492091387708,0.5876869301871933,0.58924,0.29311593992450263
24,normal,12,random_100,0.014568940120938905,0.5718369326062851,0.5759,0.1956657068359656
24,normal,12,random_101,0.01886269378663439,0.5816093419308588,0.58214,0.2533322453077897
24,normal,12,random_102,0.02097122817520595,0.5859822096835192,0.58788,0.2816505627765284
24,normal,12,random_103,0.016235529260087755,0.5757873735755624,0.5768,0.21804855275404514
24,normal,12,random_104,0.023204215567706233,0.5903688703958333,0.58472,0.31164032544165315
24,normal,12,random_105,0.023518165193796948,0.5909675197437098,0.5943,0.31585677324018846
24,normal,12,random_106,0.017859501645792655,0.5794392561314674,0.58052,0.23985904151254797
24,normal,12,random_107,0.016468507253573572,0.5763225710825927,0.57216,0.2211775246211963
24,normal,12,random_108,0.023935910878515106,0.5917576038261051,0.59256,0.32146723659576065
24,normal,12,random_109,0.029708065576790565,0.6020050699269104,0.59968,0.39898919218272744
24,normal,12,random_110,0.01680941081225528,0.5770986683347512,0.57548,0.22575597269076345
24,normal,12,random_111,0.01752982975025336,0.578712327743097,0.57816,0.2354314384110746
24,normal,12,random_112,0.017942832042037227,0.5796218929077849,0.57802,0.24097819642339025
24,normal,12,random_113,0.0257981268894917,0.5951941250748768,0.59654,0.346477416405979
24,normal,12,random_114,0.013730248846833222,0.5697604086036717,0.5677,0.18440180434183762
24,normal,12,random_115,0.015174827061623281,0.5732988971794448,0.57262,0.20380296977531312
24,normal,12,random_116,0.022785682935389233,0.5895641330068143,0.5877,0.30601929311833914
24,normal,12,random_117,0.029283929165974026,0.6012902657440768,0.59838,0.3932928992521241
24,normal,12,random_118,0.028720630188782934,0.6003323449465205,0.60148,0.38572760681374973
24,normal,12,random_119,0.021207853881104743,0.5864583089323947,0.5879,0.2848285246334591
24,normal,12,random_120,0.013136056044887696,0.5682493766122015,0.5716,0.1764215975715169
24,normal,12,random_121,0.014626243183229606,0.5719765297906783,0.57312,0.19643530600336562
24,normal,12,random_122,0.014725090964604861,0.5722166726641245,0.57458,0.19776286455267691
24,normal,12,random_123,0.013890856695836146,0.5701630207384588,0.57108,0.1865588211212116
24,normal,12,random_124,0.021722533834898833,0.587484342910623,0.58518,0.29174084743233486
24,normal,12,random_125,0.024305251520908056,0.5924501089339123,0.5927,0.32642760414873045
24,normal,12,random_126,0.013787331150149214,0.5699037793837445,0.56986,0.18516843864285276
24,normal,12,random_127,0.021679343337206843,0.5873987342580201,0.58574,0.29116078469686124
24,nonnormal,0,oracle_t0,0.2722851159096549,0.7831025176634936,0.7835,0.9999999999999976
24,nonnormal,0,oracle_t12,0.22319457604611645,0.760729801135461,0.75848,0.819709058647821
24,nonnormal,0,bottom,1.8464292001428763e-32,0.5000000000000001,0.50002,-1.5714069113092215e-17
24,nonnormal,0,random_000,0.03789801452534277,0.614860964282377,0.61468,0.13918503917752664
24,nonnormal,0,random_001,0.05787936608095023,0.6409024182241401,0.63962,0.2125689679642815
24,nonnormal,0,random_002,0.04257753588487927,0.6215350493547351,0.62502,0.15637114699654225
24,nonnormal,0,random_003,0.03340358276166729,0.6080152116193689,0.6078,0.12267869527157942
24,nonnormal,0,random_004,0.04213418062063849,0.6209204759512655,0.62096,0.1547428711990951
24,nonnormal,0,random_005,0.03275515736136716,0.6069874408667236,0.60796,0.12029727461208477
24,nonnormal,0,random_006,0.038970430454747296,0.6164284676989185,0.61802,0.1431236163040132
24,nonnormal,0,random_007,0.04677118174921421,0.6271822728328629,0.62702,0.17177281833037453
24,nonnormal,0,random_008,0.0644874596776582,0.6483671055653908,0.6476,0.23683799043593418
24,nonnormal,0,random_009,0.03188768477765551,0.6055952445197369,0.6023,0.11711137669469926
24,nonnormal,0,random_010,0.022675369747027174,0.5893507358439725,0.58752,0.08327803622784465
24,nonnormal,0,random_011,0.06189703483257377,0.6454952605321611,0.64874,0.22732434208086233
24,nonnormal,0,random_012,0.029598011212937526,0.601820119101963,0.6045,0.10870227376937554
24,nonnormal,0,random_013,0.03211099661086785,0.6059555567181335,0.60838,0.11793151639446324
24,nonnormal,0,random_014,0.0512104834103452,0.6328631152318045,0.6332,0.1880766902710059
24,nonnormal,0,random_015,0.028337374020003653,0.5996748672675406,0.60002,0.10407243130177568
24,nonnormal,0,random_016,0.04221769266493621,0.6210365090149158,0.61774,0.15504957927610002
24,nonnormal,0,random_017,0.023223836788298344,0.5904064091785759,0.58912,0.0852923477315743
24,nonnormal,0,random_018,0.057281924377190103,0.6402041900486702,0.64172,0.21037479109286433
24,nonnormal,0,random_019,0.0365058422123318,0.6127897475647158,0.6144,0.13407211808244598
24,nonnormal,0,random_020,0.05385121387259577,0.636112938723247,0.63684,0.19777509208569327
24,nonnormal,0,random_021,0.030922755103267443,0.6040225821063858,0.60498,0.11356755583190835
24,nonnormal,0,random_022,0.028773812742712523,0.6004232100812578,0.59934,0.10567530526442627
24,nonnormal,0,random_023,0.020652086324500364,0.5853356079522672,0.58158,0.07584728329899884
24,nonnormal,0,random_024,0.04825892658812288,0.6291181754473252,0.62878,0.17723674107891846
24,nonnormal,0,random_025,0.01669342788519566,0.5768355471440202,0.57646,0.06130863168714137
24,nonnormal,0,random_026,0.05736845488740351,0.6403055718170338,0.64042,0.2106925848507945
24,nonnormal,0,random_027,0.01238334041972452,0.566283772412866,0.56704,0.04547931449853222
24,nonnormal,0,random_028,0.06597765894097662,0.6499893634119658,0.64666,0.24231092735479562
24,nonnormal,0,random_029,0.04589398631697898,0.6260248490115088,0.6274,0.16855121207655974
24,nonnormal,0,random_030,0.01953302186369057,0.5830260151205747,0.58208,0.07173738380239507
24,nonnormal,0,random_031,0.039591777004604076,0.6173259480964238,0.61658,0.14540558661216235
24,nonnormal,0,random_032,0.03156216742428019,0.6050675938917601,0.60458,0.11591587486828535
24,nonnormal,0,random_033,0.046741653036820985,0.6271435068391844,0.62512,0.17166437056489686
24,nonnormal,0,random_034,0.060342840174118714,0.6437392267418007,0.64156,0.22161637433806902
24,nonnormal,0,random_035,0.038041453942199224,0.6150720068027928,0.61092,0.13971183777383342
24,nonnormal,0,random_036,0.03737117515752709,0.6140820831495784,0.61534,0.13725015791875633
24,nonnormal,0,random_037,0.03412966119355767,0.6091534151360817,0.60638,0.12534530607571637
24,nonnormal,0,random_038,0.06739853147886843,0.6515166711820433,0.65126,0.24752925349482335
24,nonnormal,0,random_039,0.053698207257178714,0.6359271072377388,0.63664,0.19721315679626
24,nonnormal,0,random_040,0.0534666276471919,0.6356452810123743,0.63518,0.1963626526869438
24,nonnormal,0,random_041,0.04234060867345251,0.6212070622537577,0.62452,0.15550100317455914
24,nonnormal,0,random_042,0.07030287088976775,0.6545818244129262,0.6565,0.2581957910365337
24,nonnormal,0,random_043,0.03740186673996514,0.6141276203931357,0.61318,0.13736287646503287
24,nonnormal,0,random_044,0.037302571302451334,0.6139802219402024,0.61556,0.13699820196866133
24,nonnormal,0,random_045,0.03285445421358106,0.6071455330478505,0.60446,0.12066195430411344
24,nonnormal,0,random_046,0.02695218886557644,0.5972582860629203,0.59632,0.0989851713911502
24,nonnormal,0,random_047,0.029676224966353956,0.601951598113129,0.6002,0.1089895232327006
24,nonnormal,0,random_048,0.053029840492226456,0.6351118558695223,0.6361,0.19475849906471512
24,nonnormal,0,random_049,0.020118687031801745,0.5842431268020876,0.58302,0.07388830992318053
24,nonnormal,0,random_050,0.06555560202833868,0.6495320564384732,0.64732,0.24076087232799792
24,nonnormal,0,random_051,0.0642913945100411,0.6481520725410556,0.64532,0.23611791740894517
24,nonnormal,0,random_052,0.03986868240701627,0.6177234429164031,0.61726,0.14642255517280922
24,nonnormal,0,random_053,0.05450890954492547,0.6369083786263944,0.6368,0.2001905589397387
24,nonnormal,0,random_054,0.05679801818999808,0.6396356314160383,0.63916,0.2085975871293814
24,nonnormal,0,random_055,0.05767392671297509,0.6406627831226146,0.63868,0.21181446705339332
24,nonnormal,0,random_056,0.03246025687999009,0.6065164024478057,0.60732,0.11921421694882668
24,nonnormal,0,random_057,0.03579162007316694,0.611710547129203,0.60884,0.13144905094644482
24,nonnormal,0,random_058,0.056615031056311056,0.6394199216663242,0.64218,0.20792554476277725
24,nonnormal,0,random_059,0.03928211055518621,0.6168796278443521,0.61618,0.14426829914647288
24,nonnormal,0,random_060,0.02805791842183498,0.5991924728611603,0.60112,0.10304609683896426
24,nonnormal,0,random_061,0.05140609961821569,0.6331070166524847,0.63482,0.18879511443905847
24,nonnormal,0,random_062,0.03720054256857956,0.6138285443898679,0.61432,0.13662348911103445
24,nonnormal,0,random_063,0.06699701503880022,0.6510869703619625,0.64982,0.24605463583631912
24,nonnormal,0,random_064,0.05266793230602685,0.6346680106686318,0.63412,0.1934293475060978
24,nonnormal,0,random_065,0.05983367831131495,0.6431583614146267,0.64352,0.2197464158531818
24,nonnormal,0,random_066,0.03169163528769728,0.6052778036701941,0.60622,0.11639136124580753
24,nonnormal,0,random_067,0.02561586604225455,0.5948636948265384,0.5932,0.09407736429762813
24,nonnormal,0,random_068,0.03707284440802727,0.6136383883036595,0.61554,0.1361545021811919
24,nonnormal,0,random_069,0.05825290599228028,0.6413369059006467,0.63668,0.21394083843939765
24,nonnormal,0,random_070,0.09989206732762052,0.6822805648334889,0.67952,0.3668656914789453
24,nonnormal,0,random_071,0.031148656833178724,0.604393089910332,0.60648,0.1143972072403469
24,nonnormal,0,random_072,0.05744565468098968,0.6403959485939124,0.64182,0.21097611042408293
24,nonnormal,0,random_073,0.037686808530674125,0.6145494262655367,0.61758,0.13840935963307907
24,nonnormal,0,random_074,0.05928634213961777,0.6425308098073051,0.64254,0.21773625760465384
24,nonnormal,0,random_075,0.05157085197757804,0.6333120345607982,0.63512,0.18940018739286993
24,nonnormal,0,random_076,0.07930707339408158,0.6636417344492378,0.66308,0.29126481309538704
24,nonnormal,0,random_077,0.041652352154519984,0.6202485439595254,0.62086,0.15297329791739434
24,nonnormal,0,random_078,0.05241008606877984,0.6343507458139779,0.63518,0.19248237603325177
24,nonnormal,0,random_079,0.033888072735982495,0.6087761592247292,0.60796,0.12445804326383603
24,nonnormal,0,random_080,0.048859396457611684,0.6298901519768695,0.62778,0.17944203925499663
24,nonnormal,0,random_081,0.04149426869228067,0.6200271637819634,0.61656,0.15239271729435455
24,nonnormal,0,random_082,0.035239255203975375,0.6108679109932832,0.61072,0.12942042419853683
24,nonnormal,0,random_083,0.017986718741816267,0.5797179028453138,0.57566,0.06605839868156539
24,nonnormal,0,random_084,0.034248551878016065,0.6093385427892841,0.60794,0.12578194648502117
24,nonnormal,0,random_085,0.028623004450396037,0.6001653129388624,0.60098,0.10512144358229697
24,nonnormal,0,random_086,0.05826769218011403,0.6413540721849906,0.64234,0.21399514250146282
24,nonnormal,0,random_087,0.05124050325688409,0.6329005787801932,0.6324,0.18818694178599818
24,nonnormal,0,random_088,0.026906644462983517,0.5971777230504567,0.59618,0.0988179040675553
24,nonnormal,0,random_089,0.02964829655590329,0.6019046710894336,0.60354,0.1088869527695397
24,nonnormal,0,random_090,0.045525155859666315,0.6255345481693049,0.62854,0.16719663764056655
24,nonnormal,0,random_091,0.06236346898607292,0.6460173624367167,0.6435,0.22903737788871717
24,nonnormal,0,random_092,0.0523460838036887,0.6342718596323367,0.636,0.19224731997858163
24,nonnormal,0,random_093,0.022149797875772398,0.5883264649519483,0.58904,0.08134781000340001
24,nonnormal,0,random_094,0.016828194523435924,0.5771411927018457,0.57932,0.061803578455678576
24,nonnormal,0,random_095,0.041801035371315715,0.6204563411121147,0.6218,0.1535193550028102
24,nonnormal,0,random_096,0.025020287765072757,0.5937751841673878,0.59288,0.09189003108555713
24,nonnormal,0,random_097,0.035410020280323806,0.6111291709827014,0.61196,0.13004757958225266
24,nonnormal,0,random_098,0.050944047731140835,0.632530076384683,0.63284,0.18709817303434298
24,nonnormal,0,random_099,0.08310687418643564,0.667283340467065,0.67014,0.3052200407972746
24,nonnormal,0,random_100,0.07426515707550213,0.6586474276626701,0.65808,0.2727477659856494
24,nonnormal,0,random_101,0.03247712113289829,0.606543401123916,0.60542,0.1192761529560589
24,nonnormal,0,random_102,0.02904159243320455,0.6008793726331639,0.60226,0.10665875854499732
24,nonnormal,0,random_103,0.04906683395236057,0.6301556136746767,0.6261,0.18020387852798025
24,nonnormal,0,random_104,0.019961317249172647,0.5839179245946576,0.58678,0.07331035037477344
24,nonnormal,0,random_105,0.037490832141896205,0.6142595044283997,0.6125,0.13768961265710797
24,nonnormal,0,random_106,0.015760092789855903,0.574682711128909,0.5729,0.05788084573482568
24,nonnormal,0,random_107,0.06706449513590006,0.6511592906279111,0.6546,0.24630246464941594
24,nonnormal,0,random_108,0.0563801512484766,0.6391424627817602,0.64318,0.20706292027796191
24,nonnormal,0,random_109,0.02285365196184063,0.5896953465264507,0.58596,0.08393279921118972
24,nonnormal,0,random_110,0.047215915605601205,0.6277645014367478,0.62624,0.17340615717411276
24,nonnormal,0,random_111,0.07019618464498856,0.6544705397068146,0.65384,0.25780397290713364
24,nonnormal,0,random_112,0.04679059288960647,0.6272077488708908,0.62808,0.171844108089741
24,nonnormal,0,random_113,0.05021567392923426,0.6316146414174931,0.63274,0.18442313220637405
24,nonnormal,0,random_114,0.04161104055990579,0.6201907355819665,0.61706,0.15282157609273211
24,nonnormal,0,random_115,0.05943808374880838,0.6427051180015146,0.64588,0.21829354700581582
24,nonnormal,0,random_116,0.055915705771866275,0.6385918993252043,0.63954,0.2053571881263579
24,nonnormal,0,random_117,0.031693513640159814,0.6052808500584969,0.60622,0.11639825972226754
24,nonnormal,0,random_118,0.047488026859134246,0.6281192445679376,0.62998,0.17440551864351936
24,nonnormal,0,random_119,0.04732480756242664,0.627906595957757,0.62722,0.17380607604761272
24,nonnormal,0,random_120,0.06587321788324926,0.6498763561951184,0.64782,0.24192735494622514
24,nonnormal,0,random_121,0.027483659793209127,0.5981931115938859,0.60008,0.10093706261317728
24,nonnormal,0,random_122,0.0534994544733469,0.635685271930043,0.63304,0.19648321317386327
24,nonnormal,0,random_123,0.027402660132421045,0.5980512615810253,0.60068,0.10063958156828998
24,nonnormal,0,random_124,0.05640521151500495,0.6391720969837038,0.63992,0.20715495713588788
24,nonnormal,0,random_125,0.05094052512261167,0.6325256667049685,0.6288,0.18708523582873252
24,nonnormal,0,random_126,0.05604108651941033,0.6387407812707904,0.6368,0.20581766407681587
24,nonnormal,0,random_127,0.054502673512673266,0.6369008619155044,0.63778,0.20016765635752679
24,nonnormal,12,oracle_t0,0.10970903411688952,0.6903474040776063,0.69212,0.824930720902777
24,nonnormal,12,oracle_t12,0.1329918153573278,0.7078177251627182,0.70762,0.999999999999999
24,nonnormal,12,bottom,9.209287461204872e-33,0.5000000000000001,0.50126,-2.3069276671072984e-17
24,nonnormal,12,random_000,0.015731910967452287,0.5746166931695388,0.57092,0.1182923244199889
24,nonnormal,12,random_001,0.022643886759451733,0.5892897330349647,0.593,0.17026526556247998
24,nonnormal,12,random_002,0.025305601469947626,0.5942983277475421,0.5942,0.19027938976511824
24,nonnormal,12,random_003,0.01922440147435596,0.5823769788581485,0.57906,0.14455326760299533
24,nonnormal,12,random_004,0.01531462626896162,0.5736319162441998,0.57416,0.11515465239581592
24,nonnormal,12,random_005,0.016807937627514265,0.5770953321552662,0.57562,0.12638324834016298
24,nonnormal,12,random_006,0.02273353689722854,0.5894633260755414,0.58662,0.17093936823215125
24,nonnormal,12,random_007,0.03213883616050893,0.6060003813683422,0.60446,0.24166025611543832
24,nonnormal,12,random_008,0.01782346029649087,0.579360126350556,0.57682,0.1340192270374088
24,nonnormal,12,random_009,0.01417879668185065,0.5708788648593318,0.57046,0.10661405473528185
24,nonnormal,12,random_010,0.011764226889913408,0.5646205234790624,0.57014,0.08845827736319566
24,nonnormal,12,random_011,0.027092938284974565,0.5975068009055087,0.59292,0.2037188394803105
24,nonnormal,12,random_012,0.014485403023468311,0.5716329172151715,0.5719,0.10891950744899853
24,nonnormal,12,random_013,0.013404543614332198,0.5689364089709739,0.5636,0.10079224483338554
24,nonnormal,12,random_014,0.013390566692059742,0.5689008192713405,0.56658,0.10068714872476486
24,nonnormal,12,random_015,0.01801933291664066,0.5797891732255677,0.58316,0.13549204413990124
24,nonnormal,12,random_016,0.020915649523573825,0.5858699760908253,0.58884,0.15727020093211605
24,nonnormal,12,random_017,0.00985463492000215,0.5591860062174238,0.55636,0.0740995593866007
24,nonnormal,12,random_018,0.027906201762546455,0.5989295104561044,0.59956,0.20983397878709245
24,nonnormal,12,random_019,0.028274713230913528,0.5995669234261789,0.59512,0.2126049122266951
24,nonnormal,12,random_020,0.019395090249773487,0.5827366078736254,0.5795,0.14583672083625576
24,nonnormal,12,random_021,0.015377552659736164,0.5737813014915779,0.57532,0.1156278122711471
24,nonnormal,12,random_022,0.013345617192065819,0.5687862336195824,0.5702,0.10034916176012985
24,nonnormal,12,random_023,0.00995896900530388,0.5594961706904502,0.56144,0.07488407447139295
24,nonnormal,12,random_024,0.01667245174913529,0.5767878590924195,0.57746,0.1253644948325509
24,nonnormal,12,random_025,0.008740888434616526,0.5557644513757495,0.55202,0.06572501030331186
24,nonnormal,12,random_026,0.027892906430491568,0.5989064301964924,0.60134,0.20973400773233877
24,nonnormal,12,random_027,0.008382475839218199,0.5546165196442168,0.55478,0.06303001291241732
24,nonnormal,12,random_028,0.03174830394868378,0.6053696686873512,0.60114,0.23872374298659765
24,nonnormal,12,random_029,0.01995816907452253,0.5839114052984224,0.5839,0.15007065676108045
24,nonnormal,12,random_030,0.015581549819105072,0.5742634220598088,0.57342,0.11716171989411468
24,nonnormal,12,random_031,0.025030690225647675,0.5937943130295719,0.59344,0.18821226071991112
24,nonnormal,12,random_032,0.01756740281611574,0.5787955333633454,0.57772,0.1320938643398086
24,nonnormal,12,random_033,0.02456169507317057,0.5929276759488057,0.59042,0.184685764362094
24,nonnormal,12,random_034,0.021499168210195953,0.587040637655643,0.5865,0.1616578294869583
24,nonnormal,12,random_035,0.012455182528439523,0.5664739832071161,0.5659,0.09365375226268195
24,nonnormal,12,random_036,0.013523967942833146,0.5692397252130765,0.56866,0.10169022737599599
24,nonnormal,12,random_037,0.010478242464857287,0.5610157193524049,0.55844,0.07878862647828294
24,nonnormal,12,random_038,0.04389435060915685,0.6233399890969218,0.61774,0.33005302236998346
24,nonnormal,12,random_039,0.0176298416759081,0.5789336000097649,0.57728,0.13256335834306432
24,nonnormal,12,random_040,0.01435787870515733,0.5713203006821912,0.57122,0.10796061897929579
24,nonnormal,12,random_041,0.028838697554460092,0.6005339481260241,0.59732,0.2168456568321524
24,nonnormal,12,random_042,0.027651228841775823,0.5984858626464824,0.59634,0.2079167711748378
24,nonnormal,12,random_043,0.006600210605094451,0.5484960506078103,0.54746,0.04962869773121549
24,nonnormal,12,random_044,0.015699658547578973,0.5745410643680212,0.57814,0.11804981009843715
24,nonnormal,12,random_045,0.017386156747034226,0.5783933057430651,0.5803,0.1307310280735727
24,nonnormal,12,random_046,0.017408831020265456,0.5784437441419973,0.577,0.13090152182290837
24,nonnormal,12,random_047,0.0071139175377958105,0.5503382830231693,0.54842,0.053491393576979504
24,nonnormal,12,random_048,0.024868829089487343,0.5934961928748779,0.58778,0.18699518479891983
24,nonnormal,12,random_049,0.008931607254396033,0.5563655145455616,0.55866,0.06715907464228701
24,nonnormal,12,random_050,0.03477070199263889,0.6101475252217303,0.60638,0.2614499388493611
24,nonnormal,12,random_051,0.03234766062646074,0.6063359493099878,0.61026,0.24323046151033967
24,nonnormal,12,random_052,0.0180880702464572,0.579939162553178,0.57962,0.1360088979750929
24,nonnormal,12,random_053,0.023580207693050637,0.5910853256500815,0.59304,0.17730570584132846
24,nonnormal,12,random_054,0.027081541844047465,0.5974867042458228,0.60158,0.20363314668112206
24,nonnormal,12,random_055,0.01922034581852871,0.5823684136637785,0.57782,0.14452277207350467
24,nonnormal,12,random_056,0.005293999659368508,0.5434542021845697,0.54458,0.0398069583842011
24,nonnormal,12,random_057,0.016813559130139356,0.5771080618153666,0.5736,0.12642551787840473
24,nonnormal,12,random_058,0.029353818286982088,0.601408429066471,0.59954,0.22071898340595655
24,nonnormal,12,random_059,0.013054851070675095,0.5680401600660451,0.56408,0.09816281577628508
24,nonnormal,12,random_060,0.018002711332352896,0.5797528591720724,0.57714,0.13536706213072192
24,nonnormal,12,random_061,0.031939220652667216,0.6056785170590184,0.60902,0.24015929526829607
24,nonnormal,12,random_062,0.017855157247767244,0.5794297222900201,0.58138,0.13425756464631505
24,nonnormal,12,random_063,0.025986265753693494,0.5955339190732756,0.59282,0.19539748129516482
24,nonnormal,12,random_064,0.03352873083477147,0.6082123366787647,0.61132,0.2521112351514647
24,nonnormal,12,random_065,0.02710124577787064,0.5975214476408345,0.59584,0.20378130567699898
24,nonnormal,12,random_066,0.013015763439960462,0.567939215869234,0.569,0.09786890572919223
24,nonnormal,12,random_067,0.0227399008934402,0.5894756352410447,0.58642,0.17098722077250922
24,nonnormal,12,random_068,0.016812335780804873,0.577105291779452,0.576,0.12641631919703328
24,nonnormal,12,random_069,0.025321371794535114,0.5943271526792295,0.59434,0.19039797093152394
24,nonnormal,12,random_070,0.05992568890937519,0.6432635366218187,0.6424,0.45059681867161816
24,nonnormal,12,random_071,0.012819836246306258,0.5674308650124583,0.5669,0.09639567827434642
24,nonnormal,12,random_072,0.023930619373196797,0.5917476416034183,0.5923,0.17994054227246262
24,nonnormal,12,random_073,0.020882625581156344,0.5858032147311982,0.58582,0.15702188533217662
24,nonnormal,12,random_074,0.022209137048328446,0.5884427438441892,0.58606,0.16699626957234934
24,nonnormal,12,random_075,0.02118199501847286,0.5864064158594313,0.58812,0.1592729218829009
24,nonnormal,12,random_076,0.03045762386285108,0.6032551222509178,0.60094,0.2290187842087597
24,nonnormal,12,random_077,0.031780758164066975,0.6054222403458877,0.60448,0.2389677746609979
24,nonnormal,12,random_078,0.02043010378392497,0.5848827687769365,0.58768,0.15361925641087407
24,nonnormal,12,random_079,0.0131484883901805,0.5682813484872936,0.56652,0.09886689910091534
24,nonnormal,12,random_080,0.013781392857255402,0.5698888787469159,0.56922,0.10362587216534329
24,nonnormal,12,random_081,0.02596214018288322,0.5954904192678531,0.59728,0.19521607486240472
24,nonnormal,12,random_082,0.013773863940615437,0.5698699820848299,0.56828,0.10356926028573453
24,nonnormal,12,random_083,0.013338012472080472,0.5687668279538804,0.5709,0.10029197989547964
24,nonnormal,12,random_084,0.017945965754623924,0.5796287525069141,0.58188,0.13494037739394693
24,nonnormal,12,random_085,0.0076726509043547,0.5522667998642197,0.5479,0.05769265487308004
24,nonnormal,12,random_086,0.01990079719161434,0.5837925043392376,0.58528,0.14963926267300023
24,nonnormal,12,random_087,0.015118142584421856,0.5731634158489258,0.57364,0.11367724054147098
24,nonnormal,12,random_088,0.012106897088575718,0.5655465131182804,0.56794,0.091034903584453
24,nonnormal,12,random_089,0.012253345387688758,0.5659381475568005,0.56172,0.09213608638069919
24,nonnormal,12,random_090,0.02136448623393211,0.5867719296697554,0.584,0.1606451207281375
24,nonnormal,12,random_091,0.023707447539335104,0.5913264183432464,0.59064,0.1782624552919814
24,nonnormal,12,random_092,0.0224263338584575,0.5888669695791504,0.58766,0.1686294287975655
24,nonnormal,12,random_093,0.01606027943829472,0.5753821610101766,0.57862,0.12076141223535675
24,nonnormal,12,random_094,0.012712064933517087,0.567149537825161,0.56396,0.09558531778336728
24,nonnormal,12,random_095,0.016361342693802683,0.5760768832607362,0.57122,0.12302518504497703
24,nonnormal,12,random_096,0.01285520272414551,0.5675229206764507,0.56148,0.09666160800651999
24,nonnormal,12,random_097,0.012817782502549446,0.5674255152966623,0.56438,0.09638023564164533
24,nonnormal,12,random_098,0.017023393535658696,0.5775816528743181,0.57514,0.12800331727121353
24,nonnormal,12,random_099,0.032011104691641465,0.6057945483233628,0.60688,0.24069981002690063
24,nonnormal,12,random_100,0.02519237439208818,0.5940910924440108,0.59536,0.18942800595961692
24,nonnormal,12,random_101,0.012749347906481762,0.5672469999212234,0.56736,0.09586565814013662
24,nonnormal,12,random_102,0.012793028382961357,0.5673609995515725,0.56764,0.09619410298737952
24,nonnormal,12,random_103,0.0308478209334251,0.6038993608843629,0.60076,0.23195277732349096
24,nonnormal,12,random_104,0.014673923105431495,0.5720924687006688,0.56698,0.11033703890728162
24,nonnormal,12,random_105,0.0166461681758025,0.5767280609296657,0.57844,0.12516686181835243
24,nonnormal,12,random_106,0.01165647228240042,0.5643264864944522,0.56672,0.08764804248352673
24,nonnormal,12,random_107,0.029979764702778362,0.6024601121229867,0.60426,0.2254256370756914
24,nonnormal,12,random_108,0.017922405133948646,0.5795771637640528,0.57864,0.13476321896797927
24,nonnormal,12,random_109,0.008223561263906764,0.5540995495849029,0.55428,0.06183509294772283
24,nonnormal,12,random_110,0.01853344321313618,0.5809038885836688,0.58608,0.13935777298279417
24,nonnormal,12,random_111,0.02411929577602251,0.5921021449386004,0.58786,0.18135924914791035
24,nonnormal,12,random_112,0.0213883791439965,0.586819663760477,0.5862,0.16082477772432335
24,nonnormal,12,random_113,0.017201534955788012,0.5779813404439768,0.5781,0.12934280887564564
24,nonnormal,12,random_114,0.0188765007017757,0.5816387839333302,0.57774,0.1419373113379763
24,nonnormal,12,random_115,0.022094932615836012,0.5882188073991084,0.58496,0.16613753678352638
24,nonnormal,12,random_116,0.021502586038141876,0.5870474451691403,0.58946,0.1616835290229541
24,nonnormal,12,random_117,0.0185149585957017,0.5808640905614167,0.5783,0.13921878234352203
24,nonnormal,12,random_118,0.016791532104460133,0.577058169890436,0.57756,0.12625989095151421
24,nonnormal,12,random_119,0.025880866112375906,0.5953437197701419,0.59598,0.1946049540179457
24,nonnormal,12,random_120,0.03918767388053495,0.6167431360847778,0.6123,0.2946622976402261
24,nonnormal,12,random_121,0.008619591272357417,0.5553786908461729,0.55568,0.06481294543726582
24,nonnormal,12,random_122,0.02447311629194089,0.5927630170482947,0.59304,0.18401971750055082
24,nonnormal,12,random_123,0.010038652626259418,0.5597319370608299,0.5622,0.0754832363126043
24,nonnormal,12,random_124,0.015344732042564079,0.5737034259262471,0.57292,0.11538102552653505
24,nonnormal,12,random_125,0.01956377676590628,0.5830903992949997,0.57794,0.14710511856193195
24,nonnormal,12,random_126,0.026377304690758913,0.5962360254613216,0.59876,0.1983378046226927
24,nonnormal,12,random_127,0.025454993732145294,0.5945710064557169,0.59504,0.19140270898439704
25,normal,0,oracle_t0,0.14388367887191117,0.7153151546908489,0.71568,0.9999999999999998
25,normal,0,oracle_t12,0.10301617259908664,0.6848987997609426,0.68638,0.7159684364951092
25,normal,0,bottom,2.9425389812592e-32,0.5000000000000001,0.50246,-3.604314291530233e-17
25,normal,0,random_000,0.032976169160610296,0.607338967864974,0.60822,0.22918630812857171
25,normal,0,random_001,0.03374812382249678,0.6085569576731664,0.60922,0.23455143826660282
25,normal,0,random_002,0.04105386943436745,0.619407986274275,0.61892,0.2853267983988276
25,normal,0,random_003,0.02261526865004397,0.5892342426576033,0.587,0.15717744241288578
25,normal,0,random_004,0.02968029422067132,0.6019584335567467,0.6005,0.20627978415184572
25,normal,0,random_005,0.05675854691009326,0.6395891348785456,0.63824,0.39447522717723343
25,normal,0,random_006,0.016801409706676176,0.5770805471760027,0.57892,0.11677078205397572
25,normal,0,random_007,0.042226655775411084,0.6210489550441877,0.62164,0.29347773219645223
25,normal,0,random_008,0.04140759791341612,0.619905594238867,0.61522,0.28778523205733547
25,normal,0,random_009,0.03726916633228447,0.6139305863583364,0.6137,0.25902289004899853
25,normal,0,random_010,0.03545140579764362,0.6111923858174797,0.61016,0.24638934780923513
25,normal,0,random_011,0.05402911280812777,0.6363286309806099,0.63596,0.3755055002188665
25,normal,0,random_012,0.03662084231853575,0.6129624436939958,0.61276,0.2545170001605013
25,normal,0,random_013,0.03508819584313134,0.6106362294395588,0.61158,0.2438650173406235
25,normal,0,random_014,0.029090377621047013,0.6009622366022083,0.60208,0.20217982921429184
25,normal,0,random_015,0.040605937479703175,0.6187744854137658,0.6165,0.28221364506429925
25,normal,0,random_016,0.031116690414440915,0.6043407483967674,0.60224,0.21626282187392323
25,normal,0,random_017,0.049197180080589986,0.6303221014444333,0.62802,0.3419232846026027
25,normal,0,random_018,0.052926404562901805,0.634985175184025,0.63532,0.36784161329387616
25,normal,0,random_019,0.03702295982129665,0.6135640085027181,0.61218,0.2573117403694926
25,normal,0,random_020,0.029346318649996365,0.6013957564258625,0.60126,0.20395863436409056
25,normal,0,random_021,0.0306948199622465,0.6036472692056393,0.60152,0.2133307975088111
25,normal,0,random_022,0.03835513753095145,0.6155320293633662,0.61704,0.26657045351958314
25,normal,0,random_023,0.02743283338318056,0.5981041282284106,0.59398,0.19065979962607107
25,normal,0,random_024,0.06127372534118672,0.6447940501796913,0.64846,0.4258559818708423
25,normal,0,random_025,0.049330778710927975,0.6304924895361023,0.62948,0.34285180291256967
25,normal,0,random_026,0.054051010055569865,0.6363551525962943,0.63728,0.3756576873718068
25,normal,0,random_027,0.0427889967842153,0.6218269390015004,0.62144,0.2973860351618276
25,normal,0,random_028,0.047069775842998846,0.6275735166135163,0.62376,0.32713770048166135
25,normal,0,random_029,0.04382628205250508,0.6232474228413882,0.62478,0.3045952285632085
25,normal,0,random_030,0.04767088365805479,0.6283569978347738,0.6253,0.33131543502229027
25,normal,0,random_031,0.049291364017729024,0.6304422477809387,0.62584,0.34257786848506566
25,normal,0,random_032,0.04512425745703358,0.624999128294804,0.62318,0.31361623368835523
25,normal,0,random_033,0.03699634975205661,0.6135243096826155,0.61302,0.2571267988288767
25,normal,0,random_034,0.044113360499737214,0.6236372861409307,0.6258,0.30659044059478086
25,normal,0,random_035,0.04867371981077559,0.6296520070439965,0.62554,0.33828520505168697
25,normal,0,random_036,0.036593779080664926,0.6129218291546281,0.61498,0.2543289090713451
25,normal,0,random_037,0.04116121341489651,0.6195592392738841,0.62138,0.286072845354053
25,normal,0,random_038,0.03700783511080126,0.6135414462654085,0.61422,0.25720662274521455
25,normal,0,random_039,0.028130262583607187,0.5993175970216099,0.59692,0.19550697343963142
25,normal,0,random_040,0.059268559696927514,0.642510366265678,0.6421,0.41191996313695756
25,normal,0,random_041,0.03707934583447914,0.6136480781815284,0.61598,0.25770362646543177
25,normal,0,random_042,0.03293660451155615,0.6072761320868414,0.60364,0.22891133149908635
25,normal,0,random_043,0.047594000699947694,0.6282570950240076,0.6241,0.3307810939579676
25,normal,0,random_044,0.026957678087500856,0.5972679910131089,0.60042,0.1873574424761493
25,normal,0,random_045,0.03614484963467231,0.6122457233205391,0.61062,0.2512088231136303
25,normal,0,random_046,0.024795509711018834,0.5933608141677383,0.59362,0.172330245552676
25,normal,0,random_047,0.020662910992235817,0.585357624751063,0.58614,0.14360844227947803
25,normal,0,random_048,0.04098253205536092,0.6193073488545471,0.62086,0.28483099943423446
25,normal,0,random_049,0.024833135626804045,0.5934303139452496,0.5914,0.172591747872329
25,normal,0,random_050,0.033407839645975594,0.6080219233019659,0.60968,0.23218644329852073
25,normal,0,random_051,0.04206009072465,0.6208174287472222,0.62198,0.2923200953326535
25,normal,0,random_052,0.03236958731343899,0.6063711166492853,0.60856,0.2249705287439529
25,normal,0,random_053,0.02346141066516924,0.5908596112293403,0.59246,0.1630581790034376
25,normal,0,random_054,0.04328533992614078,0.6225089734052011,0.6232,0.30083564908480315
25,normal,0,random_055,0.050334773675551524,0.6317648316562865,0.6313,0.3498296267525992
25,normal,0,random_056,0.04652495669033596,0.6268586078060814,0.63094,0.32335117544328007
25,normal,0,random_057,0.026521615761855896,0.5964937408083145,0.59296,0.18432678375888684
25,normal,0,random_058,0.01915718165134076,0.5822348945361233,0.58172,0.13314353512183233
25,normal,0,random_059,0.02080959543651102,0.5856553801196559,0.5814,0.1446279077631608
25,normal,0,random_060,0.06815331062440666,0.6523204588291449,0.6513,0.4736695027451891
25,normal,0,random_061,0.025722332463179266,0.5950568638437718,0.59516,0.17877171799365732
25,normal,0,random_062,0.03845576158047236,0.6156791632164875,0.61318,0.2672697965605024
25,normal,0,random_063,0.04972713217955578,0.630996484763871,0.63552,0.3456064827465531
25,normal,0,random_064,0.02842368643820359,0.5998233473827757,0.60184,0.1975462864242376
25,normal,0,random_065,0.052388604409019233,0.6343242745368043,0.63582,0.3641038707083438
25,normal,0,random_066,0.059491106869313054,0.6427659670934535,0.64654,0.41346667902669837
25,normal,0,random_067,0.04319937465386034,0.622391155216334,0.62284,0.3002381854047357
25,normal,0,random_068,0.028193783672348205,0.5994273200969082,0.5986,0.19594844872883038
25,normal,0,random_069,0.046300229204723445,0.6265623746792179,0.62858,0.32178930624884194
25,normal,0,random_070,0.03327860235479277,0.6078179540323173,0.60698,0.23128823655126435
25,normal,0,random_071,0.030495631844846067,0.6033180688682701,0.60698,0.2119464284200991
25,normal,0,random_072,0.024990659794945504,0.5937206788972248,0.59456,0.1736865500721093
25,normal,0,random_073,0.03931865854949323,0.6169324036725884,0.6147,0.27326698106249886
25,normal,0,random_074,0.0475663724602407,0.6282211726781353,0.62566,0.33058907607293986
25,normal,0,random_075,0.04765530035559634,0.6283367558809663,0.62808,0.33120713015699477
25,normal,0,random_076,0.043573905233586535,0.6229035253221558,0.6223,0.30284119488199285
25,normal,0,random_077,0.03501819731917923,0.6105286894182452,0.60828,0.243378523497118
25,normal,0,random_078,0.03740151301879647,0.6141270956907945,0.61246,0.25994270727600877
25,normal,0,random_079,0.022572098299100493,0.5891504656992761,0.58942,0.15687740594396904
25,normal,0,random_080,0.030688751842146186,0.6036372572484225,0.60676,0.21328862371851123
25,normal,0,random_081,0.02798597574695684,0.5990678729162615,0.59666,0.19450417146944546
25,normal,0,random_082,0.04016079277279319,0.618141137292193,0.61794,0.27911986326500127
25,normal,0,random_083,0.05707235122588114,0.6399582890534538,0.63872,0.39665618556145166
25,normal,0,random_084,0.030429486143705102,0.6032084951517038,0.5982,0.2114867119209133
25,normal,0,random_085,0.0496538851585944,0.6309035139242779,0.6318,0.3450974116584655
25,normal,0,random_086,0.024636674480122387,0.5930668103112522,0.5922,0.17122633138991786
25,normal,0,random_087,0.04199119365840497,0.6207215147533316,0.61904,0.29184125668475963
25,normal,0,random_088,0.025556600102034036,0.5947559807523808,0.59382,0.17761986837148597
25,normal,0,random_089,0.03425314528884396,0.6093456883551618,0.61012,0.2380613670528743
25,normal,0,random_090,0.03601116789536815,0.6120435167360638,0.6113,0.25027972719147795
25,normal,0,random_091,0.03343260893740088,0.6080609670717615,0.60782,0.23235859132545128
25,normal,0,random_092,0.05308111357601955,0.6351746000940645,0.63204,0.36891685000126834
25,normal,0,random_093,0.024728552243029625,0.593236997515253,0.59366,0.17186488722632387
25,normal,0,random_094,0.039091126937693885,0.6166034091666139,0.6184,0.27168562302673505
25,normal,0,random_095,0.08056994411877429,0.6648632516134654,0.6669,0.5599658331679134
25,normal,0,random_096,0.036908884889343324,0.613393714225861,0.61528,0.25651891290742235
25,normal,0,random_097,0.043770002860566246,0.6231708292546202,0.62164,0.30420408488117257
25,normal,0,random_098,0.04351770765031923,0.6228267997461442,0.6242,0.30245061838500653
25,normal,0,random_099,0.021546456753850005,0.587134775051826,0.5878,0.14974913710005425
25,normal,0,random_100,0.02468464494124395,0.5931557087622045,0.59532,0.17155972890586726
25,normal,0,random_101,0.04944500055011062,0.6306379618419903,0.62778,0.3436456513884926
25,normal,0,random_102,0.070977450897243,0.6552832262085152,0.65554,0.49329744314105906
25,normal,0,random_103,0.024758449350841857,0.5932923045969306,0.59252,0.17207267387764286
25,normal,0,random_104,0.02033166778368334,0.5846811382118484,0.58488,0.1413062825685955
25,normal,0,random_105,0.030481687527014946,0.6032949799678804,0.60384,0.21184951459401102
25,normal,0,random_106,0.020536462304653055,0.5851000571373978,0.58076,0.14272961649065918
25,normal,0,random_107,0.04576326097156509,0.6258513201049187,0.62836,0.3180573455610951
25,normal,0,random_108,0.021303086587285427,0.5866491348469305,0.59132,0.1480577001805045
25,normal,0,random_109,0.04692225653014574,0.627380396078036,0.6274,0.3261124326124374
25,normal,0,random_110,0.040102844618957995,0.6180584080803115,0.6133,0.2787171201999813
25,normal,0,random_111,0.04334624041471812,0.6225923618221636,0.62134,0.3012589110492929
25,normal,0,random_112,0.04982207564945085,0.6311168812011398,0.63134,0.34626634542618057
25,normal,0,random_113,0.03186645699340175,0.605560923336175,0.60264,0.22147374353535992
25,normal,0,random_114,0.03853826265442516,0.6157996414428798,0.61648,0.2678431838591844
25,normal,0,random_115,0.035428012366751443,0.6111566581221041,0.60836,0.2462267620936376
25,normal,0,random_116,0.02141407256269539,0.5868709637976602,0.58684,0.14882905921357995
25,normal,0,random_117,0.05653612381177346,0.6393267825807851,0.64058,0.39292937360952035
25,normal,0,random_118,0.05729758308054614,0.6402225426633914,0.64032,0.3982215601503619
25,normal,0,random_119,0.049070481824024154,0.630160276345566,0.62956,0.3410427242947261
25,normal,0,random_120,0.04331548601857041,0.6225502591925872,0.6225,0.30104516619380395
25,normal,0,random_121,0.025246203440259532,0.5941896749837875,0.5952,0.1754625933823552
25,normal,0,random_122,0.04375910109587443,0.6231559861636519,0.62228,0.30412831697770165
25,normal,0,random_123,0.019420750191115988,0.5827905285296038,0.58334,0.1349753519188568
25,normal,0,random_124,0.038151200462380276,0.615233185447759,0.61418,0.2651530789419376
25,normal,0,random_125,0.026676922248444625,0.5967702634199068,0.5922,0.1854061729419157
25,normal,0,random_126,0.05057446597999311,0.6320664960820721,0.6312,0.3514955023148646
25,normal,0,random_127,0.031056089053716568,0.6042414412768301,0.60212,0.21584163886554122
25,normal,12,oracle_t0,0.05942134339309988,0.6426859004547102,0.64322,0.7204642481625073
25,normal,12,oracle_t12,0.08247646367553939,0.6666860963380519,0.66612,0.9999999999999991
25,normal,12,bottom,7.54890238278794e-33,0.5,0.4984,-1.411724271557706e-17
25,normal,12,random_000,0.028615844192276606,0.6001530502235376,0.59762,0.34695770062172754
25,normal,12,random_001,0.023174213761420568,0.590311439456656,0.5918,0.28097972110670744
25,normal,12,random_002,0.01853779376600618,0.5809132524689264,0.58134,0.22476465333108178
25,normal,12,random_003,0.014454562482859817,0.5715574445641914,0.57078,0.17525681677773847
25,normal,12,random_004,0.025966195476858668,0.5954977326936864,0.59432,0.3148315812740117
25,normal,12,random_005,0.02488888969692374,0.5935331965483195,0.59122,0.3017696029601375
25,normal,12,random_006,0.01546752836851865,0.573994352676444,0.57194,0.18753869503144024
25,normal,12,random_007,0.023886009143547125,0.5916636085384063,0.59234,0.28961000604383513
25,normal,12,random_008,0.025549733147518666,0.5947434917330334,0.59576,0.30978211248278953
25,normal,12,random_009,0.029990883103866186,0.6024786862763646,0.6011,0.3636295952485262
25,normal,12,random_010,0.020237513456155813,0.584487799811286,0.58384,0.2453731956279035
25,normal,12,random_011,0.01804963222869287,0.579855324921467,0.58048,0.2188458552211903
25,normal,12,random_012,0.024620833451908266,0.593037433792144,0.59102,0.29851950913858377
25,normal,12,random_013,0.02150623560887325,0.5870547136338751,0.5864,0.2607560345152321
25,normal,12,random_014,0.024518642355417855,0.5928476845474605,0.59222,0.297280475698784
25,normal,12,random_015,0.02332190542066655,0.5905937817539718,0.59562,0.28277043390723444
25,normal,12,random_016,0.030082926827637548,0.6026323115193892,0.60054,0.3647455951310317
25,normal,12,random_017,0.024481237643185588,0.5927781268884511,0.59226,0.2968269558633626
25,normal,12,random_018,0.025422560433023343,0.5945118795088189,0.59052,0.3082401851397888
25,normal,12,random_019,0.023612077446216597,0.5911457762917446,0.58884,0.2862886742950811
25,normal,12,random_020,0.02137754650713096,0.5867980254044795,0.59174,0.25919572147551995
25,normal,12,random_021,0.02502152971728932,0.5937774681875262,0.58982,0.3033778195889126
25,normal,12,random_022,0.02891254702780062,0.600659824742122,0.60142,0.3505551249328768
25,normal,12,random_023,0.029573296110354988,0.6017785339612725,0.60092,0.3585664902740699
25,normal,12,random_024,0.030154586271132183,0.6027517408122106,0.59826,0.3656144423184734
25,normal,12,random_025,0.02379619980415762,0.5914941819649224,0.591,0.288521097337191
25,normal,12,random_026,0.031966234081095016,0.6057221370502672,0.60382,0.387580076260901
25,normal,12,random_027,0.02940959482530913,0.6015026243324417,0.60518,0.35658166602542285
25,normal,12,random_028,0.028346763781947528,0.5996910317845748,0.59674,0.3436951891325392
25,normal,12,random_029,0.018287232577430982,0.5803720806547961,0.5803,0.22172668131568474
25,normal,12,random_030,0.03450360396652552,0.6097345265075527,0.6085,0.41834485171747815
25,normal,12,random_031,0.022330117123314445,0.5886793078127911,0.58912,0.27074532694758385
25,normal,12,random_032,0.02623763437297523,0.5959858855606397,0.59764,0.3181226886277944
25,normal,12,random_033,0.021124455349773856,0.5862908271476902,0.59084,0.2561270744206128
25,normal,12,random_034,0.026115320154949363,0.5957662495011476,0.59594,0.316639668956788
25,normal,12,random_035,0.023873626665679208,0.5916402687907775,0.59298,0.28945987257161654
25,normal,12,random_036,0.024331521690364594,0.5924991528715913,0.59452,0.2950116991689199
25,normal,12,random_037,0.03331300682017034,0.6078722945402829,0.60874,0.4039092528411857
25,normal,12,random_038,0.021939531034207226,0.587913112003361,0.58846,0.2660095990598827
25,normal,12,random_039,0.012413888348333391,0.5663647209253622,0.56932,0.15051431396439768
25,normal,12,random_040,0.023414745274622353,0.5907707824107633,0.59208,0.2838960866064219
25,normal,12,random_041,0.02700663732015649,0.5973545046685549,0.59574,0.3274465964787239
25,normal,12,random_042,0.015488249773890867,0.5740433274559146,0.57324,0.1877899352574245
25,normal,12,random_043,0.017588219970623074,0.5788415931714675,0.58038,0.21325138332572963
25,normal,12,random_044,0.018317087684963415,0.5804367646353166,0.58224,0.22208866467677882
25,normal,12,random_045,0.02300292270961666,0.5899827939981659,0.59208,0.2789028734319848
25,normal,12,random_046,0.017025430245666287,0.5775862347854176,0.57134,0.20642774298185168
25,normal,12,random_047,0.015965911921370094,0.5751630152910131,0.57466,0.19358143171826125
25,normal,12,random_048,0.029489665564365622,0.6016376812427046,0.60074,0.35755249740553013
25,normal,12,random_049,0.017723075384697397,0.5791392888177092,0.58222,0.21488646087469965
25,normal,12,random_050,0.019109530945276256,0.582134016416902,0.58038,0.23169677861617252
25,normal,12,random_051,0.018375785634412337,0.5805637795770368,0.58018,0.2228003580112535
25,normal,12,random_052,0.01557232660769014,0.5742416949555413,0.57376,0.1888093392188992
25,normal,12,random_053,0.014828231495482102,0.5724663583290471,0.5736,0.17978743067617484
25,normal,12,random_054,0.02473710933741815,0.5932528310085232,0.59562,0.2999293160135161
25,normal,12,random_055,0.031464101999209335,0.6049080629785852,0.6033,0.3814918898922291
25,normal,12,random_056,0.02448634148330244,0.5927876212715256,0.59116,0.29688883824640155
25,normal,12,random_057,0.01113094494296046,0.5628720434632751,0.56304,0.13495904706522516
25,normal,12,random_058,0.012061928838922535,0.5654257705229033,0.56742,0.14624692065331374
25,normal,12,random_059,0.01508204948544288,0.5730770129921644,0.57422,0.18286489033738554
25,normal,12,random_060,0.032449704040413335,0.6064995041447501,0.60618,0.39344199053041057
25,normal,12,random_061,0.01406794019357618,0.570604161644339,0.56968,0.17056914865941802
25,normal,12,random_062,0.031225666141955946,0.6045190663276148,0.6044,0.37860093353174085
25,normal,12,random_063,0.022594218495527715,0.5891934029539301,0.58738,0.2739474692369554
25,normal,12,random_064,0.010013445078244055,0.5596574572489033,0.55818,0.12140972869104479
25,normal,12,random_065,0.018013781386208814,0.5797770464427212,0.57946,0.21841117554548195
25,normal,12,random_066,0.03649856000219087,0.6127788019358713,0.61436,0.4425330376163481
25,normal,12,random_067,0.019009967519523267,0.5819228131101393,0.585,0.2304896048199648
25,normal,12,random_068,0.019878240494637534,0.5837457074411276,0.58368,0.24101712911501721
25,normal,12,random_069,0.02249770530036815,0.5890058998935547,0.58658,0.2727772784836365
25,normal,12,random_070,0.014222183097135133,0.5709860749023721,0.57406,0.17243929314288842
25,normal,12,random_071,0.022804166665429153,0.5895998360059685,0.58936,0.27649302175636714
25,normal,12,random_072,0.010283964457820375,0.5604518142495326,0.5631,0.12468968720915655
25,normal,12,random_073,0.02400605096290212,0.591889545824555,0.59294,0.29106547362822666
25,normal,12,random_074,0.022691832719267828,0.5893826174945278,0.58744,0.2751310095997445
25,normal,12,random_075,0.03628014017158578,0.6124499521172656,0.61768,0.4398847689967775
25,normal,12,random_076,0.02189100638222319,0.587817424981698,0.58614,0.26542125361172025
25,normal,12,random_077,0.025616079410705286,0.5948640823791091,0.59618,0.31058653910621536
25,normal,12,random_078,0.03237345871872411,0.6063773245145323,0.6036,0.39251754107790754
25,normal,12,random_079,0.020044554418481502,0.5840900991391947,0.58112,0.24303363074993523
25,normal,12,random_080,0.020152118446087035,0.5843120409159018,0.58198,0.24433780921263804
25,normal,12,random_081,0.025602534477812206,0.5948394766040275,0.59572,0.3104223112490854
25,normal,12,random_082,0.027835986752923897,0.5988075533604006,0.59836,0.33750218562267703
25,normal,12,random_083,0.02157413540637372,0.5871898247545817,0.58712,0.26157929723133966
25,normal,12,random_084,0.02502321745215158,0.5937805719311124,0.59466,0.30339828281911246
25,normal,12,random_085,0.02729768557134035,0.5978670941693216,0.59934,0.3309754608142371
25,normal,12,random_086,0.012885504914382413,0.5676016908802397,0.5655,0.15623250973845945
25,normal,12,random_087,0.023788385754095028,0.5914794247329825,0.592,0.28842635454980226
25,normal,12,random_088,0.02211673847495485,0.5882616120125788,0.59122,0.26815818100496647
25,normal,12,random_089,0.01893179239623026,0.5817565761509319,0.58094,0.22954175715762382
25,normal,12,random_090,0.021601056463544634,0.587243332176393,0.5885,0.2619057061966516
25,normal,12,random_091,0.016904484295410076,0.5773136521273924,0.57364,0.20496131310760288
25,normal,12,random_092,0.02372695394893578,0.5913633185825639,0.5937,0.2876815141138578
25,normal,12,random_093,0.013325436031396035,0.56873472298183,0.56482,0.1615665298626042
25,normal,12,random_094,0.027074875744771902,0.5974749470639974,0.59968,0.32827396493724387
25,normal,12,random_095,0.03510005324695584,0.610654434721217,0.60794,0.4255766031026578
25,normal,12,random_096,0.017882383430694964,0.5794894506292654,0.57738,0.21681801854458563
25,normal,12,random_097,0.015620176681223145,0.5743543430671556,0.57056,0.18938950562517534
25,normal,12,random_098,0.026031026584602514,0.5956145688742047,0.59768,0.31561763713594687
25,normal,12,random_099,0.014608859212976562,0.5719342102305347,0.57188,0.17712761389052128
25,normal,12,random_100,0.02042522956571391,0.58487279668346,0.58426,0.24764919172657915
25,normal,12,random_101,0.02722120077586817,0.5977326724004222,0.5957,0.3300481078208659
25,normal,12,random_102,0.019729277440317914,0.5834359647075728,0.58274,0.239211001067316
25,normal,12,random_103,0.017236328184904504,0.5780591530884541,0.57494,0.20898481114214393
25,normal,12,random_104,0.02094380014217591,0.5859268419579655,0.58268,0.2539366894362536
25,normal,12,random_105,0.023937408093591152,0.5917604223955912,0.5928,0.29023320141077313
25,normal,12,random_106,0.0194693214056283,0.582892492215217,0.58328,0.23605911963224044
25,normal,12,random_107,0.023738514909482724,0.5913851808897305,0.58856,0.2878216869587123
25,normal,12,random_108,0.021337282479784087,0.5867175469884449,0.58752,0.2587075333846086
25,normal,12,random_109,0.0192213115137815,0.5823704532141453,0.58134,0.23305208125069127
25,normal,12,random_110,0.028951332875727175,0.6007258667491215,0.60124,0.35102539058441046
25,normal,12,random_111,0.03384852278808645,0.6087142617169571,0.6093,0.4104022078498149
25,normal,12,random_112,0.03319482451876281,0.6076855038118366,0.60476,0.4024763313004118
25,normal,12,random_113,0.02364594810914321,0.5912099751896736,0.59378,0.2866993449448299
25,normal,12,random_114,0.033022761461152114,0.6074129129205048,0.60782,0.4003901233091529
25,normal,12,random_115,0.025129187307090288,0.5939752294906945,0.59586,0.30468313246246753
25,normal,12,random_116,0.022022313752189472,0.5880760974345067,0.58256,0.26701331229264097
25,normal,12,random_117,0.029368433274516638,0.6014331200354289,0.60114,0.3560825957578806
25,normal,12,random_118,0.03153253720402913,0.6050194200460454,0.60502,0.3823216442460169
25,normal,12,random_119,0.02347476342635542,0.5908850114507317,0.5923,0.28462378695944834
25,normal,12,random_120,0.021145205029966724,0.5863325291863117,0.5819,0.2563786574694993
25,normal,12,random_121,0.019577332486387555,0.5831187608845319,0.57792,0.2373687184674205
25,normal,12,random_122,0.01865187060814537,0.5811583777622351,0.57746,0.22614779752829128
25,normal,12,random_123,0.021041298040001197,0.5861234846122914,0.58536,0.2551188193855788
25,normal,12,random_124,0.019062756644751808,0.5820348660133348,0.58182,0.23112965560386128
25,normal,12,random_125,0.02129341345680076,0.5866297723888156,0.58456,0.25817563590709425
25,normal,12,random_126,0.02930871259392496,0.6013321849009812,0.60586,0.3553585021446212
25,normal,12,random_127,0.02319610674200763,0.5903533519354935,0.58798,0.28124516629690377
25,nonnormal,0,oracle_t0,0.2631849846087394,0.7792086614507379,0.78042,0.999999999999999
25,nonnormal,0,oracle_t12,0.20384372532478345,0.750871834016738,0.75168,0.774526425311934
25,nonnormal,0,bottom,4.4907031973111346e-32,0.5000000000000001,0.49998,-2.3554427074649762e-17
25,nonnormal,0,random_000,0.059674202795156846,0.6429758510558803,0.64168,0.22673862980394072
25,nonnormal,0,random_001,0.04584428846756788,0.6259589106952486,0.62744,0.1741903647570232
25,nonnormal,0,random_002,0.036749855286362584,0.6131558340314047,0.61118,0.13963507584217338
25,nonnormal,0,random_003,0.08660392853609412,0.6705484779462239,0.67086,0.3290610543942797
25,nonnormal,0,random_004,0.048803168870667456,0.6298180887546585,0.62948,0.1854329529597596
25,nonnormal,0,random_005,0.029981165019836872,0.6024624516638389,0.60332,0.11391670031786946
25,nonnormal,0,random_006,0.020476873566789067,0.5849783912269284,0.58748,0.07780411028095212
25,nonnormal,0,random_007,0.030733698249627333,0.6037113904649977,0.60298,0.11677603224711763
25,nonnormal,0,random_008,0.04360427996244934,0.6229449727912937,0.62522,0.1656792085888679
25,nonnormal,0,random_009,0.08179659596929229,0.6660389563303184,0.66496,0.31079507096840675
25,nonnormal,0,random_010,0.048488143704246076,0.6294134869637427,0.6283,0.18423598054551005
25,nonnormal,0,random_011,0.029916917071475597,0.6023550510764182,0.60128,0.11367258324387762
25,nonnormal,0,random_012,0.0325137887501509,0.606602077874402,0.60546,0.12353967988898415
25,nonnormal,0,random_013,0.06225195913566895,0.6458927471509692,0.64716,0.23653309564075234
25,nonnormal,0,random_014,0.038185460477989146,0.6152834496718812,0.61656,0.1450898140513489
25,nonnormal,0,random_015,0.03797372254383479,0.6149724074619847,0.6132,0.14428529272020563
25,nonnormal,0,random_016,0.0577537751685828,0.6407559796957728,0.64,0.21944175597419313
25,nonnormal,0,random_017,0.08552963947180747,0.6695539282482993,0.6723,0.3249791761447142
25,nonnormal,0,random_018,0.02638011426315046,0.5962410500051589,0.59938,0.10023411594840076
25,nonnormal,0,random_019,0.04289197089654869,0.6219687928841611,0.6198,0.16297271274922262
25,nonnormal,0,random_020,0.06669481332878635,0.6507625773745043,0.65218,0.2534142038077793
25,nonnormal,0,random_021,0.04331644629670427,0.6225515740570734,0.62558,0.16458555324157303
25,nonnormal,0,random_022,0.024587174331714347,0.5929749812435564,0.59086,0.0934216454949607
25,nonnormal,0,random_023,0.0481356836276956,0.628959074096434,0.6291,0.18289677011496633
25,nonnormal,0,random_024,0.025892583606839492,0.5953648848428981,0.59726,0.09838169014593422
25,nonnormal,0,random_025,0.06430632528570526,0.6481684609519434,0.64958,0.24433888347127933
25,nonnormal,0,random_026,0.03836341329487786,0.6155441382050638,0.61646,0.14576596515150855
25,nonnormal,0,random_027,0.05300566988236227,0.6350822658814749,0.63606,0.20140081304851953
25,nonnormal,0,random_028,0.06351459333456241,0.6472964129856789,0.64864,0.24133061173298134
25,nonnormal,0,random_029,0.05097595198750865,0.632570007105476,0.6326,0.1936886789468303
25,nonnormal,0,random_030,0.04954057145467254,0.6307595370105277,0.63046,0.1882347943531862
25,nonnormal,0,random_031,0.04328477300288326,0.6225081968392583,0.62148,0.16446520711366572
25,nonnormal,0,random_032,0.0643354760537612,0.6482004513236915,0.64404,0.2444496449879339
25,nonnormal,0,random_033,0.05062797631215836,0.6321337326727161,0.63336,0.19236650748683012
25,nonnormal,0,random_034,0.03315800872688971,0.6076272423498551,0.60348,0.12598746382200962
25,nonnormal,0,random_035,0.047158592148750705,0.627689626483931,0.62914,0.17918420467208035
25,nonnormal,0,random_036,0.044989284031047225,0.6248182752583363,0.62416,0.1709416823225305
25,nonnormal,0,random_037,0.039214332046210325,0.6167816839323103,0.61962,0.14899912358035083
25,nonnormal,0,random_038,0.050136129818960914,0.6315142222090153,0.63268,0.19049768319228055
25,nonnormal,0,random_039,0.027900711890573433,0.5989199809271336,0.599,0.1060117921698749
25,nonnormal,0,random_040,0.05181531012082642,0.6336155660027517,0.63546,0.19687791154900794
25,nonnormal,0,random_041,0.055015511914325285,0.6375174154207649,0.63958,0.20903742664541963
25,nonnormal,0,random_042,0.07616392240882641,0.6605509282411548,0.65792,0.289393114588412
25,nonnormal,0,random_043,0.06938557422023359,0.6536217742466686,0.6551,0.26363804273782837
25,nonnormal,0,random_044,0.05680317880302609,0.6396417091887943,0.63722,0.21582986159895026
25,nonnormal,0,random_045,0.05283711718347913,0.6348757111485381,0.6338,0.20076037872004268
25,nonnormal,0,random_046,0.01882302414219701,0.5815246874341964,0.58058,0.07152012935000834
25,nonnormal,0,random_047,0.06460736008841174,0.6484984210633676,0.65134,0.2454826979755681
25,nonnormal,0,random_048,0.02564762422711319,0.5949213601515334,0.59454,0.09745094031577024
25,nonnormal,0,random_049,0.03583618476926941,0.6117782237203054,0.60976,0.13616348524800845
25,nonnormal,0,random_050,0.025518475225506106,0.5946866201057551,0.59552,0.09696022462467913
25,nonnormal,0,random_051,0.06048406743982267,0.6438998491916765,0.64386,0.22981579868524982
25,nonnormal,0,random_052,0.0460971670625218,0.626294017087597,0.62896,0.17515120450755015
25,nonnormal,0,random_053,0.030727282912088677,0.6037008127526691,0.60254,0.11675165647374972
25,nonnormal,0,random_054,0.032927250017859996,0.6072612695439933,0.60664,0.12511067098607787
25,nonnormal,0,random_055,0.036161562001881156,0.6122709739445389,0.61438,0.13739979146470022
25,nonnormal,0,random_056,0.0480691708066368,0.6288731151104274,0.62686,0.18264404741060056
25,nonnormal,0,random_057,0.05367741756945897,0.6359018345994081,0.63834,0.20395319151378558
25,nonnormal,0,random_058,0.07131332052764167,0.6556310095127388,0.65638,0.27096272469213484
25,nonnormal,0,random_059,0.05022409071323999,0.6316252618736782,0.62976,0.19083190018573795
25,nonnormal,0,random_060,0.053139647363101714,0.6352461879781052,0.63518,0.2019098750717145
25,nonnormal,0,random_061,0.04705015961664895,0.6275478559215407,0.62852,0.1787722034621217
25,nonnormal,0,random_062,0.032258294033900715,0.6061924853776289,0.60642,0.12256889990079438
25,nonnormal,0,random_063,0.05205543188614396,0.6339129358302464,0.6323,0.19779028033659096
25,nonnormal,0,random_064,0.028582974445704217,0.600096736267755,0.60084,0.10860412302091134
25,nonnormal,0,random_065,0.06330198967141808,0.6470611849349681,0.6463,0.24052280097029516
25,nonnormal,0,random_066,0.028467524134457963,0.5998986679367806,0.59886,0.10816545699512013
25,nonnormal,0,random_067,0.02455035251758849,0.5929066088073313,0.59176,0.09328173700367416
25,nonnormal,0,random_068,0.07062294919914586,0.6549151132273678,0.65444,0.2683395836739566
25,nonnormal,0,random_069,0.03403783901323506,0.6090101987650423,0.60934,0.12933047477551562
25,nonnormal,0,random_070,0.057117718884352804,0.6400115639929922,0.6405,0.21702499087957502
25,nonnormal,0,random_071,0.06573577664758777,0.6497274852958963,0.6502,0.24977023953442098
25,nonnormal,0,random_072,0.04706984332317664,0.6275736048765597,0.62608,0.17884699384789146
25,nonnormal,0,random_073,0.034169574044211434,0.6092156030958475,0.60982,0.12983101636671696
25,nonnormal,0,random_074,0.022487392761909853,0.5889858400225143,0.58736,0.08544329683298774
25,nonnormal,0,random_075,0.03069859952585179,0.6036535046762386,0.60454,0.11664267082519719
25,nonnormal,0,random_076,0.025004639472063384,0.5937464009427256,0.59152,0.09500784974202155
25,nonnormal,0,random_077,0.07765953297135324,0.662030791927813,0.66314,0.2950758497366587
25,nonnormal,0,random_078,0.03683640987087529,0.6132853733671295,0.61122,0.13996394940857904
25,nonnormal,0,random_079,0.028379756597402644,0.5997478064905016,0.59742,0.10783197468348368
25,nonnormal,0,random_080,0.05002611647643785,0.6313751914063691,0.62952,0.19007967552103516
25,nonnormal,0,random_081,0.09039644967611372,0.6740016345076822,0.6753,0.34347115132917017
25,nonnormal,0,random_082,0.03126157086555656,0.604577744587353,0.60488,0.11878174171688088
25,nonnormal,0,random_083,0.035711283693534344,0.6115884320415257,0.60976,0.13568891001370784
25,nonnormal,0,random_084,0.042503008639313035,0.6214319865563248,0.62096,0.1614948083094465
25,nonnormal,0,random_085,0.06587196487835978,0.649874999795669,0.64844,0.2502877015430324
25,nonnormal,0,random_086,0.04374097646772416,0.6231313044240958,0.62264,0.16619860184178467
25,nonnormal,0,random_087,0.03881330843865441,0.616200287813431,0.61412,0.14747539072700394
25,nonnormal,0,random_088,0.03699370798739586,0.6135203676638146,0.61068,0.1405616207261674
25,nonnormal,0,random_089,0.05988340513803009,0.6432152143975052,0.64038,0.22753351687998072
25,nonnormal,0,random_090,0.024401974656382455,0.5926305442302355,0.5922,0.09271795916723488
25,nonnormal,0,random_091,0.050788168024380444,0.6323347798378218,0.6334,0.19297517333629055
25,nonnormal,0,random_092,0.05958005830741244,0.6428679783413871,0.6428,0.22638091757395035
25,nonnormal,0,random_093,0.023602672202306,0.5911279408682981,0.59334,0.08968092247889671
25,nonnormal,0,random_094,0.03425618045610217,0.609350409615205,0.60994,0.1301600868568875
25,nonnormal,0,random_095,0.033847728958581146,0.6087130189385717,0.61198,0.1286081309269996
25,nonnormal,0,random_096,0.02866177273016778,0.6002316794724716,0.5991,0.10890352568091001
25,nonnormal,0,random_097,0.02146901817522657,0.5869805612505286,0.5866,0.08157387172806685
25,nonnormal,0,random_098,0.024026017922978406,0.5919270689369733,0.5923,0.09128947063107103
25,nonnormal,0,random_099,0.030612049374585462,0.6035106124188289,0.60174,0.11631381410339368
25,nonnormal,0,random_100,0.06857402757632372,0.6527662669956995,0.6535,0.2605544829172849
25,nonnormal,0,random_101,0.04963651232761445,0.6308814517869654,0.63264,0.18859933214429359
25,nonnormal,0,random_102,0.03544880241044231,0.6111884104152256,0.61032,0.13469158380422724
25,nonnormal,0,random_103,0.03001774077894316,0.6025235389539678,0.60556,0.11405567389632294
25,nonnormal,0,random_104,0.02956842282585761,0.6017703320823667,0.60088,0.11234844141969232
25,nonnormal,0,random_105,0.0667832549724278,0.6508576008167022,0.65104,0.25375024746077457
25,nonnormal,0,random_106,0.057347570824741206,0.6402811113233402,0.64026,0.21789833834934097
25,nonnormal,0,random_107,0.039876723964848815,0.6177349639812917,0.6195,0.15151595378486743
25,nonnormal,0,random_108,0.03150367829499319,0.6049724769180738,0.60602,0.11970165525144878
25,nonnormal,0,random_109,0.0235191076119483,0.5909693104243433,0.5904,0.08936340972078127
25,nonnormal,0,random_110,0.043388187171774464,0.6226497603248835,0.6228,0.16485814050629416
25,nonnormal,0,random_111,0.08831682074241057,0.672119094422241,0.66976,0.3355693748019309
25,nonnormal,0,random_112,0.023310365255906358,0.5905717543543576,0.5903,0.08857027041478228
25,nonnormal,0,random_113,0.04180770234081577,0.6204656492783297,0.62112,0.15885291633551446
25,nonnormal,0,random_114,0.06734757832734696,0.6514622231666609,0.65328,0.2558944554814491
25,nonnormal,0,random_115,0.052322904417828706,0.6342432765153228,0.63228,0.19880657133845947
25,nonnormal,0,random_116,0.07490487868863412,0.6592918889417222,0.65888,0.2846092409108768
25,nonnormal,0,random_117,0.0794690887749503,0.6637990828943362,0.66482,0.30195145400521994
25,nonnormal,0,random_118,0.013270706150642658,0.568594827221913,0.56816,0.05042349270180201
25,nonnormal,0,random_119,0.053874817521653656,0.6361415797568307,0.63884,0.2047032341216044
25,nonnormal,0,random_120,0.08339618182425516,0.6675565275551656,0.66636,0.31687287155927607
25,nonnormal,0,random_121,0.047326446061297905,0.6279087326741034,0.62632,0.1798219838858023
25,nonnormal,0,random_122,0.04999616713709833,0.6313373130881944,0.63412,0.18996587974585433
25,nonnormal,0,random_123,0.06250623356379463,0.6461767204223086,0.64998,0.2374992390113693
25,nonnormal,0,random_124,0.027048668677558268,0.597428710050756,0.59878,0.10277436122645753
25,nonnormal,0,random_125,0.031127827578554576,0.6043589875486808,0.60406,0.11827356953828634
25,nonnormal,0,random_126,0.05184208386143545,0.6336487610054009,0.63348,0.1969796412911086
25,nonnormal,0,random_127,0.04841953953253322,0.6293251821994678,0.62942,0.18397531152666435
25,nonnormal,12,oracle_t0,0.0953798474167081,0.678408993243004,0.67538,0.6212220696587093
25,nonnormal,12,oracle_t12,0.15353583215275732,0.7216515329177231,0.72258,0.9999999999999997
25,nonnormal,12,bottom,1.9136119805731547e-32,0.5000000000000001,0.49948,-3.8254920208159844e-19
25,nonnormal,12,random_000,0.021758341936220265,0.5875552511245288,0.58904,0.14171507478835463
25,nonnormal,12,random_001,0.016754525444504047,0.5769742720943635,0.57644,0.10912452949637501
25,nonnormal,12,random_002,0.013730394791397416,0.5697607755567342,0.57388,0.08942795045873489
25,nonnormal,12,random_003,0.043011089106104655,0.6221326536439499,0.6211,0.2801371412981412
25,nonnormal,12,random_004,0.025877834297552117,0.5953382426388522,0.58956,0.1685458953438667
25,nonnormal,12,random_005,0.017709179037780975,0.5791086669397038,0.58014,0.11534231970138144
25,nonnormal,12,random_006,0.016374494436908874,0.5761070800569946,0.57436,0.1066493352549613
25,nonnormal,12,random_007,0.0199109718180264,0.5838136039003664,0.58564,0.1296828990265698
25,nonnormal,12,random_008,0.026040299299194485,0.5956312672167416,0.59262,0.16960405225332828
25,nonnormal,12,random_009,0.055991495042923556,0.6386819168745552,0.63718,0.3646803111550922
25,nonnormal,12,random_010,0.026506386678008007,0.5964665793408074,0.59956,0.17263974348109193
25,nonnormal,12,random_011,0.0111973353475781,0.563057699853871,0.56454,0.07292978577429106
25,nonnormal,12,random_012,0.021626940607740945,0.58729474570433,0.58922,0.14085923985629406
25,nonnormal,12,random_013,0.017762777295357603,0.5792267069090681,0.58158,0.11569141252763002
25,nonnormal,12,random_014,0.017587770668251082,0.5788405993492433,0.57716,0.11455157028590231
25,nonnormal,12,random_015,0.0173640171416322,0.5783440237126657,0.57676,0.1130942327805032
25,nonnormal,12,random_016,0.03151316023108933,0.6049879031772086,0.60554,0.20524954852060834
25,nonnormal,12,random_017,0.038967727513011405,0.6164245465947518,0.61438,0.2538021709110957
25,nonnormal,12,random_018,0.012085735044465275,0.5654897204347643,0.56338,0.07871605523615377
25,nonnormal,12,random_019,0.02252407445238052,0.5890571710107678,0.59,0.14670239602421054
25,nonnormal,12,random_020,0.03323293905787866,0.6077457839892066,0.60688,0.21645070464602845
25,nonnormal,12,random_021,0.014425845127010473,0.5714870929674336,0.57206,0.0939575141824729
25,nonnormal,12,random_022,0.011109642430419023,0.5628123521802995,0.56248,0.07235862973905477
25,nonnormal,12,random_023,0.02168032380911177,0.5874006786604261,0.58326,0.1412069319918843
25,nonnormal,12,random_024,0.010385217266883951,0.5607463810526075,0.55828,0.06764034897437753
25,nonnormal,12,random_025,0.025432306444715384,0.5945296509900813,0.5927,0.165644111137601
25,nonnormal,12,random_026,0.03338176792720759,0.607980809704802,0.60726,0.21742004754951985
25,nonnormal,12,random_027,0.03742688988604673,0.614164732363694,0.61044,0.24376648344087903
25,nonnormal,12,random_028,0.040084457491171885,0.6180321442287249,0.61456,0.261075586911143
25,nonnormal,12,random_029,0.02464445430755595,0.5930812340235164,0.59602,0.16051272176671083
25,nonnormal,12,random_030,0.02196332321972757,0.5879599878631486,0.58946,0.14305014609147143
25,nonnormal,12,random_031,0.015655075748059265,0.5744363894704314,0.57206,0.10196366234875759
25,nonnormal,12,random_032,0.026796910759168527,0.5969833187775233,0.6007,0.17453196679526575
25,nonnormal,12,random_033,0.018361343581075138,0.5805325484155941,0.57576,0.11958995710399965
25,nonnormal,12,random_034,0.013941766483754338,0.5702901400350222,0.57278,0.09080464337395366
25,nonnormal,12,random_035,0.013461365106293813,0.5690808981588389,0.5724,0.08767572310352094
25,nonnormal,12,random_036,0.02048322717728593,0.5849913725882465,0.58836,0.13341007691876494
25,nonnormal,12,random_037,0.01577018221784232,0.574706331485351,0.57402,0.10271336662409916
25,nonnormal,12,random_038,0.02583700726784599,0.595264453388929,0.59874,0.16827998328194813
25,nonnormal,12,random_039,0.01621080975995164,0.5757303549353708,0.5786,0.10558323443235729
25,nonnormal,12,random_040,0.02773071048549911,0.5986243913960687,0.59872,0.18061393289554065
25,nonnormal,12,random_041,0.022693769386399186,0.58938636718121,0.59084,0.1478076424780144
25,nonnormal,12,random_042,0.024450486464714934,0.5927209001108996,0.5959,0.15924938251800683
25,nonnormal,12,random_043,0.019253638261209446,0.5824386965543467,0.58006,0.12540159512766655
25,nonnormal,12,random_044,0.01733327386104346,0.578275536014235,0.5777,0.11289399756402187
25,nonnormal,12,random_045,0.02186784794263443,0.5877717190268943,0.5886,0.14242830247519983
25,nonnormal,12,random_046,0.01230158306898153,0.566066618551993,0.57118,0.08012190311863052
25,nonnormal,12,random_047,0.023547436176367887,0.591023119662554,0.59248,0.15336769173817255
25,nonnormal,12,random_048,0.008317534453284446,0.554405865171144,0.55284,0.054173246314313694
25,nonnormal,12,random_049,0.015933598831064752,0.5750878218230446,0.57252,0.10377772151071518
25,nonnormal,12,random_050,0.009481880737723934,0.5580639451735102,0.56158,0.061756793868744136
25,nonnormal,12,random_051,0.026172113763690733,0.5958682997019276,0.59182,0.17046257799711098
25,nonnormal,12,random_052,0.02660165575449091,0.5966363585550954,0.5918,0.17326024408441767
25,nonnormal,12,random_053,0.02269423971252569,0.5893872777798528,0.58544,0.1478107057767891
25,nonnormal,12,random_054,0.017577943388628524,0.5788188588621735,0.57456,0.11448756386157281
25,nonnormal,12,random_055,0.0259574185551584,0.5954819033961309,0.59474,0.16906423856375496
25,nonnormal,12,random_056,0.023554843745067673,0.5910371844899043,0.59476,0.15341593825233102
25,nonnormal,12,random_057,0.02300407587354141,0.5899850107973068,0.58458,0.14982871132423323
25,nonnormal,12,random_058,0.019718756127134418,0.5834140413627807,0.58292,0.12843097178459056
25,nonnormal,12,random_059,0.018703248995801437,0.5812685231539991,0.58128,0.12181683411330994
25,nonnormal,12,random_060,0.022141619009578353,0.58831042512544,0.59268,0.14421141110271254
25,nonnormal,12,random_061,0.014997060227946146,0.572873135035906,0.57124,0.09767791672907422
25,nonnormal,12,random_062,0.015174720042722897,0.5732986416407962,0.56868,0.09883503954715356
25,nonnormal,12,random_063,0.02764864436202344,0.598481354602425,0.59824,0.18007942494176202
25,nonnormal,12,random_064,0.009236656273280176,0.5573134448965189,0.56094,0.06015961319107813
25,nonnormal,12,random_065,0.023621771514695078,0.5911641555066912,0.591,0.15385184802459068
25,nonnormal,12,random_066,0.017944003169498474,0.579624456542202,0.58132,0.1168717615810065
25,nonnormal,12,random_067,0.013528554480964967,0.5692513466218159,0.56784,0.08811333674542508
25,nonnormal,12,random_068,0.03304664111989461,0.6074507897940197,0.60964,0.21523732054296968
25,nonnormal,12,random_069,0.016453714588986004,0.5762887065107586,0.57608,0.10716530700544037
25,nonnormal,12,random_070,0.037775709291859395,0.6146806738905479,0.61418,0.24603839222543988
25,nonnormal,12,random_071,0.02680575835835401,0.5969990088131613,0.5953,0.17458959242611302
25,nonnormal,12,random_072,0.021519188646492764,0.5870805056130569,0.588,0.1401574365069562
25,nonnormal,12,random_073,0.02483566795585937,0.5934349894767966,0.59308,0.16175812256743843
25,nonnormal,12,random_074,0.008219073572001098,0.5540848769917016,0.555,0.05353195704715821
25,nonnormal,12,random_075,0.013880375025172304,0.5701368187035041,0.5717,0.0904047923572806
25,nonnormal,12,random_076,0.01248510354882887,0.5665530363995285,0.56558,0.08131719725469083
25,nonnormal,12,random_077,0.023268928222316833,0.5904926136894236,0.59252,0.1515537311131769
25,nonnormal,12,random_078,0.018941535229530636,0.5817773134776719,0.58426,0.12336882513969212
25,nonnormal,12,random_079,0.021774654974144096,0.587587534370404,0.58756,0.14182132384888405
25,nonnormal,12,random_080,0.03345283613143498,0.60809283961167,0.60848,0.21788292454201685
25,nonnormal,12,random_081,0.03439387914316225,0.6095643660387747,0.6129,0.22401206715669325
25,nonnormal,12,random_082,0.009341473578100445,0.5576354639784611,0.5577,0.06084230271931794
25,nonnormal,12,random_083,0.010551631092041538,0.5612273409703246,0.55934,0.06872422511471726
25,nonnormal,12,random_084,0.033852593686846524,0.6087206346589327,0.61104,0.22048660050355945
25,nonnormal,12,random_085,0.019601358541819013,0.5831690035734348,0.57908,0.1276663451585493
25,nonnormal,12,random_086,0.03252359496941874,0.6066177640969591,0.60648,0.21183064899833975
25,nonnormal,12,random_087,0.021045204731191355,0.5861313540309778,0.58256,0.13707031405055242
25,nonnormal,12,random_088,0.02375254212754234,0.5914116994743861,0.58798,0.1547035750189587
25,nonnormal,12,random_089,0.030489886434283624,0.6033085563425317,0.60456,0.19858482548847833
25,nonnormal,12,random_090,0.011503821089681144,0.5639075395206735,0.56572,0.07492596958236858
25,nonnormal,12,random_091,0.018659413070216468,0.5811745572426685,0.58286,0.12153132469853471
25,nonnormal,12,random_092,0.021629997516878954,0.5873008154948705,0.58602,0.14087914992611392
25,nonnormal,12,random_093,0.014269341014584791,0.571102413290715,0.57206,0.09293818136464592
25,nonnormal,12,random_094,0.01781818910288188,0.5793485463260679,0.58204,0.11605231725421616
25,nonnormal,12,random_095,0.024303666680749174,0.5924471492923836,0.59346,0.15829312506391827
25,nonnormal,12,random_096,0.015977438592409333,0.5751898191014606,0.56966,0.10406325590832056
25,nonnormal,12,random_097,0.010337867848098009,0.5606088148953103,0.5601,0.06733195569495828
25,nonnormal,12,random_098,0.01349149584354419,0.5691573889912865,0.56686,0.08787196874095886
25,nonnormal,12,random_099,0.022717619709202625,0.58943253130883,0.58384,0.14796298291202928
25,nonnormal,12,random_100,0.04168563984984535,0.6202951014814143,0.61968,0.27150430792188684
25,nonnormal,12,random_101,0.021043264065669615,0.5861274449592895,0.58522,0.13705767422899076
25,nonnormal,12,random_102,0.01446748854510153,0.5715890871998288,0.57228,0.09422874349427043
25,nonnormal,12,random_103,0.007534752411573516,0.5517976540959407,0.55596,0.049074879172680476
25,nonnormal,12,random_104,0.014362807446861506,0.5713324096963552,0.57498,0.09354694109822867
25,nonnormal,12,random_105,0.023919274757273123,0.591726279384798,0.59148,0.15578952757734849
25,nonnormal,12,random_106,0.030083787156261668,0.6026337462632917,0.60002,0.19593984501500877
25,nonnormal,12,random_107,0.017314215225899633,0.5782330468489655,0.5765,0.11276986605102847
25,nonnormal,12,random_108,0.01174682066239267,0.5645731198605536,0.56242,0.07650865923405696
25,nonnormal,12,random_109,0.013511095338348503,0.569207097648575,0.5695,0.08799962294733855
25,nonnormal,12,random_110,0.03238055281000883,0.606388698979091,0.60402,0.21089899573275156
25,nonnormal,12,random_111,0.0378957425349127,0.6148576180168354,0.61716,0.2468201852529715
25,nonnormal,12,random_112,0.009462107536924724,0.5580038001337282,0.55756,0.06162800829131926
25,nonnormal,12,random_113,0.014399546364686853,0.5714226029784626,0.57192,0.09378622672497926
25,nonnormal,12,random_114,0.02096000071479577,0.5859595499049767,0.58688,0.13651536856843974
25,nonnormal,12,random_115,0.022876174582471875,0.5897387809554411,0.59504,0.1489956726173972
25,nonnormal,12,random_116,0.03526726591466621,0.6109108124201923,0.61208,0.2297005553698877
25,nonnormal,12,random_117,0.02546884753815521,0.594596250250288,0.59262,0.1658821083069098
25,nonnormal,12,random_118,0.009581761799796243,0.5583667835979214,0.55526,0.06240733296878262
25,nonnormal,12,random_119,0.02429059498037122,0.5924227344009034,0.59464,0.15820798728080485
25,nonnormal,12,random_120,0.02823934641139636,0.599505941906007,0.60084,0.18392674866476905
25,nonnormal,12,random_121,0.03418055022926011,0.6092326981625023,0.6102,0.2226226265882538
25,nonnormal,12,random_122,0.01785847458731498,0.5794370023463364,0.5796,0.11631470215725973
25,nonnormal,12,random_123,0.02990056394188456,0.6023276945911877,0.59862,0.1947464870098571
25,nonnormal,12,random_124,0.020197325546526826,0.5844051339705028,0.58458,0.1315479602600643
25,nonnormal,12,random_125,0.0076111282558091,0.5520580274183536,0.5514,0.04957232555483573
25,nonnormal,12,random_126,0.025098639548319552,0.5939191604251945,0.59336,0.16347089273172516
25,nonnormal,12,random_127,0.03724610899278648,0.6138963119878604,0.61168,0.24258903260920384
26,normal,0,oracle_t0,0.1288934898936991,0.7048930518100659,0.7067,0.9999999999999998
26,normal,0,oracle_t12,0.0756636763018346,0.6600521525455945,0.66062,0.5870248091213595
26,normal,0,bottom,3.3869258318563936e-32,0.5000000000000001,0.50072,-1.1573455550286404e-18
26,normal,0,random_000,0.03508871372696228,0.6106370246425351,0.61158,0.2722303023674865
26,normal,0,random_001,0.03251218024868231,0.6065995046412584,0.60686,0.25224066999423883
26,normal,0,random_002,0.028146283500930642,0.5993452831455968,0.60346,0.21836854230685668
26,normal,0,random_003,0.039723251397747183,0.6175148663833326,0.6175,0.30818663867746693
26,normal,0,random_004,0.043223014658719396,0.6224235674213308,0.62242,0.3353390050526696
26,normal,0,random_005,0.03774887613743081,0.6146410767395585,0.6137,0.29286875674297447
26,normal,0,random_006,0.022141096859889187,0.5883094010159905,0.58628,0.17177824014346538
26,normal,0,random_007,0.04767315946501573,0.628359953691016,0.62384,0.369864758137379
26,normal,0,random_008,0.033919499912797316,0.6088253165057874,0.61046,0.26315913969566157
26,normal,0,random_009,0.04040858302445936,0.6184941608970324,0.62014,0.3135036770110352
26,normal,0,random_010,0.03862958359913095,0.6159328362307657,0.615,0.2997015879621965
26,normal,0,random_011,0.020224563989225997,0.5844611723582048,0.58194,0.15690911935044652
26,normal,0,random_012,0.038918465128746395,0.6163530566976304,0.61438,0.30194283016809603
26,normal,0,random_013,0.030458887902806434,0.6032572163550881,0.6,0.23631052218328832
26,normal,0,random_014,0.030471335186365956,0.6032778349869715,0.60538,0.23640709248772956
26,normal,0,random_015,0.036298222112496115,0.6124772166198739,0.61442,0.2816140841747085
26,normal,0,random_016,0.04911470666555827,0.6302167887664596,0.62894,0.38104877683166216
26,normal,0,random_017,0.04601148002429946,0.6261805813167698,0.62658,0.35697287785632925
26,normal,0,random_018,0.04941406859912685,0.6305985855296046,0.62822,0.3833713296139281
26,normal,0,random_019,0.03521745607076858,0.6108345105324892,0.61108,0.27322912972418606
26,normal,0,random_020,0.045277425022170935,0.6252039994236808,0.62808,0.35127782682827574
26,normal,0,random_021,0.034152943171019134,0.6091896953933501,0.60578,0.2649702727359288
26,normal,0,random_022,0.031052869109501238,0.6042361618726099,0.60302,0.2409188325578826
26,normal,0,random_023,0.04257848114463909,0.6215363559076666,0.6207,0.3303384925007024
26,normal,0,random_024,0.035068744082922355,0.6106063569625542,0.60962,0.27207537100472795
26,normal,0,random_025,0.053261396849304844,0.6353949485421458,0.6333,0.41322022464618285
26,normal,0,random_026,0.044805875331964826,0.624572043583164,0.62316,0.3476193822427887
26,normal,0,random_027,0.060579956779457225,0.6440087859206153,0.64728,0.47000012824091153
26,normal,0,random_028,0.06746149898388265,0.6515839248778025,0.65252,0.5233894981004812
26,normal,0,random_029,0.029241788661466105,0.6012189450719705,0.60004,0.22686784790746492
26,normal,0,random_030,0.033164885819933806,0.6076381280766179,0.6071,0.2573045841747749
26,normal,0,random_031,0.04819117544867085,0.6290307395530882,0.6289,0.3738837041996071
26,normal,0,random_032,0.030879141990642612,0.6039508844582941,0.60576,0.23957099785341537
26,normal,0,random_033,0.03270858086613743,0.6069131970000697,0.60622,0.253764413494528
26,normal,0,random_034,0.031228567897425882,0.6045238099401776,0.6024,0.24228196414869876
26,normal,0,random_035,0.06416975031490857,0.6480184714453743,0.6477,0.4978509804322202
26,normal,0,random_036,0.04939605482058767,0.6305756477149873,0.62788,0.383231572528027
26,normal,0,random_037,0.034728792698693764,0.6100828366157773,0.6064,0.2694379113121636
26,normal,0,random_038,0.02969435874646036,0.601982054988051,0.60332,0.23037904219173402
26,normal,0,random_039,0.029096857428411463,0.6009732372931907,0.6007,0.2257434215832637
26,normal,0,random_040,0.021086416426952217,0.5862143219924459,0.58548,0.1635956668125177
26,normal,0,random_041,0.0401555313346297,0.6181336285298409,0.61942,0.3115404150182195
26,normal,0,random_042,0.05089309809657933,0.63246627994486,0.63072,0.39484614885167446
26,normal,0,random_043,0.03923138158238698,0.6168063301758356,0.6162,0.3043705435762647
26,normal,0,random_044,0.034413892095194826,0.6095954237641942,0.60862,0.26699480418736904
26,normal,0,random_045,0.03394187541122602,0.6088603005347414,0.60736,0.2633327365037484
26,normal,0,random_046,0.053794171134837074,0.63604369311467,0.63614,0.4173536706873417
26,normal,0,random_047,0.03830965718683928,0.6154654585890479,0.6155,0.29721948888523364
26,normal,0,random_048,0.04727782929480652,0.627845315615962,0.62674,0.36679765078746374
26,normal,0,random_049,0.04291201534380249,0.6219963837653669,0.62562,0.3329261654657101
26,normal,0,random_050,0.030504991725185074,0.6033335637264609,0.60374,0.23666821148487105
26,normal,0,random_051,0.03100584621746388,0.6041590299882527,0.60808,0.2405540127979697
26,normal,0,random_052,0.042285679214503144,0.6211308779300515,0.62306,0.32806683447997986
26,normal,0,random_053,0.02511875607401822,0.5939560874722374,0.59328,0.19487994385701032
26,normal,0,random_054,0.03020024825844278,0.6028277631140566,0.59982,0.23430390691841366
26,normal,0,random_055,0.05669556112288043,0.6395149008521974,0.63848,0.43986365152839224
26,normal,0,random_056,0.03808619210148509,0.6151377416996706,0.61326,0.29548576993993636
26,normal,0,random_057,0.02111022657568429,0.5862622182143441,0.58656,0.1637803941307997
26,normal,0,random_058,0.045797706941845026,0.6258970712620117,0.62488,0.3553143528010241
26,normal,0,random_059,0.05027051837187425,0.6316838273724856,0.6325,0.39001596134400024
26,normal,0,random_060,0.03935519627349656,0.6169851379899562,0.61572,0.30533114050952864
26,normal,0,random_061,0.03796601897581766,0.6149610732241043,0.61668,0.29455342552311187
26,normal,0,random_062,0.03338054408185446,0.607978879347166,0.60688,0.25897773510038413
26,normal,0,random_063,0.02667068574337529,0.5967591758132568,0.5966,0.20692034768684683
26,normal,0,random_064,0.027826844269527,0.5987916616751633,0.59886,0.2158902229466851
26,normal,0,random_065,0.04668164769287705,0.6270646886889305,0.62624,0.36217226899028243
26,normal,0,random_066,0.04112908209892725,0.6195139872728578,0.62032,0.31909355649262955
26,normal,0,random_067,0.07137730254325911,0.6556971532233792,0.6556,0.5537696481189649
26,normal,0,random_068,0.04476267613106529,0.6245139666708008,0.62268,0.3472842279930656
26,normal,0,random_069,0.05711189545662691,0.6400047269165514,0.63838,0.4430937163989287
26,normal,0,random_070,0.04452376243311865,0.6241922132287436,0.6234,0.3454306534010231
26,normal,0,random_071,0.04409905786934579,0.6236178956898873,0.62548,0.34213564940878777
26,normal,0,random_072,0.04431198199297643,0.6239062060794278,0.6269,0.34378758794972
26,normal,0,random_073,0.03645180217140899,0.6127084937506402,0.6119,0.2828056110628354
26,normal,0,random_074,0.046944519010490765,0.627409561828409,0.6259,0.3642117150308119
26,normal,0,random_075,0.0443292865425136,0.6239296038465252,0.6247,0.34392184259323566
26,normal,0,random_076,0.0395764989014512,0.6173039725286661,0.61602,0.30704808236700454
26,normal,0,random_077,0.037468643361210335,0.6142266272452162,0.61578,0.2906946145388058
26,normal,0,random_078,0.03792905363768034,0.6149066688551538,0.6107,0.29426663572350437
26,normal,0,random_079,0.0502483222716719,0.6316558321799519,0.63456,0.3898437563690193
26,normal,0,random_080,0.0331005934883314,0.6075363125883703,0.60684,0.2568057821665786
26,normal,0,random_081,0.03893548787868815,0.6163777657859981,0.61396,0.3020748985134856
26,normal,0,random_082,0.032695582771500774,0.6068924676493065,0.60898,0.2536635698084166
26,normal,0,random_083,0.03261730349897131,0.6067675342880252,0.60666,0.25305625230468515
26,normal,0,random_084,0.0429572558688101,0.6220586307088488,0.6221,0.33327715700954136
26,normal,0,random_085,0.05193592548195644,0.6337650335585853,0.63176,0.402936762165327
26,normal,0,random_086,0.03391569230864245,0.608819362090975,0.6089,0.2631295989938154
26,normal,0,random_087,0.04735501987186469,0.6279459883297165,0.62866,0.36739652181750426
26,normal,0,random_088,0.02243474104732845,0.5888833469112023,0.59108,0.1740564326858618
26,normal,0,random_089,0.04722920353006899,0.6277818507249086,0.62784,0.3664203953901769
26,normal,0,random_090,0.03864139206892904,0.615950046797713,0.61616,0.29979320212989286
26,normal,0,random_091,0.04569646676577415,0.6257625498554661,0.62444,0.35452889671511634
26,normal,0,random_092,0.03598185396832822,0.6119991223641809,0.61082,0.2791595913649566
26,normal,0,random_093,0.03184251188510813,0.6055221940629437,0.605,0.24704515264013144
26,normal,0,random_094,0.03826713903462464,0.615403184822275,0.6193,0.29688961844530903
26,normal,0,random_095,0.03108640716650389,0.6042911363491563,0.60246,0.24117903233236554
26,normal,0,random_096,0.039079695171180505,0.6165868521938783,0.61664,0.3031937082579598
26,normal,0,random_097,0.048595575692894105,0.6295516303717419,0.629,0.3770211803014394
26,normal,0,random_098,0.03178676848115984,0.6054319731303024,0.60506,0.24661267615125476
26,normal,0,random_099,0.020471863843358813,0.5849681541391492,0.58618,0.15882775662480975
26,normal,0,random_100,0.03846388799831203,0.6156910366432324,0.61402,0.29841606453540764
26,normal,0,random_101,0.03641661033593042,0.6126555447785578,0.61162,0.28253258070647236
26,normal,0,random_102,0.04031373268074441,0.6183591686573019,0.6151,0.31276779544096356
26,normal,0,random_103,0.06272103011247306,0.6464160919585827,0.64648,0.48661131112362827
26,normal,0,random_104,0.03543188851045427,0.6111625788556343,0.60884,0.27489277029953657
26,normal,0,random_105,0.030706201466236926,0.6036660450073845,0.60308,0.23822926581909534
26,normal,0,random_106,0.036269398000143976,0.6124337512632758,0.6106,0.28139045680317926
26,normal,0,random_107,0.023426035540743854,0.5907922822732153,0.58976,0.18174723610993657
26,normal,0,random_108,0.02895125704800599,0.6007257376806177,0.60086,0.22461380378390433
26,normal,0,random_109,0.03505905403034967,0.6105914724096236,0.60854,0.27200019224604377
26,normal,0,random_110,0.03194994185846476,0.6056958315145284,0.60454,0.24787863130104149
26,normal,0,random_111,0.031041138772982764,0.6042169263952358,0.60344,0.24082782457502674
26,normal,0,random_112,0.040564780427360114,0.6187160869174979,0.61732,0.3147155101534969
26,normal,0,random_113,0.04897206908347345,0.6300344187203983,0.6334,0.37994214544009647
26,normal,0,random_114,0.05165794127735909,0.633420260886353,0.6339,0.4007800651527268
26,normal,0,random_115,0.01991998025902792,0.5838322803919195,0.58098,0.15454605407500652
26,normal,0,random_116,0.048639508179005635,0.6296080729704756,0.63142,0.3773620236298943
26,normal,0,random_117,0.03932579421448598,0.6169427045597162,0.61878,0.30510302922916216
26,normal,0,random_118,0.047896107914078716,0.6286491450378409,0.62696,0.3715944688407424
26,normal,0,random_119,0.031898197161051814,0.6056122364588639,0.60354,0.24747717815196751
26,normal,0,random_120,0.03009727823495735,0.6026562420610129,0.60404,0.23350503008165224
26,normal,0,random_121,0.05272544016509064,0.6347386522281538,0.63592,0.40906208846214265
26,normal,0,random_122,0.0344224258443062,0.60960866417055,0.60614,0.2670610119463367
26,normal,0,random_123,0.048877400874861456,0.629913217332804,0.62766,0.37920767693676044
26,normal,0,random_124,0.047249689951250555,0.6278085933919925,0.62682,0.36657933608763515
26,normal,0,random_125,0.03836263257333045,0.6155429959380672,0.61432,0.2976304901432093
26,normal,0,random_126,0.040207568543506766,0.6182078688868354,0.62034,0.31194413757177897
26,normal,0,random_127,0.03597109923100929,0.6119828299894505,0.61226,0.2790761524160401
26,normal,12,oracle_t0,0.0527994555583924,0.6348295079318498,0.63452,0.7483421009647334
26,normal,12,oracle_t12,0.070555238694075,0.6548446812174589,0.6573,0.999999999999999
26,normal,12,bottom,1.463501321829261e-32,0.5000000000000001,0.5004,-1.4962096920013086e-17
26,normal,12,random_000,0.02106909068939131,0.586179451930965,0.59028,0.29861837447317147
26,normal,12,random_001,0.013217528007224075,0.5684586130200869,0.56922,0.18733588393818343
26,normal,12,random_002,0.01505731814126522,0.5730177471783502,0.57472,0.21341176672299564
26,normal,12,random_003,0.014484104626203914,0.5716297414646205,0.5766,0.20528744419682948
26,normal,12,random_004,0.01723233337686938,0.578050223125422,0.57574,0.2442388927573209
26,normal,12,random_005,0.016614901564844693,0.5766568619595855,0.5754,0.23548785139663833
26,normal,12,random_006,0.027329746317045815,0.597923381363876,0.59656,0.38735247478286616
26,normal,12,random_007,0.017168220533773787,0.5779067584086017,0.57944,0.24333020271130493
26,normal,12,random_008,0.022977220828454315,0.589933370489275,0.59054,0.32566286010430356
26,normal,12,random_009,0.01986039181023843,0.5837086582854935,0.58136,0.2814871323212776
26,normal,12,random_010,0.022716996584442612,0.5894313255272328,0.59018,0.32197462590896575
26,normal,12,random_011,0.009665727774026606,0.5586201223800215,0.55496,0.1369951821144968
26,normal,12,random_012,0.02413711843577216,0.5921355561895538,0.59126,0.3421024275806056
26,normal,12,random_013,0.015863926725672307,0.5749254236916083,0.57354,0.22484406571789392
26,normal,12,random_014,0.01745695982497762,0.578550692559413,0.5808,0.24742258899683353
26,normal,12,random_015,0.022927627630365224,0.5898379228692378,0.59238,0.3249599612266721
26,normal,12,random_016,0.02007426995740793,0.5841514746636559,0.58492,0.284518489753103
26,normal,12,random_017,0.015339490285479387,0.5736909804995667,0.5775,0.21741107491664602
26,normal,12,random_018,0.028548787147185242,0.600038128447556,0.59874,0.4046302964259215
26,normal,12,random_019,0.041124646995736286,0.6195077395976911,0.61602,0.5828716301854107
26,normal,12,random_020,0.0258423130508434,0.5952740463490743,0.59694,0.3662706487734345
26,normal,12,random_021,0.02121017560832561,0.5864629665083685,0.58424,0.30061801222574214
26,normal,12,random_022,0.014929221520409028,0.5727099700053501,0.57092,0.21159621591164313
26,normal,12,random_023,0.012693479033719798,0.5671008971760232,0.5682,0.1799083848154531
26,normal,12,random_024,0.016788475422355162,0.5770512437239652,0.5807,0.2379479643623541
26,normal,12,random_025,0.02775082435050201,0.5986594144499311,0.59826,0.3933205367049861
26,normal,12,random_026,0.03072538800729008,0.6036976881771318,0.60736,0.43547989597929415
26,normal,12,random_027,0.025096951300702292,0.593916060670161,0.59322,0.35570641904454126
26,normal,12,random_028,0.027487416390356297,0.5981996849159642,0.59874,0.3895871787712424
26,normal,12,random_029,0.018327048105957856,0.580458332639777,0.58066,0.25975460426720787
26,normal,12,random_030,0.02029851614511625,0.5846131174651401,0.5827,0.2876967964509322
26,normal,12,random_031,0.019234211388551845,0.582397692652113,0.58164,0.2726120943612803
26,normal,12,random_032,0.021100868705237565,0.5862433974060168,0.58496,0.29906877357087774
26,normal,12,random_033,0.01789220240824841,0.5795109797302291,0.58028,0.25359140921949597
26,normal,12,random_034,0.011914890232038938,0.5650293403612451,0.5642,0.1688732183828541
26,normal,12,random_035,0.028468939782483375,0.5999010992299127,0.59786,0.40349859641073094
26,normal,12,random_036,0.023242793980312287,0.5904426617144004,0.5911,0.3294269059324169
26,normal,12,random_037,0.008773882986922029,0.5558689108487278,0.55662,0.12435480552996588
26,normal,12,random_038,0.01569585914176287,0.5745321498358743,0.57096,0.22246199477574644
26,normal,12,random_039,0.018868184397248994,0.5816210515081126,0.58448,0.26742428693439424
26,normal,12,random_040,0.020299364754753392,0.5846148593719676,0.58066,0.28770882404311177
26,normal,12,random_041,0.008975969870388708,0.5565043852836947,0.55632,0.12721904193830577
26,normal,12,random_042,0.024268843072458808,0.592382091541798,0.5949,0.3439693993196966
26,normal,12,random_043,0.027182573917938317,0.5976647096591385,0.59978,0.3852665573962688
26,normal,12,random_044,0.014207474931096139,0.5709497492060122,0.57618,0.20136669075274807
26,normal,12,random_045,0.028097636256714277,0.59926118876827,0.59988,0.3982360031201171
26,normal,12,random_046,0.027548764777398618,0.598306965363399,0.6016,0.3904566873743997
26,normal,12,random_047,0.02444796135827236,0.5927161992971225,0.59714,0.3465080950867139
26,normal,12,random_048,0.022130291650025932,0.5882882055543982,0.58818,0.3136590855568084
26,normal,12,random_049,0.029336219727451776,0.6013786888701526,0.60362,0.4157908083147808
26,normal,12,random_050,0.014935266990535384,0.5727245260457765,0.57108,0.21168190012500923
26,normal,12,random_051,0.01556474108348007,0.57422382075693,0.57022,0.220603620249493
26,normal,12,random_052,0.020452564026238386,0.5849287037973738,0.58832,0.28988016205175016
26,normal,12,random_053,0.014261093853626932,0.5710820819092742,0.56808,0.20212664739839536
26,normal,12,random_054,0.01863186789331272,0.5811154530402095,0.57954,0.2640749041201577
26,normal,12,random_055,0.019484247380486784,0.5829237990688162,0.58234,0.2761559274849848
26,normal,12,random_056,0.017299692553230293,0.5782006538083453,0.57826,0.2451935940326291
26,normal,12,random_057,0.01643798318701586,0.5762526755793863,0.5777,0.232980335567857
26,normal,12,random_058,0.022272207470122166,0.588566155689446,0.58604,0.3156704999141685
26,normal,12,random_059,0.017934909983429767,0.5796045489889459,0.58014,0.25419671615306816
26,normal,12,random_060,0.012428232280646065,0.5664026953796727,0.56522,0.17614896513261658
26,normal,12,random_061,0.022997361447694216,0.5899721024159159,0.58844,0.3259483189818113
26,normal,12,random_062,0.025099663306794286,0.5939210400724025,0.5944,0.35574485709878334
26,normal,12,random_063,0.020837879395679403,0.5857126673899361,0.58472,0.29534134929415634
26,normal,12,random_064,0.011974017433937285,0.5651890532666636,0.56194,0.16971124548038438
26,normal,12,random_065,0.02299398393817014,0.589965608456097,0.58714,0.3259004485531006
26,normal,12,random_066,0.021702848356738493,0.5874453350558131,0.58822,0.3076008069484571
26,normal,12,random_067,0.029885091644949117,0.6023018042634535,0.60626,0.42357013027097506
26,normal,12,random_068,0.023576537866532608,0.5910783619509764,0.58614,0.33415715548436614
26,normal,12,random_069,0.019266479014023057,0.5824657874219858,0.57818,0.27306943283916596
26,normal,12,random_070,0.02158065480438919,0.5872027857097328,0.58426,0.305868922050737
26,normal,12,random_071,0.010331360686119435,0.5605898842021078,0.55946,0.14642939174107025
26,normal,12,random_072,0.02627959406618748,0.5960611064216819,0.59362,0.3724683602890898
26,normal,12,random_073,0.03180179687222945,0.6054563049849193,0.60852,0.45073615313132004
26,normal,12,random_074,0.0204651650167392,0.5849544634164773,0.58002,0.29005875956958216
26,normal,12,random_075,0.032165661971163086,0.606043554099935,0.60832,0.455893319426389
26,normal,12,random_076,0.026621778683559354,0.596672178432614,0.59722,0.3773182427883268
26,normal,12,random_077,0.015851182558024667,0.5748956784842171,0.57224,0.22466343890855245
26,normal,12,random_078,0.014787382649901133,0.5723675778720306,0.57202,0.2095858921832677
26,normal,12,random_079,0.02195665782314013,0.5879468582475695,0.58616,0.31119812262762503
26,normal,12,random_080,0.017522454357716637,0.5786959840438344,0.5802,0.24835086213361646
26,normal,12,random_081,0.013678425002032202,0.56962997891396,0.57008,0.19386831162660156
26,normal,12,random_082,0.030814751822119856,0.6038449313702885,0.60744,0.43674647542093237
26,normal,12,random_083,0.02346738043379889,0.5908709681313702,0.59632,0.33261003531647876
26,normal,12,random_084,0.02465184635113099,0.5930949365628254,0.5924,0.3493978166245103
26,normal,12,random_085,0.015431026982019768,0.5739079994735224,0.57456,0.21870845124524546
26,normal,12,random_086,0.013448139940466626,0.5690472964881341,0.56714,0.1906044142062543
26,normal,12,random_087,0.01306230644138148,0.5680593959630499,0.56894,0.18513588336110887
26,normal,12,random_088,0.013438062937372075,0.5690216820435513,0.56938,0.19046158989893047
26,normal,12,random_089,0.01947679994423613,0.5829081798254183,0.5805,0.2760503727963677
26,normal,12,random_090,0.020503085493859746,0.5850319324786432,0.58304,0.2905962175645153
26,normal,12,random_091,0.018884347248672464,0.5816555109855679,0.58276,0.2676533677471392
26,normal,12,random_092,0.030739479370058487,0.6037209214588722,0.60666,0.43567961697846064
26,normal,12,random_093,0.028456931529269792,0.599880473711864,0.59962,0.40332839993154873
26,normal,12,random_094,0.01876574392295714,0.5814022879753581,0.58038,0.2659723681798417
26,normal,12,random_095,0.014015475056917786,0.5704737633674646,0.57132,0.19864542047243824
26,normal,12,random_096,0.01720926977292376,0.5779986458872577,0.5766,0.24391200556407347
26,normal,12,random_097,0.023799744594719154,0.591500875640965,0.58918,0.3373207296188732
26,normal,12,random_098,0.022326828932654186,0.5886728870069908,0.59062,0.3164446658519928
26,normal,12,random_099,0.01779626653355916,0.5793003665955474,0.58188,0.2522316820544414
26,normal,12,random_100,0.018999505421607533,0.5819005864694353,0.57754,0.26928553815810463
26,normal,12,random_101,0.026304582782924794,0.5961058733123868,0.60146,0.3728225326680631
26,normal,12,random_102,0.022507286159289305,0.58902453217924,0.58952,0.3190023388182424
26,normal,12,random_103,0.02568201345823949,0.5949837602634529,0.59366,0.36399867584029816
26,normal,12,random_104,0.016935014936916487,0.5773825560053829,0.57988,0.24002491169147755
26,normal,12,random_105,0.016181649861963986,0.575663036000713,0.57232,0.2293472485030776
26,normal,12,random_106,0.01948071614381764,0.5829163935201545,0.58648,0.2761058782365589
26,normal,12,random_107,0.020379821068899653,0.584779836222396,0.58084,0.28884915487658985
26,normal,12,random_108,0.015603618621588827,0.5743153825010753,0.57028,0.22115464294927195
26,normal,12,random_109,0.021665274204544865,0.5873708282711564,0.58638,0.3070682575178394
26,normal,12,random_110,0.013992935306587892,0.5704176651526711,0.57494,0.19832595800945058
26,normal,12,random_111,0.02269475647662625,0.5893882782756452,0.59108,0.3216594103668174
26,normal,12,random_112,0.01906965940397441,0.5820495061961473,0.58558,0.2702798510350133
26,normal,12,random_113,0.024728227964617655,0.5932363974346121,0.59358,0.35048039553573557
26,normal,12,random_114,0.027661618699124056,0.5985039831597145,0.59998,0.39205619896013433
26,normal,12,random_115,0.014594636460337275,0.5718995669958122,0.56824,0.20685404415707648
26,normal,12,random_116,0.028043600590330932,0.5991676888730874,0.60406,0.39747013984215923
26,normal,12,random_117,0.01878448221797628,0.5814423503756344,0.583,0.2662379515066927
26,normal,12,random_118,0.020127003735861633,0.5842602760958037,0.58316,0.2852659009932854
26,normal,12,random_119,0.0212724734731096,0.5865878415656679,0.58552,0.3015009780541777
26,normal,12,random_120,0.02318632257531488,0.5903346234511023,0.58802,0.3286265202198511
26,normal,12,random_121,0.03009313055660246,0.6026493265576434,0.6029,0.4265187265127849
26,normal,12,random_122,0.027840766342872712,0.598815860255121,0.59374,0.3945953108257383
26,normal,12,random_123,0.029582822734395636,0.60179456546396,0.59994,0.419285984739782
26,normal,12,random_124,0.02207526117931526,0.5881801736018514,0.5892,0.3128791226266384
26,normal,12,random_125,0.015010599428082836,0.5729056536997867,0.57036,0.2127496087592907
26,normal,12,random_126,0.01854732159551079,0.5809337556356802,0.584,0.2628766047540609
26,normal,12,random_127,0.025256539532862658,0.5942085917932691,0.59378,0.3579683096583954
26,nonnormal,0,oracle_t0,0.29500197085784996,0.7923811962605433,0.79008,1.0000000000000018
26,nonnormal,0,oracle_t12,0.25173044521039295,0.7741521938169654,0.77112,0.853317842177036
26,nonnormal,0,bottom,2.839742915259953e-32,0.5000000000000001,0.49932,-2.8267376488053566e-18
26,nonnormal,0,random_000,0.09891464352880633,0.6814511178614024,0.6827,0.3353016362608291
26,nonnormal,0,random_001,0.02488069369094011,0.5935180801492382,0.59242,0.0843407710754895
26,nonnormal,0,random_002,0.054888926888454294,0.6373655312560241,0.6336,0.18606291588100357
26,nonnormal,0,random_003,0.03616844196741591,0.6122813670133413,0.6081,0.12260406892279417
26,nonnormal,0,random_004,0.026305025199081462,0.5961066656909865,0.5942,0.08916898121930474
26,nonnormal,0,random_005,0.028252335772382363,0.599528343631612,0.60164,0.09576998990964747
26,nonnormal,0,random_006,0.04338951346881876,0.6226515746874586,0.62158,0.1470821138673903
26,nonnormal,0,random_007,0.023759236536089027,0.5914243524075354,0.5931,0.0805392467955332
26,nonnormal,0,random_008,0.02706685176026572,0.5974607929060459,0.5996,0.09175142688557913
26,nonnormal,0,random_009,0.020379440763628374,0.5847790572027494,0.58472,0.06908238851546004
26,nonnormal,0,random_010,0.02639528862404045,0.5962681824184872,0.59676,0.08947495688684523
26,nonnormal,0,random_011,0.01650375205179103,0.5764031928382447,0.57504,0.05594454845097823
26,nonnormal,0,random_012,0.036365012438509425,0.6125778614861564,0.61314,0.12327040505106447
26,nonnormal,0,random_013,0.042450947846357646,0.6213599335898514,0.62612,0.14390055674174862
26,nonnormal,0,random_014,0.025698482204534467,0.5950136275626663,0.59078,0.08711291700799387
26,nonnormal,0,random_015,0.02561408911024482,0.5948604672232354,0.59722,0.08682684063350647
26,nonnormal,0,random_016,0.030772562512080708,0.60377544526998,0.6062,0.10431307432487921
26,nonnormal,0,random_017,0.04038191014009119,0.6184562171842528,0.6145,0.13688691645910983
26,nonnormal,0,random_018,0.017300774324905763,0.5782030672032036,0.57776,0.05864630081824899
26,nonnormal,0,random_019,0.06314567319264726,0.6468879458834584,0.6492,0.21405169941415347
26,nonnormal,0,random_020,0.020994124521628,0.5860284004691766,0.58138,0.07116604835072202
26,nonnormal,0,random_021,0.04721478115204868,0.6277630201200665,0.62188,0.16004903633270892
26,nonnormal,0,random_022,0.01936338772954007,0.5826699381795817,0.5784,0.0656381639527099
26,nonnormal,0,random_023,0.02982084919783311,0.6021942285853196,0.60074,0.10108694905025799
26,nonnormal,0,random_024,0.056130137554016975,0.6388464100409865,0.6379,0.19027038155302362
26,nonnormal,0,random_025,0.03530696854210709,0.6109715897870135,0.60894,0.11968383953312704
26,nonnormal,0,random_026,0.0896314930102401,0.6733122283078559,0.67374,0.3038335396526221
26,nonnormal,0,random_027,0.031202815240626396,0.6044817028242868,0.6036,0.10577154840657611
26,nonnormal,0,random_028,0.02690049889160337,0.5971668466786509,0.60114,0.09118752262358856
26,nonnormal,0,random_029,0.031616500709990024,0.6051558679610609,0.6021,0.10717386266285267
26,nonnormal,0,random_030,0.02211851830528456,0.5882651048180171,0.5892,0.07497752723808974
26,nonnormal,0,random_031,0.08927833830940957,0.6729927595008979,0.67338,0.30263641307138744
26,nonnormal,0,random_032,0.03725761193608518,0.6139134123679572,0.61656,0.12629614584520266
26,nonnormal,0,random_033,0.053837142696591817,0.6360958611919267,0.63452,0.1824975695587266
26,nonnormal,0,random_034,0.039310167037917995,0.6169201441896786,0.61578,0.13325391326575275
26,nonnormal,0,random_035,0.03829911413698561,0.615450020322551,0.61408,0.1298266381936836
26,nonnormal,0,random_036,0.04638877921295575,0.6266791948428707,0.62528,0.1572490484658788
26,nonnormal,0,random_037,0.02464835351562783,0.5930884622073238,0.59404,0.08355318252265154
26,nonnormal,0,random_038,0.03523291864343613,0.6108582033146931,0.61098,0.11943282460446193
26,nonnormal,0,random_039,0.043507447166119866,0.6228127854158072,0.62646,0.14748188644164853
26,nonnormal,0,random_040,0.02363482704740416,0.591188901526381,0.59282,0.0801175225327322
26,nonnormal,0,random_041,0.01506446035434041,0.5730348678326707,0.57062,0.05106562613983148
26,nonnormal,0,random_042,0.024445098615258384,0.592710869619208,0.59668,0.08286418746347148
26,nonnormal,0,random_043,0.03607896575572405,0.6121461181876663,0.61122,0.12230076175697539
26,nonnormal,0,random_044,0.040389956718278955,0.6184676653442749,0.61896,0.13691419281310965
26,nonnormal,0,random_045,0.048257175914808936,0.6291159169812582,0.62916,0.1635825542943992
26,nonnormal,0,random_046,0.02448361425287197,0.5927825480899859,0.59172,0.08299474807464832
26,nonnormal,0,random_047,0.02062762795276459,0.5852858386790509,0.58282,0.06992369540034114
26,nonnormal,0,random_048,0.08909772858299848,0.6728290840186572,0.67046,0.3020241808009188
26,nonnormal,0,random_049,0.01833999409631198,0.5804863563903242,0.57838,0.06216905616928687
26,nonnormal,0,random_050,0.03394247828042062,0.6088612429472969,0.60794,0.11505847971699226
26,nonnormal,0,random_051,0.058043948063055184,0.6410940486034679,0.64616,0.19675783146216466
26,nonnormal,0,random_052,0.01999193738397151,0.583981305314915,0.58066,0.0677688265127045
26,nonnormal,0,random_053,0.050054447521954884,0.6314110113844594,0.63512,0.16967495971772423
26,nonnormal,0,random_054,0.030467185847790866,0.6032709622054984,0.60108,0.1032779061075218
26,nonnormal,0,random_055,0.031943293323988105,0.6056850946791663,0.60532,0.10828162683489459
26,nonnormal,0,random_056,0.025188882641198056,0.5940846938079322,0.59086,0.08538547240193066
26,nonnormal,0,random_057,0.029006057739351804,0.6008189685764554,0.59514,0.09832496255873746
26,nonnormal,0,random_058,0.054488161504088105,0.6368833677422491,0.6374,0.1847043982304238
26,nonnormal,0,random_059,0.04386652679901283,0.6233021611044075,0.62306,0.14869909740416778
26,nonnormal,0,random_060,0.039734670095067454,0.617531258063146,0.6186,0.13469289706614912
26,nonnormal,0,random_061,0.0294895333432177,0.6016374583839244,0.6005,0.09996385196161149
26,nonnormal,0,random_062,0.012456463892489889,0.5664773706498714,0.57024,0.0422250192304383
26,nonnormal,0,random_063,0.020757637471417213,0.5855500364350112,0.58204,0.07036440268875203
26,nonnormal,0,random_064,0.02640709869506845,0.5962892936190106,0.59754,0.0895149907584619
26,nonnormal,0,random_065,0.0326818242384652,0.6068705207320795,0.60338,0.11078510473482009
26,nonnormal,0,random_066,0.02690907734590347,0.597182028378761,0.59974,0.09121660193541538
26,nonnormal,0,random_067,0.01542621461327184,0.5738966067242345,0.5694,0.05229190357072277
26,nonnormal,0,random_068,0.040784199858883,0.6190270529703344,0.61312,0.13825060131050926
26,nonnormal,0,random_069,0.03256984998383303,0.6066917203378809,0.60562,0.11040553352617163
26,nonnormal,0,random_070,0.027448656466094193,0.5981318395638043,0.59878,0.09304567147899055
26,nonnormal,0,random_071,0.05304453231488679,0.6351298381096318,0.63814,0.179810772655641
26,nonnormal,0,random_072,0.030476138950102736,0.6032857911049239,0.60418,0.10330825540412424
26,nonnormal,0,random_073,0.029268976562646265,0.6012649654837573,0.60308,0.0992162068529023
26,nonnormal,0,random_074,0.036964963856968854,0.6134774660581113,0.61364,0.1253041250859334
26,nonnormal,0,random_075,0.06621426967137048,0.6502450013080586,0.64928,0.22445365188179264
26,nonnormal,0,random_076,0.026378337839848953,0.5962378731430161,0.59166,0.08941749698533269
26,nonnormal,0,random_077,0.07165361445183452,0.6559824061305102,0.65142,0.24289198558053607
26,nonnormal,0,random_078,0.03796933293025592,0.6149659491888764,0.62038,0.12870874326650494
26,nonnormal,0,random_079,0.03382394700077524,0.6086757798610045,0.61028,0.11465668145340542
26,nonnormal,0,random_080,0.05190508430632109,0.6337268333778153,0.6315,0.175948262838326
26,nonnormal,0,random_081,0.031245617579345953,0.6045516769552199,0.60434,0.10591664011086237
26,nonnormal,0,random_082,0.031228273150426922,0.6045233281165538,0.60256,0.10585784582935774
26,nonnormal,0,random_083,0.0281514603394678,0.5993542275708637,0.5973,0.0954280415741119
26,nonnormal,0,random_084,0.05565795505106643,0.6382852448635152,0.63644,0.18866977359241424
26,nonnormal,0,random_085,0.02268895232544338,0.5893770402961183,0.5874,0.0769111889641454
26,nonnormal,0,random_086,0.014288750573633891,0.5711502389489552,0.567,0.0484361190268763
26,nonnormal,0,random_087,0.03429278640596255,0.6094073331283574,0.60826,0.11624595695493496
26,nonnormal,0,random_088,0.021675961146481168,0.5873920265831123,0.58916,0.07347734350197276
26,nonnormal,0,random_089,0.042538115447110204,0.6214805476468808,0.62182,0.14419603816005602
26,nonnormal,0,random_090,0.017304768277379725,0.578211976892893,0.57584,0.05865983954974405
26,nonnormal,0,random_091,0.01933787396660573,0.5826162419305256,0.58206,0.0655516771985362
26,nonnormal,0,random_092,0.019155900987533496,0.5822321850409147,0.5783,0.06493482376347925
26,nonnormal,0,random_093,0.024198843959625016,0.5922511695420337,0.58876,0.08202943149585105
26,nonnormal,0,random_094,0.029455911327144688,0.6015807711648651,0.59922,0.0998498797872045
26,nonnormal,0,random_095,0.029028470005847955,0.6008570709116886,0.6002,0.09840093583590223
26,nonnormal,0,random_096,0.04996201413073653,0.6312941027911887,0.6334,0.16936162828149853
26,nonnormal,0,random_097,0.03333152833191577,0.6079015360542802,0.60734,0.1129874767785094
26,nonnormal,0,random_098,0.044753233545223786,0.6245012679710382,0.62282,0.1517048629034031
26,nonnormal,0,random_099,0.04255614460107532,0.6215054777349278,0.62392,0.14425715352790486
26,nonnormal,0,random_100,0.06583159322303554,0.6498312888514313,0.64964,0.22315645224877956
26,nonnormal,0,random_101,0.04658579597468517,0.626938669439099,0.62828,0.15791689743365525
26,nonnormal,0,random_102,0.042599859856200684,0.621565901656258,0.61794,0.14440533984340043
26,nonnormal,0,random_103,0.04134000028891098,0.619810681252738,0.6152,0.140134657977696
26,nonnormal,0,random_104,0.013423749595468389,0.5689852823571758,0.56942,0.045503931910803395
26,nonnormal,0,random_105,0.042156615279654475,0.620951659409307,0.62194,0.14290282589321474
26,nonnormal,0,random_106,0.0479396564608336,0.6287055457281676,0.63248,0.16250622435310422
26,nonnormal,0,random_107,0.031202343762381103,0.6044809317561767,0.59826,0.1057699501859137
26,nonnormal,0,random_108,0.022681658463837833,0.5893629158014688,0.5912,0.07688646417473353
26,nonnormal,0,random_109,0.022416545310353444,0.5888478972747886,0.59078,0.07598778152283989
26,nonnormal,0,random_110,0.04064832995262366,0.6188346031124147,0.61812,0.13779002843411706
26,nonnormal,0,random_111,0.020253056169154127,0.5845197478904798,0.58568,0.06865396902352672
26,nonnormal,0,random_112,0.057771772841046475,0.6407769759509818,0.64292,0.19583520975486823
26,nonnormal,0,random_113,0.019279711951880732,0.5824936958515157,0.5807,0.0653545191437752
26,nonnormal,0,random_114,0.02706068133150751,0.5974499068716272,0.59414,0.09173051031766508
26,nonnormal,0,random_115,0.042447493508997895,0.6213551510199852,0.6215,0.1438888472018099
26,nonnormal,0,random_116,0.03501126832183618,0.6105180379672712,0.61698,0.1186814726017773
26,nonnormal,0,random_117,0.03773464396697328,0.6146200684122362,0.61404,0.12791319277373983
26,nonnormal,0,random_118,0.04176708409016571,0.6204089270374742,0.62034,0.14158239000474923
26,nonnormal,0,random_119,0.05628427303568048,0.639029016560675,0.63688,0.1907928712205173
26,nonnormal,0,random_120,0.024253085151520484,0.5923526362878443,0.58858,0.08221329871456064
26,nonnormal,0,random_121,0.028736890368455996,0.6003601358007604,0.60312,0.09741253688878992
26,nonnormal,0,random_122,0.031336679555771366,0.6047003764523136,0.60488,0.10622532271444166
26,nonnormal,0,random_123,0.03244502840523672,0.6064920160894086,0.6024,0.10998241235774918
26,nonnormal,0,random_124,0.036036955958830316,0.6120825552290269,0.60928,0.12215835661720097
26,nonnormal,0,random_125,0.02230210235638674,0.588624587838199,0.5859,0.07559984189777937
26,nonnormal,0,random_126,0.03461819006450385,0.6099119148625489,0.6124,0.11734901283485008
26,nonnormal,0,random_127,0.044364907227199574,0.623977751357672,0.6188,0.15038851129770028
26,nonnormal,12,oracle_t0,0.11919067309329784,0.6977220356853046,0.69976,0.8723060931324009
26,nonnormal,12,oracle_t12,0.13663858825666453,0.710371335768812,0.7122,0.9999999999999994
26,nonnormal,12,bottom,1.8757905216929967e-32,0.5000000000000001,0.49868,-2.5203792590472864e-17
26,nonnormal,12,random_000,0.04754647439239733,0.6281952939774443,0.63094,0.3479725237140558
26,nonnormal,12,random_001,0.028217649826770844,0.5994685112955637,0.59788,0.20651303695970766
26,nonnormal,12,random_002,0.04319796016597913,0.6223892155397435,0.62294,0.3161475884457707
26,nonnormal,12,random_003,0.027555758682438976,0.5983191876064043,0.59538,0.20166893579636308
26,nonnormal,12,random_004,0.02141236749712397,0.5868675604264086,0.5852,0.15670805568411286
26,nonnormal,12,random_005,0.015029780090699284,0.5729516961751814,0.57648,0.10999659966090294
26,nonnormal,12,random_006,0.028608258235946836,0.6001400566724397,0.6036,0.20937173459527056
26,nonnormal,12,random_007,0.018539338710130825,0.5809165774443399,0.57896,0.13568157389994517
26,nonnormal,12,random_008,0.02263083263670148,0.5892644257270185,0.5895,0.16562548636839897
26,nonnormal,12,random_009,0.02483853565375032,0.5934402839081819,0.59704,0.1817827304179485
26,nonnormal,12,random_010,0.013712458263123943,0.5697156621031771,0.57146,0.10035567871475805
26,nonnormal,12,random_011,0.01001070072506103,0.5596493428263595,0.56312,0.07326408193164831
26,nonnormal,12,random_012,0.019682717138542853,0.5833389003012124,0.58348,0.14404947672300636
26,nonnormal,12,random_013,0.023577926559321484,0.5910809971395857,0.5957,0.17255686596404413
26,nonnormal,12,random_014,0.024232371839668733,0.592313902890519,0.59298,0.17734647400008394
26,nonnormal,12,random_015,0.01756766725756264,0.5787961186414412,0.5806,0.1285703217641798
26,nonnormal,12,random_016,0.019527415813918453,0.5830142733760935,0.58004,0.14291289205387406
26,nonnormal,12,random_017,0.017497695543089203,0.5786410929218759,0.5795,0.12805822839900238
26,nonnormal,12,random_018,0.014779112276572276,0.5723475613459725,0.57042,0.10816206801559533
26,nonnormal,12,random_019,0.02031801374115485,0.5846531297877433,0.58546,0.14869894369070255
26,nonnormal,12,random_020,0.01703850863749038,0.5776156499813615,0.57606,0.12469763377154423
26,nonnormal,12,random_021,0.03438958610395885,0.6095577024835884,0.6091,0.2516828265186755
26,nonnormal,12,random_022,0.016797110771075513,0.5770708089603843,0.57636,0.12293094495036425
26,nonnormal,12,random_023,0.01601047884663516,0.5752665945627432,0.5744,0.11717391880952957
26,nonnormal,12,random_024,0.031125252274364135,0.6043547703253987,0.5991,0.2277925487337286
26,nonnormal,12,random_025,0.027157437771043184,0.5976204558738355,0.59298,0.19875379362109719
26,nonnormal,12,random_026,0.04597289267799959,0.6261294598504068,0.62708,0.33645614510919286
26,nonnormal,12,random_027,0.026999956891206132,0.5973427048867592,0.59888,0.1976012577097831
26,nonnormal,12,random_028,0.01984014039673432,0.583666600630899,0.58702,0.1452015909258827
26,nonnormal,12,random_029,0.01693923131458898,0.5773920667791478,0.5784,0.12397106506084501
26,nonnormal,12,random_030,0.01586772023238875,0.5749342754414882,0.57416,0.11612912892939524
26,nonnormal,12,random_031,0.038373989960039705,0.6155596115890997,0.61568,0.2808429920832997
26,nonnormal,12,random_032,0.026494898643033584,0.596446084659959,0.59442,0.19390495013945144
26,nonnormal,12,random_033,0.027859272502884974,0.5988480166903978,0.59672,0.20389022499671597
26,nonnormal,12,random_034,0.02205771138608537,0.5881456913612817,0.59042,0.16143105448844167
26,nonnormal,12,random_035,0.027622669039660423,0.5984360340569546,0.59832,0.2021586243834242
26,nonnormal,12,random_036,0.024004305162945994,0.5918862642304662,0.59302,0.17567735051430597
26,nonnormal,12,random_037,0.019939668263637373,0.5838730826286603,0.5865,0.14592999326209596
26,nonnormal,12,random_038,0.02023883848693625,0.5844905239148741,0.58514,0.148119493513203
26,nonnormal,12,random_039,0.024867895958254366,0.5934944712432055,0.59424,0.18199760606090304
26,nonnormal,12,random_040,0.02527116184111758,0.5942353461215255,0.59352,0.18494893838955465
26,nonnormal,12,random_041,0.01101317343465815,0.5625413014792182,0.56012,0.08060075543206574
26,nonnormal,12,random_042,0.014456232922530505,0.5715615345750925,0.57226,0.1057990506706322
26,nonnormal,12,random_043,0.014142837307466238,0.5707898790651993,0.56624,0.10350544079758829
26,nonnormal,12,random_044,0.029054669606460047,0.6009015921053846,0.6002,0.21263883048823068
26,nonnormal,12,random_045,0.021548579075175392,0.5871389974202772,0.58768,0.1577049305771377
26,nonnormal,12,random_046,0.015282460862978551,0.57355543396846,0.57418,0.11184586329501353
26,nonnormal,12,random_047,0.016793091845753835,0.5770617038717016,0.57776,0.12290153213680285
26,nonnormal,12,random_048,0.03683854575987437,0.6132885678970635,0.61268,0.26960572580474945
26,nonnormal,12,random_049,0.014373992751798046,0.5713598819841978,0.5749,0.10519716966628533
26,nonnormal,12,random_050,0.028694825050788852,0.6002882232646065,0.59756,0.21000528047675623
26,nonnormal,12,random_051,0.027530610932594304,0.5982752328062613,0.5972,0.20148489005814577
26,nonnormal,12,random_052,0.011171435635844405,0.5629853403153668,0.55928,0.0817590095036679
26,nonnormal,12,random_053,0.018844425086325875,0.5815703683042448,0.58052,0.13791437197029685
26,nonnormal,12,random_054,0.012892903182000107,0.5676209081150762,0.56714,0.09435770192371887
26,nonnormal,12,random_055,0.011047151085648025,0.5626369073870422,0.56014,0.08084942347982141
26,nonnormal,12,random_056,0.015051591477449344,0.5730040167154616,0.5751,0.11015622796962846
26,nonnormal,12,random_057,0.013789878602652822,0.5699101705543013,0.56528,0.10092228541434903
26,nonnormal,12,random_058,0.027227690164516916,0.5977440852538252,0.5976,0.19926794115709023
26,nonnormal,12,random_059,0.03451797210738236,0.609756786916834,0.61226,0.2526224293428964
26,nonnormal,12,random_060,0.020533610176642774,0.5850942379871328,0.58322,0.15027680275847147
26,nonnormal,12,random_061,0.013368933850478115,0.5688456974148726,0.56766,0.09784156892316286
26,nonnormal,12,random_062,0.020906864097747502,0.5858522208228474,0.58658,0.15300849024051416
26,nonnormal,12,random_063,0.0185155431099824,0.5808653493576944,0.5824,0.13550742397310528
26,nonnormal,12,random_064,0.015096559241819244,0.5731117605671995,0.57078,0.11048532800603574
26,nonnormal,12,random_065,0.015008838384054608,0.5729014248545066,0.5691,0.10984333617280735
26,nonnormal,12,random_066,0.012911127893119437,0.5676682231915258,0.57096,0.0944910808714367
26,nonnormal,12,random_067,0.01322578576643123,0.5684797835024769,0.56592,0.09679392867838811
26,nonnormal,12,random_068,0.022625580103182632,0.5892542407658216,0.5881,0.16558704529852353
26,nonnormal,12,random_069,0.026661118401864296,0.5967421637884708,0.59722,0.1951214422076985
26,nonnormal,12,random_070,0.023381205598134572,0.5907068811724978,0.58726,0.17111714850430731
26,nonnormal,12,random_071,0.03422933613352259,0.6093086449460257,0.60968,0.2505100248051856
26,nonnormal,12,random_072,0.017232368149779544,0.5780503008611554,0.57772,0.12611640949780545
26,nonnormal,12,random_073,0.015806028118634873,0.5747901870950953,0.57356,0.11567763045783618
26,nonnormal,12,random_074,0.031926388834718114,0.6056577899268263,0.60822,0.23365572816624078
26,nonnormal,12,random_075,0.03602883872066551,0.6120702688183728,0.60952,0.2636798226646504
26,nonnormal,12,random_076,0.015196828946692059,0.5733514132835116,0.57204,0.11121915954039312
26,nonnormal,12,random_077,0.04288927347489868,0.6219650793840656,0.62408,0.3138884411944789
26,nonnormal,12,random_078,0.017630251980943035,0.5789345064469877,0.5788,0.1290283528678299
26,nonnormal,12,random_079,0.019943577699856777,0.5838811822013519,0.58626,0.14595860477125516
26,nonnormal,12,random_080,0.024697623176221088,0.5931797442433989,0.59166,0.18075145163113507
26,nonnormal,12,random_081,0.025487482545448262,0.5946301946924349,0.59558,0.18653209807446253
26,nonnormal,12,random_082,0.012372068316756494,0.5662538767133087,0.56354,0.0905459319699393
26,nonnormal,12,random_083,0.01869419772669767,0.5812491304224804,0.58396,0.13681492150359553
26,nonnormal,12,random_084,0.031256688781451346,0.6045697680295206,0.60472,0.2287544769032462
26,nonnormal,12,random_085,0.015672825359340788,0.5744780818255725,0.56962,0.11470277583592015
26,nonnormal,12,random_086,0.01462955828000869,0.5719845971169278,0.57566,0.10706754560818683
26,nonnormal,12,random_087,0.029997241055817095,0.6024893060776572,0.60478,0.2195371120160412
26,nonnormal,12,random_088,0.008341255991743814,0.5544829090200787,0.56022,0.061046122461946364
26,nonnormal,12,random_089,0.013862067906171558,0.5700910301645774,0.57564,0.10145060837523273
26,nonnormal,12,random_090,0.008959385502880049,0.5564525113891823,0.55946,0.0655699507524958
26,nonnormal,12,random_091,0.01588402521543059,0.5749723089365686,0.57642,0.11624845819977098
26,nonnormal,12,random_092,0.007751271331528731,0.5525323569045917,0.54876,0.05672827442397598
26,nonnormal,12,random_093,0.03083004921034492,0.6038701137137673,0.60642,0.2256320824424295
26,nonnormal,12,random_094,0.017292352788751065,0.57818427697913,0.57872,0.12655541168406081
26,nonnormal,12,random_095,0.0260327864215716,0.5956177382378764,0.59498,0.19052294636322728
26,nonnormal,12,random_096,0.030072859055128933,0.6026155201728728,0.60358,0.22009052815036034
26,nonnormal,12,random_097,0.017350171534773185,0.578313187255878,0.57386,0.12697856261645712
26,nonnormal,12,random_098,0.028028472502671,0.5991414950328677,0.5991,0.2051285281872334
26,nonnormal,12,random_099,0.02749780550626132,0.5982178613863884,0.5969,0.20124480102655118
26,nonnormal,12,random_100,0.03340158642320016,0.6080120639030162,0.60822,0.24445207499112892
26,nonnormal,12,random_101,0.030483122535652545,0.6032973563052457,0.60348,0.22309307293480263
26,nonnormal,12,random_102,0.0195722094761892,0.5831080436104146,0.5835,0.1432407179107002
26,nonnormal,12,random_103,0.028113064903971932,0.599287867976178,0.59872,0.20574762417161252
26,nonnormal,12,random_104,0.022095438733147267,0.5882198011519861,0.58978,0.1617071649748223
26,nonnormal,12,random_105,0.0457811249071886,0.6258750493640661,0.62384,0.3350526779535548
26,nonnormal,12,random_106,0.01393240712426789,0.5702667881436551,0.57582,0.10196539134389317
26,nonnormal,12,random_107,0.02044629578969836,0.5849158868413028,0.58302,0.14963778571315184
26,nonnormal,12,random_108,0.018819760154662517,0.5815177179896116,0.58298,0.13773385977401284
26,nonnormal,12,random_109,0.03167717099549971,0.6052543416531012,0.60174,0.23183180827363864
26,nonnormal,12,random_110,0.03285143260448711,0.6071407260809479,0.6037,0.24042573202511686
26,nonnormal,12,random_111,0.016316759532351816,0.5759744252489609,0.57868,0.11941545752582053
26,nonnormal,12,random_112,0.02269491953806849,0.5893885939728899,0.59218,0.16609451127698943
26,nonnormal,12,random_113,0.010560639478367604,0.5612532653478952,0.56096,0.07728885092496926
26,nonnormal,12,random_114,0.017568985428094215,0.5787990360293398,0.57868,0.12857996889643136
26,nonnormal,12,random_115,0.0189570505981977,0.5818103259966226,0.5829,0.13873863042692167
26,nonnormal,12,random_116,0.017119186349379357,0.5777968471999877,0.581,0.1252880798008711
26,nonnormal,12,random_117,0.015229620535834551,0.573429610324617,0.57504,0.1114591473034465
26,nonnormal,12,random_118,0.013235310156225581,0.5685041928057568,0.56718,0.0968636336564318
26,nonnormal,12,random_119,0.02898983100210969,0.6007913722624416,0.60012,0.21216430418363683
26,nonnormal,12,random_120,0.02982493351083304,0.6022010715542193,0.59996,0.21827606601737795
26,nonnormal,12,random_121,0.01588390664843699,0.5749720324366199,0.57612,0.11624759045812413
26,nonnormal,12,random_122,0.010055765517962958,0.5597824454098675,0.55954,0.07359389207881752
26,nonnormal,12,random_123,0.023244743094062208,0.5904463881942142,0.59268,0.17011843718993078
26,nonnormal,12,random_124,0.021922711614490505,0.5878799579378441,0.58504,0.1604430482940182
26,nonnormal,12,random_125,0.018356721018764833,0.5805225493519792,0.5788,0.13434507230331746
26,nonnormal,12,random_126,0.01766416313079617,0.579009384372604,0.5793,0.12927653422191
26,nonnormal,12,random_127,0.02418599722575919,0.5922271201315955,0.59198,0.17700707782729527
27,normal,0,oracle_t0,0.13278391247034094,0.7076707774922674,0.707,1.0000000000000007
27,normal,0,oracle_t12,0.07154260803089882,0.6558678845889407,0.65596,0.5387897276101038
27,normal,0,bottom,1.245634080533791e-32,0.5000000000000001,0.50114,-2.938841878822958e-17
27,normal,0,random_000,0.04728616439127728,0.627856190708383,0.62882,0.356113654971865
27,normal,0,random_001,0.0368871164396611,0.6133611852983639,0.61186,0.27779808376937487
27,normal,0,random_002,0.06681150272604466,0.6508879355086026,0.64892,0.5031596183834991
27,normal,0,random_003,0.027208804039292107,0.5977108663116706,0.59738,0.20491039564276717
27,normal,0,random_004,0.03922918233559237,0.6168031513451233,0.61936,0.2954362588491641
27,normal,0,random_005,0.03207813260722858,0.6059026153371097,0.60178,0.2415814687972362
27,normal,0,random_006,0.03532984839109611,0.6110065978444459,0.61234,0.2660702470187231
27,normal,0,random_007,0.04988296641326354,0.6311940287622442,0.62988,0.37567025617207656
27,normal,0,random_008,0.053884129677614356,0.6361528773360619,0.63592,0.40580314795024675
27,normal,0,random_009,0.041209855269496144,0.619627707116001,0.619,0.31035277167857916
27,normal,0,random_010,0.04378851614926299,0.6231960310204846,0.62376,0.32977275134172424
27,normal,0,random_011,0.05129458424119629,0.6329680387767829,0.6309,0.3863011963339584
27,normal,0,random_012,0.045206262863046645,0.6251088631768209,0.62932,0.3404498483439707
27,normal,0,random_013,0.034772847964030025,0.6101508364794834,0.6104,0.26187545853340505
27,normal,0,random_014,0.0515192644935929,0.6332478784213762,0.63498,0.38799327068405537
27,normal,0,random_015,0.0418408827456369,0.6205119624101315,0.62442,0.31510506029849555
27,normal,0,random_016,0.03896698130879757,0.6164234640649897,0.61986,0.29346161431642853
27,normal,0,random_017,0.039572433292269685,0.6172981238995516,0.61814,0.29802129306220554
27,normal,0,random_018,0.04309610048518256,0.6222494444233421,0.61978,0.32455814626496016
27,normal,0,random_019,0.04948413049913156,0.630687754585935,0.63252,0.3726666098213105
27,normal,0,random_020,0.0498300448981358,0.6311269810843905,0.63152,0.37527170250587427
27,normal,0,random_021,0.052067470138279746,0.6339278239680542,0.6336,0.3921218253748152
27,normal,0,random_022,0.037893217964004224,0.6148538996143973,0.6134,0.2853750673483748
27,normal,0,random_023,0.0506896373825224,0.6322111617326537,0.63464,0.38174532169960446
27,normal,0,random_024,0.04829423440988279,0.6291637148131163,0.6273,0.3637054633457195
27,normal,0,random_025,0.03194417217095855,0.6056865140132994,0.60344,0.2405726083579118
27,normal,0,random_026,0.03567788594938873,0.6115376222279709,0.60976,0.26869132928552525
27,normal,0,random_027,0.03653469634308057,0.6128331055633827,0.61356,0.27514399646298354
27,normal,0,random_028,0.03762848990571293,0.6144632369933171,0.61464,0.2833813916585548
27,normal,0,random_029,0.01763836790202136,0.5789524337153023,0.57738,0.13283512719179089
27,normal,0,random_030,0.03961616532714249,0.6173610179649242,0.61692,0.2983506404512015
27,normal,0,random_031,0.044712618990840065,0.6244466313656711,0.62414,0.3367322001513342
27,normal,0,random_032,0.04093357129387339,0.6192382233154949,0.6204,0.30827206799631285
27,normal,0,random_033,0.036958245317364684,0.6134674358012607,0.6137,0.2783337576803201
27,normal,0,random_034,0.043668566506399026,0.6230326419676943,0.62074,0.3288694066470817
27,normal,0,random_035,0.03968083865577191,0.6174539598921104,0.6171,0.29883769741033334
27,normal,0,random_036,0.014359377394800631,0.5713239829146812,0.57312,0.10814094213414593
27,normal,0,random_037,0.027413405494773196,0.5980700921053019,0.59596,0.20645125591472804
27,normal,0,random_038,0.04787100231385044,0.6286166173091108,0.62946,0.3605180885488903
27,normal,0,random_039,0.039672899092539224,0.6174425544041682,0.61806,0.29877790429921797
27,normal,0,random_040,0.025715219279520193,0.5950439711254969,0.59484,0.1936621598287673
27,normal,0,random_041,0.03293105625722543,0.6072673172208398,0.60758,0.2480048647804457
27,normal,0,random_042,0.05658236872980771,0.6393813771893958,0.64192,0.42612367475198604
27,normal,0,random_043,0.04180298274377338,0.6204590600425457,0.62246,0.3148196341413773
27,normal,0,random_044,0.027577820599145556,0.5983577312587174,0.6016,0.20768947145841518
27,normal,0,random_045,0.05605115281667506,0.638752726245113,0.63668,0.4221230702868079
27,normal,0,random_046,0.04867818029092229,0.629657733864393,0.62932,0.3665969723688873
27,normal,0,random_047,0.027899438046560372,0.5989177695977349,0.59806,0.21011158300364205
27,normal,0,random_048,0.034019378920685336,0.6089813811943233,0.6051,0.25620105845490926
27,normal,0,random_049,0.036656041608659484,0.6130152439333826,0.61104,0.27605785163806745
27,normal,0,random_050,0.04777319461220391,0.6284898039090994,0.62908,0.3597814955397909
27,normal,0,random_051,0.05185681398131922,0.6336670198321862,0.6291,0.3905353669474243
27,normal,0,random_052,0.038282698762476794,0.6154259785722074,0.61572,0.28830826001627097
27,normal,0,random_053,0.03847437814004252,0.6157063616680969,0.61512,0.2897518036956194
27,normal,0,random_054,0.03821559602915553,0.6153276424933092,0.61828,0.28780290713072276
27,normal,0,random_055,0.05348035501999231,0.6356620059050901,0.63672,0.4027623077602709
27,normal,0,random_056,0.01695175276705821,0.5774203038539163,0.57024,0.1276642060900609
27,normal,0,random_057,0.027881380020083283,0.5988864159953307,0.59928,0.2099755874139571
27,normal,0,random_058,0.037237583440100676,0.6138836359770184,0.6134,0.2804374622446692
27,normal,0,random_059,0.04509647881178616,0.6249619316190729,0.62528,0.33962306105311585
27,normal,0,random_060,0.03928531416496873,0.6168842549710605,0.61764,0.29585898949726797
27,normal,0,random_061,0.023492641690946905,0.5909190083817851,0.58762,0.1769238551107938
27,normal,0,random_062,0.05653860947523508,0.6393297176798888,0.64026,0.4257941223705376
27,normal,0,random_063,0.026206545043129276,0.5959301108356231,0.598,0.1973623502695243
27,normal,0,random_064,0.021823970946638554,0.5876850528368436,0.58758,0.1643570410045964
27,normal,0,random_065,0.0341471057499777,0.6091806002033446,0.60728,0.2571629733956283
27,normal,0,random_066,0.04132198257106895,0.6197853684839161,0.61896,0.31119720606439266
27,normal,0,random_067,0.02265416324880832,0.5893096501055899,0.587,0.17060924646175377
27,normal,0,random_068,0.04912556074215989,0.6302306542577906,0.6286,0.3699662092208102
27,normal,0,random_069,0.029278853616608147,0.6012816785319561,0.599,0.22050000690518884
27,normal,0,random_070,0.048337362793035445,0.6292193159589305,0.63118,0.364030264613812
27,normal,0,random_071,0.039863658757577136,0.6177162449381576,0.61966,0.3002145215933537
27,normal,0,random_072,0.043228310938177666,0.6224308276807884,0.62402,0.3255538275228432
27,normal,0,random_073,0.03639630579519149,0.6126249823560288,0.61436,0.27410177270775266
27,normal,0,random_074,0.023464938226529963,0.5908663222542925,0.59038,0.17671521941162255
27,normal,0,random_075,0.03165130967512977,0.6052123786132944,0.60406,0.23836705129621424
27,normal,0,random_076,0.04517666879420951,0.6250692747634696,0.6214,0.340226974440901
27,normal,0,random_077,0.02706662256995394,0.5974603885859474,0.59906,0.20383962233376463
27,normal,0,random_078,0.027402492707854845,0.5980509681497328,0.59604,0.20636907135851704
27,normal,0,random_079,0.03472699388992999,0.6100800591436726,0.6102,0.2615301299973877
27,normal,0,random_080,0.06232711741216134,0.6459767525316961,0.64956,0.46938756550107674
27,normal,0,random_081,0.02870798044398091,0.6003107190228051,0.60392,0.21620074231803682
27,normal,0,random_082,0.04557235893161754,0.6255974189814562,0.62466,0.34320692984398066
27,normal,0,random_083,0.03638729509160098,0.6126114164779457,0.61716,0.27403391280347
27,normal,0,random_084,0.056520901726154135,0.6393088065858493,0.63766,0.4256607647314119
27,normal,0,random_085,0.030173203392996797,0.6027827437359855,0.6011,0.22723538440499272
27,normal,0,random_086,0.03213266505800024,0.6059904470301711,0.60562,0.24199215447261
27,normal,0,random_087,0.04794570286098325,0.6287133743112718,0.62656,0.3610806608194544
27,normal,0,random_088,0.042341484585342606,0.6212082766597824,0.62602,0.3188751091725826
27,normal,0,random_089,0.0433322101893556,0.6225731565409344,0.62228,0.3263362961912607
27,normal,0,random_090,0.04498056093419296,0.6248065767700499,0.62062,0.33875007971496535
27,normal,0,random_091,0.019773491959886945,0.5835280281857602,0.58486,0.14891481650161212
27,normal,0,random_092,0.03057618227176019,0.6034513334035491,0.60428,0.2302702315582831
27,normal,0,random_093,0.018403296445221626,0.580623236786147,0.57882,0.13859582913955978
27,normal,0,random_094,0.041654453359013244,0.6202514833909578,0.62186,0.3137010544731263
27,normal,0,random_095,0.04794499113559472,0.6287124528324578,0.62628,0.3610753007922093
27,normal,0,random_096,0.028169861583964697,0.5993860137507602,0.60104,0.21214815153346853
27,normal,0,random_097,0.03605506004360868,0.6121099525384699,0.6103,0.2715318397600468
27,normal,0,random_098,0.030377917011602733,0.6031229799583323,0.60268,0.22877708938112562
27,normal,0,random_099,0.047997612477374184,0.6287805618525439,0.6265,0.3614715938430803
27,normal,0,random_100,0.03157258360195736,0.6050845231232203,0.60298,0.23777416265701268
27,normal,0,random_101,0.034490263150962625,0.609713853250299,0.60862,0.2597473030376817
27,normal,0,random_102,0.036686811837708465,0.6130613779419523,0.61126,0.2762895832422694
27,normal,0,random_103,0.03979188619056247,0.6176133538542702,0.61548,0.29967400003709443
27,normal,0,random_104,0.042363840869339066,0.6212392678226645,0.62382,0.3190434750806248
27,normal,0,random_105,0.037907573088406366,0.6148750412701213,0.6168,0.2854831762610817
27,normal,0,random_106,0.043822030078984865,0.6232416379736091,0.62774,0.33002514584568465
27,normal,0,random_107,0.03311822800839858,0.6075642497714187,0.60998,0.24941446137758594
27,normal,0,random_108,0.03388242338935682,0.6087673201151252,0.6089,0.25516964185646324
27,normal,0,random_109,0.03938219087189418,0.6170240817515596,0.61828,0.2965885711545873
27,normal,0,random_110,0.042158999044160955,0.6209549722317209,0.61642,0.31750080457659174
27,normal,0,random_111,0.029753167966971028,0.6020807607341521,0.6021,0.22407208383483057
27,normal,0,random_112,0.0371018196537766,0.6136815665990635,0.61268,0.2794150207169398
27,normal,0,random_113,0.02547150317140212,0.5946010883989388,0.59854,0.19182672582487384
27,normal,0,random_114,0.043282095921470684,0.6225045297238776,0.61956,0.3259588839961192
27,normal,0,random_115,0.030859578291958505,0.6039187051803767,0.60566,0.23240449628151616
27,normal,0,random_116,0.03525511540103429,0.6108922048561087,0.60886,0.2655074304193967
27,normal,0,random_117,0.03501312603802012,0.6105208938127572,0.61204,0.2636850005895164
27,normal,0,random_118,0.020008640364156956,0.584015857490951,0.58422,0.1506857268468133
27,normal,0,random_119,0.023077951357157324,0.5901269046602386,0.5927,0.17380080860557637
27,normal,0,random_120,0.023154101116513785,0.5902729169358916,0.58896,0.17437429494092954
27,normal,0,random_121,0.028103560710151573,0.5992714342506054,0.5993,0.21164883747817637
27,normal,0,random_122,0.030632259701012663,0.6035439984949861,0.60214,0.23069255251726992
27,normal,0,random_123,0.04242002194545445,0.6213171087321812,0.61794,0.31946657660753564
27,normal,0,random_124,0.0388805527513514,0.6162980044911675,0.61496,0.2928107180155271
27,normal,0,random_125,0.028573780781972917,0.6000809790948818,0.60068,0.21519008026183337
27,normal,0,random_126,0.03667466027400306,0.6130431615250724,0.61452,0.27619806941744435
27,normal,0,random_127,0.03976546701410548,0.6175754546293117,0.6194,0.29947503635267303
27,normal,12,oracle_t0,0.04255615053147461,0.621505485934326,0.61828,0.5245555955709958
27,normal,12,oracle_t12,0.08112800795719431,0.6653994399764503,0.66726,0.9999999999999987
27,normal,12,bottom,1.347645546072395e-32,0.5000000000000001,0.4991,8.321643588944555e-19
27,normal,12,random_000,0.028897561925381995,0.6006342964545415,0.60272,0.3561971093956753
27,normal,12,random_001,0.015453991663842237,0.5739623405121994,0.57434,0.19048898220200636
27,normal,12,random_002,0.02278635234762528,0.5895654263028285,0.58908,0.28086912179142925
27,normal,12,random_003,0.029147584346747617,0.6010593107081321,0.59866,0.3592789356066374
27,normal,12,random_004,0.01146300930617231,0.5637950502859568,0.56398,0.14129533800731975
27,normal,12,random_005,0.018487729372569102,0.5808054273869018,0.57904,0.2278834380146964
27,normal,12,random_006,0.01736497049060447,0.5783461465083752,0.5792,0.2140440881990687
27,normal,12,random_007,0.0265177077683239,0.5964867715884665,0.5938,0.3268625526010135
27,normal,12,random_008,0.021933556118375094,0.5879013359100658,0.59096,0.2703573854537128
27,normal,12,random_009,0.034207547339327266,0.6092747327489733,0.6116,0.4216490482223624
27,normal,12,random_010,0.01824760195653087,0.5802861320999961,0.58306,0.2249235796120971
27,normal,12,random_011,0.023663124961392806,0.5912425139146312,0.58768,0.2916763958247094
27,normal,12,random_012,0.019998437167214243,0.5839947527108489,0.58388,0.24650472347066654
27,normal,12,random_013,0.027303204574569917,0.5978767860626966,0.59768,0.3365447428337685
27,normal,12,random_014,0.025473697410817613,0.5946050857589636,0.59376,0.3139938727973983
27,normal,12,random_015,0.015240927813126642,0.5734565542317199,0.57108,0.18786271470104643
27,normal,12,random_016,0.00948570558085297,0.5580755719766337,0.5604,0.11692269808791454
27,normal,12,random_017,0.036585382094392785,0.6129092242642549,0.61106,0.4509587134654698
27,normal,12,random_018,0.02628781216897493,0.596075831509628,0.59248,0.3240288136107714
27,normal,12,random_019,0.023984060604755643,0.5918482011834577,0.59128,0.2956323125474788
27,normal,12,random_020,0.022335816300338082,0.588690435343411,0.59256,0.27531572465236825
27,normal,12,random_021,0.018719936515570322,0.5813042640652383,0.5801,0.23074566955283216
27,normal,12,random_022,0.031480894142199914,0.6049353989791927,0.6029,0.38803977732092465
27,normal,12,random_023,0.020238454406810026,0.584489734302021,0.58366,0.24946322381647093
27,normal,12,random_024,0.024826673922116155,0.5934183823233584,0.5915,0.3060185322831475
27,normal,12,random_025,0.008494936584608218,0.554979358509755,0.55224,0.10471028191756421
27,normal,12,random_026,0.015155820530305298,0.5732534989537696,0.56966,0.186813665365751
27,normal,12,random_027,0.01758711192975934,0.5788391422466032,0.5856,0.21678224786486608
27,normal,12,random_028,0.018294696513153238,0.5803882571448552,0.5814,0.22550407650593463
27,normal,12,random_029,0.01083130229660018,0.5620269657162688,0.56214,0.13350879146835584
27,normal,12,random_030,0.023548526458530023,0.591025189938764,0.59116,0.29026383183172616
27,normal,12,random_031,0.023596440012320478,0.5911161205330112,0.59262,0.2908544238479351
27,normal,12,random_032,0.01763108119869916,0.5789363383038773,0.58378,0.2173242218396617
27,normal,12,random_033,0.01899201765964352,0.581884674862831,0.57966,0.23409939597758006
27,normal,12,random_034,0.025793660690938476,0.5951860428547444,0.60116,0.31793780397699395
27,normal,12,random_035,0.024818313952302447,0.5934029430972584,0.5931,0.30591548562855553
27,normal,12,random_036,0.014711525610980335,0.5721837661087799,0.5685,0.1813371976142023
27,normal,12,random_037,0.022394003666125047,0.5888039598092099,0.58672,0.2760329537234638
27,normal,12,random_038,0.0351204305034886,0.6106857132220216,0.60714,0.4329014280989027
27,normal,12,random_039,0.01643326794443489,0.5762418723869486,0.57512,0.2025597368680071
27,normal,12,random_040,0.01613609148336779,0.5755577333570089,0.57686,0.19889668056291585
27,normal,12,random_041,0.022386856875986415,0.5887900246609041,0.58856,0.27594486096340987
27,normal,12,random_042,0.028074679029729786,0.5992214767251718,0.59508,0.3460540907714982
27,normal,12,random_043,0.018702335447033227,0.5812665660585519,0.58198,0.2305287152730429
27,normal,12,random_044,0.024892538269663818,0.5935399249904906,0.59528,0.30683038936193124
27,normal,12,random_045,0.01952288013823314,0.5830047722182183,0.58264,0.24064291272298952
27,normal,12,random_046,0.026512120425968743,0.5964768065997912,0.59588,0.3267936819052347
27,normal,12,random_047,0.016992462233197843,0.5775120328573556,0.57396,0.20945247715392667
27,normal,12,random_048,0.014792144356082493,0.5723790998571009,0.57514,0.18233092033872295
27,normal,12,random_049,0.018367245733691112,0.5805453134558509,0.58106,0.22639833266191153
27,normal,12,random_050,0.016661757642710204,0.5767635346709726,0.57528,0.20537614644133073
27,normal,12,random_051,0.02968568725060381,0.6019674918792368,0.60214,0.3659116992773552
27,normal,12,random_052,0.014114512580280587,0.5707197039074623,0.5719,0.17397829597551354
27,normal,12,random_053,0.026865938185061576,0.5971056569262219,0.59744,0.33115491014196785
27,normal,12,random_054,0.014383261367343334,0.571382638321656,0.56954,0.17729094710340204
27,normal,12,random_055,0.024737980682641544,0.5932544431271042,0.59474,0.3049252817312371
27,normal,12,random_056,0.01631666543117019,0.5759742088386071,0.57874,0.2011224710432846
27,normal,12,random_057,0.013281182817334368,0.5686216297261437,0.57006,0.16370650718235213
27,normal,12,random_058,0.01213182160080425,0.5656133378050923,0.56686,0.14953925168735027
27,normal,12,random_059,0.026259229431174713,0.5960246068261812,0.59114,0.3236764970863068
27,normal,12,random_060,0.031750499244706784,0.6053732256924205,0.60528,0.391362983563695
27,normal,12,random_061,0.01845893120167775,0.5807433350583932,0.57892,0.2275284660190009
27,normal,12,random_062,0.02899260898699354,0.6007960972796451,0.59818,0.35736867842596265
27,normal,12,random_063,0.015084279571634829,0.5730823546663155,0.571,0.18593183724656173
27,normal,12,random_064,0.015601918605090895,0.5743113812075573,0.57074,0.19231235917098993
27,normal,12,random_065,0.017860646951381502,0.5794417693194853,0.57748,0.22015389507413174
27,normal,12,random_066,0.01771004261941172,0.5791105702852131,0.58024,0.21829751605334707
27,normal,12,random_067,0.01404069972070653,0.5705364888004694,0.56776,0.17306846395285375
27,normal,12,random_068,0.02516753749455381,0.5940455686184866,0.5956,0.3102200846325842
27,normal,12,random_069,0.01074852917584427,0.5617914170264177,0.55938,0.1324885134800243
27,normal,12,random_070,0.017093193066756402,0.5777385163796841,0.57844,0.21069410549036643
27,normal,12,random_071,0.029957178819657027,0.6024223693260348,0.60554,0.36925815848286736
27,normal,12,random_072,0.026295927316140777,0.5960903697310461,0.59848,0.32412884253259744
27,normal,12,random_073,0.020348803653911916,0.584716274967159,0.58658,0.25082341063580116
27,normal,12,random_074,0.019488343520662157,0.5829323884298813,0.5813,0.24021720748948744
27,normal,12,random_075,0.01661919227851063,0.5766666366984147,0.57794,0.20485147727624978
27,normal,12,random_076,0.010799370964283843,0.5619362078457897,0.5608,0.13311519950029985
27,normal,12,random_077,0.02852174832382363,0.5999917489161182,0.6,0.3515647560195558
27,normal,12,random_078,0.016454126103322843,0.5762896487962984,0.57406,0.2028168386928044
27,normal,12,random_079,0.024470895818416896,0.5927588853787542,0.58972,0.3016331404479754
27,normal,12,random_080,0.032352476417194805,0.6063436742603161,0.60618,0.3987830742037318
27,normal,12,random_081,0.020486210353536028,0.5849974669297817,0.5876,0.25251711300917407
27,normal,12,random_082,0.029473174710521702,0.601609881792558,0.5994,0.3632922273411747
27,normal,12,random_083,0.011024643468851769,0.5625735926013193,0.56518,0.1358919533025969
27,normal,12,random_084,0.0453667790485434,0.6253233396781183,0.62724,0.5591999630076
27,normal,12,random_085,0.025151567857961882,0.5940162851561824,0.5939,0.31002323970819806
27,normal,12,random_086,0.013557229032040586,0.5693239564671175,0.57036,0.1671091078582108
27,normal,12,random_087,0.0196519679681969,0.5832747316620654,0.58126,0.24223407505045455
27,normal,12,random_088,0.012523915518189533,0.5666554350756643,0.56782,0.1543722794820443
27,normal,12,random_089,0.03216922584149779,0.6060492882431621,0.60226,0.39652429107431364
27,normal,12,random_090,0.024405421385512875,0.5926369670756974,0.5938,0.30082608953482387
27,normal,12,random_091,0.019172442387886384,0.5822671743470693,0.58508,0.23632334714790906
27,normal,12,random_092,0.019339616152473316,0.5826199097092135,0.5857,0.23838396429846376
27,normal,12,random_093,0.011872992030709219,0.5649159195287767,0.56334,0.14634886680533024
27,normal,12,random_094,0.026677302920397893,0.5967709401552534,0.59624,0.3288297542628391
27,normal,12,random_095,0.02400480492680824,0.5918872036534295,0.5915,0.2958880111967484
27,normal,12,random_096,0.015377222797379854,0.5737805192341425,0.57514,0.18954271384912277
27,normal,12,random_097,0.01765074205201567,0.5789797587396769,0.57744,0.2175665654372869
27,normal,12,random_098,0.020850149008766743,0.5857375060135344,0.58684,0.2570030934294345
27,normal,12,random_099,0.03252125759187113,0.6066140254119274,0.60958,0.40086350461150627
27,normal,12,random_100,0.02656263688766773,0.5965668619722675,0.59742,0.3274163578832477
27,normal,12,random_101,0.02395059207838935,0.591785237784385,0.59164,0.29521977281910344
27,normal,12,random_102,0.029340529287791538,0.6013859725708323,0.60156,0.361657213416019
27,normal,12,random_103,0.020060644196479033,0.5841233374333756,0.58244,0.24727149971516157
27,normal,12,random_104,0.030254654111145127,0.6029182629235973,0.60258,0.37292489823130376
27,normal,12,random_105,0.010455622493225847,0.5609503401239948,0.56244,0.12887808731532702
27,normal,12,random_106,0.016370638086153053,0.5760982270633901,0.57948,0.20178774874875136
27,normal,12,random_107,0.026431283583493316,0.5963325099355817,0.59592,0.32579727086901056
27,normal,12,random_108,0.022653846793047223,0.5893090368471746,0.58828,0.27923583190900086
27,normal,12,random_109,0.02518601430240945,0.5940794372243814,0.59356,0.31044783344980387
27,normal,12,random_110,0.012982237917641215,0.567852511512148,0.56644,0.16002165275019492
27,normal,12,random_111,0.016141086446783297,0.5755692861196147,0.5785,0.19895824947778612
27,normal,12,random_112,0.021511961989480487,0.5870661169585571,0.5853,0.26516073217070546
27,normal,12,random_113,0.01095874719851827,0.5623878421053744,0.55888,0.13507970273719083
27,normal,12,random_114,0.03147608789652063,0.6049275756691542,0.60314,0.38798053457849435
27,normal,12,random_115,0.020373359923018523,0.5847666001389146,0.58894,0.2511260961044197
27,normal,12,random_116,0.02255497929627577,0.5891172210258641,0.58378,0.2780171714332794
27,normal,12,random_117,0.015104041993876218,0.5731296733131517,0.5776,0.18617543280300394
27,normal,12,random_118,0.012941553318595974,0.5677471373083205,0.5692,0.15952016627136129
27,normal,12,random_119,0.021868635995826502,0.5877732747615009,0.58692,0.2695571670805113
27,normal,12,random_120,0.0161904302010488,0.5756833130202668,0.57764,0.19956647043017944
27,normal,12,random_121,0.01524122669939287,0.5734572663021503,0.57346,0.18786639883275086
27,normal,12,random_122,0.02332970881736002,0.5906086733114806,0.5892,0.2875666419625326
27,normal,12,random_123,0.030919253770162344,0.6040168280973625,0.6061,0.38111688612490374
27,normal,12,random_124,0.02221967039142656,0.588463367549316,0.59138,0.27388408702393297
27,normal,12,random_125,0.01476963357954443,0.5723246132336942,0.5676,0.18205344801929976
27,normal,12,random_126,0.018587975916040243,0.5810211790655819,0.57714,0.2291190968949691
27,normal,12,random_127,0.02556772826877515,0.5947762159267471,0.59348,0.3151529158988528
27,nonnormal,0,oracle_t0,0.2531826120860513,0.7748031468916406,0.7743,0.9999999999999993
27,nonnormal,0,oracle_t12,0.2098305149259354,0.7539929510656747,0.74976,0.8287714278523138
27,nonnormal,0,bottom,1.270218248225589e-31,0.5000000000000002,0.50088,-6.091679729894391e-18
27,nonnormal,0,random_000,0.03840901678375267,0.6156108383820764,0.61458,0.1517047970525648
27,nonnormal,0,random_001,0.03392956840618973,0.6088410601033837,0.60798,0.1340122377545334
27,nonnormal,0,random_002,0.03990412226457507,0.617774207768528,0.6181,0.1576100425530506
27,nonnormal,0,random_003,0.0284380069608887,0.5998479592478618,0.59776,0.11232211693598934
27,nonnormal,0,random_004,0.0435975544134525,0.6229357968914303,0.62122,0.17219805915674252
27,nonnormal,0,random_005,0.0229393958559617,0.5898605819429527,0.58502,0.09060415194770592
27,nonnormal,0,random_006,0.025363401133656788,0.5944039274199511,0.59868,0.10017828998871495
27,nonnormal,0,random_007,0.019678948907082154,0.583331039415618,0.58426,0.07772630491857668
27,nonnormal,0,random_008,0.03664523696515537,0.6129990394877279,0.61324,0.1447383635993945
27,nonnormal,0,random_009,0.04965350303124276,0.6309030286985664,0.62972,0.1961173503272278
27,nonnormal,0,random_010,0.031211146450972872,0.6044953268798354,0.60496,0.12327523677007038
27,nonnormal,0,random_011,0.02643465366015104,0.5963385303097684,0.59766,0.104409435712617
27,nonnormal,0,random_012,0.03812983467251217,0.6152018264443657,0.61514,0.15060210635457316
27,nonnormal,0,random_013,0.026268150162995142,0.5960405973244535,0.59554,0.10375179380038609
27,nonnormal,0,random_014,0.019712097165522295,0.5834001628744823,0.58502,0.07785723120204857
27,nonnormal,0,random_015,0.032735414675331,0.6069559775541205,0.60732,0.12929566689281533
27,nonnormal,0,random_016,0.035774077779539476,0.6116838946618086,0.61114,0.1412975302086725
27,nonnormal,0,random_017,0.0299320679578879,0.6023803892572284,0.60282,0.11822323701958895
27,nonnormal,0,random_018,0.046971604121783445,0.6274450353290074,0.6256,0.18552460508551338
27,nonnormal,0,random_019,0.022497168559579454,0.589004855948645,0.59114,0.08885747869578474
27,nonnormal,0,random_020,0.022877781295411195,0.589741878610324,0.5885,0.09036079178942792
27,nonnormal,0,random_021,0.043107481513100475,0.6222650703733961,0.62376,0.17026240924652894
27,nonnormal,0,random_022,0.020741450032893807,0.5855171885542875,0.58218,0.08192288507492061
27,nonnormal,0,random_023,0.040405562985139885,0.6184898654032918,0.62162,0.15959059215096047
27,nonnormal,0,random_024,0.10691243748152879,0.6880964973180299,0.69042,0.4222740124238528
27,nonnormal,0,random_025,0.039237539052435454,0.6168152297775842,0.62012,0.15497722663158028
27,nonnormal,0,random_026,0.03204985094519805,0.6058570324732223,0.60578,0.1265878832717982
27,nonnormal,0,random_027,0.03845377303402951,0.615676257563853,0.61286,0.15188157163399463
27,nonnormal,0,random_028,0.03965585145359649,0.6174180606141881,0.61512,0.1566294427838445
27,nonnormal,0,random_029,0.026386747439944142,0.5962529114287946,0.595,0.10422021963726265
27,nonnormal,0,random_030,0.030311080668261565,0.6030120322489025,0.60376,0.11972023046337582
27,nonnormal,0,random_031,0.051026892429660714,0.6326337342662534,0.634,0.20154185158780863
27,nonnormal,0,random_032,0.038992937892780834,0.6164611130524585,0.61768,0.15401112095141808
27,nonnormal,0,random_033,0.06340990978316044,0.6471806457640183,0.64692,0.25045128202409395
27,nonnormal,0,random_034,0.03747355137570467,0.6142339003740894,0.6158,0.1480099721973331
27,nonnormal,0,random_035,0.02941852460963638,0.6015176960815566,0.60226,0.11619488545144496
27,nonnormal,0,random_036,0.022147544512141862,0.5883220461214225,0.58356,0.08747656219225029
27,nonnormal,0,random_037,0.046468310408668924,0.6267840119645091,0.63078,0.1835367366889924
27,nonnormal,0,random_038,0.039622121509617275,0.617369581037223,0.61778,0.15649621900634528
27,nonnormal,0,random_039,0.0730285513354707,0.6573924173461054,0.66024,0.28844220672883264
27,nonnormal,0,random_040,0.04110097620493075,0.6194743886206324,0.6179,0.16233727848167312
27,nonnormal,0,random_041,0.046204433635598216,0.6264358567790397,0.6228,0.18249449776548757
27,nonnormal,0,random_042,0.023829199413435736,0.5915564752734425,0.58994,0.09411862535542802
27,nonnormal,0,random_043,0.042079806377919554,0.6208448597651461,0.62344,0.1662033819432177
27,nonnormal,0,random_044,0.013471242676256313,0.5691059833757972,0.56636,0.05320761392444167
27,nonnormal,0,random_045,0.05307312228072163,0.6351648231674473,0.62984,0.20962388310727745
27,nonnormal,0,random_046,0.036569744937823584,0.6128857468308864,0.61204,0.1444401913564044
27,nonnormal,0,random_047,0.0644302705634023,0.6483044225344163,0.64974,0.2544814196857396
27,nonnormal,0,random_048,0.06048555112680069,0.6439015355067037,0.64636,0.23890088907939264
27,nonnormal,0,random_049,0.03359721389822136,0.6083200392620073,0.60712,0.13269953106733243
27,nonnormal,0,random_050,0.03183132487394926,0.6055040946300455,0.60398,0.12572476684587824
27,nonnormal,0,random_051,0.043905000488056796,0.6233544647039272,0.62278,0.1734123845484871
27,nonnormal,0,random_052,0.04533859024629274,0.6252857050191942,0.62462,0.17907466027281174
27,nonnormal,0,random_053,0.016248957619130804,0.5758183289184844,0.57718,0.06417880550820816
27,nonnormal,0,random_054,0.046782205221540314,0.6271967412415957,0.62326,0.18477653278037925
27,nonnormal,0,random_055,0.045869516131200785,0.6259923872829657,0.62546,0.18117166796434941
27,nonnormal,0,random_056,0.06572418183604233,0.6497149180868816,0.64906,0.2595920047372923
27,nonnormal,0,random_057,0.021970112200680573,0.5879733587683265,0.58516,0.0867757545419959
27,nonnormal,0,random_058,0.06535071773039439,0.6493094510597468,0.6485,0.25811692671921344
27,nonnormal,0,random_059,0.0563150797139972,0.6390654798874499,0.63842,0.22242870175798993
27,nonnormal,0,random_060,0.03911084975758626,0.6166319681315149,0.61626,0.15447683960339773
27,nonnormal,0,random_061,0.041459261899978526,0.6199780779172329,0.61718,0.1637524060534117
27,nonnormal,0,random_062,0.0742497970065857,0.6586319140271006,0.65596,0.2932657831231701
27,nonnormal,0,random_063,0.02182230548188528,0.5876817613979506,0.58986,0.08619195963768767
27,nonnormal,0,random_064,0.021978282356898655,0.5879894470255191,0.58878,0.086808024357647
27,nonnormal,0,random_065,0.0686897234132721,0.6528885859952446,0.65098,0.2713050586188197
27,nonnormal,0,random_066,0.05757005343708914,0.6405414363995905,0.64002,0.22738549445695064
27,nonnormal,0,random_067,0.055469644725470536,0.6380607004623411,0.63996,0.21908947169965043
27,nonnormal,0,random_068,0.029250067667431406,0.6012329611920011,0.59952,0.1155295279815263
27,nonnormal,0,random_069,0.04715071696428686,0.6276793361160998,0.6248,0.186232050360004
27,nonnormal,0,random_070,0.036159201754255015,0.6122674082420142,0.6097,0.14281866142515845
27,nonnormal,0,random_071,0.020745927095908615,0.5855262748437297,0.5875,0.08194056821270769
27,nonnormal,0,random_072,0.0443097486011826,0.6239031859074757,0.62602,0.1750110255838684
27,nonnormal,0,random_073,0.03928668566105222,0.6168862358256256,0.61908,0.1551713418917548
27,nonnormal,0,random_074,0.03710887704265024,0.6136920806031758,0.61546,0.1465696113050517
27,nonnormal,0,random_075,0.03440578893130461,0.6095828497884391,0.61012,0.13589317468456646
27,nonnormal,0,random_076,0.027237346338671354,0.5977610648446448,0.59988,0.10757984568629834
27,nonnormal,0,random_077,0.013573436257744896,0.5693649614880105,0.56656,0.05361124978492427
27,nonnormal,0,random_078,0.0415843538060898,0.6201533754343715,0.6185,0.16424648384603974
27,nonnormal,0,random_079,0.0273632047857734,0.5979820851016034,0.60036,0.10807695109991683
27,nonnormal,0,random_080,0.06415071697173425,0.647997554129713,0.65088,0.2533772617446997
27,nonnormal,0,random_081,0.03201127300829025,0.6057948198468702,0.60536,0.12643551128783798
27,nonnormal,0,random_082,0.026769885628504485,0.596935376303715,0.59664,0.10573350755780159
27,nonnormal,0,random_083,0.026092305778759223,0.5957248624257033,0.59558,0.10305725801537664
27,nonnormal,0,random_084,0.02645844919747201,0.5963810275807155,0.59698,0.1045034213821893
27,nonnormal,0,random_085,0.029705023963977454,0.6019999632882846,0.608,0.11732647719852633
27,nonnormal,0,random_086,0.04906720074943671,0.6301560825195138,0.62998,0.19380162146664248
27,nonnormal,0,random_087,0.02117329946029358,0.5863889583237027,0.58332,0.08362856866765096
27,nonnormal,0,random_088,0.04109263569712184,0.6194626347567312,0.61536,0.1623043358252237
27,nonnormal,0,random_089,0.04413609504839768,0.6236681008543998,0.62146,0.17432514296596618
27,nonnormal,0,random_090,0.012796588828300544,0.5673702829598759,0.57056,0.050542921264874405
27,nonnormal,0,random_091,0.02092978450435952,0.5858985345695509,0.58302,0.0826667531862177
27,nonnormal,0,random_092,0.05995492874929405,0.6432969408253935,0.64002,0.2368050801565971
27,nonnormal,0,random_093,0.03181824030852959,0.6054829208245944,0.6059,0.12567308649819617
27,nonnormal,0,random_094,0.03900009700333752,0.6164714946578647,0.61666,0.1540393974215031
27,nonnormal,0,random_095,0.0369951239463776,0.6135224805647461,0.61342,0.14612031861731378
27,nonnormal,0,random_096,0.06810807253085391,0.6522724283576202,0.65392,0.26900770147558706
27,nonnormal,0,random_097,0.03463635983514118,0.609940014025434,0.61046,0.13680386480635962
27,nonnormal,0,random_098,0.039157823964314255,0.6166999560132553,0.61586,0.15466237448804476
27,nonnormal,0,random_099,0.041176653993426064,0.6195809780815217,0.62082,0.16263618442893302
27,nonnormal,0,random_100,0.03643737926607956,0.6126867966651388,0.6152,0.14391738423843756
27,nonnormal,0,random_101,0.03585912376087714,0.6118130414775655,0.61058,0.14163343787878047
27,nonnormal,0,random_102,0.03968815603939381,0.617464470494537,0.61554,0.15675703679802716
27,nonnormal,0,random_103,0.03327220799349867,0.6078078510618319,0.60966,0.1314158492929607
27,nonnormal,0,random_104,0.017703191108811023,0.579095468136292,0.57446,0.06992261815670849
27,nonnormal,0,random_105,0.03897425699816212,0.6164340185369377,0.61808,0.15393733667980158
27,nonnormal,0,random_106,0.029047021640694067,0.6008885980660674,0.60262,0.1147275533709305
27,nonnormal,0,random_107,0.02270086081697552,0.5894000958509982,0.58792,0.08966200573544901
27,nonnormal,0,random_108,0.01787630399711661,0.5794761177744756,0.57956,0.0706063653022145
27,nonnormal,0,random_109,0.04602285279640657,0.6261956437315842,0.626,0.1817773045992762
27,nonnormal,0,random_110,0.06577926742509042,0.6497746120895561,0.65024,0.259809577297249
27,nonnormal,0,random_111,0.04677197334792275,0.6271833118762418,0.62608,0.18473611976175497
27,nonnormal,0,random_112,0.054726509490163416,0.637170364824386,0.63616,0.21615429685022378
27,nonnormal,0,random_113,0.02491922470908843,0.5935891224267749,0.58886,0.09842391822949878
27,nonnormal,0,random_114,0.05817208884353135,0.6412430362440461,0.63864,0.2297633647280639
27,nonnormal,0,random_115,0.016294810193890237,0.5759239294515958,0.57496,0.06435991026252615
27,nonnormal,0,random_116,0.06021215861202499,0.6435904079946366,0.64226,0.23782106565659472
27,nonnormal,0,random_117,0.07467702265468362,0.6590627145864781,0.65906,0.29495320409010733
27,nonnormal,0,random_118,0.07034929296204581,0.6546302168662814,0.65278,0.277859890860655
27,nonnormal,0,random_119,0.052763286057338106,0.6347851178923996,0.63348,0.20840011730112398
27,nonnormal,0,random_120,0.013919841224559476,0.5702354231102599,0.56844,0.0549794518267645
27,nonnormal,0,random_121,0.04524452184591363,0.6251600216185188,0.62712,0.17870311658897
27,nonnormal,0,random_122,0.024540500410788226,0.5928883057889726,0.58896,0.09692806393216066
27,nonnormal,0,random_123,0.03746064830957263,0.6142147783662806,0.61494,0.14795900872071166
27,nonnormal,0,random_124,0.03430639233372345,0.6094284824720164,0.60784,0.1355005861226498
27,nonnormal,0,random_125,0.018205297788958946,0.5801942780281883,0.58012,0.07190579810738087
27,nonnormal,0,random_126,0.01911555644036273,0.5821467798289588,0.58356,0.07550106337423265
27,nonnormal,0,random_127,0.02441919744112034,0.5926626334421297,0.59166,0.09644895137119745
27,nonnormal,12,oracle_t0,0.14687703912946193,0.7173097488325679,0.71722,0.8116018600191358
27,nonnormal,12,oracle_t12,0.18097178723321167,0.7382995093452414,0.73778,0.9999999999999997
27,nonnormal,12,bottom,6.6325948738618e-32,0.5000000000000001,0.50044,2.5684927037584944e-18
27,nonnormal,12,random_000,0.027892311910534505,0.5989053979928454,0.5968,0.15412519452322543
27,nonnormal,12,random_001,0.016174496316578472,0.5756465116285212,0.57646,0.0893757892534652
27,nonnormal,12,random_002,0.014365016970758225,0.5713378373949475,0.56988,0.07937710728494132
27,nonnormal,12,random_003,0.011864389220526166,0.5648926058154449,0.56168,0.06555933055596652
27,nonnormal,12,random_004,0.02067327133760576,0.5853786914912391,0.587,0.11423477467769534
27,nonnormal,12,random_005,0.022688728780185893,0.5893766074382709,0.5852,0.12537163459046666
27,nonnormal,12,random_006,0.01709211134005214,0.5777360879082325,0.5793,0.09444627586081228
27,nonnormal,12,random_007,0.012649092706357756,0.5669845865446708,0.568,0.06989538479861135
27,nonnormal,12,random_008,0.019889019272022954,0.5837680729215248,0.58436,0.10990121485838399
27,nonnormal,12,random_009,0.029020753327772694,0.6008439538179624,0.6035,0.16036064942197156
27,nonnormal,12,random_010,0.017761663748496324,0.5792242564192072,0.57738,0.09814603712570688
27,nonnormal,12,random_011,0.01166143159551616,0.564340049837902,0.56484,0.0644378429024879
27,nonnormal,12,random_012,0.020169808409325144,0.5843484820899036,0.58114,0.11145277790362458
27,nonnormal,12,random_013,0.011768020066850283,0.5646308489299012,0.5608,0.06502682128947128
27,nonnormal,12,random_014,0.010243259453637375,0.5603329764425109,0.55888,0.05660141622206151
27,nonnormal,12,random_015,0.017297038830046844,0.5781947331124738,0.57586,0.09557864844290224
27,nonnormal,12,random_016,0.01463399331039609,0.5719953883382433,0.57148,0.08086339608028405
27,nonnormal,12,random_017,0.020606640719731638,0.5852431080553376,0.5807,0.11386659232787823
27,nonnormal,12,random_018,0.025304037313175265,0.5942954682710778,0.59262,0.13982310557925184
27,nonnormal,12,random_019,0.017529097450554525,0.5787107051437259,0.57742,0.09686094014182117
27,nonnormal,12,random_020,0.012001046309103354,0.5652619281043896,0.56274,0.06631445979830021
27,nonnormal,12,random_021,0.015550217257810724,0.5741895848638532,0.57472,0.08592619598640387
27,nonnormal,12,random_022,0.006802667291851267,0.549230493001644,0.55104,0.037589656353920614
27,nonnormal,12,random_023,0.03146366382761356,0.6049073495726349,0.60614,0.17385949660245928
27,nonnormal,12,random_024,0.0691598303945441,0.6533843850454976,0.65374,0.3821580780733538
27,nonnormal,12,random_025,0.03478751703308085,0.6101734680665227,0.61242,0.19222618931342847
27,nonnormal,12,random_026,0.03810640024808856,0.615167420292275,0.61252,0.21056541923290087
27,nonnormal,12,random_027,0.024680450089715172,0.593147938538864,0.5918,0.13637733520258816
27,nonnormal,12,random_028,0.008385937518627654,0.5546277251334355,0.55282,0.046338369349367164
27,nonnormal,12,random_029,0.014334890134488281,0.5712637936201898,0.56714,0.07921063472736464
27,nonnormal,12,random_030,0.02064227667175079,0.5853156504240414,0.58478,0.11406350673406263
27,nonnormal,12,random_031,0.03491877036532047,0.6103757384499578,0.61448,0.19295145889409787
27,nonnormal,12,random_032,0.01724156851034265,0.5780708656416751,0.57946,0.09527213481140058
27,nonnormal,12,random_033,0.02974070541822588,0.6020598522147411,0.6038,0.16433890537810802
27,nonnormal,12,random_034,0.03721983602012566,0.6138572436116045,0.6155,0.20566651072612674
27,nonnormal,12,random_035,0.022511369826296534,0.5890324725859873,0.5892,0.12439159810742745
27,nonnormal,12,random_036,0.015784150655489465,0.5747390200793976,0.57072,0.087218847184998
27,nonnormal,12,random_037,0.029458998223365403,0.6015859771555574,0.60586,0.16278226940093526
27,nonnormal,12,random_038,0.018572058788335566,0.5809869626010314,0.58204,0.1026240557839131
27,nonnormal,12,random_039,0.05749982558056432,0.6404593248139103,0.64152,0.3177281191706771
27,nonnormal,12,random_040,0.024641718316418988,0.5930761618007906,0.59214,0.13616331414500601
27,nonnormal,12,random_041,0.021278246797785946,0.5865994043948249,0.58476,0.11757770160254566
27,nonnormal,12,random_042,0.016107108943881697,0.5754906635549694,0.57738,0.08900342528598151
27,nonnormal,12,random_043,0.010303241808573891,0.5605080102949777,0.5597,0.056932862111244334
27,nonnormal,12,random_044,0.03259948843147143,0.6067390790491722,0.60636,0.18013574894666687
27,nonnormal,12,random_045,0.03198398109548119,0.6057507833273501,0.60376,0.17673462579150306
27,nonnormal,12,random_046,0.016589252011871267,0.5765984020028376,0.57646,0.09166761441380528
27,nonnormal,12,random_047,0.02473839455184567,0.5932552088363408,0.5955,0.13669752026025037
27,nonnormal,12,random_048,0.03169094412474864,0.6052766826897148,0.60544,0.17511538460914725
27,nonnormal,12,random_049,0.02448927212647429,0.592793072508262,0.59748,0.13532093869922313
27,nonnormal,12,random_050,0.02734116585164855,0.5979434215145208,0.59332,0.15107971396897898
27,nonnormal,12,random_051,0.018144833281457155,0.5800627997483013,0.58176,0.10026332589661932
27,nonnormal,12,random_052,0.017244418311999337,0.5780772344038132,0.57436,0.09528788202647902
27,nonnormal,12,random_053,0.008133662874172014,0.5538048434473275,0.5547,0.044944369498271346
27,nonnormal,12,random_054,0.023698089828703944,0.5913087107036463,0.5913,0.13094908433525654
27,nonnormal,12,random_055,0.019699899823486463,0.5833747350425575,0.58372,0.10885619313744155
27,nonnormal,12,random_056,0.031079517843917104,0.6042798461892154,0.6033,0.17173681223508097
27,nonnormal,12,random_057,0.029381348171571328,0.6014549333734258,0.5995,0.1623531967096543
27,nonnormal,12,random_058,0.03050031679304641,0.6033258249055179,0.6016,0.16853630756125412
27,nonnormal,12,random_059,0.03225252760080307,0.6061832209646085,0.60502,0.17821853944140154
27,nonnormal,12,random_060,0.022536989541996698,0.5890822710868654,0.5892,0.12453316556438769
27,nonnormal,12,random_061,0.023176540820363224,0.5903158954265794,0.5901,0.1280671488893264
27,nonnormal,12,random_062,0.04514403202118757,0.625025599514028,0.62256,0.2494534242677955
27,nonnormal,12,random_063,0.0139631196367598,0.5703433865688118,0.572,0.07715633386968787
27,nonnormal,12,random_064,0.009953825690878756,0.5594809196740556,0.5587,0.05500208536953676
27,nonnormal,12,random_065,0.026537087841997098,0.5965213272049301,0.59722,0.14663660147092275
27,nonnormal,12,random_066,0.019913586291067015,0.5838190247360779,0.58472,0.11003696540502803
27,nonnormal,12,random_067,0.02877192772483178,0.6004199909600904,0.5994,0.1589857080195293
27,nonnormal,12,random_068,0.011982650089481194,0.5652123376721578,0.56066,0.06621280738107312
27,nonnormal,12,random_069,0.02762257499697674,0.5984358699345027,0.59922,0.15263470300694182
27,nonnormal,12,random_070,0.014910127721950522,0.5726639767090449,0.56676,0.08238923839955448
27,nonnormal,12,random_071,0.010323977549078373,0.560568397725632,0.56088,0.05704744207324563
27,nonnormal,12,random_072,0.03601201218930646,0.612044795084553,0.6117,0.19899241058441391
27,nonnormal,12,random_073,0.01922089986900947,0.5823695838260734,0.58308,0.10620937198481778
27,nonnormal,12,random_074,0.028660093348591903,0.6002288055678178,0.60102,0.15836774221419775
27,nonnormal,12,random_075,0.015596878264482871,0.5742995165361066,0.57198,0.08618403179266693
27,nonnormal,12,random_076,0.01939174511180535,0.582729575807795,0.58352,0.10715341550346695
27,nonnormal,12,random_077,0.006606906725664418,0.5485205231571519,0.54768,0.036507937655223255
27,nonnormal,12,random_078,0.019427431675125544,0.5828045626004803,0.57848,0.10735060957369078
27,nonnormal,12,random_079,0.012103380268511068,0.5655370785452615,0.56428,0.06687992893010383
27,nonnormal,12,random_080,0.023696471137665497,0.5913056472734476,0.5942,0.1309401398966609
27,nonnormal,12,random_081,0.017088814516281275,0.5777286860618271,0.57232,0.09442805852527472
27,nonnormal,12,random_082,0.023385926309725327,0.5907158781918506,0.58928,0.12922415514186603
27,nonnormal,12,random_083,0.009559519263051501,0.5582994845094427,0.55854,0.052823257200485606
27,nonnormal,12,random_084,0.011886658797791336,0.5649529387988108,0.56386,0.06568238607531367
27,nonnormal,12,random_085,0.030363295121636165,0.6030987189076757,0.60056,0.16777916373510807
27,nonnormal,12,random_086,0.013790810436378288,0.5699125082312344,0.57378,0.07620420092667027
27,nonnormal,12,random_087,0.013797993657241988,0.5699305259343389,0.571,0.07624389341671815
27,nonnormal,12,random_088,0.014960564368936226,0.5727854030530611,0.57072,0.08266793734902499
27,nonnormal,12,random_089,0.015987265935586265,0.5752126634316604,0.57524,0.08834120599684449
27,nonnormal,12,random_090,0.006008049087352068,0.5462796929612723,0.54592,0.033198816120491303
27,nonnormal,12,random_091,0.004925772224750064,0.5419215051118826,0.5406,0.02721845377148428
27,nonnormal,12,random_092,0.026317919469491878,0.5961297565578735,0.59534,0.14542553771421254
27,nonnormal,12,random_093,0.02078304655778094,0.5856015700460324,0.58616,0.11484136215662492
27,nonnormal,12,random_094,0.010526351245501015,0.5611545299415182,0.5641,0.058165703098992404
27,nonnormal,12,random_095,0.02833452588899923,0.5996699636342204,0.6006,0.1565687465554261
27,nonnormal,12,random_096,0.03400228490653908,0.6089546886662511,0.61094,0.18788721394855648
27,nonnormal,12,random_097,0.02042004910902133,0.5848621966966673,0.58356,0.11283553873901224
27,nonnormal,12,random_098,0.027314849946895346,0.597897233030579,0.5962,0.15093429956402932
27,nonnormal,12,random_099,0.03059224492283714,0.6034778853904368,0.60708,0.16904427695911542
27,nonnormal,12,random_100,0.01155733923356534,0.5640547414370826,0.5641,0.06386265732498857
27,nonnormal,12,random_101,0.018522462663925363,0.5808802495746634,0.57902,0.10235000132952295
27,nonnormal,12,random_102,0.021165338799801772,0.5863729729035582,0.5858,0.11695380326065286
27,nonnormal,12,random_103,0.024472051262863125,0.5927610353568435,0.59456,0.1352257809739531
27,nonnormal,12,random_104,0.015133361877402426,0.5731998171720849,0.57254,0.08362276854734609
27,nonnormal,12,random_105,0.02630218517150476,0.5961015790065222,0.59676,0.1453385943390729
27,nonnormal,12,random_106,0.018298037445117245,0.5803954967897974,0.58208,0.1011098896953326
27,nonnormal,12,random_107,0.010043681523579111,0.5597467843127637,0.56038,0.0554986038273258
27,nonnormal,12,random_108,0.013110188373162336,0.5681828035666554,0.56448,0.07244327181378672
27,nonnormal,12,random_109,0.024596754364920915,0.5929927610308815,0.59484,0.13591485579585938
27,nonnormal,12,random_110,0.03508304721935953,0.6106283234593723,0.60886,0.1938592073147252
27,nonnormal,12,random_111,0.020298778956211648,0.5846136569309617,0.58378,0.1121654334443487
27,nonnormal,12,random_112,0.03149381546269833,0.6049564283369291,0.60156,0.174026106191422
27,nonnormal,12,random_113,0.01679132065810083,0.5770576907930852,0.57492,0.09278418981662857
27,nonnormal,12,random_114,0.028641050834834023,0.6001962120804387,0.5969,0.15826251855448248
27,nonnormal,12,random_115,0.011981498182298753,0.5652092311919058,0.56412,0.06620644226085161
27,nonnormal,12,random_116,0.034181375296828374,0.609233983060111,0.60834,0.18887681786984892
27,nonnormal,12,random_117,0.02878575853144726,0.6004436077774598,0.59558,0.15906213322827006
27,nonnormal,12,random_118,0.06571607553096546,0.6497061311917021,0.6482,0.36312884199060025
27,nonnormal,12,random_119,0.025197841867096442,0.5941011106547864,0.59302,0.1392362989410327
27,nonnormal,12,random_120,0.00910747979022042,0.5569140131489472,0.55724,0.050325412206290165
27,nonnormal,12,random_121,0.03683651678521072,0.6132855332753165,0.61672,0.20354839474365613
27,nonnormal,12,random_122,0.011702143493677866,0.5644512820806485,0.5609,0.06466280558194269
27,nonnormal,12,random_123,0.02445041787442351,0.5927207724245427,0.5927,0.1351062408579474
27,nonnormal,12,random_124,0.04093256734545196,0.6192368054127507,0.6175,0.226182036278968
27,nonnormal,12,random_125,0.026723106202441317,0.5968523291069232,0.59594,0.14766448743750446
27,nonnormal,12,random_126,0.017017800329410943,0.5775690685811863,0.58248,0.09403565378663538
27,nonnormal,12,random_127,0.020319132982939584,0.5846554260493477,0.58058,0.11227790416168602
28,normal,0,oracle_t0,0.1353232644028977,0.7094554762583978,0.70782,1.0
28,normal,0,oracle_t12,0.04818894251757586,0.6290278566956883,0.62938,0.3561024242964094
28,normal,0,bottom,5.635094800558462e-32,0.5000000000000001,0.5024,-7.047851010961682e-17
28,normal,0,random_000,0.054696493077429346,0.6371342604528176,0.6362,0.4041913511233484
28,normal,0,random_001,0.048765950820188024,0.6297703634686688,0.62868,0.3603663496839484
28,normal,0,random_002,0.028851196123906516,0.6005552640256568,0.59952,0.2132020406927808
28,normal,0,random_003,0.054971880905976094,0.6374650865646521,0.63372,0.4062263879646623
28,normal,0,random_004,0.042598799510109496,0.6215644364311546,0.61802,0.3147928754015287
28,normal,0,random_005,0.025706063993929933,0.5950273742998676,0.5957,0.1899604189076856
28,normal,0,random_006,0.038293042162385396,0.6154411280374579,0.61242,0.28297456709568886
28,normal,0,random_007,0.03060855101376989,0.603504832170259,0.60352,0.2261883878491072
28,normal,0,random_008,0.03599246948202873,0.612015201247878,0.61144,0.2659739967169904
28,normal,0,random_009,0.047765849800576014,0.6284802751302451,0.63142,0.3529758908147741
28,normal,0,random_010,0.027455845518819924,0.5981444271182563,0.59418,0.20289080107523638
28,normal,0,random_011,0.05210128725371928,0.6339696365222892,0.63188,0.3850135265625741
28,normal,0,random_012,0.02754202725306115,0.5982951896018862,0.59656,0.20352765930224925
28,normal,0,random_013,0.060749244298091226,0.6442008690065948,0.64392,0.44891944165064335
28,normal,0,random_014,0.03569586205980523,0.6115649734583183,0.61076,0.2637821531819392
28,normal,0,random_015,0.026615718495074714,0.5966613924871018,0.59458,0.19668250402112536
28,normal,0,random_016,0.03897229826898371,0.616431177213707,0.61512,0.2879940743444644
28,normal,0,random_017,0.03999680600707707,0.617906854027114,0.61644,0.29556489184294765
28,normal,0,random_018,0.053538037770248265,0.6357322580354547,0.63686,0.39563069961754377
28,normal,0,random_019,0.0346862215693963,0.6100170833432808,0.61086,0.2563212003674777
28,normal,0,random_020,0.043924364464237545,0.6233807798088525,0.62226,0.324588419131404
28,normal,0,random_021,0.05002577525176592,0.6313747599147563,0.63084,0.36967608986156497
28,normal,0,random_022,0.043428051187910516,0.6227042806594246,0.62036,0.320920806777261
28,normal,0,random_023,0.04702088396955438,0.6275095483890157,0.62382,0.3474708076030387
28,normal,0,random_024,0.04742113925042529,0.6280321497079093,0.62626,0.3504285790005659
28,normal,0,random_025,0.02057144606710673,0.5851713995703228,0.58426,0.1520170693330261
28,normal,0,random_026,0.03346269563766402,0.6081083717478175,0.60692,0.2472796956629395
28,normal,0,random_027,0.03826047318019618,0.6153934183416833,0.61834,0.282733891685345
28,normal,0,random_028,0.042542592755799476,0.6214867392540704,0.6182,0.31437752365430327
28,normal,0,random_029,0.05114333485775,0.6327792722136636,0.63252,0.3779345338986285
28,normal,0,random_030,0.03422588174553495,0.6093032692934353,0.6106,0.25291942147977103
28,normal,0,random_031,0.0264061797211689,0.5962876510782702,0.59652,0.1951340727530031
28,normal,0,random_032,0.03440078476341242,0.6095750838412842,0.6099,0.2542119044733581
28,normal,0,random_033,0.021427564804553417,0.5868978897832207,0.5885,0.15834354055158745
28,normal,0,random_034,0.035642480123219036,0.6114837293478218,0.6131,0.26338767602517155
28,normal,0,random_035,0.031131831539025597,0.6043655439161524,0.60724,0.23005528041606263
28,normal,0,random_036,0.043692225948640875,0.6230648891020141,0.62632,0.3228729822727014
28,normal,0,random_037,0.03201066900401711,0.6057938454812434,0.60306,0.23654963649644023
28,normal,0,random_038,0.02063079877740701,0.5852922925930306,0.58882,0.15245566879012745
28,normal,0,random_039,0.047032606387040196,0.6275248888943474,0.62558,0.34755743289646135
28,normal,0,random_040,0.048379845065232255,0.6292740572569614,0.62608,0.35751313921301114
28,normal,0,random_041,0.03559264703898281,0.6114078270462777,0.60852,0.2630194238664897
28,normal,0,random_042,0.04762962101701147,0.6283033916699058,0.6251,0.3519691992886301
28,normal,0,random_043,0.02015779073297594,0.5843237275991366,0.5846,0.14896027539625548
28,normal,0,random_044,0.02521754466376133,0.5941372031288524,0.59348,0.18635040157382837
28,normal,0,random_045,0.03896488582999196,0.6164204240618456,0.61662,0.28793929855240485
28,normal,0,random_046,0.04502805764588398,0.6248702591924269,0.6231,0.33274439428110475
28,normal,0,random_047,0.030837610819958228,0.6038825590608433,0.60318,0.22788107393083185
28,normal,0,random_048,0.059633565959439555,0.6429293003700973,0.64482,0.440674899638045
28,normal,0,random_049,0.06190159557815884,0.6455003764246137,0.646,0.45743498615182204
28,normal,0,random_050,0.024985051755132402,0.5937103581931932,0.59012,0.18463234585255395
28,normal,0,random_051,0.029483057226206894,0.6016265422348107,0.60194,0.21787131249233724
28,normal,0,random_052,0.04280037566527539,0.6218426233788287,0.62352,0.3162824652075044
28,normal,0,random_053,0.03712874497727002,0.6137216737719258,0.61274,0.27437074579228793
28,normal,0,random_054,0.040789193612765035,0.6190341195877571,0.61952,0.3014204083292245
28,normal,0,random_055,0.041140439733980946,0.6195299849554834,0.6209,0.30401601613373447
28,normal,0,random_056,0.03765870259997921,0.614507897462794,0.61498,0.2782869801888464
28,normal,0,random_057,0.04157600604322444,0.6201416862837931,0.62032,0.3072347258741873
28,normal,0,random_058,0.028984029055051683,0.6007815030724745,0.60242,0.21418363784631736
28,normal,0,random_059,0.027041926159730067,0.5974168104134018,0.5983,0.1998320560699615
28,normal,0,random_060,0.04364315020746986,0.6229979895977422,0.62732,0.322510326661432
28,normal,0,random_061,0.031495986409806435,0.6049599610846851,0.60618,0.23274628016682702
28,normal,0,random_062,0.04460460586273704,0.6243011940056408,0.62464,0.3296152074039231
28,normal,0,random_063,0.025441788903204542,0.5945469384371656,0.59292,0.18800750200244032
28,normal,0,random_064,0.01962400378566049,0.583216329320263,0.58154,0.1450157433923113
28,normal,0,random_065,0.03777614366908885,0.6146813147668414,0.61574,0.279154835909205
28,normal,0,random_066,0.023854495529126402,0.5916041959454262,0.5947,0.17627786053183336
28,normal,0,random_067,0.029647078937196158,0.6019026246357424,0.59934,0.21908338575788405
28,normal,0,random_068,0.03910773899695503,0.6166274642198556,0.61548,0.28899494236644796
28,normal,0,random_069,0.03180000172436871,0.6054533988583175,0.60008,0.23499286589548
28,normal,0,random_070,0.038860098081497735,0.616268290334739,0.616,0.2871649472318349
28,normal,0,random_071,0.033565634167227784,0.6082703888383933,0.60976,0.2480403817875165
28,normal,0,random_072,0.029473691074712233,0.6016107523790343,0.59914,0.21780209932684058
28,normal,0,random_073,0.0445068235340601,0.6241693649991649,0.62626,0.3288926241207871
28,normal,0,random_074,0.021962588425119625,0.5879585405543357,0.58658,0.16229721121514237
28,normal,0,random_075,0.024673562789998996,0.5931351795178683,0.59394,0.18233053199587648
28,normal,0,random_076,0.01820189041247269,0.5801868748373504,0.57762,0.13450673461645327
28,normal,0,random_077,0.042171261442203845,0.6209720122055319,0.62238,0.3116334920553457
28,normal,0,random_078,0.037319438162236374,0.6140052748189113,0.61724,0.2757799135788307
28,normal,0,random_079,0.05289803672115426,0.6349504081443216,0.63586,0.3909012759525298
28,normal,0,random_080,0.03951298832659808,0.6172125712637466,0.61668,0.29198961834792975
28,normal,0,random_081,0.03249586868476802,0.6065734060233887,0.60634,0.24013512257595357
28,normal,0,random_082,0.014017936495954526,0.5704798867181851,0.57428,0.10358851863208793
28,normal,0,random_083,0.02835483162767037,0.5997049183423141,0.59822,0.2095340498382421
28,normal,0,random_084,0.04280591662075954,0.6218502600717593,0.62404,0.31632341127475005
28,normal,0,random_085,0.03631857051725775,0.612507889783033,0.61144,0.26838378956870673
28,normal,0,random_086,0.0491987648833274,0.6303241241642549,0.6307,0.36356472111733873
28,normal,0,random_087,0.03512975339700604,0.6107000203300507,0.60672,0.2595987729974818
28,normal,0,random_088,0.03760966061123519,0.6144353936523238,0.61308,0.277924573998304
28,normal,0,random_089,0.027874247238737236,0.5988740285911609,0.59994,0.20598266943773466
28,normal,0,random_090,0.04081318307727089,0.6190680602869328,0.61902,0.3015976835716725
28,normal,0,random_091,0.045721143360148625,0.6257953536554208,0.62644,0.33786609835263165
28,normal,0,random_092,0.024665550708697963,0.5931203344249196,0.5939,0.18227132501963061
28,normal,0,random_093,0.041110541243294774,0.6194878665509648,0.61688,0.3037950748874669
28,normal,0,random_094,0.05480651813284956,0.6372665466068297,0.63542,0.40500440463565984
28,normal,0,random_095,0.026587907010174126,0.5966118768059515,0.59808,0.1964769851473137
28,normal,0,random_096,0.034248159392753635,0.6093379322104926,0.6096,0.25308404688484804
28,normal,0,random_097,0.03387240884632013,0.608751649160373,0.60716,0.25030735842635227
28,normal,0,random_098,0.03185041728996096,0.6055349821400451,0.60722,0.2353654224238397
28,normal,0,random_099,0.05019037493256402,0.6315827127031421,0.63648,0.37089243415775375
28,normal,0,random_100,0.047366464023419444,0.6279609061753689,0.62836,0.3500245447995945
28,normal,0,random_101,0.027664320577459045,0.5985086947998087,0.60476,0.2044313717935012
28,normal,0,random_102,0.04445401220626524,0.6240980991101568,0.6246,0.3285023635988591
28,normal,0,random_103,0.03051843855853588,0.6033558199047047,0.6076,0.2255224827245771
28,normal,0,random_104,0.03485409753924065,0.6102761245211229,0.61204,0.2575617554973373
28,normal,0,random_105,0.03156512712648907,0.60507240454826,0.60546,0.23325721017570414
28,normal,0,random_106,0.03121615878871759,0.6045035226345783,0.6053,0.23067843453567444
28,normal,0,random_107,0.05426104454474687,0.636609237665154,0.635,0.4009735117178046
28,normal,0,random_108,0.04507211990851425,0.6249293037240261,0.62176,0.3330700017280186
28,normal,0,random_109,0.03721861010098014,0.6138554202832356,0.6122,0.2750348232079981
28,normal,0,random_110,0.028458422492317167,0.5998830348594039,0.59696,0.21029955653144722
28,normal,0,random_111,0.032906335473433114,0.6072280320357323,0.60904,0.2431683540788756
28,normal,0,random_112,0.0393289038234754,0.6169471932037871,0.62148,0.2906292868193124
28,normal,0,random_113,0.032028213848395104,0.6058221444023294,0.60676,0.23667928784985237
28,normal,0,random_114,0.038007391438269894,0.6150219297715456,0.61412,0.2808636904081072
28,normal,0,random_115,0.037750190631089364,0.614643016867252,0.61398,0.278963050423435
28,normal,0,random_116,0.054979069221044896,0.6374737094765655,0.63724,0.4062795075453976
28,normal,0,random_117,0.028999145531118462,0.6008072142016226,0.6031,0.21429534425639754
28,normal,0,random_118,0.05164523719033723,0.6334044797982084,0.63618,0.38164344777091674
28,normal,0,random_119,0.03605358889895155,0.6121077265005496,0.61252,0.26642565162786264
28,normal,0,random_120,0.03547104538742674,0.6112223706193718,0.61284,0.26212082263858844
28,normal,0,random_121,0.03998684489051828,0.61789260600829,0.61528,0.29549128205676095
28,normal,0,random_122,0.03758781358262085,0.6144030784378107,0.6104,0.27776313074085124
28,normal,0,random_123,0.04911023478429402,0.6302110756869628,0.63318,0.36291050914998774
28,normal,0,random_124,0.02320841326580769,0.5903769027208532,0.5916,0.17150349844287924
28,normal,0,random_125,0.022340849052289037,0.5887002604526369,0.5917,0.16509244844828505
28,normal,0,random_126,0.029622914545887065,0.6018620022288764,0.60374,0.2189048178566756
28,normal,0,random_127,0.030197381772191195,0.6028229925287579,0.60198,0.22314996542120497
28,normal,12,oracle_t0,0.045893197381663656,0.6260238025724265,0.62502,0.5155933408134921
28,normal,12,oracle_t12,0.08901045407074963,0.6727499211227199,0.67098,1.0000000000000009
28,normal,12,bottom,4.272382097633521e-33,0.5,0.49976,-1.433659241084329e-17
28,normal,12,random_000,0.030315470028933193,0.6030193225533677,0.60702,0.34058325334277123
28,normal,12,random_001,0.027238613852749328,0.5977632934270852,0.59442,0.30601589596542045
28,normal,12,random_002,0.0198867452309033,0.5837633549151255,0.58502,0.22342033234766356
28,normal,12,random_003,0.020937716714316913,0.5859145564752156,0.58374,0.23522761380000004
28,normal,12,random_004,0.027080335039042135,0.5974845758846032,0.59836,0.3042376911988053
28,normal,12,random_005,0.014056968284486679,0.5705769125341575,0.5688,0.15792491377825757
28,normal,12,random_006,0.012526303435792384,0.5666617298529247,0.56388,0.14072845225388814
28,normal,12,random_007,0.014292648389132868,0.5711598392244664,0.56998,0.1605726938295632
28,normal,12,random_008,0.02367168775623768,0.5912587300770022,0.59346,0.26594278170317326
28,normal,12,random_009,0.03514148901936036,0.6107180271503749,0.61676,0.3948018172273148
28,normal,12,random_010,0.02832931437444971,0.5996609902795462,0.59642,0.3182695186784722
28,normal,12,random_011,0.03284770403048374,0.6071347941023058,0.61118,0.36903197914679664
28,normal,12,random_012,0.022468913095409132,0.5889498814243763,0.58162,0.2524300468970737
28,normal,12,random_013,0.03235646500900759,0.6063500718441264,0.60196,0.36351308783672986
28,normal,12,random_014,0.022022735393023598,0.5880769267516593,0.58876,0.24741740307850718
28,normal,12,random_015,0.029792006111721853,0.6021458898546586,0.59808,0.3347023270776915
28,normal,12,random_016,0.01579795052287313,0.5747712994849548,0.57364,0.17748421449817797
28,normal,12,random_017,0.022264673605945143,0.5885514236025615,0.58688,0.2501354906947017
28,normal,12,random_018,0.018739606636632836,0.5813463717265462,0.5788,0.21053264846551342
28,normal,12,random_019,0.017398410624804045,0.578420568453474,0.57642,0.19546480024666532
28,normal,12,random_020,0.018727896617068168,0.5813213069627812,0.5812,0.21040109066495027
28,normal,12,random_021,0.026804772750181935,0.5969972611045878,0.59342,0.3011418493481257
28,normal,12,random_022,0.028941438772098316,0.6007090241950689,0.59832,0.32514651311737325
28,normal,12,random_023,0.024240354115303744,0.5923288316215478,0.59586,0.2723315409225574
28,normal,12,random_024,0.03847369992616106,0.6157053709355795,0.61404,0.4322379919057645
28,normal,12,random_025,0.019432808895464542,0.5828158553117699,0.58358,0.2183205231153911
28,normal,12,random_026,0.015533588198194965,0.574150366139886,0.57704,0.174514200161794
28,normal,12,random_027,0.017662137443076893,0.5790049136280341,0.57786,0.19842767490027888
28,normal,12,random_028,0.02910375868873384,0.6009849520446869,0.60444,0.3269701182020806
28,normal,12,random_029,0.028683278122290587,0.6002684734611304,0.60272,0.32224617233714836
28,normal,12,random_030,0.03159040246338095,0.6051134768737813,0.60522,0.35490665442815816
28,normal,12,random_031,0.01889606083124028,0.5816804749383816,0.58332,0.21229035430176363
28,normal,12,random_032,0.021172474405392484,0.5863873017168173,0.584,0.23786503087113398
28,normal,12,random_033,0.013506736204915226,0.569196045135351,0.5661,0.15174325696821475
28,normal,12,random_034,0.022691878562176276,0.5893827062554223,0.5922,0.2549349826273188
28,normal,12,random_035,0.02718307996566738,0.5976656003653453,0.5986,0.30539199299063263
28,normal,12,random_036,0.019854114439570997,0.5836956239877922,0.58576,0.22305373730359865
28,normal,12,random_037,0.02255838912433389,0.5891238438832913,0.58686,0.25343527746081884
28,normal,12,random_038,0.015581433849570813,0.5742631489118883,0.57932,0.17505172861140536
28,normal,12,random_039,0.027048802345244802,0.5974289459403436,0.59718,0.3038834328802007
28,normal,12,random_040,0.020942094110047726,0.5859233968145577,0.58486,0.23527679224512207
28,normal,12,random_041,0.02197180155600934,0.5879766856185641,0.58578,0.24684517998914102
28,normal,12,random_042,0.03039238809632652,0.6031469846477332,0.60064,0.3414473997871
28,normal,12,random_043,0.018361364628793668,0.5805325939409122,0.58412,0.20628323740713897
28,normal,12,random_044,0.02297838404070764,0.58993560791964,0.59112,0.25815376722427885
28,normal,12,random_045,0.015040115579036234,0.5729764935427724,0.57248,0.16897021519608993
28,normal,12,random_046,0.041719689500237515,0.6203427036733578,0.6181,0.4687055013456827
28,normal,12,random_047,0.010128149825898526,0.5599956016311468,0.55838,0.11378607076701594
28,normal,12,random_048,0.027477068605617765,0.5981815771312023,0.5972,0.30869484817792014
28,normal,12,random_049,0.03380484368655142,0.6086458566524733,0.61246,0.3797850942281655
28,normal,12,random_050,0.021136208999053774,0.586314451886402,0.58634,0.23745760225258214
28,normal,12,random_051,0.0277432740253978,0.598646269107884,0.59626,0.3116855690158168
28,normal,12,random_052,0.02988931307181908,0.6023088688319396,0.60342,0.3357955352981539
28,normal,12,random_053,0.027780269118240768,0.598710660528318,0.60156,0.31210119539621434
28,normal,12,random_054,0.03261316960905718,0.6067609321473202,0.60556,0.3663970704287695
28,normal,12,random_055,0.02988554907153241,0.6023025697937148,0.60794,0.3357532481272147
28,normal,12,random_056,0.02104496043111554,0.58613086194909,0.58584,0.23643245785925382
28,normal,12,random_057,0.02202714144424306,0.588085592429649,0.59182,0.24746690345759714
28,normal,12,random_058,0.019175839215198505,0.5822743575595948,0.5796,0.21543356244376283
28,normal,12,random_059,0.010000374644659582,0.5596188007814373,0.5634,0.11235056319014881
28,normal,12,random_060,0.01870553700535543,0.5812734245380929,0.58386,0.2101498885792383
28,normal,12,random_061,0.011057005725402705,0.5626646080571804,0.56382,0.1242214281551029
28,normal,12,random_062,0.03214783438545489,0.6060148650201204,0.60426,0.3611691988437935
28,normal,12,random_063,0.032014959494749945,0.6058007665873631,0.60844,0.3596763978903309
28,normal,12,random_064,0.009708121376515184,0.5587476035694773,0.55544,0.10906720427241873
28,normal,12,random_065,0.028922213183256815,0.6006762880516495,0.59684,0.32493052063601585
28,normal,12,random_066,0.014815621764175436,0.5724358805633393,0.56942,0.16644810903221896
28,normal,12,random_067,0.016391376732590356,0.5761458238904045,0.57502,0.18415114161266663
28,normal,12,random_068,0.016594080442674703,0.5766094104474918,0.57676,0.18642844389362376
28,normal,12,random_069,0.025315009293454576,0.5943155244690524,0.59354,0.2844049000506507
28,normal,12,random_070,0.040729316071050126,0.6189493562606599,0.62208,0.4575790169397027
28,normal,12,random_071,0.018747385271228566,0.5813630170286801,0.57736,0.210620038589257
28,normal,12,random_072,0.022492961574212808,0.5889966730337144,0.58672,0.25270022278882415
28,normal,12,random_073,0.018962060554644874,0.5818209828237297,0.58454,0.21303183713199547
28,normal,12,random_074,0.018526498482659984,0.5808889387637419,0.58034,0.20813845605072728
28,normal,12,random_075,0.007228392235731562,0.5507395062698884,0.54876,0.08120835143685602
28,normal,12,random_076,0.01648933967981827,0.5763702356320508,0.57434,0.18525171960938203
28,normal,12,random_077,0.026181676359816566,0.5958854708185441,0.59892,0.2941415885712277
28,normal,12,random_078,0.03273373163210376,0.6069532948686408,0.60482,0.36775154080312294
28,normal,12,random_079,0.0358732601265427,0.611834492249102,0.61696,0.403022998826958
28,normal,12,random_080,0.02264702873365708,0.5892958230623547,0.58824,0.2544311111552829
28,normal,12,random_081,0.030807303850709865,0.6038326682060154,0.60414,0.3461088270173616
28,normal,12,random_082,0.01607027877730981,0.5754053429244279,0.57818,0.18054372315117534
28,normal,12,random_083,0.024074507976796056,0.5920181259981373,0.59044,0.2704683200207085
28,normal,12,random_084,0.01618987906662006,0.5756820404166125,0.5773,0.18188738879763053
28,normal,12,random_085,0.014540626684327238,0.5717678529927093,0.56816,0.16335863956799607
28,normal,12,random_086,0.03332186369360634,0.6078862787430379,0.60628,0.374358990092564
28,normal,12,random_087,0.03191858167892081,0.6056451769063859,0.60336,0.35859362826697294
28,normal,12,random_088,0.027712540514636765,0.5985927415244705,0.5986,0.3113402892272584
28,normal,12,random_089,0.014796006678419935,0.572388444179666,0.57226,0.16622774069503563
28,normal,12,random_090,0.02733644008753742,0.5979351288061233,0.59886,0.3071149380477172
28,normal,12,random_091,0.02495672298187066,0.5936582048900895,0.59246,0.28037968396424445
28,normal,12,random_092,0.022241149723521918,0.5885054069983693,0.58938,0.24987120845202782
28,normal,12,random_093,0.015790412775165994,0.5747536696752854,0.57286,0.177399530650805
28,normal,12,random_094,0.01853570908234551,0.5809087656559333,0.58328,0.20824193378018818
28,normal,12,random_095,0.016865077814668842,0.5772246210249,0.57706,0.18947300056759303
28,normal,12,random_096,0.02842434009620864,0.5998244709311447,0.5972,0.319337098017899
28,normal,12,random_097,0.023307749715242417,0.5905667611185083,0.59,0.26185407049734133
28,normal,12,random_098,0.023788738659283347,0.5914800912674758,0.59424,0.26725780592440274
28,normal,12,random_099,0.02218398634726981,0.588393479379909,0.5904,0.24922899876049345
28,normal,12,random_100,0.015396279453706509,0.5738256972245604,0.57382,0.1729715864775709
28,normal,12,random_101,0.018500380185969,0.5808326881410845,0.5808,0.20784502650962836
28,normal,12,random_102,0.03989899281785401,0.617766861754153,0.61646,0.4482506379097951
28,normal,12,random_103,0.020090342268010347,0.5841846511985541,0.57746,0.22570767083203097
28,normal,12,random_104,0.019890299247559976,0.5837707283928235,0.58454,0.22346026042907566
28,normal,12,random_105,0.018367816458532693,0.5805465476931917,0.58516,0.206355721362045
28,normal,12,random_106,0.02010318935851203,0.584211160246388,0.588,0.2258520032100174
28,normal,12,random_107,0.0177702628909015,0.5792431777629552,0.57798,0.19964242488614758
28,normal,12,random_108,0.022484099431762383,0.5889794328438692,0.58848,0.25260065984935887
28,normal,12,random_109,0.02637371201678073,0.5962296000321823,0.59456,0.2962990391647448
28,normal,12,random_110,0.019208857417217555,0.5823441460348883,0.58138,0.2158045099056508
28,normal,12,random_111,0.012332254619003395,0.5661481712405395,0.56068,0.13854838454369817
28,normal,12,random_112,0.01740587446235911,0.5784371692829446,0.57804,0.1955486537404262
28,normal,12,random_113,0.011546529146080588,0.564025036465723,0.5668,0.1297210453156759
28,normal,12,random_114,0.016069162937315085,0.5754027563932274,0.5713,0.18053118709564817
28,normal,12,random_115,0.015323773107659061,0.5736536502431424,0.57136,0.17215700411413512
28,normal,12,random_116,0.026804457156965625,0.5969967014784779,0.59732,0.3011383037733998
28,normal,12,random_117,0.038498019876068865,0.6157408915069116,0.61592,0.43251121767639666
28,normal,12,random_118,0.024037285003423663,0.5919482354590438,0.5953,0.27005013348564366
28,normal,12,random_119,0.023245902226767444,0.5904486042437793,0.58584,0.26115923651271955
28,normal,12,random_120,0.023631925941184587,0.5911834032667058,0.593,0.26549607220743826
28,normal,12,random_121,0.019672576134841573,0.5833177434240067,0.57894,0.22101422063530782
28,normal,12,random_122,0.02007298146353908,0.5841488143479614,0.5863,0.22551262852320886
28,normal,12,random_123,0.028611712597013016,0.600145973677459,0.60014,0.32144215975205714
28,normal,12,random_124,0.01834965642849843,0.5805072654050849,0.58076,0.20615170004540465
28,normal,12,random_125,0.009698450879902334,0.5587185486379026,0.56164,0.10895855976864881
28,normal,12,random_126,0.03006231173759412,0.602597925807129,0.60062,0.3377391122361788
28,normal,12,random_127,0.017889812094911355,0.5795057392925953,0.58174,0.20098551660787756
28,nonnormal,0,oracle_t0,0.22092121892059413,0.7596054173793206,0.76044,1.0
28,nonnormal,0,oracle_t12,0.14498057730824793,0.7160492289333221,0.71964,0.6562546504885909
28,nonnormal,0,bottom,6.273659222132553e-32,0.5000000000000001,0.50088,-6.785254148984351e-21
28,nonnormal,0,random_000,0.04499395562404518,0.6248245397877079,0.62496,0.20366516101931073
28,nonnormal,0,random_001,0.02930213304533725,0.6013210579711045,0.59908,0.13263611883233964
28,nonnormal,0,random_002,0.029733538095692274,0.6020478254224222,0.60296,0.13458887399303834
28,nonnormal,0,random_003,0.02848910677493317,0.5999357278837283,0.6007,0.12895595504193308
28,nonnormal,0,random_004,0.028942015271645468,0.6007100056439671,0.60392,0.13100604556255013
28,nonnormal,0,random_005,0.03188911226721607,0.6055975520523124,0.60418,0.14434608148110034
28,nonnormal,0,random_006,0.03640628539826121,0.6126400048204982,0.61498,0.16479306775573585
28,nonnormal,0,random_007,0.06635407004072645,0.6503957972306635,0.65026,0.3003517288421992
28,nonnormal,0,random_008,0.024237751722124345,0.5923239648196337,0.5939,0.10971219442183205
28,nonnormal,0,random_009,0.047449714154149586,0.6280693656178815,0.62332,0.21478115314583915
28,nonnormal,0,random_010,0.039693965564724876,0.6174728144757259,0.62078,0.17967475355543874
28,nonnormal,0,random_011,0.021773141100911136,0.5875845389731466,0.587,0.09855613330079024
28,nonnormal,0,random_012,0.05685071653531123,0.6396976808313277,0.63666,0.2573347947882956
28,nonnormal,0,random_013,0.03671622665228147,0.6131054601923057,0.61278,0.16619601698593933
28,nonnormal,0,random_014,0.021959485204725397,0.587952427928981,0.58724,0.0993996199732101
28,nonnormal,0,random_015,0.019936192058266584,0.5838658799270906,0.58304,0.09024118260651223
28,nonnormal,0,random_016,0.044405658020546836,0.6240328070332348,0.62326,0.20100223164397618
28,nonnormal,0,random_017,0.03461911347296144,0.6099133430857261,0.60698,0.15670343320622634
28,nonnormal,0,random_018,0.0471766460262586,0.6277132135883304,0.62402,0.213545110138177
28,nonnormal,0,random_019,0.036748620156652756,0.6131539843167386,0.61346,0.1663426461985136
28,nonnormal,0,random_020,0.016013893322434008,0.5752745240809359,0.5728,0.07248689555795859
28,nonnormal,0,random_021,0.03600411768575085,0.6120328413558205,0.61278,0.1629726554183636
28,nonnormal,0,random_022,0.019193695307230245,0.5823121066221593,0.58504,0.08688027071826476
28,nonnormal,0,random_023,0.04717946193310538,0.6277168920758507,0.62996,0.21355785634182617
28,nonnormal,0,random_024,0.028005758256177554,0.5991021518650648,0.59808,0.12676807774740587
28,nonnormal,0,random_025,0.05254647383839143,0.6345186715088161,0.63786,0.237851638222575
28,nonnormal,0,random_026,0.07222966737601354,0.6565750518839566,0.65778,0.326947622907943
28,nonnormal,0,random_027,0.03345437553840122,0.6080952648727816,0.60114,0.1514312464047456
28,nonnormal,0,random_028,0.028514753766563344,0.5999797473856482,0.59894,0.12907204616145282
28,nonnormal,0,random_029,0.03651576490825863,0.6128046601115958,0.61452,0.1652886268085617
28,nonnormal,0,random_030,0.06845374573132743,0.6526389731078439,0.65098,0.3098559118304149
28,nonnormal,0,random_031,0.02379285377986233,0.5914878631399954,0.59362,0.10769836367965276
28,nonnormal,0,random_032,0.027482968477114948,0.5981919018717913,0.5966,0.12440166956978987
28,nonnormal,0,random_033,0.026298486564488476,0.5960949541112192,0.59216,0.11904011164242649
28,nonnormal,0,random_034,0.039052193817463346,0.6165470103568852,0.61714,0.1767697734435364
28,nonnormal,0,random_035,0.02305072061394008,0.5900746299586165,0.5921,0.10433909755959302
28,nonnormal,0,random_036,0.03694074652844902,0.6134413068346833,0.61548,0.16721230630963818
28,nonnormal,0,random_037,0.020212570426433263,0.5844365025401954,0.58008,0.09149220941831884
28,nonnormal,0,random_038,0.024070922134828702,0.5920113956355861,0.59136,0.1089570402174928
28,nonnormal,0,random_039,0.04265541403175072,0.6216426405202095,0.622,0.19307975141619324
28,nonnormal,0,random_040,0.037894421512020174,0.6148556723188953,0.61204,0.17152911656548742
28,nonnormal,0,random_041,0.030821161893972236,0.6038554843530545,0.60056,0.13951200362084876
28,nonnormal,0,random_042,0.0450315517942117,0.6248749425995737,0.62618,0.20383534010102228
28,nonnormal,0,random_043,0.03547728935843592,0.6112319017426683,0.61244,0.16058796675020862
28,nonnormal,0,random_044,0.013137555390871088,0.5682532332593285,0.56932,0.05946715057548694
28,nonnormal,0,random_045,0.026104676985491203,0.5957471121411027,0.59692,0.11816283249312524
28,nonnormal,0,random_046,0.033637664509793455,0.6083836000504835,0.60492,0.1522609040188389
28,nonnormal,0,random_047,0.01664385465357189,0.5767227950550186,0.57772,0.07533841581579451
28,nonnormal,0,random_048,0.05327468953217069,0.6354111787780663,0.6375,0.24114790689851867
28,nonnormal,0,random_049,0.02621838424644588,0.5959513546727079,0.59546,0.11867752846262165
28,nonnormal,0,random_050,0.02993990801657921,0.6023934982004497,0.60302,0.13552300753573393
28,nonnormal,0,random_051,0.06929107693931244,0.6535224565621648,0.65718,0.3136460919320648
28,nonnormal,0,random_052,0.043208939681870895,0.6224042707529582,0.62258,0.1955852855284196
28,nonnormal,0,random_053,0.06851657592165891,0.6527054821830137,0.65814,0.3101403127161176
28,nonnormal,0,random_054,0.028366972733399123,0.5997258119264217,0.59814,0.12840311524623216
28,nonnormal,0,random_055,0.060529223827719386,0.643951162093906,0.64556,0.2739855597550157
28,nonnormal,0,random_056,0.07190022723019471,0.6562364599985572,0.66008,0.3254564119349616
28,nonnormal,0,random_057,0.056059516075137907,0.6387626494232211,0.6387,0.2537534255380304
28,nonnormal,0,random_058,0.05222635235789114,0.6341241394108657,0.62908,0.23640260819248382
28,nonnormal,0,random_059,0.023434030833527686,0.5908075042752312,0.58944,0.1060741514464964
28,nonnormal,0,random_060,0.039975047269554906,0.6178757286179932,0.61392,0.18094707002283542
28,nonnormal,0,random_061,0.024398461785492216,0.592623997639788,0.5891,0.11043964859827148
28,nonnormal,0,random_062,0.027915555466475776,0.5989457446774417,0.59976,0.1263597747779469
28,nonnormal,0,random_063,0.0364073537726205,0.6126416129303922,0.61038,0.16479790375276906
28,nonnormal,0,random_064,0.019732358314780075,0.5834423831947717,0.58794,0.08931852907199686
28,nonnormal,0,random_065,0.027964627816804442,0.5990308669702007,0.59928,0.12658190079448997
28,nonnormal,0,random_066,0.037172793995807384,0.6137872539373683,0.61682,0.16826266927835676
28,nonnormal,0,random_067,0.027403480095663117,0.5980526986495415,0.5984,0.12404186537424806
28,nonnormal,0,random_068,0.021873745822428965,0.5877833616082483,0.5877,0.09901152061944336
28,nonnormal,0,random_069,0.049014077515562214,0.630088159426904,0.62756,0.2218622446274814
28,nonnormal,0,random_070,0.04823658134085872,0.629089345423803,0.62728,0.21834290783175714
28,nonnormal,0,random_071,0.03495723621247972,0.6104349392468488,0.60998,0.15823394594361898
28,nonnormal,0,random_072,0.02692542392623949,0.5972109505992937,0.59922,0.12187794390142896
28,nonnormal,0,random_073,0.04475414447247076,0.6245024930801973,0.62374,0.20257965573038403
28,nonnormal,0,random_074,0.046909318560508464,0.6273634427183439,0.62492,0.2123350522403606
28,nonnormal,0,random_075,0.03986157221859443,0.6177132551610731,0.61498,0.18043342515198557
28,nonnormal,0,random_076,0.00903877109885387,0.5567003781621703,0.55676,0.04091400157493554
28,nonnormal,0,random_077,0.06290809503735847,0.6466241783292659,0.64712,0.2847535213897656
28,nonnormal,0,random_078,0.02533112166500944,0.5943449687049255,0.59426,0.11466133397586503
28,nonnormal,0,random_079,0.02286652468891343,0.5897201740802471,0.58964,0.10350533461945259
28,nonnormal,0,random_080,0.015622913909195693,0.5743607816147173,0.56928,0.0707171270624351
28,nonnormal,0,random_081,0.04467485453744499,0.6243958043412294,0.62132,0.2022207498026819
28,nonnormal,0,random_082,0.045613715882273385,0.6256524737172551,0.6285,0.20647050611588538
28,nonnormal,0,random_083,0.01566886195591242,0.5744687742420765,0.57424,0.07092511091722835
28,nonnormal,0,random_084,0.04204433438982216,0.6207955013955158,0.62064,0.19031369913332857
28,nonnormal,0,random_085,0.051792447431210614,0.6335872124746327,0.63166,0.23443853734043738
28,nonnormal,0,random_086,0.027216354427735706,0.5977241482119483,0.59782,0.12319484095150722
28,nonnormal,0,random_087,0.04827883963115785,0.629143861186359,0.62988,0.21853419000241328
28,nonnormal,0,random_088,0.025509792537015914,0.594670816018915,0.59912,0.1154700877609448
28,nonnormal,0,random_089,0.01957300264450153,0.583109703004539,0.58582,0.08859720555650508
28,nonnormal,0,random_090,0.030837808353052706,0.6038828841506942,0.60196,0.13958735382560408
28,nonnormal,0,random_091,0.05978463970799308,0.6431022690242824,0.64084,0.2706151993914244
28,nonnormal,0,random_092,0.01706984405077275,0.5776860802065542,0.57528,0.0772666570199768
28,nonnormal,0,random_093,0.03647697288367871,0.6127463481676435,0.6147,0.16511303469129254
28,nonnormal,0,random_094,0.038153627479923256,0.6152367470275483,0.61282,0.17270241249952933
28,nonnormal,0,random_095,0.021853136426407044,0.5877426708971758,0.58746,0.09891823217878287
28,nonnormal,0,random_096,0.023256559151101995,0.5904689756085594,0.58996,0.1052708257936107
28,nonnormal,0,random_097,0.03528485766699943,0.6109377466873637,0.60858,0.15971692460959072
28,nonnormal,0,random_098,0.036281480341652225,0.6124519731187326,0.6146,0.16422813760905838
28,nonnormal,0,random_099,0.05933698654138776,0.6425890139853374,0.64538,0.2685888971249761
28,nonnormal,0,random_100,0.028332781739051564,0.5996669605980461,0.59776,0.12824834969444576
28,nonnormal,0,random_101,0.028240769493298998,0.5995083964502759,0.60116,0.12783185622133292
28,nonnormal,0,random_102,0.03367730059541035,0.6084458410955161,0.60784,0.15244031677878353
28,nonnormal,0,random_103,0.022872858311517766,0.5897323870042787,0.58932,0.10353400376511132
28,nonnormal,0,random_104,0.019109038550696893,0.582132973316921,0.58132,0.08649707187051714
28,nonnormal,0,random_105,0.022367399248588764,0.5887520734180822,0.58926,0.10124604308211918
28,nonnormal,0,random_106,0.013005437378159351,0.5679125226684885,0.5697,0.05886911832961557
28,nonnormal,0,random_107,0.01734719145377505,0.5783065484507655,0.5779,0.07852207016841672
28,nonnormal,0,random_108,0.043371440514573326,0.6226268484275591,0.62216,0.19632084562308322
28,nonnormal,0,random_109,0.024130237153312695,0.59212265773444,0.59324,0.1092255296761958
28,nonnormal,0,random_110,0.03299189306624148,0.6073639290106496,0.60332,0.14933781927982104
28,nonnormal,0,random_111,0.02891340352605415,0.6006612836406285,0.59922,0.13087653448284894
28,nonnormal,0,random_112,0.03886191437504766,0.6162709291779588,0.6157,0.1759084734591105
28,nonnormal,0,random_113,0.04450196617847604,0.6241628122165326,0.62184,0.20143817056555088
28,nonnormal,0,random_114,0.02597124634543604,0.5955068407202263,0.59704,0.1175588586389744
28,nonnormal,0,random_115,0.056217884973399676,0.6389504002446289,0.64098,0.25447028242953024
28,nonnormal,0,random_116,0.025786765909760062,0.5951735643159113,0.59298,0.11672380786124768
28,nonnormal,0,random_117,0.022758336868353983,0.5895112836673653,0.58948,0.10301562239946738
28,nonnormal,0,random_118,0.03380833698292801,0.6086513291907738,0.60432,0.15303345304771182
28,nonnormal,0,random_119,0.02228524545157275,0.5885916446158461,0.59228,0.10087417388178885
28,nonnormal,0,random_120,0.05098966292599508,0.6325871631590295,0.63508,0.23080473290491088
28,nonnormal,0,random_121,0.041127387094299236,0.6195115995841938,0.61658,0.18616313677447927
28,nonnormal,0,random_122,0.03710781120903378,0.6136904928078739,0.6132,0.1679685246638598
28,nonnormal,0,random_123,0.03197401004986658,0.6057346896501865,0.60316,0.14473037133367903
28,nonnormal,0,random_124,0.05072630023980672,0.6322571751589104,0.62816,0.22961262158362122
28,nonnormal,0,random_125,0.05739391507975801,0.6403353853114803,0.64252,0.25979358325189744
28,nonnormal,0,random_126,0.03682575208200424,0.6132694316083538,0.61684,0.16669178389442324
28,nonnormal,0,random_127,0.029524726960354027,0.6016967584444463,0.60664,0.13364369029199555
28,nonnormal,12,oracle_t0,0.11986985856574167,0.6982358675701084,0.70044,0.6889429906821974
28,nonnormal,12,oracle_t12,0.17399096904526934,0.734238678636037,0.73594,0.9999999999999986
28,nonnormal,12,bottom,4.234740739339692e-32,0.5000000000000001,0.49864,-2.5128709942095615e-17
28,nonnormal,12,random_000,0.014787722789967244,0.5723684009785592,0.57612,0.08499132380899449
28,nonnormal,12,random_001,0.011938173398110936,0.5650922807254879,0.56328,0.06861375313683563
28,nonnormal,12,random_002,0.012223406081737186,0.5658582797410009,0.5655,0.07025310651932087
28,nonnormal,12,random_003,0.01389849540514786,0.5701821095295546,0.56782,0.07988055633813783
28,nonnormal,12,random_004,0.01780395256578038,0.5793172618755821,0.58008,0.10232687744355332
28,nonnormal,12,random_005,0.016814991779210073,0.5771113056367501,0.57426,0.09664289975208477
28,nonnormal,12,random_006,0.013034031255197679,0.5679864120755668,0.56772,0.07491211369600705
28,nonnormal,12,random_007,0.03354803272905848,0.6082427045247861,0.60998,0.1928147932800457
28,nonnormal,12,random_008,0.02493891819664462,0.5936254102604112,0.59784,0.1433345554283103
28,nonnormal,12,random_009,0.03160817736073551,0.6051423504748381,0.60698,0.1816656205444294
28,nonnormal,12,random_010,0.025930192631903964,0.5954327830450732,0.59662,0.14903183064149364
28,nonnormal,12,random_011,0.008320367888214792,0.5544150736056349,0.55372,0.04782068824531905
28,nonnormal,12,random_012,0.025975150735242744,0.5955138807057039,0.59182,0.14929022395687927
28,nonnormal,12,random_013,0.015419486898733958,0.5738806765236871,0.57128,0.08862234047746502
28,nonnormal,12,random_014,0.014783092643013397,0.5723571956246047,0.57106,0.08496471238784285
28,nonnormal,12,random_015,0.014633345365310847,0.571993811877453,0.57246,0.0841040511792511
28,nonnormal,12,random_016,0.03315562104144038,0.6076234626071255,0.60606,0.19055943663842595
28,nonnormal,12,random_017,0.022765106426593906,0.5895243697046685,0.5908,0.13084073588135944
28,nonnormal,12,random_018,0.021524522467928426,0.5870911239076526,0.58862,0.12371057294547341
28,nonnormal,12,random_019,0.015054223094695162,0.5730103267144727,0.56738,0.08652301425356339
28,nonnormal,12,random_020,0.013742754142589679,0.5697918437757205,0.57152,0.07898544515269665
28,nonnormal,12,random_021,0.02084337257236641,0.5857237887314858,0.58822,0.11979571518417896
28,nonnormal,12,random_022,0.011847160026874977,0.5648458883972645,0.56428,0.06809066063533757
28,nonnormal,12,random_023,0.027082914365016128,0.5974891248080482,0.59712,0.1556570120485369
28,nonnormal,12,random_024,0.013980991732183175,0.5703879204132289,0.57008,0.08035469776908677
28,nonnormal,12,random_025,0.053101821089216426,0.6351999308071803,0.63768,0.30519872025886713
28,nonnormal,12,random_026,0.03765372608467196,0.6145005425043516,0.60906,0.2164119568463067
28,nonnormal,12,random_027,0.011587431230923092,0.5641373560639082,0.56368,0.06659788892783416
28,nonnormal,12,random_028,0.008964481188669687,0.5564684552864209,0.55474,0.05152268096361529
28,nonnormal,12,random_029,0.022615737807354756,0.5892351526487722,0.58946,0.1299822509837882
28,nonnormal,12,random_030,0.04162079734983139,0.6202043913389735,0.62084,0.2392124003804033
28,nonnormal,12,random_031,0.009847941425407415,0.559166050626813,0.56102,0.056600302184909045
28,nonnormal,12,random_032,0.01691391755195673,0.577334948709922,0.57486,0.09721146818577693
28,nonnormal,12,random_033,0.012309968719140314,0.5660889255538277,0.56594,0.07075061876307767
28,nonnormal,12,random_034,0.020380577957200927,0.5847813866144079,0.58744,0.11713583796351083
28,nonnormal,12,random_035,0.006301499521474532,0.5473912303026593,0.5442,0.03621739424783012
28,nonnormal,12,random_036,0.04725380270393677,0.6278139613445995,0.62784,0.2715876747122553
28,nonnormal,12,random_037,0.026105600346242968,0.5957487725890099,0.59588,0.15003997327844482
28,nonnormal,12,random_038,0.014302155256361361,0.5711832488657812,0.56776,0.08220056095348359
28,nonnormal,12,random_039,0.022764503833702873,0.5895232049327098,0.5861,0.1308372725240695
28,nonnormal,12,random_040,0.02804980928604652,0.5991784368738267,0.5989,0.16121416783849515
28,nonnormal,12,random_041,0.02343983589784831,0.5908185546530327,0.59294,0.13471869273714807
28,nonnormal,12,random_042,0.013830131877181424,0.5700110792122502,0.56866,0.07948764210620064
28,nonnormal,12,random_043,0.01520696973122354,0.5733756049953422,0.57008,0.0874009140512743
28,nonnormal,12,random_044,0.007606318627325885,0.5520416701986796,0.55208,0.043716743857819686
28,nonnormal,12,random_045,0.015968358786083617,0.575168706002141,0.57428,0.09177694034182264
28,nonnormal,12,random_046,0.021954317148731424,0.5879422470497515,0.58676,0.12618078552697337
28,nonnormal,12,random_047,0.015585744764953004,0.5742733018848883,0.57632,0.08957789505096585
28,nonnormal,12,random_048,0.03518252059583043,0.6107809593975504,0.61356,0.20220888928250372
28,nonnormal,12,random_049,0.012554909242627307,0.5667370895648479,0.56798,0.07215839598755683
28,nonnormal,12,random_050,0.0240325711227932,0.5919393805219366,0.59318,0.13812539383317252
28,nonnormal,12,random_051,0.03022928570443497,0.6028760754195569,0.60376,0.17374054452544493
28,nonnormal,12,random_052,0.024339503687822922,0.5925140489788084,0.59274,0.1398894656508878
28,nonnormal,12,random_053,0.02819767339405584,0.5994340347301215,0.60016,0.1620640056710028
28,nonnormal,12,random_054,0.012318771891277697,0.5661123348229726,0.5633,0.07080121433240914
28,nonnormal,12,random_055,0.020545850170801547,0.5851192080623053,0.58464,0.11808572757276761
28,nonnormal,12,random_056,0.03285957163898093,0.6071536736304783,0.60658,0.18885791497851473
28,nonnormal,12,random_057,0.020053280685064193,0.5841081276069383,0.58208,0.11525472152434911
28,nonnormal,12,random_058,0.03185122734099863,0.6055362924126814,0.6052,0.18306253201401196
28,nonnormal,12,random_059,0.015630707640766267,0.5743791109464977,0.57254,0.08983631579578948
28,nonnormal,12,random_060,0.019182890526770316,0.5822892667289015,0.58266,0.1102522195952552
28,nonnormal,12,random_061,0.014489925641243021,0.5716439779409808,0.57068,0.08327975710896227
28,nonnormal,12,random_062,0.013768945643680596,0.5698576348842497,0.5671,0.0791359788340402
28,nonnormal,12,random_063,0.02859523782212842,0.6001177504744704,0.59768,0.16434897730058856
28,nonnormal,12,random_064,0.019422817552715403,0.5827948711722781,0.58284,0.1116311821199289
28,nonnormal,12,random_065,0.014216935893201547,0.570973117773077,0.57162,0.08171076907734524
28,nonnormal,12,random_066,0.02270907243342297,0.5894159903312506,0.5911,0.13051868472273662
28,nonnormal,12,random_067,0.017694284153788355,0.5790758308182338,0.57676,0.10169656649929108
28,nonnormal,12,random_068,0.01989355203125268,0.583777476302758,0.58658,0.11433669310777106
28,nonnormal,12,random_069,0.017123129114986545,0.5778056910353266,0.57788,0.09841389589899573
28,nonnormal,12,random_070,0.03421473069448153,0.6092859142466918,0.60786,0.19664658966052093
28,nonnormal,12,random_071,0.020966971676249654,0.5859736197687153,0.58802,0.12050609173165994
28,nonnormal,12,random_072,0.024385558761487337,0.5925999472809054,0.5897,0.14015416372066186
28,nonnormal,12,random_073,0.05139315282503497,0.633090890132306,0.6313,0.2953782780051262
28,nonnormal,12,random_074,0.02274957141718173,0.5894943363871413,0.59272,0.13075144958393023
28,nonnormal,12,random_075,0.023281563200973625,0.5905167531109856,0.58638,0.13380903232348887
28,nonnormal,12,random_076,0.016750635293939643,0.576965447151787,0.57738,0.09627301569647218
28,nonnormal,12,random_077,0.02221378723929203,0.5884518492947078,0.58596,0.12767207034471065
28,nonnormal,12,random_078,0.017744783991092014,0.5791871007545457,0.57856,0.10198681051356813
28,nonnormal,12,random_079,0.019398378849330846,0.5827435204689106,0.58036,0.11149072251148685
28,nonnormal,12,random_080,0.017625944566880755,0.5789249900519673,0.579,0.10130378986678773
28,nonnormal,12,random_081,0.023112234731925446,0.5901926721457589,0.58964,0.13283582969132163
28,nonnormal,12,random_082,0.022160533833311614,0.5883475148508996,0.5876,0.12736600040169796
28,nonnormal,12,random_083,0.0170719757241807,0.5776908689672481,0.5761,0.09811989563515133
28,nonnormal,12,random_084,0.015879685614495785,0.5749621882277993,0.57442,0.09126729796167841
28,nonnormal,12,random_085,0.024866895870311486,0.5934926260382094,0.59488,0.1429206125281223
28,nonnormal,12,random_086,0.01701592924872296,0.5775648583111641,0.57834,0.09779777273552456
28,nonnormal,12,random_087,0.021305235005491696,0.5866534346555238,0.58474,0.12245023475872718
28,nonnormal,12,random_088,0.02410564574236885,0.5920765470999823,0.59326,0.13854538470957625
28,nonnormal,12,random_089,0.015472313918171672,0.574005666275748,0.57478,0.08892595979591349
28,nonnormal,12,random_090,0.027593989655286845,0.598385969290763,0.5991,0.15859437881576105
28,nonnormal,12,random_091,0.039291114555333295,0.6168926322296233,0.61622,0.2258227238513189
28,nonnormal,12,random_092,0.010236890463786641,0.5603143604063261,0.5585,0.05883575751062784
28,nonnormal,12,random_093,0.023224913194041904,0.5904084680457193,0.59122,0.13348344067213722
28,nonnormal,12,random_094,0.0250638173771685,0.5938552018793594,0.59456,0.14405240406843936
28,nonnormal,12,random_095,0.021296172428934255,0.5866352954225411,0.58858,0.12239814828201424
28,nonnormal,12,random_096,0.014200744013943537,0.5709331189586199,0.56934,0.08161770746991322
28,nonnormal,12,random_097,0.01698176795827057,0.5774879469352158,0.57388,0.09760143328963355
28,nonnormal,12,random_098,0.019016115150367968,0.581935870726333,0.57818,0.10929369067092373
28,nonnormal,12,random_099,0.0396431350719976,0.6173997861748608,0.61988,0.2278459352777276
28,nonnormal,12,random_100,0.017050945094583644,0.5776436105020486,0.57714,0.09799902367431072
28,nonnormal,12,random_101,0.015398656749539155,0.5738313310967096,0.57118,0.0885026207626482
28,nonnormal,12,random_102,0.016702490919636333,0.5768561418194873,0.57406,0.09599630952851704
28,nonnormal,12,random_103,0.02726972354923532,0.5978179742163802,0.59716,0.15673068377554805
28,nonnormal,12,random_104,0.025584829902679167,0.5948073040258801,0.59328,0.14704688434732724
28,nonnormal,12,random_105,0.019246516113398733,0.5824236664897002,0.57842,0.11061790286593043
28,nonnormal,12,random_106,0.01385222463789363,0.5700663979524999,0.56846,0.07961461858568938
28,nonnormal,12,random_107,0.008555171381410903,0.555172691387024,0.55024,0.04917020365111587
28,nonnormal,12,random_108,0.01653315603450575,0.5764703855586808,0.57312,0.09502307002039914
28,nonnormal,12,random_109,0.011516901324154817,0.5639435491501592,0.56198,0.06619252359677533
28,nonnormal,12,random_110,0.04040766761620687,0.6184928589025395,0.61792,0.2322400285367308
28,nonnormal,12,random_111,0.005689816628914685,0.5450427195965062,0.5388,0.032701792858193045
28,nonnormal,12,random_112,0.018119104599320788,0.5800067843440166,0.57948,0.10413819003793522
28,nonnormal,12,random_113,0.030812512533096983,0.6038412445236796,0.59868,0.17709259682943693
28,nonnormal,12,random_114,0.017249745514122828,0.5780891382166806,0.58078,0.09914161412386138
28,nonnormal,12,random_115,0.023731201758178413,0.591371352036746,0.5924,0.13639329609115486
28,nonnormal,12,random_116,0.01798018489712418,0.579703616628652,0.57822,0.10333975950467882
28,nonnormal,12,random_117,0.015380342332673661,0.5737879167596193,0.57422,0.08839736003005966
28,nonnormal,12,random_118,0.030119521252409267,0.6026933195916121,0.60446,0.1731096815983171
28,nonnormal,12,random_119,0.008543411437097035,0.5551350006581242,0.5547,0.049102614256227146
28,nonnormal,12,random_120,0.03440400608387004,0.6095800830647653,0.61156,0.19773443571613583
28,nonnormal,12,random_121,0.028485456361112854,0.5999294607411868,0.59896,0.16371801661557167
28,nonnormal,12,random_122,0.022527026745405694,0.5890629093671886,0.59112,0.1294723908316444
28,nonnormal,12,random_123,0.022370657261950547,0.5887584292374028,0.5922,0.1285736689938779
28,nonnormal,12,random_124,0.01650611024951655,0.5764085839791953,0.573,0.09486762640664376
28,nonnormal,12,random_125,0.025427840516152957,0.5945215079863141,0.5918,0.14614459966331383
28,nonnormal,12,random_126,0.03475785310276573,0.6101276969364788,0.6105,0.19976814482665656
28,nonnormal,12,random_127,0.028092814164709434,0.5992528488122252,0.601,0.1614613351420564
29,normal,0,oracle_t0,0.17051953005542062,0.7321769041872666,0.7321,0.9999999999999997
29,normal,0,oracle_t12,0.10277781506468808,0.6847007723044637,0.68424,0.6027333938305142
29,normal,0,bottom,1.725941152552352e-32,0.5000000000000001,0.5044,-5.667707875861605e-18
29,normal,0,random_000,0.021495152291220863,0.58703263815985,0.58874,0.12605683515685687
29,normal,0,random_001,0.039960994074217424,0.6178556209147981,0.61628,0.23434848818331638
29,normal,0,random_002,0.04584730922578152,0.6259629197143213,0.62354,0.2688683766069533
29,normal,0,random_003,0.04121814607024668,0.6196393727683893,0.62076,0.24172096918664016
29,normal,0,random_004,0.0415498648230779,0.6201050731240485,0.62012,0.24366631088869264
29,normal,0,random_005,0.03727474979693562,0.6139388843618554,0.61634,0.2185951942561707
29,normal,0,random_006,0.04000667366052746,0.6179209664530811,0.61834,0.23461637296047486
29,normal,0,random_007,0.021474081929845318,0.5869906542833558,0.58838,0.12593326947866917
29,normal,0,random_008,0.0171492868987612,0.5778643375913969,0.5782,0.10057080789037774
29,normal,0,random_009,0.044752837921610215,0.6245007358912175,0.623,0.26244992527873534
29,normal,0,random_010,0.0453549798145136,0.6253075881774721,0.6265,0.26598114479774115
29,normal,0,random_011,0.03402311600264732,0.6089872157352467,0.60912,0.19952621257863803
29,normal,0,random_012,0.030015980714674016,0.6025206002790656,0.60492,0.1760266446014629
29,normal,0,random_013,0.031829121076595704,0.6055005287108762,0.60894,0.18665968095414587
29,normal,0,random_014,0.016772304358630745,0.5770145906568259,0.57658,0.0983600198357312
29,normal,0,random_015,0.034765853472453256,0.6101400434953996,0.61068,0.20388194514231878
29,normal,0,random_016,0.034140889819253326,0.6091709143432424,0.60928,0.20021688898718626
29,normal,0,random_017,0.05629938871823699,0.6390469091531495,0.63986,0.3301638744836976
29,normal,0,random_018,0.018471034083896845,0.5807694364729954,0.58058,0.10832210291626755
29,normal,0,random_019,0.03166076084336544,0.6052277163761014,0.6066,0.1856723440011555
29,normal,0,random_020,0.04753330123272487,0.6281781581488164,0.62762,0.27875576021864507
29,normal,0,random_021,0.03605887579087688,0.6121157260437806,0.61282,0.21146478517245132
29,normal,0,random_022,0.02094622652433725,0.5859317415156091,0.58856,0.12283769793131318
29,normal,0,random_023,0.022764031784863047,0.5895222924823951,0.59606,0.13349809125948509
29,normal,0,random_024,0.03833476139276037,0.6155022095788507,0.6173,0.22481155900618055
29,normal,0,random_025,0.048467196920128255,0.6293865323858285,0.63206,0.28423252693914836
29,normal,0,random_026,0.03536206778450739,0.6110558754330997,0.61224,0.20737840277306846
29,normal,0,random_027,0.034483167565777156,0.6097028560010602,0.6116,0.20222415317805395
29,normal,0,random_028,0.03769735407298708,0.6145650038295121,0.6125,0.22107352782836678
29,normal,0,random_029,0.023642344178010595,0.5912031465545428,0.59128,0.13864889359199253
29,normal,0,random_030,0.03925012969421225,0.6168334250967539,0.61768,0.23017967315213414
29,normal,0,random_031,0.028261313069869346,0.5995438228673847,0.5977,0.16573651745746731
29,normal,0,random_032,0.03228598492464595,0.6062369614904554,0.6091,0.18933892741876926
29,normal,0,random_033,0.032384966930737516,0.6063957757803012,0.604,0.18991940055319217
29,normal,0,random_034,0.02548263123408065,0.5946213590902589,0.59612,0.1494411298564952
29,normal,0,random_035,0.031655755474692494,0.6052195937537861,0.60646,0.18564299036247656
29,normal,0,random_036,0.027340078082731957,0.59794151277941,0.59708,0.16033399853873712
29,normal,0,random_037,0.05399026289490727,0.6362815617138283,0.63852,0.31662216566841267
29,normal,0,random_038,0.04778767201569677,0.6285085837687072,0.6272,0.28024750009670596
29,normal,0,random_039,0.027816120122196725,0.598773017167671,0.59774,0.1631257141815732
29,normal,0,random_040,0.047953736859928625,0.6287237754940164,0.63068,0.28122137589954155
29,normal,0,random_041,0.03670952859063448,0.6130954238831317,0.61118,0.21528049355228399
29,normal,0,random_042,0.04896140495079814,0.6300207721960202,0.62668,0.2871307757820184
29,normal,0,random_043,0.025427594082974365,0.5945210586274492,0.5953,0.14911836828725789
29,normal,0,random_044,0.02732128411091393,0.5979085281643314,0.59766,0.1602237825897962
29,normal,0,random_045,0.03495636077772712,0.6104335923012705,0.61092,0.2049991620688019
29,normal,0,random_046,0.032649127768796096,0.6068183450697702,0.60762,0.19146855353275252
29,normal,0,random_047,0.04578322652420435,0.6258778406760285,0.62338,0.268492568032086
29,normal,0,random_048,0.03939497737251578,0.6170425231276391,0.61496,0.23102912235162734
29,normal,0,random_049,0.016792515083345616,0.5770603970930724,0.58026,0.09847854423412891
29,normal,0,random_050,0.030493335968217197,0.6033142677603669,0.60252,0.1788260614975103
29,normal,0,random_051,0.06319044781440364,0.6469375927403165,0.6459,0.3705760143361061
29,normal,0,random_052,0.037884403360558705,0.6148409156636809,0.61562,0.2221704654490067
29,normal,0,random_053,0.042082581480204856,0.6208487202887636,0.62192,0.24679039091022345
29,normal,0,random_054,0.043564758614913726,0.6228910413068478,0.6222,0.255482516288631
29,normal,0,random_055,0.01592333508318165,0.5750639212689139,0.57942,0.09338129818916577
29,normal,0,random_056,0.043524332004003526,0.6228358466870529,0.62268,0.2552454372226904
29,normal,0,random_057,0.037680845074890425,0.6145406161780572,0.61756,0.22097671194990837
29,normal,0,random_058,0.03485091087285303,0.6102712136034552,0.60766,0.204380758388943
29,normal,0,random_059,0.04362094658910924,0.6229677083000162,0.62472,0.25581202678034565
29,normal,0,random_060,0.06623613500656085,0.6502685984512733,0.65266,0.3884372363976923
29,normal,0,random_061,0.05098450371882788,0.6325807079118446,0.63494,0.2989950986978287
29,normal,0,random_062,0.02932412252299514,0.6013582400205364,0.6035,0.17196929004826889
29,normal,0,random_063,0.022274700424513728,0.5885710299583589,0.58882,0.13062844131270016
29,normal,0,random_064,0.01734427392111899,0.5783000484122458,0.5769,0.10171429580812193
29,normal,0,random_065,0.03137099102414048,0.604756345306611,0.60316,0.18397300892129237
29,normal,0,random_066,0.062280572305193176,0.6459247352739774,0.64882,0.36524011229066444
29,normal,0,random_067,0.02790618962236119,0.5989294893838074,0.59812,0.16365392054089856
29,normal,0,random_068,0.03371513448402691,0.6085052153828723,0.60614,0.1977200762462173
29,normal,0,random_069,0.04692498880325425,0.6273839760008739,0.62652,0.275188354014365
29,normal,0,random_070,0.03694717786223579,0.6134509107985046,0.61638,0.21667417128247754
29,normal,0,random_071,0.04452766928645476,0.6241974823543358,0.6274,0.2611294393784853
29,normal,0,random_072,0.043808140447920405,0.6232227387928282,0.62474,0.2569098122290291
29,normal,0,random_073,0.03280623802148656,0.6070687993292533,0.60958,0.19238991575231398
29,normal,0,random_074,0.06049614671279285,0.643913577455421,0.64386,0.3547754717194621
29,normal,0,random_075,0.03999427733963333,0.6179032372963402,0.61926,0.2345436755932576
29,normal,0,random_076,0.02428543675429508,0.592413098129722,0.59446,0.14242026556372783
29,normal,0,random_077,0.02595183470424506,0.5954718313708713,0.59744,0.15219274118225895
29,normal,0,random_078,0.0467679176500901,0.6271779883111612,0.62658,0.2742672210912735
29,normal,0,random_079,0.05413129338259118,0.636452339038626,0.63694,0.31744922921730984
29,normal,0,random_080,0.04470538849805701,0.6244369017038066,0.6268,0.2621716614133718
29,normal,0,random_081,0.025536068806666142,0.5947186349382606,0.59262,0.14975451080803853
29,normal,0,random_082,0.041485394546045405,0.6200147227639394,0.62412,0.24328822940435163
29,normal,0,random_083,0.044629944395995914,0.6243353291794095,0.62766,0.2617292246905132
29,normal,0,random_084,0.04168984796647003,0.6203009856763093,0.62264,0.24448723235936892
29,normal,0,random_085,0.0398933092639288,0.6177587215873981,0.6164,0.23395155529083994
29,normal,0,random_086,0.0639642390060107,0.6477924299886311,0.64862,0.3751138593052753
29,normal,0,random_087,0.03936430443864689,0.6169982795105932,0.6217,0.2308492430506528
29,normal,0,random_088,0.042746002943628486,0.6217676566729429,0.62326,0.25068098023572766
29,normal,0,random_089,0.026867156819772833,0.5971078152294019,0.59716,0.15756058447405252
29,normal,0,random_090,0.06548840135611357,0.6494590874106932,0.64746,0.3840522040779091
29,normal,0,random_091,0.044646211347452676,0.6243572378199215,0.62296,0.26182462110317906
29,normal,0,random_092,0.024141161805055468,0.5921431342821399,0.59088,0.14157417509425066
29,normal,0,random_093,0.050654412004859886,0.6321669349382797,0.63072,0.29705929865275044
29,normal,0,random_094,0.03827242035821625,0.6154109221007489,0.6126,0.224445964317268
29,normal,0,random_095,0.029355480107516103,0.6014112369227234,0.60498,0.17215318443567879
29,normal,0,random_096,0.049724784546530044,0.6309935061460356,0.63054,0.2916075626666867
29,normal,0,random_097,0.030999156075273496,0.6041480510316118,0.60358,0.18179240855987847
29,normal,0,random_098,0.02374945596284979,0.5914058657595926,0.59274,0.13927704325206014
29,normal,0,random_099,0.052054027117964995,0.633911198377803,0.63702,0.30526724476103634
29,normal,0,random_100,0.05188589498689197,0.6337030589030506,0.63172,0.30428124549738383
29,normal,0,random_101,0.033495941710729164,0.6081607276953596,0.61064,0.19643463537486072
29,normal,0,random_102,0.059558512220051325,0.6428432767965712,0.64678,0.34927677903342896
29,normal,0,random_103,0.030072696138555066,0.6026152484308338,0.60322,0.17635924828540822
29,normal,0,random_104,0.037980570565030056,0.614982481888582,0.6166,0.22273443137384874
29,normal,0,random_105,0.03976154156583915,0.6175698222673389,0.6173,0.23317881273139934
29,normal,0,random_106,0.052092924872581894,0.6339592984202062,0.63432,0.305495357954899
29,normal,0,random_107,0.02994205351757656,0.6023970852587544,0.6025,0.17559310366293568
29,normal,0,random_108,0.026634424576101007,0.59669468144837,0.59676,0.1561957423143527
29,normal,0,random_109,0.03878639201360167,0.6161611481750787,0.6139,0.2274601155714873
29,normal,0,random_110,0.036625600173356365,0.6129695822574517,0.6123,0.21478830114915665
29,normal,0,random_111,0.02336346561689433,0.5906730626872999,0.58882,0.13701342954265092
29,normal,0,random_112,0.04166747282961336,0.620269694870736,0.62186,0.2443560149155407
29,normal,0,random_113,0.022705821280835186,0.5894096977316924,0.58312,0.1331567197813385
29,normal,0,random_114,0.018290226392410697,0.5803785695235117,0.58356,0.10726176870453598
29,normal,0,random_115,0.027655104295405037,0.5984926220849609,0.59672,0.16218144799259557
29,normal,0,random_116,0.030124679818387422,0.6027019164663243,0.6024,0.1766641029833743
29,normal,0,random_117,0.03412469790696607,0.60914567913392,0.60956,0.20012193263654413
29,normal,0,random_118,0.02549866513225747,0.5946505579413158,0.59558,0.14953515954430638
29,normal,0,random_119,0.05530608938153984,0.6378653261779026,0.63516,0.32433873916709
29,normal,0,random_120,0.015350794828304773,0.5737178179667823,0.57536,0.09002367543070054
29,normal,0,random_121,0.018469041310562144,0.5807651394148847,0.58258,0.10831041643475975
29,normal,0,random_122,0.044657876147933866,0.6243729454918163,0.62306,0.26189302851948726
29,normal,0,random_123,0.06207100258214318,0.6456902522185312,0.6411,0.36401110513247054
29,normal,0,random_124,0.03476755243758209,0.6101426652236884,0.60944,0.20389190860590733
29,normal,0,random_125,0.026049182058197798,0.5956472603744001,0.59728,0.15276362801217863
29,normal,0,random_126,0.027392766972865655,0.5980339210188215,0.59476,0.16064298889378076
29,normal,0,random_127,0.015033428920532565,0.5729604516178601,0.56966,0.08816250499662148
29,normal,12,oracle_t0,0.050512365980144594,0.6319884167503129,0.6299,0.4964226294411616
29,normal,12,oracle_t12,0.10175274651964995,0.6838459087098285,0.68386,1.0000000000000004
29,normal,12,bottom,1.7724037272618524e-32,0.5000000000000001,0.49986,-1.3366606394075397e-17
29,normal,12,random_000,0.024361853107911176,0.592555744055927,0.59204,0.23942206909576205
29,normal,12,random_001,0.017532418843664,0.5787180642667036,0.57626,0.17230413372948364
29,normal,12,random_002,0.01901068777793932,0.5819243430585236,0.58304,0.1868321831909283
29,normal,12,random_003,0.026987460141815585,0.5973206274578567,0.59946,0.2652258643122124
29,normal,12,random_004,0.020276728103544743,0.5845683809846387,0.5846,0.19927450410028028
29,normal,12,random_005,0.015679665174356275,0.5744941414558613,0.57566,0.15409574395447218
29,normal,12,random_006,0.011677581725359203,0.5643841987110557,0.56264,0.11476429015214938
29,normal,12,random_007,0.010227660984073994,0.560287372875943,0.55972,0.10051483948984999
29,normal,12,random_008,0.01692117416176197,0.5773513270854858,0.57506,0.16629697713854105
29,normal,12,random_009,0.02910361260760521,0.600984704090222,0.59794,0.2860228701736803
29,normal,12,random_010,0.03498776749023437,0.6104819033528113,0.6118,0.34385084124955534
29,normal,12,random_011,0.01554538330868651,0.574178186498724,0.57172,0.15277605608104622
29,normal,12,random_012,0.01260205700847249,0.566861104186955,0.56838,0.12384979707686669
29,normal,12,random_013,0.02412472535784768,0.5921123248828029,0.58798,0.23709163814255224
29,normal,12,random_014,0.027422750524749337,0.598086465456068,0.59828,0.26950378700051714
29,normal,12,random_015,0.02732341031047262,0.5979122603836992,0.59652,0.268527496751118
29,normal,12,random_016,0.014221238065462646,0.5709837414802365,0.56812,0.13976269488427345
29,normal,12,random_017,0.02098475527173145,0.5860095022586755,0.58438,0.20623281424328924
29,normal,12,random_018,0.01358369832133232,0.5693909119342404,0.56752,0.13349711713883927
29,normal,12,random_019,0.016454120097008876,0.5762896350431285,0.57324,0.16170688909936545
29,normal,12,random_020,0.01815168522668999,0.580077710544247,0.58674,0.17839012554992464
29,normal,12,random_021,0.026103772084474414,0.5957454848585371,0.59604,0.25654120382326395
29,normal,12,random_022,0.025338700312081498,0.5943588147314273,0.59386,0.24902227388219197
29,normal,12,random_023,0.021688354069553672,0.5874166019688108,0.58778,0.21314760349358575
29,normal,12,random_024,0.028577492300325486,0.6000873406524806,0.60212,0.2808522941914573
29,normal,12,random_025,0.020191073392798218,0.5843922656713182,0.58234,0.19843271148360644
29,normal,12,random_026,0.017336285280926247,0.5782822474282787,0.57596,0.17037658317732354
29,normal,12,random_027,0.014816941691271922,0.5724390714597247,0.57016,0.14561711794590787
29,normal,12,random_028,0.02320841006711572,0.5903768966004245,0.58836,0.22808632553848412
29,normal,12,random_029,0.01826573540888647,0.5803254709087564,0.58018,0.17951098160636972
29,normal,12,random_030,0.022325120450886714,0.5886695506815269,0.58566,0.2194055808270042
29,normal,12,random_031,0.016106033076052965,0.5754881726375178,0.57636,0.15828597877643197
29,normal,12,random_032,0.017446568276646313,0.5785276141791872,0.57612,0.17146041628740835
29,normal,12,random_033,0.013795100575842626,0.5699232697878154,0.57076,0.13557472449334426
29,normal,12,random_034,0.024569169805850895,0.5929415563678824,0.59148,0.24145952464394901
29,normal,12,random_035,0.017724702225072383,0.5791428728936466,0.57928,0.17419384568306956
29,normal,12,random_036,0.022063353306665173,0.5881567783075045,0.58796,0.21683300020215604
29,normal,12,random_037,0.019129149213494376,0.5821755648079812,0.58192,0.18799639191852452
29,normal,12,random_038,0.029045254604134197,0.6008855955781695,0.6027,0.28544934262315125
29,normal,12,random_039,0.023501773205478194,0.590936367422603,0.5908,0.2309694235225352
29,normal,12,random_040,0.020830471232935376,0.5856976665872017,0.58016,0.2047165501219441
29,normal,12,random_041,0.022003058038405313,0.588038214862524,0.59014,0.21624043370815768
29,normal,12,random_042,0.032421845431385196,0.6064548798754702,0.60774,0.31863361472138824
29,normal,12,random_043,0.02817482647879914,0.5993945881837685,0.60218,0.27689499735870204
29,normal,12,random_044,0.015464167534810336,0.5739864061897194,0.57522,0.15197788820200536
29,normal,12,random_045,0.018720550447266497,0.5813055786520704,0.58614,0.18398078762081663
29,normal,12,random_046,0.01945545573647373,0.5828633981008831,0.57758,0.19120324907118466
29,normal,12,random_047,0.028371333190838552,0.5997333146605976,0.60428,0.2788262151268777
29,normal,12,random_048,0.028865353126706524,0.6005794023910149,0.60232,0.28368131685892356
29,normal,12,random_049,0.01279331137447617,0.5673617374645634,0.56392,0.12572939612991774
29,normal,12,random_050,0.015439744128594632,0.573928631671693,0.5709,0.15173786120469
29,normal,12,random_051,0.03091415487387739,0.6040084480670765,0.60534,0.3038164170625845
29,normal,12,random_052,0.03264616360749759,0.6068136135985939,0.60656,0.32083815645401925
29,normal,12,random_053,0.01582005665535581,0.5748229777461207,0.5732,0.15547547556665448
29,normal,12,random_054,0.025036707310998274,0.5938053758023913,0.59316,0.24605436381182438
29,normal,12,random_055,0.010664734282808891,0.5615520125687476,0.56402,0.10481028421920172
29,normal,12,random_056,0.020618411089954578,0.5852670756778116,0.5814,0.20263247720760907
29,normal,12,random_057,0.01632836183990028,0.5760011028433902,0.57228,0.16047096907351838
29,normal,12,random_058,0.016772100797225756,0.5770141291510562,0.57714,0.1648319221927521
29,normal,12,random_059,0.020801246679173727,0.5856384624798009,0.58248,0.20442933867300297
29,normal,12,random_060,0.04918089646854976,0.6303013162032671,0.6329,0.4833372872058273
29,normal,12,random_061,0.018616010787916686,0.5810814075047102,0.58132,0.18295339855344028
29,normal,12,random_062,0.018081457348068944,0.5799247456864793,0.57902,0.17769994389858715
29,normal,12,random_063,0.023107064399676067,0.5901827569302159,0.58814,0.22709032620769373
29,normal,12,random_064,0.026977901225135586,0.5973037365019913,0.59354,0.2651319217209116
29,normal,12,random_065,0.016260611219966664,0.5758451823063121,0.57316,0.15980513328774384
29,normal,12,random_066,0.021899663481842253,0.5878345042908186,0.59136,0.2152242984184522
29,normal,12,random_067,0.01520105995787056,0.5733615077383465,0.57512,0.1493921341468166
29,normal,12,random_068,0.013637384485428325,0.569526507773305,0.56822,0.13402473104541457
29,normal,12,random_069,0.023398735892505962,0.590740286659274,0.5895,0.22995679913158246
29,normal,12,random_070,0.017201954832573786,0.5779822799563219,0.57832,0.16905641784570252
29,normal,12,random_071,0.018821478610107863,0.5815213874081222,0.57722,0.18497268382306692
29,normal,12,random_072,0.021832935140457685,0.5877027664075986,0.58724,0.2145685093251162
29,normal,12,random_073,0.014032916719158885,0.5705171412430059,0.56544,0.13791192079959175
29,normal,12,random_074,0.023401930724167366,0.5907463732671326,0.58966,0.2299881971210293
29,normal,12,random_075,0.019437321563144337,0.5828253311158322,0.58248,0.19102503104808785
29,normal,12,random_076,0.013917620267830104,0.5702298779873279,0.57126,0.13677881672847436
29,normal,12,random_077,0.017590641980073693,0.5788469502424503,0.57834,0.1728763358409858
29,normal,12,random_078,0.01653621848717694,0.5764773801796239,0.575,0.16251373110585834
29,normal,12,random_079,0.03640285235040969,0.6126348372471605,0.61728,0.3577579337711517
29,normal,12,random_080,0.026865052567387793,0.5971040883912749,0.59626,0.26402287393981816
29,normal,12,random_081,0.02870750489086475,0.6003099059212854,0.60404,0.28213002471948934
29,normal,12,random_082,0.022911117810269832,0.589806123805223,0.58882,0.22516461318167338
29,normal,12,random_083,0.025802587268292005,0.5952021960246102,0.5903,0.25358123638765034
29,normal,12,random_084,0.022745949551514107,0.5894873328051947,0.59208,0.22354138172694474
29,normal,12,random_085,0.015985859531263677,0.5752093945948624,0.57452,0.15710494387664117
29,normal,12,random_086,0.034891716626597305,0.610334080370473,0.612,0.34290687789797625
29,normal,12,random_087,0.02695708976280896,0.5972669509045746,0.59668,0.2649273919854652
29,normal,12,random_088,0.03283714827471977,0.6071179984508819,0.60982,0.32271510497634054
29,normal,12,random_089,0.022793999880869525,0.5895801998236989,0.58822,0.22401360808936677
29,normal,12,random_090,0.028060847115458885,0.5991975415650975,0.60004,0.27577483729188523
29,normal,12,random_091,0.030389526931270738,0.6031422390207732,0.60096,0.29866050765914304
29,normal,12,random_092,0.010390343030192914,0.5607612538694887,0.56176,0.10211363708188848
29,normal,12,random_093,0.024967880497980363,0.5936787496195485,0.59066,0.2453779514753317
29,normal,12,random_094,0.02804899576381574,0.5991770286407732,0.60094,0.2756583652353707
29,normal,12,random_095,0.01414731633247394,0.5708009693102574,0.56726,0.13903621097580787
29,normal,12,random_096,0.015162985077361715,0.573270615353675,0.5712,0.14901794394742487
29,normal,12,random_097,0.016239145586099527,0.5757957113134465,0.57352,0.1595941745215057
29,normal,12,random_098,0.01760766767443018,0.5788845973531612,0.5787,0.17304366001589838
29,normal,12,random_099,0.03327742336275719,0.6078160913255455,0.61032,0.3270420160730586
29,normal,12,random_100,0.022145840935188663,0.5883187052621234,0.58604,0.2176436675437748
29,normal,12,random_101,0.02012552055489017,0.5842572180034518,0.58278,0.19778847493815463
29,normal,12,random_102,0.03212132027421237,0.6059721813491269,0.60384,0.31568013024601044
29,normal,12,random_103,0.014033613470312779,0.570518873503777,0.57052,0.13791876829194674
29,normal,12,random_104,0.016133848597562943,0.5755525452232356,0.5758,0.15855934261634178
29,normal,12,random_105,0.019452643741376063,0.5828574964163246,0.58198,0.1911756135016905
29,normal,12,random_106,0.02076258597685795,0.5855600753675705,0.5872,0.20404939116654117
29,normal,12,random_107,0.01744798560330241,0.5785307623119853,0.57852,0.17147434541172765
29,normal,12,random_108,0.029505367521747858,0.6016641431087162,0.60342,0.2899712148413603
29,normal,12,random_109,0.021745139602244522,0.587529114617524,0.5862,0.21370567720297584
29,normal,12,random_110,0.023165830134861506,0.5902953841134371,0.58952,0.22766786084135684
29,normal,12,random_111,0.01209636731728929,0.5655182606971043,0.56218,0.11888000797062825
29,normal,12,random_112,0.041190402577198554,0.6196003309799901,0.61608,0.4048087544176915
29,normal,12,random_113,0.025341781403799,0.5943644431944735,0.59396,0.24905255406452498
29,normal,12,random_114,0.009593157925892534,0.558401233862506,0.55762,0.09427910551819813
29,normal,12,random_115,0.024460757742067088,0.5927400187894498,0.59474,0.24039407857500314
29,normal,12,random_116,0.03160050353119304,0.6051298861481604,0.60722,0.31056167633854026
29,normal,12,random_117,0.011377955524437107,0.563559955138734,0.56608,0.111819640389165
29,normal,12,random_118,0.011173971377237418,0.5629924285547995,0.56308,0.10981493629834914
29,normal,12,random_119,0.03288823614454246,0.6071992593254327,0.60604,0.3232171835105334
29,normal,12,random_120,0.008447693341781146,0.5548272347268587,0.55336,0.08302177219511005
29,normal,12,random_121,0.03126600777501769,0.6045849932215879,0.60502,0.30727433749397404
29,normal,12,random_122,0.02544639716495152,0.5945553385181528,0.59428,0.25008069104097813
29,normal,12,random_123,0.02385995645885346,0.5916144943927351,0.59224,0.23448955703859822
29,normal,12,random_124,0.02101350687556907,0.5860674815611796,0.58508,0.20651537766119232
29,normal,12,random_125,0.013593627820355893,0.5694160117851739,0.5733,0.13359470171874696
29,normal,12,random_126,0.02545858512659862,0.5945775512335827,0.5954,0.2502004712146244
29,normal,12,random_127,0.019641242294620054,0.5832523365527342,0.58308,0.19302911190536814
29,nonnormal,0,oracle_t0,0.20583512645929508,0.7519173829438726,0.74924,0.9999999999999996
29,nonnormal,0,oracle_t12,0.1688609223275957,0.7311815427315981,0.73144,0.8203698038924793
29,nonnormal,0,bottom,1.703165714297676e-31,0.5000000000000002,0.4999,-9.538048545801323e-18
29,nonnormal,0,random_000,0.03257221985738082,0.6066955079641969,0.61276,0.1582442239945966
29,nonnormal,0,random_001,0.017471256208533514,0.578582431446109,0.57712,0.08487985752999513
29,nonnormal,0,random_002,0.06124590284225239,0.6447626559934476,0.6441,0.2975483528772919
29,nonnormal,0,random_003,0.038151141548092696,0.6152330989911744,0.6143,0.1853480608696653
29,nonnormal,0,random_004,0.037505912618113195,0.6142818431942305,0.61614,0.1822133727283431
29,nonnormal,0,random_005,0.022270988234142954,0.5885637717131922,0.58802,0.10819819054813827
29,nonnormal,0,random_006,0.01696979773036571,0.5774609779379134,0.5785,0.0824436432317181
29,nonnormal,0,random_007,0.03729625573329043,0.613970839646417,0.61264,0.18119480564298102
29,nonnormal,0,random_008,0.029734086090147334,0.6020487450136349,0.6012,0.14445583998039022
29,nonnormal,0,random_009,0.03741845466991734,0.6141522235498657,0.61322,0.18178847951550683
29,nonnormal,0,random_010,0.04752529036034742,0.6281677362097906,0.62844,0.230890087507711
29,nonnormal,0,random_011,0.061495339358203116,0.6450438245883848,0.64196,0.2987601796448679
29,nonnormal,0,random_012,0.038589983298355696,0.6158750988433921,0.6167,0.18748006699423594
29,nonnormal,0,random_013,0.02194843703635417,0.5879306619163504,0.58708,0.10663115384581638
29,nonnormal,0,random_014,0.0668662126980318,0.6509466664695372,0.65212,0.32485326410628407
29,nonnormal,0,random_015,0.041891708140978076,0.6205828654344856,0.61948,0.2035206957217885
29,nonnormal,0,random_016,0.02532267646298431,0.5943295369216617,0.59606,0.12302407707846681
29,nonnormal,0,random_017,0.03420688746791355,0.6092737055400971,0.60994,0.16618585980113612
29,nonnormal,0,random_018,0.038856321510472566,0.6162628032433008,0.61536,0.1887740065501239
29,nonnormal,0,random_019,0.03764772112876233,0.614491666877206,0.6119,0.1829023149564675
29,nonnormal,0,random_020,0.05176340227916024,0.6335511815885717,0.6327,0.2514799255577821
29,nonnormal,0,random_021,0.03535528738293174,0.6110455072382458,0.61342,0.17176508203969457
29,nonnormal,0,random_022,0.031524265267907234,0.6050059669159857,0.60464,0.15315299098932608
29,nonnormal,0,random_023,0.06193080688984325,0.6455331383292671,0.64594,0.3008757929472758
29,nonnormal,0,random_024,0.03293070911273413,0.6072667656637034,0.6103,0.15998585702643095
29,nonnormal,0,random_025,0.02800718250172287,0.5991046192878575,0.59656,0.1360660980634975
29,nonnormal,0,random_026,0.030512797974436894,0.603346484676015,0.60288,0.14823902265520716
29,nonnormal,0,random_027,0.035796467168527635,0.6117179102039945,0.61184,0.173908446941424
29,nonnormal,0,random_028,0.05751547540070845,0.6404776277476127,0.64182,0.27942497663090754
29,nonnormal,0,random_029,0.02048607010578815,0.5849971804275496,0.5844,0.09952659907073422
29,nonnormal,0,random_030,0.05163792261567095,0.633395392609708,0.63246,0.25087031307011914
29,nonnormal,0,random_031,0.045874451657611545,0.6259989354365172,0.62336,0.22286988837487567
29,nonnormal,0,random_032,0.02447928546909499,0.5927744950940972,0.5898,0.11892666664907592
29,nonnormal,0,random_033,0.03662733226118378,0.6129721809130327,0.6102,0.17794500332005775
29,nonnormal,0,random_034,0.026137667713620694,0.5958064189564699,0.59618,0.12698351424867005
29,nonnormal,0,random_035,0.019742319142660225,0.5834631313351063,0.58322,0.09591326554539442
29,nonnormal,0,random_036,0.02975013009346883,0.6020756644997536,0.60316,0.14453378587620241
29,nonnormal,0,random_037,0.034296823057314026,0.6094136082565585,0.6092,0.1666227900323727
29,nonnormal,0,random_038,0.0449903920308825,0.6248197611002909,0.62732,0.2185748992642397
29,nonnormal,0,random_039,0.0229055018346635,0.5897953042988485,0.59178,0.11128082086219217
29,nonnormal,0,random_040,0.015956792180395748,0.5751418013879144,0.5729,0.07752220165177338
29,nonnormal,0,random_041,0.027312955436811996,0.5978939069611571,0.59902,0.13269336437681953
29,nonnormal,0,random_042,0.039255647671324105,0.6168413983798786,0.61386,0.1907140357750701
29,nonnormal,0,random_043,0.027602035247210995,0.5984000170338463,0.59384,0.1340977884679436
29,nonnormal,0,random_044,0.038821774524355326,0.6162125954440307,0.61834,0.1886061684035864
29,nonnormal,0,random_045,0.06947608241090616,0.6537168260719246,0.65522,0.33753268261841285
29,nonnormal,0,random_046,0.030527934556985367,0.6033715338042374,0.60038,0.1483125600674499
29,nonnormal,0,random_047,0.02864224182113246,0.6001982509307088,0.59606,0.13915137962031277
29,nonnormal,0,random_048,0.06931792283672243,0.6535506798534892,0.6509,0.33676430271696295
29,nonnormal,0,random_049,0.019388482624475747,0.582722716878331,0.57978,0.09419423670774628
29,nonnormal,0,random_050,0.032137622182417946,0.605998427168072,0.60368,0.15613283667971656
29,nonnormal,0,random_051,0.039178574981549225,0.6167299757632367,0.61286,0.19033959681948143
29,nonnormal,0,random_052,0.03339352984018225,0.6079993596996484,0.60494,0.1622343591912917
29,nonnormal,0,random_053,0.031443384208022826,0.6048743256330814,0.60482,0.15276004999195755
29,nonnormal,0,random_054,0.033538489684779946,0.6082276915409399,0.60796,0.16293861141048888
29,nonnormal,0,random_055,0.04815364917009789,0.6289822808820721,0.62882,0.2339428162647471
29,nonnormal,0,random_056,0.030841618413507195,0.6038891543352292,0.59864,0.14983651694457636
29,nonnormal,0,random_057,0.029237699002821436,0.601212020616675,0.5996,0.14204426380355115
29,nonnormal,0,random_058,0.030750805857288482,0.603739591996049,0.60502,0.14939532618291748
29,nonnormal,0,random_059,0.01959741890246193,0.583160767302219,0.58154,0.09520930289970408
29,nonnormal,0,random_060,0.04459500070708698,0.6242882514918711,0.63212,0.21665398649003598
29,nonnormal,0,random_061,0.05158700518281091,0.6333321159329107,0.63202,0.25062294308164385
29,nonnormal,0,random_062,0.043435516091397806,0.6227144870395062,0.62314,0.21102091192383227
29,nonnormal,0,random_063,0.026424294480892476,0.5963200231628514,0.59268,0.12837602082518215
29,nonnormal,0,random_064,0.05024699135760491,0.631654153324241,0.6323,0.24411281117045627
29,nonnormal,0,random_065,0.03666978128366488,0.613035846508384,0.615,0.17815123159222532
29,nonnormal,0,random_066,0.040555422955560375,0.6187028049188263,0.61832,0.19702867850196804
29,nonnormal,0,random_067,0.02002824232695126,0.5840563873540959,0.58364,0.09730235393477375
29,nonnormal,0,random_068,0.038168068623108384,0.6152579364549081,0.6103,0.18543029695495777
29,nonnormal,0,random_069,0.0582444704121283,0.641327111361827,0.64184,0.282966621946553
29,nonnormal,0,random_070,0.02541652741640788,0.594500876728025,0.59248,0.12348002915544214
29,nonnormal,0,random_071,0.06154966544409356,0.6451049756522633,0.64248,0.29902410974671645
29,nonnormal,0,random_072,0.02315406274907176,0.5902728434324388,0.59088,0.1124883937322067
29,nonnormal,0,random_073,0.04910327744580824,0.6302021867219484,0.6308,0.23855635474112644
29,nonnormal,0,random_074,0.04144416084190477,0.6199568965033975,0.61918,0.2013463958014015
29,nonnormal,0,random_075,0.025223145229167646,0.5941474597780909,0.59668,0.1225405287379637
29,nonnormal,0,random_076,0.06519349320122919,0.649138356114741,0.65236,0.31672676244655207
29,nonnormal,0,random_077,0.03498344730305448,0.6104752592572404,0.6119,0.16995858726752655
29,nonnormal,0,random_078,0.040645174148126885,0.6188301289756727,0.61948,0.19746471288594492
29,nonnormal,0,random_079,0.04155604444042037,0.6201137293774552,0.62374,0.2018899551075324
29,nonnormal,0,random_080,0.04251437556369299,0.6214477121292846,0.62104,0.20654577425637005
29,nonnormal,0,random_081,0.03671170212987114,0.613098680801411,0.61506,0.1783548938481647
29,nonnormal,0,random_082,0.03498180135295634,0.6104727278037978,0.60932,0.16995059081849256
29,nonnormal,0,random_083,0.020606466290722672,0.5852427528173628,0.58598,0.10011151471174036
29,nonnormal,0,random_084,0.015047589140233051,0.5729944189591162,0.57242,0.0731050593699748
29,nonnormal,0,random_085,0.015212058537924684,0.5733877416370408,0.57622,0.07390409401736849
29,nonnormal,0,random_086,0.04003310849614759,0.6179587634267794,0.61712,0.19449114048113808
29,nonnormal,0,random_087,0.05561217272688567,0.6382306926184396,0.6385,0.27017824257456463
29,nonnormal,0,random_088,0.026168753032056714,0.5958622642009891,0.59456,0.1271345347230211
29,nonnormal,0,random_089,0.06122875763506543,0.6447433057457007,0.64188,0.29746505704979215
29,nonnormal,0,random_090,0.06325870476748721,0.6470132385604282,0.65156,0.3073270624681105
29,nonnormal,0,random_091,0.03624514152515357,0.6123971592039484,0.6081,0.17608822239736233
29,nonnormal,0,random_092,0.014163237650470428,0.5708403764735764,0.57014,0.06880865231363355
29,nonnormal,0,random_093,0.0348027764908255,0.6101970050519699,0.61272,0.1690808419801364
29,nonnormal,0,random_094,0.027633670718555693,0.5984552320411918,0.5966,0.1342514817266642
29,nonnormal,0,random_095,0.026847034434575277,0.5970721701654498,0.60308,0.13042980027942128
29,nonnormal,0,random_096,0.030162732551460514,0.6027653079959912,0.6043,0.14653831476827808
29,nonnormal,0,random_097,0.026552671949159994,0.596549104729855,0.60088,0.12899971159398246
29,nonnormal,0,random_098,0.028119076018761974,0.5992982602852357,0.60126,0.13660970555636742
29,nonnormal,0,random_099,0.039642868531532496,0.6173994031011177,0.61138,0.19259525433513444
29,nonnormal,0,random_100,0.038750120309678504,0.6161083815009353,0.61844,0.18825805379404717
29,nonnormal,0,random_101,0.04822309580906346,0.6290719426968323,0.6283,0.23428020590353313
29,nonnormal,0,random_102,0.05281319563072061,0.634846366364362,0.6326,0.25658009174233265
29,nonnormal,0,random_103,0.01729153046070978,0.5781824419370418,0.57622,0.0840067036086246
29,nonnormal,0,random_104,0.036773057046584026,0.6131905744427515,0.61104,0.17865297181847173
29,nonnormal,0,random_105,0.04319260045546948,0.6223818654928768,0.62274,0.20984076526904655
29,nonnormal,0,random_106,0.03696613374733261,0.6134792125124614,0.61066,0.1795909881039805
29,nonnormal,0,random_107,0.034009357049918185,0.6089657327870104,0.60942,0.1652262062114247
29,nonnormal,0,random_108,0.01999629680189797,0.5839903247631103,0.58272,0.0971471543553686
29,nonnormal,0,random_109,0.0486529239673123,0.629625303370638,0.63354,0.23636842167915223
29,nonnormal,0,random_110,0.022345146749527006,0.5887086496430882,0.59208,0.10855847169480017
29,nonnormal,0,random_111,0.03451207975349713,0.6097476585590539,0.60822,0.16766856244199918
29,nonnormal,0,random_112,0.025008907525230783,0.5937542524760535,0.59466,0.12149970685482783
29,nonnormal,0,random_113,0.045520102664171856,0.6255278155779401,0.62862,0.22114836980059213
29,nonnormal,0,random_114,0.039631843333008225,0.6173835563827431,0.61718,0.19254169108422617
29,nonnormal,0,random_115,0.023922983023052208,0.5917332627367634,0.59068,0.11622400624503268
29,nonnormal,0,random_116,0.03655348962051344,0.6128613355390773,0.61192,0.17758625677402082
29,nonnormal,0,random_117,0.05310108673805847,0.6351990325979159,0.63222,0.25797874080816546
29,nonnormal,0,random_118,0.038786859062702926,0.6161618274451057,0.61526,0.1884365401081005
29,nonnormal,0,random_119,0.017846051435977946,0.5794097355451375,0.58052,0.08670070916932192
29,nonnormal,0,random_120,0.038083465144058366,0.6151337361128498,0.61632,0.18501927148760747
29,nonnormal,0,random_121,0.04068638486125148,0.6188885404790279,0.62072,0.19766492513267603
29,nonnormal,0,random_122,0.04256801964442443,0.6215218949717964,0.61816,0.20680639100169534
29,nonnormal,0,random_123,0.03143575899328386,0.6048619055553938,0.6017,0.15272300473699965
29,nonnormal,0,random_124,0.02262871106603439,0.5892603120303915,0.58712,0.10993610009761534
29,nonnormal,0,random_125,0.05116683660175539,0.6328086239364721,0.63024,0.24858165601717092
29,nonnormal,0,random_126,0.06616753322452937,0.6501945481629003,0.64964,0.3214588994731872
29,nonnormal,0,random_127,0.031094981247854044,0.6043051856071857,0.60458,0.1510674187770532
29,nonnormal,12,oracle_t0,0.11207743131768558,0.6922258570917006,0.69194,0.7190322835448932
29,nonnormal,12,oracle_t12,0.1558725997185186,0.7231452010835309,0.72208,0.9999999999999997
29,nonnormal,12,bottom,9.0816467926613e-33,0.5000000000000001,0.49968,-2.2673459790883534e-17
29,nonnormal,12,random_000,0.01780962810807302,0.579329735303098,0.57366,0.11425759331809697
29,nonnormal,12,random_001,0.018836994738043747,0.5815545110988168,0.5805,0.1208486595595402
29,nonnormal,12,random_002,0.02476436753274041,0.5933032485445673,0.59186,0.1588756944932012
29,nonnormal,12,random_003,0.016262246088141932,0.5758489487344906,0.57856,0.10433037055588332
29,nonnormal,12,random_004,0.011955819683654702,0.5651399411837541,0.56296,0.07670251028881936
29,nonnormal,12,random_005,0.008875140371713426,0.5561882432701369,0.55724,0.05693842527641506
29,nonnormal,12,random_006,0.01068885392700543,0.5616210215126094,0.5636,0.06857429687005806
29,nonnormal,12,random_007,0.015004614132840129,0.5728912799939497,0.57404,0.09626203809993605
29,nonnormal,12,random_008,0.01228587993035607,0.5660248249822619,0.56406,0.07882001039658305
29,nonnormal,12,random_009,0.012690417080733577,0.5670928803094277,0.5657,0.08141531676285933
29,nonnormal,12,random_010,0.037638144661625926,0.6144775107879183,0.61368,0.24146735686448087
29,nonnormal,12,random_011,0.024762912984255044,0.5933005589102511,0.59362,0.15886636284358482
29,nonnormal,12,random_012,0.02096602381907535,0.5859717068018555,0.5874,0.13450743656637967
29,nonnormal,12,random_013,0.0168945199142983,0.5772911497746397,0.57758,0.10838672059622498
29,nonnormal,12,random_014,0.044005812422002175,0.6234913955880544,0.62528,0.2823191022762804
29,nonnormal,12,random_015,0.023551387923772676,0.5910306231760816,0.59494,0.15109382897509097
29,nonnormal,12,random_016,0.01477305937284205,0.5723329080245311,0.5694,0.09477649952281457
29,nonnormal,12,random_017,0.02083995372672615,0.5857168672065209,0.58356,0.13369863442554894
29,nonnormal,12,random_018,0.012826912355713933,0.5674492939141055,0.5721,0.08229100161848404
29,nonnormal,12,random_019,0.022545102823308773,0.5890980351330188,0.5898,0.14463801119646222
29,nonnormal,12,random_020,0.020994340100069023,0.5860288352488858,0.58492,0.13468909954656236
29,nonnormal,12,random_021,0.0142332049947694,0.57101328368223,0.5723,0.09131306605825734
29,nonnormal,12,random_022,0.020886657952463347,0.5858113695531844,0.58424,0.1339982651869627
29,nonnormal,12,random_023,0.05435279928532803,0.6367200629721297,0.6347,0.3487001524545085
29,nonnormal,12,random_024,0.020865480112182033,0.5857685315722391,0.58314,0.13386239884278447
29,nonnormal,12,random_025,0.01286571643615189,0.5675502617643231,0.56778,0.08253994903135857
29,nonnormal,12,random_026,0.00896701799934162,0.5564763909927205,0.55648,0.057527865805373384
29,nonnormal,12,random_027,0.019398955833400365,0.5827447332191749,0.58506,0.1244539185747323
29,nonnormal,12,random_028,0.028790497827664345,0.6004516989810471,0.5995,0.18470531626248257
29,nonnormal,12,random_029,0.015514546813377324,0.5741054313878071,0.57474,0.09953350904132058
29,nonnormal,12,random_030,0.036566897542203325,0.6128814712017036,0.61428,0.23459477552974267
29,nonnormal,12,random_031,0.020856289392298125,0.5857499337427421,0.58198,0.1338034358184908
29,nonnormal,12,random_032,0.017737377214773118,0.5791707911824673,0.58154,0.11379406801967773
29,nonnormal,12,random_033,0.015735603344947047,0.5746253463146036,0.57624,0.10095169627864724
29,nonnormal,12,random_034,0.01876316960064201,0.581396782456047,0.58062,0.12037503470478673
29,nonnormal,12,random_035,0.0167379595184318,0.5769366843319335,0.57608,0.10738230804296535
29,nonnormal,12,random_036,0.017247802939821408,0.5780847976900885,0.5752,0.11065320634266851
29,nonnormal,12,random_037,0.02200357510594657,0.5880392323384039,0.5884,0.14116384243081567
29,nonnormal,12,random_038,0.03591895822150319,0.611903804115285,0.61112,0.23043792357583806
29,nonnormal,12,random_039,0.019150956137230293,0.5822217223545039,0.58146,0.12286287757959967
29,nonnormal,12,random_040,0.008954480351067233,0.5564371592840562,0.55306,0.05744743057623731
29,nonnormal,12,random_041,0.012260015026847676,0.5659559262100449,0.56646,0.07865407421822267
29,nonnormal,12,random_042,0.019180212474967807,0.5822836046399267,0.58196,0.12305057148982083
29,nonnormal,12,random_043,0.011147539507587075,0.5629185021547229,0.56296,0.07151699225981839
29,nonnormal,12,random_044,0.023482919123966998,0.5909005218434253,0.5875,0.15065456768138497
29,nonnormal,12,random_045,0.035940589195366295,0.6119365959374988,0.61292,0.2305766969965813
29,nonnormal,12,random_046,0.02764936334889303,0.5984826087358937,0.59684,0.17738437287132844
29,nonnormal,12,random_047,0.01447167458025737,0.5715993313668074,0.57104,0.0928429666688753
29,nonnormal,12,random_048,0.03288378464205164,0.6071921814182053,0.6076,0.2109657803965198
29,nonnormal,12,random_049,0.009255292523419183,0.5573708348883216,0.55922,0.059377289787510945
29,nonnormal,12,random_050,0.014542567605507392,0.5717725907021456,0.56896,0.0932977805706005
29,nonnormal,12,random_051,0.025139417056497658,0.593993997696659,0.59462,0.16128182311641356
29,nonnormal,12,random_052,0.03042017830770557,0.6031930660389342,0.60426,0.19516052444521748
29,nonnormal,12,random_053,0.014294801509123977,0.5711651417553394,0.57082,0.09170823823390471
29,nonnormal,12,random_054,0.011608896923022773,0.5641962207729861,0.56478,0.07447682879471189
29,nonnormal,12,random_055,0.02476490958391385,0.5933042508407633,0.59214,0.1588791720201971
29,nonnormal,12,random_056,0.01467682043402381,0.5720995075944872,0.57166,0.09415907902048105
29,nonnormal,12,random_057,0.019046224273836922,0.5819997909759397,0.58298,0.1221909707558057
29,nonnormal,12,random_058,0.01877295413905035,0.5814177058551093,0.57892,0.12043780736929613
29,nonnormal,12,random_059,0.01147393101296572,0.563825173813707,0.56614,0.0736109555732427
29,nonnormal,12,random_060,0.024601791488768336,0.593002108070397,0.5888,0.1578326885751267
29,nonnormal,12,random_061,0.029199225693755257,0.6011468537826213,0.60166,0.18732750814757984
29,nonnormal,12,random_062,0.01948216394656299,0.5829194298708437,0.5795,0.12498773987053986
29,nonnormal,12,random_063,0.02439257863265148,0.5926130326754186,0.59298,0.15649048438725366
29,nonnormal,12,random_064,0.019699319137692236,0.5833735242803354,0.58344,0.12638089807487712
29,nonnormal,12,random_065,0.014875075940240618,0.5725794643998021,0.5713,0.09543098637671188
29,nonnormal,12,random_066,0.015251547287720466,0.5734818497742623,0.56922,0.09784623670396438
29,nonnormal,12,random_067,0.009319738299611677,0.5575688411710581,0.55782,0.0597907413903512
29,nonnormal,12,random_068,0.020192736250001737,0.5843956883982593,0.58854,0.12954641345859777
29,nonnormal,12,random_069,0.02428159044649769,0.5924059119986919,0.59246,0.15577844015142123
29,nonnormal,12,random_070,0.00837100119581008,0.5545793592462986,0.55434,0.053704122539348136
29,nonnormal,12,random_071,0.03925407619601591,0.6168391277153664,0.6178,0.25183435874491455
29,nonnormal,12,random_072,0.015772436207217234,0.5747116072298413,0.5731,0.10118799734975722
29,nonnormal,12,random_073,0.029795624435550096,0.6021519552484237,0.60342,0.19115370173690763
29,nonnormal,12,random_074,0.03307063905627562,0.6074888394653005,0.60974,0.21216454409560104
29,nonnormal,12,random_075,0.02195467371602962,0.5879429495145297,0.58538,0.1408501157719593
29,nonnormal,12,random_076,0.03887907717299567,0.6162958612277039,0.61208,0.24942855410896553
29,nonnormal,12,random_077,0.01462376548134155,0.5719704996578843,0.56802,0.09381870519738408
29,nonnormal,12,random_078,0.017786767826293556,0.5792794814867392,0.57904,0.11411093327764892
29,nonnormal,12,random_079,0.02083353009801852,0.5857038608273015,0.58216,0.1336574236629182
29,nonnormal,12,random_080,0.019236780016465848,0.5824031154414404,0.58208,0.12341348031151363
29,nonnormal,12,random_081,0.04070449658830738,0.6189142015801272,0.61694,0.2611395245977373
29,nonnormal,12,random_082,0.010832776969506623,0.5620311538407219,0.5612,0.06949763453659537
29,nonnormal,12,random_083,0.014558393857268662,0.5718112097579918,0.57226,0.09339931382140816
29,nonnormal,12,random_084,0.013393385504672861,0.5689079984065738,0.56806,0.08592520769435553
29,nonnormal,12,random_085,0.007565488715358436,0.5519025980456962,0.5496,0.04853636064979036
29,nonnormal,12,random_086,0.026019211812094697,0.5955932882214184,0.59646,0.16692614262597336
29,nonnormal,12,random_087,0.028304676645290565,0.5996185563475112,0.60192,0.18158853253493143
29,nonnormal,12,random_088,0.014387575746103528,0.5713932284177775,0.57612,0.09230343095634011
29,nonnormal,12,random_089,0.029434139302589105,0.6015440448039393,0.60054,0.18883459540510983
29,nonnormal,12,random_090,0.02331034599623352,0.5905717175874773,0.58766,0.14954742551499314
29,nonnormal,12,random_091,0.022386561738123367,0.5887894491369553,0.59,0.14362089153930815
29,nonnormal,12,random_092,0.006897206114186542,0.5495696447803083,0.54944,0.04424899646661318
29,nonnormal,12,random_093,0.016527367980909743,0.5764571638486149,0.57744,0.10603125893040576
29,nonnormal,12,random_094,0.012789606683591198,0.5673520766533032,0.56816,0.08205166723777761
29,nonnormal,12,random_095,0.02351246464343181,0.5909566873714944,0.58926,0.1508441168357467
29,nonnormal,12,random_096,0.02120166615809761,0.5864458945458226,0.58066,0.13601919898933154
29,nonnormal,12,random_097,0.015317892850238707,0.5736396788083401,0.57524,0.09827187637789071
29,nonnormal,12,random_098,0.01692906174055039,0.577369125441709,0.57896,0.10860832353551304
29,nonnormal,12,random_099,0.017844742794511845,0.5794068627148479,0.57882,0.11448287143947453
29,nonnormal,12,random_100,0.021307173897524224,0.5866573149268756,0.58626,0.13669608344251413
29,nonnormal,12,random_101,0.048611487579575514,0.6295720765582536,0.6264,0.3118667916449728
29,nonnormal,12,random_102,0.02812761258324803,0.5993130166857467,0.6003,0.18045257879859614
29,nonnormal,12,random_103,0.011235832150598684,0.5631650952445041,0.5648,0.07208343333522906
29,nonnormal,12,random_104,0.016716692915221248,0.5768884025202413,0.57836,0.1072458722405924
29,nonnormal,12,random_105,0.018443039465407852,0.580709048957355,0.57682,0.11832124118487197
29,nonnormal,12,random_106,0.03528212444171876,0.610933562393956,0.60952,0.2263523191724056
29,nonnormal,12,random_107,0.02224430157030472,0.5885115740139376,0.5898,0.1427082220382185
29,nonnormal,12,random_108,0.01683460336740148,0.5771556960213899,0.57874,0.10800232624465188
29,nonnormal,12,random_109,0.028306859289752434,0.5996223163418175,0.5977,0.18160253528118578
29,nonnormal,12,random_110,0.01725240114655075,0.5780950716037441,0.57424,0.1106827061183676
29,nonnormal,12,random_111,0.021082028208018758,0.586205491610949,0.58286,0.13525166222985685
29,nonnormal,12,random_112,0.014517604574035482,0.5717116320336225,0.56896,0.09313763034845116
29,nonnormal,12,random_113,0.01577738598942356,0.5747231914455008,0.57332,0.10121975265643246
29,nonnormal,12,random_114,0.028957634432979475,0.6007365921784337,0.60084,0.18577758044244078
29,nonnormal,12,random_115,0.00976562803667929,0.5589200772811747,0.56158,0.06265134510051462
29,nonnormal,12,random_116,0.026477207557450352,0.5964145145128041,0.5981,0.1698644123807778
29,nonnormal,12,random_117,0.03196436461372603,0.6057191189602896,0.6077,0.2050672451184405
29,nonnormal,12,random_118,0.01404068447886085,0.5705364509165755,0.57164,0.09007795150793736
29,nonnormal,12,random_119,0.009491142073503052,0.558092093771849,0.56044,0.060890381572146504
29,nonnormal,12,random_120,0.020592700521293784,0.5852147128155974,0.58418,0.13211238253856647
29,nonnormal,12,random_121,0.013372033140782702,0.5688535974216414,0.56954,0.08578822169470762
29,nonnormal,12,random_122,0.03489144777686288,0.6103336663009796,0.61106,0.22384593469199426
29,nonnormal,12,random_123,0.017337493324674106,0.5782849395700304,0.58046,0.11122861462491088
29,nonnormal,12,random_124,0.007950368059742982,0.5531987815042515,0.55222,0.05100555244539512
29,nonnormal,12,random_125,0.033533925405040944,0.6082205102677999,0.60894,0.2151367556940598
29,nonnormal,12,random_126,0.026522047242834357,0.5964945102454762,0.59484,0.17015208119149225
29,nonnormal,12,random_127,0.021704705182391835,0.5874490152500478,0.58642,0.13924644370843312
30,normal,0,oracle_t0,0.13052010066863468,0.7060609470977126,0.70696,1.0000000000000004
30,normal,0,oracle_t12,0.04919245725112082,0.6303160733750324,0.63146,0.37689564288653904
30,normal,0,bottom,2.080204165529713e-32,0.5000000000000001,0.49674,-8.930417471369094e-18
30,normal,0,random_000,0.04860061620134558,0.629558107640674,0.63146,0.3723611608661962
30,normal,0,random_001,0.0327055234768994,0.6069083214759845,0.6078,0.2505784420127933
30,normal,0,random_002,0.030303590871004343,0.6029995911164306,0.60488,0.2321756627198696
30,normal,0,random_003,0.02092700047991116,0.5858929104930766,0.58672,0.1603354607658539
30,normal,0,random_004,0.033312704410350405,0.6078718170272279,0.60946,0.2552304529317286
30,normal,0,random_005,0.02243448440650765,0.5888828470186755,0.58672,0.17188528273866788
30,normal,0,random_006,0.03142625756175313,0.6048464272071168,0.60416,0.24077714774016573
30,normal,0,random_007,0.028844603614788317,0.6005440213307873,0.5998,0.22099740551088917
30,normal,0,random_008,0.04379329476354396,0.6232025351012617,0.62548,0.33552912186856726
30,normal,0,random_009,0.03503118061109816,0.6105486446419959,0.61026,0.2683968249460333
30,normal,0,random_010,0.05476218894160504,0.6372132663553562,0.64108,0.4195690063144809
30,normal,0,random_011,0.028475872767750335,0.5999130053000415,0.6003,0.21817231692185926
30,normal,0,random_012,0.032553397335273765,0.6066654209810654,0.6085,0.2494129039780667
30,normal,0,random_013,0.030010165217027,0.6025108898335438,0.60084,0.22992753655022857
30,normal,0,random_014,0.01466591508022913,0.572073009927422,0.57158,0.11236518363913205
30,normal,0,random_015,0.030016073966615757,0.6025207559786084,0.60332,0.2299728073518789
30,normal,0,random_016,0.02178357353918335,0.5876051787072772,0.58848,0.1668982281471545
30,normal,0,random_017,0.04171849868059939,0.6203410392388402,0.62044,0.3196327497977849
30,normal,0,random_018,0.03392856067405766,0.6088394844764842,0.6109,0.25994893123930196
30,normal,0,random_019,0.04476272677567042,0.6245140347753553,0.62216,0.34295657562595927
30,normal,0,random_020,0.030075771692778724,0.6026203782696911,0.60312,0.23043019074230806
30,normal,0,random_021,0.03730496319143979,0.6139837750618742,0.61566,0.28581776293714256
30,normal,0,random_022,0.027160223198412693,0.5976253608662413,0.59636,0.2080922636381293
30,normal,0,random_023,0.022495944056045068,0.589002474276627,0.5877,0.17235616537837292
30,normal,0,random_024,0.0449317399509887,0.624741080197215,0.62488,0.3442514962891559
30,normal,0,random_025,0.032182950776183855,0.6060713680037915,0.60546,0.24657467019497759
30,normal,0,random_026,0.045897964251691986,0.6260301251691629,0.62464,0.35165437366783886
30,normal,0,random_027,0.0242400348535773,0.5923282345768698,0.59508,0.18571878759975885
30,normal,0,random_028,0.03432038176366872,0.6094502232297172,0.60968,0.2629509293039971
30,normal,0,random_029,0.022109030869611065,0.5882464846172057,0.58798,0.16939176997527475
30,normal,0,random_030,0.03814942289706308,0.6152305768427525,0.61828,0.2922877219802115
30,normal,0,random_031,0.041983608677867754,0.6207109501779955,0.62204,0.32166393117069414
30,normal,0,random_032,0.021712331581368094,0.5874641289008906,0.58604,0.16635239683496353
30,normal,0,random_033,0.02848954165548458,0.5999364744715308,0.60208,0.2182770432258097
30,normal,0,random_034,0.04216142343343907,0.6209583414069915,0.61852,0.3230262865064655
30,normal,0,random_035,0.018292183826847074,0.5803828118164425,0.58064,0.14014840421620117
30,normal,0,random_036,0.030120883332798047,0.6026955896078287,0.60332,0.23077582057088022
30,normal,0,random_037,0.034632438051155096,0.6099339497425585,0.60862,0.2653417969626009
30,normal,0,random_038,0.020790337772111284,0.5856163516824089,0.58396,0.15928839822836136
30,normal,0,random_039,0.03561309622010699,0.6114389807614041,0.61206,0.2728552616621234
30,normal,0,random_040,0.05024571851529615,0.6316525476988701,0.6315,0.38496536746367016
30,normal,0,random_041,0.011927959258792323,0.5650646770561548,0.56588,0.09138791035010853
30,normal,0,random_042,0.021915959590639744,0.5878666447448464,0.58586,0.1679125244185962
30,normal,0,random_043,0.03228588171635445,0.6062367957590007,0.6072,0.24736329156167355
30,normal,0,random_044,0.033359585302938546,0.6079458153924292,0.60838,0.25558963816333635
30,normal,0,random_045,0.027234262974691295,0.597755643348989,0.5942,0.20865953087052735
30,normal,0,random_046,0.03716146565057653,0.6137703923238942,0.61832,0.28471833426578735
30,normal,0,random_047,0.025533758558264688,0.5947144316717308,0.5937,0.19563085246991935
30,normal,0,random_048,0.02654186264248047,0.5965298388538508,0.59638,0.20335459830716154
30,normal,0,random_049,0.0353279281914686,0.611003660250999,0.60966,0.2706704025700946
30,normal,0,random_050,0.03769629894527354,0.6145634453324075,0.6149,0.28881604252648546
30,normal,0,random_051,0.031121232197438453,0.6043481868223255,0.6038,0.23844014859021034
30,normal,0,random_052,0.0315516282912771,0.6050504617778187,0.6074,0.2417376950342737
30,normal,0,random_053,0.044515494489383266,0.6241810615148426,0.6245,0.34106236710925886
30,normal,0,random_054,0.023395749881890304,0.5907345974896849,0.5903,0.17925016730785095
30,normal,0,random_055,0.02824339460758832,0.5995129240980851,0.5997,0.2163911494314033
30,normal,0,random_056,0.020114463944536413,0.5842344172508691,0.5849,0.15411008604416543
30,normal,0,random_057,0.04352366735613809,0.6228349390054517,0.62318,0.333463329657064
30,normal,0,random_058,0.04220559650586439,0.6210197101915529,0.62004,0.3233647253538078
30,normal,0,random_059,0.02263732427700674,0.5892770116706582,0.58996,0.17343937187482364
30,normal,0,random_060,0.030045356186534384,0.6025696347249417,0.60174,0.23019715762259288
30,normal,0,random_061,0.04411305913057993,0.6236368776025022,0.62358,0.33797904617446245
30,normal,0,random_062,0.03429449491486977,0.6094099891190504,0.61032,0.26275259319587035
30,normal,0,random_063,0.05020210515889084,0.631597518002192,0.63232,0.3846312169674487
30,normal,0,random_064,0.028659715050598215,0.600228158178831,0.60282,0.21958085309296313
30,normal,0,random_065,0.025657253425312446,0.594938837028348,0.5958,0.196577027552647
30,normal,0,random_066,0.035084293546330005,0.6106302373168195,0.6077,0.26880375793918726
30,normal,0,random_067,0.031117175620109093,0.6043415430829302,0.60574,0.23840906849366902
30,normal,0,random_068,0.0262830460008227,0.5960672918495146,0.59716,0.2013716344546063
30,normal,0,random_069,0.029274678362383923,0.6012746139149451,0.603,0.22429248991085826
30,normal,0,random_070,0.02270471337454593,0.5894075532730332,0.58986,0.17395568390028154
30,normal,0,random_071,0.012591815100783351,0.5668341848036846,0.56668,0.09647414487329847
30,normal,0,random_072,0.02336318553266627,0.590672528642404,0.594,0.1790006704942781
30,normal,0,random_073,0.021838077990247423,0.5877129271423459,0.58604,0.1673158224547351
30,normal,0,random_074,0.03612686545666931,0.6122185440724095,0.61188,0.2767915843735705
30,normal,0,random_075,0.041172059025829114,0.619574509287063,0.61996,0.31544611760878927
30,normal,0,random_076,0.04728545079010035,0.6278552596894336,0.62604,0.36228481703480303
30,normal,0,random_077,0.03494731568706343,0.6104196744423656,0.60736,0.2677542808198403
30,normal,0,random_078,0.02710148144017838,0.5975218630964798,0.59944,0.20764220454429325
30,normal,0,random_079,0.04525428341580064,0.6251730705983876,0.62556,0.3467227130838073
30,normal,0,random_080,0.044448293727705104,0.6240903795543743,0.62396,0.3405474980482183
30,normal,0,random_081,0.022285321662579433,0.5885917935834295,0.5883,0.17074244923513787
30,normal,0,random_082,0.020155824824428424,0.5843196774079531,0.58192,0.15442697884213386
30,normal,0,random_083,0.03496129479569636,0.6104411835530542,0.60832,0.26786138392933334
30,normal,0,random_084,0.03906246086352781,0.6165618862449056,0.61636,0.2992831040078638
30,normal,0,random_085,0.030869568593002515,0.6039351390528749,0.60232,0.23651198884204364
30,normal,0,random_086,0.028184483503029982,0.599411263679898,0.59842,0.2159397928644336
30,normal,0,random_087,0.028539495329244192,0.6000221928850418,0.59938,0.21865977104707013
30,normal,0,random_088,0.029588616068972243,0.6018043132018851,0.59976,0.22669777235379274
30,normal,0,random_089,0.0209657867638512,0.585971228369546,0.58582,0.16063262789751662
30,normal,0,random_090,0.03337306446706522,0.6079670810072721,0.60806,0.25569291087043383
30,normal,0,random_091,0.019928482420419006,0.5838499032069091,0.58508,0.15268515974419586
30,normal,0,random_092,0.040460373427460984,0.618567796727994,0.61518,0.3099934279868667
30,normal,0,random_093,0.03441217543930697,0.609592760099638,0.60922,0.263654220790657
30,normal,0,random_094,0.012193379882105095,0.5657780791187481,0.5635,0.09342147163264708
30,normal,0,random_095,0.027358526098172603,0.5979738785169165,0.59884,0.20961159206910687
30,normal,0,random_096,0.025037078331818202,0.5938060579004878,0.59438,0.19182545986064267
30,normal,0,random_097,0.027467489511030375,0.5981648112646016,0.59918,0.21044643216116599
30,normal,0,random_098,0.04227951777195873,0.6211223289478807,0.6198,0.32393108460204373
30,normal,0,random_099,0.021587084833817462,0.5872155669841556,0.58702,0.16539279944797863
30,normal,0,random_100,0.03616954550376546,0.6122830339468059,0.61432,0.27711858417572743
30,normal,0,random_101,0.03925756926515585,0.6168441748723009,0.61528,0.30077795729581336
30,normal,0,random_102,0.052292126261167915,0.6342053122131723,0.63532,0.4006442378858376
30,normal,0,random_103,0.028261459288387573,0.5995440749651485,0.59982,0.2165295547858791
30,normal,0,random_104,0.052757068350348955,0.6347774853219239,0.63456,0.4042064638326398
30,normal,0,random_105,0.038680775017637406,0.616007425864548,0.61856,0.2963587586853035
30,normal,0,random_106,0.02389027590555723,0.591671649486506,0.59296,0.1830390551583318
30,normal,0,random_107,0.027084613544719582,0.5974921213717235,0.5999,0.2075129685463712
30,normal,0,random_108,0.031630730776804825,0.6051789738032145,0.60754,0.2423437509990063
30,normal,0,random_109,0.024435569294175098,0.5926931261460481,0.58902,0.18721690505137054
30,normal,0,random_110,0.03347654170871134,0.6081301799505447,0.60804,0.2564857178106369
30,normal,0,random_111,0.03048884733385831,0.6033068358289138,0.60094,0.23359503385048416
30,normal,0,random_112,0.040019610610582276,0.6179394656225576,0.61828,0.30661645528595133
30,normal,0,random_113,0.026778140015264087,0.5969500222733422,0.59524,0.20516487405452302
30,normal,0,random_114,0.04253003579623737,0.6214693735078227,0.6205,0.3258504673101113
30,normal,0,random_115,0.021443114316506678,0.5869289103700592,0.58908,0.16428974699419366
30,normal,0,random_116,0.024248618969519208,0.5923442861098531,0.5903,0.185784556135777
30,normal,0,random_117,0.04583175992652207,0.6259422818043245,0.62848,0.35114713895969235
30,normal,0,random_118,0.030588022403938483,0.6034709061770464,0.60422,0.23435487903580135
30,normal,0,random_119,0.029620300137203452,0.6018576061251295,0.6008,0.22694052475797333
30,normal,0,random_120,0.025927151683727116,0.595427294945959,0.59696,0.1986448949311736
30,normal,0,random_121,0.03852706629981394,0.6157832993710152,0.6186,0.2951810954975184
30,normal,0,random_122,0.03014849653333023,0.6027415974090947,0.60248,0.23098738339063538
30,normal,0,random_123,0.014856556383712414,0.5725347708968299,0.57376,0.11382581156162569
30,normal,0,random_124,0.04487809562096241,0.6246690675924462,0.62282,0.3438404919323442
30,normal,0,random_125,0.035917297809702826,0.6119012865463673,0.61054,0.27518594933427093
30,normal,0,random_126,0.04821430295776252,0.6290605942988458,0.62876,0.369401362018325
30,normal,0,random_127,0.0582652919789428,0.6413512857968151,0.64174,0.44640857370212383
30,normal,12,oracle_t0,0.043597423119712264,0.622935617755091,0.62618,0.5423028460696935
30,normal,12,oracle_t12,0.08039312984558701,0.6646929107598183,0.66328,1.0
30,normal,12,bottom,5.575886415081686e-33,0.5,0.50264,-2.2090589321455265e-17
30,normal,12,random_000,0.019789635843328737,0.583561616185267,0.58332,0.24616078365575714
30,normal,12,random_001,0.024060641319705568,0.5919920963690628,0.58982,0.29928728195953325
30,normal,12,random_002,0.023685366031901977,0.5912846274946392,0.59048,0.29461927999811705
30,normal,12,random_003,0.029662996543408832,0.6019293738452667,0.59912,0.3689742718113259
30,normal,12,random_004,0.01857596747562613,0.5809953663770144,0.57818,0.23106411594256165
30,normal,12,random_005,0.019580700920311354,0.5831258068089864,0.58194,0.24356186850692924
30,normal,12,random_006,0.019177692792715625,0.5822782770083332,0.58164,0.23854890125002803
30,normal,12,random_007,0.011306213133773356,0.5633609520762397,0.56462,0.14063655881403636
30,normal,12,random_008,0.016830089931760807,0.5771454823405849,0.57666,0.20934736542894591
30,normal,12,random_009,0.024395281880625386,0.5926180711365046,0.59384,0.30344983367959416
30,normal,12,random_010,0.030566968908102708,0.6034361001057229,0.6018,0.38021867001338794
30,normal,12,random_011,0.011236874038359023,0.5631679991983158,0.56504,0.13977405855378378
30,normal,12,random_012,0.02559517596207131,0.5948261062114278,0.59342,0.3183751647837641
30,normal,12,random_013,0.017782552273954023,0.5792702107600134,0.57718,0.22119492434377663
30,normal,12,random_014,0.02580391370929188,0.5952045960457768,0.5939,0.3209716272877306
30,normal,12,random_015,0.022969434727398253,0.5899183924462328,0.5897,0.28571390082108006
30,normal,12,random_016,0.020207795894303857,0.5844266795726748,0.58616,0.25136222377605466
30,normal,12,random_017,0.028820095963945167,0.6005022146144163,0.60132,0.35848953784111415
30,normal,12,random_018,0.02767840016447528,0.5985332433746815,0.60152,0.3442881278243282
30,normal,12,random_019,0.027577767924078733,0.5983576392513369,0.60062,0.3430363760814888
30,normal,12,random_020,0.028912150891198807,0.6006591499832871,0.60122,0.3596345974678565
30,normal,12,random_021,0.02685729261608937,0.5970903434155891,0.5962,0.3340744746183514
30,normal,12,random_022,0.04142142198778038,0.6199249940174856,0.62116,0.5152358425071831
30,normal,12,random_023,0.013824479314003456,0.5699969182679954,0.5676,0.17196095413322582
30,normal,12,random_024,0.025879013091486613,0.595340372231793,0.59772,0.32190577902854456
30,normal,12,random_025,0.0228235491120202,0.589637258622132,0.58526,0.28389924805587163
30,normal,12,random_026,0.02758312166158034,0.5983669901312787,0.59598,0.3431029705468602
30,normal,12,random_027,0.017817910398028998,0.5793479340035783,0.57922,0.22163473958847324
30,normal,12,random_028,0.014150687022365572,0.5708093140787394,0.56886,0.17601861066418398
30,normal,12,random_029,0.02840003013974182,0.5997826761995269,0.60158,0.3532643920480573
30,normal,12,random_030,0.03698546779012943,0.6135080707318127,0.61222,0.4600575678689002
30,normal,12,random_031,0.023619920598259625,0.5911606466170204,0.59516,0.29380521250543395
30,normal,12,random_032,0.012670880490084975,0.567041705778091,0.56774,0.15761148389697277
30,normal,12,random_033,0.022536254344131174,0.5890808424554854,0.58704,0.28032562468232153
30,normal,12,random_034,0.0180226482614934,0.5797964143496588,0.57686,0.22418144804300985
30,normal,12,random_035,0.016966160908292737,0.5774527821995878,0.57978,0.21103993513973202
30,normal,12,random_036,0.022734432358899936,0.5894650581762926,0.58966,0.28279073600650323
30,normal,12,random_037,0.02317705407286416,0.5903168781966934,0.59098,0.28829645166671436
30,normal,12,random_038,0.038395166929358196,0.6155905859793924,0.61738,0.4775926376184718
30,normal,12,random_039,0.021652568635224217,0.5873456187319537,0.58666,0.2693335696322912
30,normal,12,random_040,0.03422545879566727,0.6093026110868555,0.6061,0.42572616418100556
30,normal,12,random_041,0.025180570216069932,0.5940694593967815,0.5962,0.3132179362146348
30,normal,12,random_042,0.019763050334246877,0.5835062963357205,0.58162,0.24583008986223367
30,normal,12,random_043,0.024725657290492486,0.593231640227895,0.5914,0.30755933172378835
30,normal,12,random_044,0.017960412254333983,0.5796603673898224,0.58058,0.2234073022014565
30,normal,12,random_045,0.019639041629210468,0.5832477407939143,0.5868,0.24428756122484152
30,normal,12,random_046,0.012770220543061796,0.5673014994592298,0.5687,0.15884716228351684
30,normal,12,random_047,0.014498571176994848,0.5716651169087463,0.57126,0.18034589777562585
30,normal,12,random_048,0.02208866439626792,0.5882064988643894,0.58758,0.27475810978741766
30,normal,12,random_049,0.024775664726592712,0.5933241355703095,0.58972,0.30818136791265527
30,normal,12,random_050,0.018119027963705826,0.5800066174343721,0.58074,0.22538030299986425
30,normal,12,random_051,0.01403998999402034,0.5705347247389472,0.5726,0.17464166429379324
30,normal,12,random_052,0.015174199511491479,0.5732973987082947,0.5745,0.18874995339324302
30,normal,12,random_053,0.017883635270029213,0.57949219575548,0.58122,0.22245228297963696
30,normal,12,random_054,0.025577422116229286,0.5947938391766018,0.59616,0.3181543269351056
30,normal,12,random_055,0.019264046868856244,0.5824606569100188,0.5828,0.23962304870897744
30,normal,12,random_056,0.021418457975399936,0.586879716584356,0.58744,0.2664214966694155
30,normal,12,random_057,0.017674244850352922,0.5790316310220481,0.57924,0.21984770196533293
30,normal,12,random_058,0.019861980839831633,0.5837119573964168,0.58522,0.24706067394043507
30,normal,12,random_059,0.01901963449370719,0.5819433448485865,0.5817,0.23658283400880967
30,normal,12,random_060,0.02419201585896906,0.5922383880033444,0.59172,0.30092143327962545
30,normal,12,random_061,0.0219406869549088,0.5879153900386831,0.58752,0.2729174370627291
30,normal,12,random_062,0.024346601043307107,0.59252729199201,0.59296,0.30284429888561626
30,normal,12,random_063,0.025645788943534385,0.5949180287406101,0.59596,0.3190047332750057
30,normal,12,random_064,0.019120939821391063,0.5821581813182759,0.58328,0.23784295819950177
30,normal,12,random_065,0.015655453725055092,0.5744372775617417,0.57476,0.19473621384221382
30,normal,12,random_066,0.03148534789949087,0.6049426479595421,0.60522,0.391642270427405
30,normal,12,random_067,0.036660135396457745,0.6130213829851091,0.61296,0.456010799266949
30,normal,12,random_068,0.013836183010805678,0.5700262353587073,0.56626,0.17210653494124645
30,normal,12,random_069,0.016331629021258474,0.5760086134153295,0.57642,0.2031470730474983
30,normal,12,random_070,0.022204352126782664,0.5884333735354066,0.58938,0.27619713487248343
30,normal,12,random_071,0.010802690877005923,0.5619456503722561,0.5582,0.13437330898492084
30,normal,12,random_072,0.030237854517727106,0.6028903274170341,0.6042,0.3761248576315622
30,normal,12,random_073,0.013133414099044165,0.5682425803958454,0.5677,0.16336488110700284
30,normal,12,random_074,0.025482802741882353,0.5946216714693561,0.59294,0.31697736847449265
30,normal,12,random_075,0.02619502380874994,0.5959094326712351,0.59748,0.3258365964736458
30,normal,12,random_076,0.029503329176763217,0.6016607083935144,0.60198,0.36698818958076357
30,normal,12,random_077,0.015909158101256756,0.5750308950834048,0.57634,0.19789201057122482
30,normal,12,random_078,0.02421013410844474,0.5922722994292443,0.59102,0.3011468038991108
30,normal,12,random_079,0.028531099628406623,0.6000077917981506,0.59796,0.3548947488822363
30,normal,12,random_080,0.022137109487716078,0.588301580033031,0.59112,0.275360712168258
30,normal,12,random_081,0.017000493921521757,0.5775301168594587,0.57848,0.21146699915994083
30,normal,12,random_082,0.012312975598370645,0.5660969223709927,0.5685,0.15315955010111523
30,normal,12,random_083,0.014617355354044636,0.5719548964949417,0.5721,0.18182343916850274
30,normal,12,random_084,0.0290558107116968,0.6009035307086777,0.60218,0.3614215638513513
30,normal,12,random_085,0.01370260313798473,0.5696908618209592,0.57074,0.17044495175525132
30,normal,12,random_086,0.03341650682124428,0.6080355871173087,0.60982,0.4156637126260434
30,normal,12,random_087,0.038357794258272106,0.6155359167592183,0.61584,0.47712776367765286
30,normal,12,random_088,0.025419366541907393,0.5945060547865127,0.59494,0.3161882935859193
30,normal,12,random_089,0.011434648021285902,0.5637167572552629,0.56112,0.14223414417685568
30,normal,12,random_090,0.02990068131073108,0.602327890961199,0.60216,0.37193080264647016
30,normal,12,random_091,0.020441954171552548,0.584907008127177,0.58296,0.2542748890460652
30,normal,12,random_092,0.022612527447697393,0.5892289255434797,0.5936,0.28127437619520246
30,normal,12,random_093,0.017915530000361363,0.5795621032044777,0.5768,0.22284901750649783
30,normal,12,random_094,0.020939004379974143,0.5859171570719572,0.58456,0.2604576338823004
30,normal,12,random_095,0.010433389150860811,0.5608860078046671,0.56052,0.12977961140336836
30,normal,12,random_096,0.019410711975354628,0.5827694391005677,0.57904,0.2414473974658934
30,normal,12,random_097,0.02223397203674193,0.5884913611685527,0.58966,0.2765655731957103
30,normal,12,random_098,0.025640196629412366,0.5949078767818209,0.59542,0.3189351711851511
30,normal,12,random_099,0.021882405431821003,0.58780045293811,0.59032,0.27219248054965717
30,normal,12,random_100,0.018868195361521716,0.5816210748893449,0.58304,0.23469910174864825
30,normal,12,random_101,0.013602689951044397,0.569438910852537,0.56886,0.1692021442276399
30,normal,12,random_102,0.031568335714592666,0.6050776194673693,0.6062,0.39267454538996943
30,normal,12,random_103,0.027466653246011583,0.5981633474395193,0.5985,0.3416542346188964
30,normal,12,random_104,0.024444725831834734,0.5927101755698547,0.59494,0.3040648607509908
30,normal,12,random_105,0.018797794984150542,0.5814708003640324,0.58108,0.2338234003360227
30,normal,12,random_106,0.012645426143664136,0.5669749692478986,0.56704,0.15729486049308572
30,normal,12,random_107,0.018705607116116112,0.581273574724739,0.57618,0.23267668707567932
30,normal,12,random_108,0.01692694544959587,0.5773643504444356,0.57558,0.21055213899630307
30,normal,12,random_109,0.021139943435019046,0.5863219566315421,0.58768,0.2629570894381527
30,normal,12,random_110,0.012363831551278938,0.5662320224370954,0.56762,0.1537921408835114
30,normal,12,random_111,0.01289580274897247,0.5676284382846691,0.5672,0.16040926349977602
30,normal,12,random_112,0.030836308715788845,0.6038804160966227,0.60402,0.3835689539021166
30,normal,12,random_113,0.016800209609537885,0.5770778287716161,0.5766,0.20897568787042436
30,normal,12,random_114,0.016857523422055605,0.5772075410498377,0.57846,0.2096886071537985
30,normal,12,random_115,0.030880306068569542,0.6039527988439117,0.60472,0.3841162314227857
30,normal,12,random_116,0.013258124129267981,0.5685626241751711,0.56754,0.1649161334399242
30,normal,12,random_117,0.01099036401749033,0.562477035805794,0.5603,0.13670775150314188
30,normal,12,random_118,0.01715929737769617,0.5778867691020865,0.57628,0.2134423353171402
30,normal,12,random_119,0.011233432679887483,0.563158406904876,0.56432,0.13973125192990749
30,normal,12,random_120,0.026471474792551176,0.5964042818653148,0.5965,0.32927533538494613
30,normal,12,random_121,0.021125822009655185,0.5862935744765176,0.58608,0.2627814348095671
30,normal,12,random_122,0.014334433516386592,0.571262670756392,0.573,0.17830421012242068
30,normal,12,random_123,0.024740973662895387,0.5932599803585508,0.59262,0.30774985014784184
30,normal,12,random_124,0.020422197077603742,0.5848665919312972,0.58058,0.25402913304693003
30,normal,12,random_125,0.022837245205981363,0.5896636922531111,0.59012,0.28406961204079756
30,normal,12,random_126,0.027188954120296354,0.5976759389558195,0.59838,0.33819997022778964
30,normal,12,random_127,0.03096279087868611,0.6040883512098568,0.6017,0.3851422495697962
30,nonnormal,0,oracle_t0,0.24109703220611509,0.7692942149802,0.7705,0.9999999999999999
30,nonnormal,0,oracle_t12,0.18106123111252795,0.7383508216577859,0.73846,0.7509890497438297
30,nonnormal,0,bottom,1.1817172603725145e-31,0.5000000000000002,0.50196,-3.866391722298628e-18
30,nonnormal,0,random_000,0.014982122395568705,0.5728372395038615,0.57292,0.06214146337048402
30,nonnormal,0,random_001,0.023066769028337097,0.5901054419354812,0.59004,0.09567421389333895
30,nonnormal,0,random_002,0.029011409633156526,0.6008280685746661,0.59936,0.12033084508628257
30,nonnormal,0,random_003,0.023095723568059005,0.5901610043773633,0.59202,0.09579430885866051
30,nonnormal,0,random_004,0.025794688540563007,0.5951879029600945,0.5935,0.10698882646763973
30,nonnormal,0,random_005,0.017193509689415888,0.5779633808935931,0.57698,0.07131365132158517
30,nonnormal,0,random_006,0.07615413829332092,0.6605411913050507,0.65792,0.3158651004389649
30,nonnormal,0,random_007,0.023970064735218774,0.591821876783168,0.59688,0.09942082038872481
30,nonnormal,0,random_008,0.03892840946382516,0.6163674919447735,0.61524,0.16146366094853068
30,nonnormal,0,random_009,0.03151643697176375,0.6049932335623839,0.60602,0.13072096609144562
30,nonnormal,0,random_010,0.04119535580159947,0.6196073024150935,0.61814,0.17086629157003197
30,nonnormal,0,random_011,0.025936429860161914,0.5954440385103089,0.59636,0.10757672802039604
30,nonnormal,0,random_012,0.044483297249322096,0.624137623361642,0.62446,0.1845037113990399
30,nonnormal,0,random_013,0.046045636770387297,0.6262258132811813,0.62424,0.1909838389508778
30,nonnormal,0,random_014,0.018964850969311928,0.5818269177611552,0.58316,0.07866065706316443
30,nonnormal,0,random_015,0.05329824402008629,0.6354399330096278,0.63836,0.22106553337629362
30,nonnormal,0,random_016,0.039757090049977795,0.6175634347197977,0.615,0.1649007857383713
30,nonnormal,0,random_017,0.02220134594954547,0.5884274859982399,0.5853,0.09208469198644234
30,nonnormal,0,random_018,0.03071451209372261,0.6036797525059621,0.6062,0.12739481615627934
30,nonnormal,0,random_019,0.026871914434455937,0.5971162408628724,0.60124,0.11145684452674223
30,nonnormal,0,random_020,0.03402170981702783,0.608985020360261,0.60766,0.1411121053864425
30,nonnormal,0,random_021,0.016008197329864735,0.5752612956539576,0.57626,0.06639732220419553
30,nonnormal,0,random_022,0.023020271718390592,0.5900161389109714,0.5887,0.09548135664610936
30,nonnormal,0,random_023,0.03908773631473732,0.6165984986997518,0.6168,0.16212450214368881
30,nonnormal,0,random_024,0.02718146715437634,0.5976627615885621,0.5974,0.112740778704977
30,nonnormal,0,random_025,0.01572063205700583,0.5745902543513715,0.57246,0.06520458552789722
30,nonnormal,0,random_026,0.01335775847265466,0.568817203845027,0.56998,0.05540407673386473
30,nonnormal,0,random_027,0.04056726587240564,0.6187196144780496,0.6204,0.1682611581785232
30,nonnormal,0,random_028,0.039403148893820884,0.6170543068270217,0.6221,0.16343274130448407
30,nonnormal,0,random_029,0.031091590004930177,0.6042996290559388,0.605,0.12895882508561862
30,nonnormal,0,random_030,0.023752407409765496,0.5914114448284269,0.59464,0.09851804143926347
30,nonnormal,0,random_031,0.017889302419263328,0.5795046218507932,0.58286,0.07419959613592288
30,nonnormal,0,random_032,0.010534592286441784,0.5611782756156634,0.56028,0.04369440880315651
30,nonnormal,0,random_033,0.016013790538535487,0.5752742853962348,0.57302,0.06642052119847418
30,nonnormal,0,random_034,0.03920975313956829,0.6167750638236931,0.61696,0.16263059225900242
30,nonnormal,0,random_035,0.02125492756943214,0.5865526904907847,0.58508,0.08815922525027681
30,nonnormal,0,random_036,0.02768569878737521,0.5985459663359134,0.59786,0.11483218409634573
30,nonnormal,0,random_037,0.024556745660701075,0.5929184837689273,0.59404,0.10185420133959751
30,nonnormal,0,random_038,0.027400469493325832,0.5980474221524833,0.5969,0.1136491363771787
30,nonnormal,0,random_039,0.014089014456036171,0.5706564695607752,0.57508,0.05843711275546271
30,nonnormal,0,random_040,0.026818080665822586,0.5970208562059898,0.59482,0.11123355779384152
30,nonnormal,0,random_041,0.041252082112816536,0.6196871094503729,0.6203,0.1711015757238767
30,nonnormal,0,random_042,0.02783642988376009,0.5988083235506426,0.60236,0.11545737261486727
30,nonnormal,0,random_043,0.019931465062495962,0.5838560845335575,0.5815,0.08266988971252225
30,nonnormal,0,random_044,0.022596546730045488,0.5891979209778089,0.5907,0.09372386927901949
30,nonnormal,0,random_045,0.023043188195353767,0.5900601642839037,0.59308,0.09557640749245735
30,nonnormal,0,random_046,0.046656114752043634,0.6270311337127209,0.62976,0.19351592313320992
30,nonnormal,0,random_047,0.015457881543724919,0.5739715409474978,0.57336,0.06411477321923188
30,nonnormal,0,random_048,0.02220847944441014,0.5884414561216831,0.5867,0.0921142796375195
30,nonnormal,0,random_049,0.029799937909461005,0.6021591854083465,0.60252,0.12360142983421245
30,nonnormal,0,random_050,0.014548790840466718,0.5717877791634913,0.57706,0.060344130773160545
30,nonnormal,0,random_051,0.03072802541751291,0.6037020370680338,0.60786,0.12745086547246814
30,nonnormal,0,random_052,0.012635015104281718,0.5669476535484577,0.56814,0.052406348550487244
30,nonnormal,0,random_053,0.025926130771780072,0.5954254523962448,0.59664,0.10753401041293482
30,nonnormal,0,random_054,0.01021880958162458,0.5602614791607148,0.56256,0.04238463446903181
30,nonnormal,0,random_055,0.021836381334793223,0.5877095751968039,0.58604,0.09057092546923255
30,nonnormal,0,random_056,0.0332760645540371,0.6078139444797673,0.61322,0.13801938684002224
30,nonnormal,0,random_057,0.03143537053375513,0.6048612727828223,0.60482,0.1303847262079977
30,nonnormal,0,random_058,0.031698001311980833,0.6052881279553745,0.61058,0.13147404189066103
30,nonnormal,0,random_059,0.04597421425280512,0.6261312110966842,0.625,0.19068759922976372
30,nonnormal,0,random_060,0.05203857276164955,0.6338920823139269,0.63698,0.21584078528665382
30,nonnormal,0,random_061,0.020214254912812042,0.5844399678583697,0.58296,0.08384281933230422
30,nonnormal,0,random_062,0.03330644913487089,0.6078619392602448,0.60572,0.13814541319777437
30,nonnormal,0,random_063,0.02228537031340417,0.5885918886797346,0.58886,0.09243320048150691
30,nonnormal,0,random_064,0.023548621202432545,0.5910253698403123,0.59218,0.09767279583226353
30,nonnormal,0,random_065,0.01835708298314201,0.5805233323643564,0.57874,0.07613981314978796
30,nonnormal,0,random_066,0.019034542703178288,0.5819749978118931,0.57922,0.07894971799945491
30,nonnormal,0,random_067,0.040551280574969956,0.6186969246884517,0.619,0.1681948558383848
30,nonnormal,0,random_068,0.01919448202717556,0.5823137693833101,0.5791,0.07961309955390118
30,nonnormal,0,random_069,0.019000456282393663,0.5819026068289149,0.57906,0.07880833749189442
30,nonnormal,0,random_070,0.030474281572580236,0.6032827149476069,0.60076,0.12639841019082979
30,nonnormal,0,random_071,0.024995838133645185,0.5937302077187175,0.5975,0.10367542853980927
30,nonnormal,0,random_072,0.044356719096420215,0.6239666855660562,0.62442,0.1839787022284846
30,nonnormal,0,random_073,0.022138816552562477,0.5883049284252566,0.58474,0.09182533832949004
30,nonnormal,0,random_074,0.03905589031644954,0.6165523664467074,0.61262,0.16199241425361244
30,nonnormal,0,random_075,0.020092443548087445,0.5841889876448281,0.58376,0.08333758140544138
30,nonnormal,0,random_076,0.031127205770381153,0.604357969315615,0.60328,0.12910654886772033
30,nonnormal,0,random_077,0.01749926572678892,0.5786445752700675,0.57632,0.07258183797065038
30,nonnormal,0,random_078,0.03923572579572897,0.6168126090946892,0.61592,0.16273831924312587
30,nonnormal,0,random_079,0.0392055548370814,0.6167689936166968,0.61658,0.16261317892774543
30,nonnormal,0,random_080,0.03657682143459538,0.6128963720683849,0.61228,0.15170996133758155
30,nonnormal,0,random_081,0.033749848387622794,0.6085596618272893,0.61042,0.13998450366145473
30,nonnormal,0,random_082,0.05503025648546965,0.6375350940524538,0.63594,0.22824941469384813
30,nonnormal,0,random_083,0.09772926019811572,0.6804384455660782,0.68192,0.4053523981770395
30,nonnormal,0,random_084,0.0400932914802963,0.6180447633636639,0.61682,0.1662952509760482
30,nonnormal,0,random_085,0.021116883153648014,0.5862756034488734,0.58526,0.08758665737367967
30,nonnormal,0,random_086,0.024294689173051064,0.5924303821441805,0.59036,0.10076726764633671
30,nonnormal,0,random_087,0.038221056502566096,0.6153356480776104,0.6179,0.15852976767416493
30,nonnormal,0,random_088,0.029679172809440296,0.6019565498848025,0.60054,0.1231005315074447
30,nonnormal,0,random_089,0.033137000402375355,0.6075939808306068,0.61062,0.13744258939714513
30,nonnormal,0,random_090,0.016680667241468276,0.5768065402525743,0.57524,0.06918653078735489
30,nonnormal,0,random_091,0.008708797453711588,0.5556626595501551,0.55372,0.03612154564501812
30,nonnormal,0,random_092,0.0481361997177535,0.6289597408168672,0.62812,0.19965488283821603
30,nonnormal,0,random_093,0.016239575029935917,0.5757967013677061,0.57704,0.06735700925614303
30,nonnormal,0,random_094,0.03929373979160652,0.616896423526144,0.61556,0.1629789443364615
30,nonnormal,0,random_095,0.015970957680328777,0.5751747497960942,0.5759,0.06624286302568468
30,nonnormal,0,random_096,0.05763377312069352,0.6406158895855044,0.64052,0.23904804050604028
30,nonnormal,0,random_097,0.009442338348993782,0.5579436031041078,0.55746,0.039164058813139925
30,nonnormal,0,random_098,0.028161983206530537,0.5993724060490286,0.59904,0.11680767261562437
30,nonnormal,0,random_099,0.055853965776909126,0.6385185178121667,0.6378,0.23166592000667713
30,nonnormal,0,random_100,0.030334426056883402,0.6030508002133687,0.60048,0.12581833040130644
30,nonnormal,0,random_101,0.022542042948366432,0.5890920901685293,0.59096,0.09349780352789709
30,nonnormal,0,random_102,0.018073453578522372,0.5799072928929574,0.58098,0.07496340130421547
30,nonnormal,0,random_103,0.04575960697079762,0.6258464657450306,0.62544,0.18979747096877367
30,nonnormal,0,random_104,0.056359135907277993,0.6391176060526697,0.64084,0.23376121801074798
30,nonnormal,0,random_105,0.02657286936314665,0.5965850922851839,0.59794,0.11021649300282285
30,nonnormal,0,random_106,0.02450344523655089,0.592819430800287,0.5948,0.10163312676367899
30,nonnormal,0,random_107,0.04485506719756918,0.6246381395041587,0.6263,0.1860457044499094
30,nonnormal,0,random_108,0.02352894515871708,0.590988000407655,0.59414,0.09759118535562089
30,nonnormal,0,random_109,0.033104940648171995,0.6075432002435514,0.60638,0.13730961491002677
30,nonnormal,0,random_110,0.0198886057937134,0.5837672150893478,0.57878,0.0824921219963858
30,nonnormal,0,random_111,0.048054765387127024,0.6288544893382384,0.6329,0.1993171170437501
30,nonnormal,0,random_112,0.03063155796576045,0.6035428394736911,0.60312,0.1270507466868085
30,nonnormal,0,random_113,0.016365168377635644,0.5760856684428524,0.57806,0.06787793374264754
30,nonnormal,0,random_114,0.03511627220347881,0.6106793311467887,0.61204,0.1456520301480017
30,nonnormal,0,random_115,0.03281941461384223,0.6070897752430195,0.61066,0.1361253363989348
30,nonnormal,0,random_116,0.060414824853822234,0.6438211239511357,0.64394,0.25058302999836707
30,nonnormal,0,random_117,0.0435432254223706,0.6228616454511222,0.62594,0.18060456830984656
30,nonnormal,0,random_118,0.014607854686712642,0.5719317640158473,0.57066,0.060589110338879267
30,nonnormal,0,random_119,0.02073807364832866,0.5855103354349626,0.58662,0.08601546629823123
30,nonnormal,0,random_120,0.02251623975007873,0.5890419408252108,0.59442,0.09339077940548632
30,nonnormal,0,random_121,0.05380910186363688,0.6360618218755809,0.6339,0.22318442235172437
30,nonnormal,0,random_122,0.040628095706128145,0.6188059127523736,0.61882,0.16851346254397256
30,nonnormal,0,random_123,0.03985760204350026,0.6177075661085489,0.6185,0.1653176801007894
30,nonnormal,0,random_124,0.0254668837428075,0.5945926723506153,0.59392,0.10562918800690883
30,nonnormal,0,random_125,0.017794006197863973,0.5792953972494832,0.58106,0.07380433527133498
30,nonnormal,0,random_126,0.04771474870316345,0.6284139567382874,0.62798,0.1979068272494198
30,nonnormal,0,random_127,0.025742290987677816,0.5950930288081033,0.59902,0.10677149673775578
30,nonnormal,12,oracle_t0,0.14736154728082063,0.7176300496544238,0.71788,0.8311007071142166
30,nonnormal,12,oracle_t12,0.17730889412005874,0.7361826999022636,0.73614,0.9999999999999997
30,nonnormal,12,bottom,8.815179750063374e-32,0.5000000000000002,0.49906,-1.1183266466362286e-18
30,nonnormal,12,random_000,0.01584183742326784,0.5748738588342349,0.57292,0.08934598290676309
30,nonnormal,12,random_001,0.021488300961438007,0.5870189888688283,0.5873,0.12119133147876904
30,nonnormal,12,random_002,0.03290983230220322,0.6072335900047819,0.60712,0.18560734059916592
30,nonnormal,12,random_003,0.016300605098389986,0.5759372644079195,0.57844,0.09193337525049688
30,nonnormal,12,random_004,0.03354200834791397,0.6082332273198992,0.61182,0.18917273447773084
30,nonnormal,12,random_005,0.012515490430753562,0.5666332208158622,0.56478,0.07058580164782435
30,nonnormal,12,random_006,0.05758756496686621,0.640561902360915,0.63864,0.3247866682190953
30,nonnormal,12,random_007,0.03279165322768616,0.60704557641424,0.6032,0.18494082539075782
30,nonnormal,12,random_008,0.028900448744318182,0.6006392149232621,0.60118,0.1629949184881228
30,nonnormal,12,random_009,0.04312174375574569,0.6222846489860474,0.62154,0.24320124475282806
30,nonnormal,12,random_010,0.03752885765357952,0.6143158224212167,0.6188,0.21165806622293923
30,nonnormal,12,random_011,0.04057522993719068,0.6187309169796762,0.61534,0.2288392251192798
30,nonnormal,12,random_012,0.025169867698816743,0.5940498406844517,0.5938,0.14195490769782712
30,nonnormal,12,random_013,0.025865293121721818,0.5953155827441249,0.59388,0.14587702015787202
30,nonnormal,12,random_014,0.021283240558733475,0.5866094045860586,0.58556,0.12003481643916995
30,nonnormal,12,random_015,0.030083481248701846,0.6026332361130597,0.5981,0.16966707393895214
30,nonnormal,12,random_016,0.022730104495805297,0.5894566864138769,0.5869,0.12819494819258398
30,nonnormal,12,random_017,0.021650246285648694,0.5873410100431553,0.58756,0.12210468286485932
30,nonnormal,12,random_018,0.018895666475244634,0.5816796346192746,0.58014,0.1065691970446224
30,nonnormal,12,random_019,0.023940642497241236,0.5917665109775457,0.58648,0.13502223120872117
30,nonnormal,12,random_020,0.018688263995612235,0.5812364144946488,0.5827,0.10539947298389953
30,nonnormal,12,random_021,0.0151119763075993,0.5731486620288099,0.57606,0.08522965744384334
30,nonnormal,12,random_022,0.022362002516630675,0.5887415442597402,0.58796,0.12611889904117835
30,nonnormal,12,random_023,0.028065370043146163,0.5992053688650291,0.59736,0.15828517899470196
30,nonnormal,12,random_024,0.023130074049972832,0.5902268738908324,0.59246,0.13045072648364195
30,nonnormal,12,random_025,0.014075099425685973,0.5706219359314529,0.57284,0.0793818014349325
30,nonnormal,12,random_026,0.008943776645421527,0.5564036440113506,0.5562,0.05044178234717064
30,nonnormal,12,random_027,0.02781678478991212,0.5987741728392807,0.59698,0.15688318923853262
30,nonnormal,12,random_028,0.026401293436916863,0.5962789170017985,0.59622,0.14889999493787445
30,nonnormal,12,random_029,0.019197012376353788,0.5823191171270967,0.5831,0.10826875025995691
30,nonnormal,12,random_030,0.01351977283353402,0.5692290938318003,0.56856,0.07624982886859336
30,nonnormal,12,random_031,0.01657175991977465,0.5765585074790537,0.57708,0.09346265454993834
30,nonnormal,12,random_032,0.020493040642070554,0.5850114188030568,0.58504,0.11557818768072842
30,nonnormal,12,random_033,0.02144174406326146,0.58692617724939,0.58536,0.12092875639246223
30,nonnormal,12,random_034,0.040730266074606766,0.618950701627302,0.61448,0.22971360955546669
30,nonnormal,12,random_035,0.030852736116856773,0.6039074482791925,0.60458,0.17400557524184815
30,nonnormal,12,random_036,0.024778796646304155,0.5933299251878587,0.59304,0.13974931584382913
30,nonnormal,12,random_037,0.01791027508725134,0.5795505898472678,0.57844,0.1010117127859587
30,nonnormal,12,random_038,0.02078254577112825,0.5856005546908263,0.58452,0.11721096042173745
30,nonnormal,12,random_039,0.021659871379175348,0.5873601092947445,0.58778,0.12215896718925498
30,nonnormal,12,random_040,0.019513769616055852,0.582985684366952,0.57948,0.11005522149860546
30,nonnormal,12,random_041,0.02888487269940177,0.600612673858494,0.60172,0.16290707154173187
30,nonnormal,12,random_042,0.03491663406703591,0.6103724495530805,0.60512,0.19692545171136921
30,nonnormal,12,random_043,0.013116768677085578,0.5681997450459946,0.56864,0.07397693579998305
30,nonnormal,12,random_044,0.024622965152245227,0.5930413875212367,0.59096,0.13887044569559273
30,nonnormal,12,random_045,0.02793186824781973,0.5989740501084194,0.59642,0.1575322455562021
30,nonnormal,12,random_046,0.02554967095924393,0.5947433786223019,0.59558,0.14409695061288819
30,nonnormal,12,random_047,0.012617042248140378,0.5669004704748568,0.5679,0.07115854120435253
30,nonnormal,12,random_048,0.03504071737141852,0.6105633000308571,0.61374,0.19762526603821629
30,nonnormal,12,random_049,0.017749321403386947,0.5791970902965247,0.58076,0.10010395412747086
30,nonnormal,12,random_050,0.03424602359698959,0.6093346095442829,0.60896,0.19314329248368686
30,nonnormal,12,random_051,0.022850776796230092,0.5896898002069297,0.58992,0.12887552488346948
30,nonnormal,12,random_052,0.01795619940776235,0.5796511493156395,0.57684,0.10127072021330141
30,nonnormal,12,random_053,0.018726033383700984,0.5813173180435909,0.58074,0.10561248761171155
30,nonnormal,12,random_054,0.016753885276663508,0.5769728199243188,0.57334,0.0944898187979176
30,nonnormal,12,random_055,0.01585485282330979,0.5749042462448763,0.57418,0.08941938813613151
30,nonnormal,12,random_056,0.028066262171831276,0.5992069126882273,0.59486,0.1582902104889738
30,nonnormal,12,random_057,0.030574891450854062,0.6034491993189146,0.60116,0.17243856605496224
30,nonnormal,12,random_058,0.01821906036216068,0.5802241725694297,0.58316,0.10275322313963704
30,nonnormal,12,random_059,0.05083320131727757,0.6323912348326017,0.63272,0.2866929015013627
30,nonnormal,12,random_060,0.03431984462337466,0.6094493885563798,0.61186,0.19355963384519287
30,nonnormal,12,random_061,0.016664177959710758,0.5767690405439643,0.57498,0.09398388074332677
30,nonnormal,12,random_062,0.016513753131783184,0.5764260538390031,0.57834,0.09313550351626151
30,nonnormal,12,random_063,0.024078215799180614,0.5920250847533605,0.5918,0.13579812743559752
30,nonnormal,12,random_064,0.017431229547122864,0.5784935356471032,0.57928,0.09830995581823376
30,nonnormal,12,random_065,0.013498047460957972,0.5691740094803153,0.5701,0.07612730048284111
30,nonnormal,12,random_066,0.020571961910381697,0.5851724510551719,0.58218,0.11602329376918952
30,nonnormal,12,random_067,0.03615877584845925,0.6122667647989329,0.6128,0.20393097609630084
30,nonnormal,12,random_068,0.024582222441866662,0.5929657894928057,0.5927,0.1386406619017184
30,nonnormal,12,random_069,0.019260792428574335,0.5824537912711097,0.58356,0.1086284617822529
30,nonnormal,12,random_070,0.026520191789220496,0.596491201466317,0.59786,0.1495705667830923
30,nonnormal,12,random_071,0.02923288503741848,0.601203869131191,0.60028,0.16486981762812422
30,nonnormal,12,random_072,0.03058807185652819,0.6034709879180086,0.60306,0.1725129018954712
30,nonnormal,12,random_073,0.014330794280856925,0.5712537208983656,0.57208,0.08082388845735683
30,nonnormal,12,random_074,0.01680983599283735,0.5770996311720193,0.57754,0.09480537384354296
30,nonnormal,12,random_075,0.025386722407436495,0.5944464992455136,0.59246,0.14317794114855137
30,nonnormal,12,random_076,0.027856877819545444,0.5988438563110221,0.59728,0.15710930891421093
30,nonnormal,12,random_077,0.007720969762934302,0.5524301699838073,0.55396,0.04354530437546077
30,nonnormal,12,random_078,0.026264861404057847,0.5960347025268804,0.59374,0.1481305353259576
30,nonnormal,12,random_079,0.024470640201376334,0.5927584097354666,0.59342,0.1380113520126455
30,nonnormal,12,random_080,0.02987570248946366,0.6022860895785803,0.60526,0.1684952277082859
30,nonnormal,12,random_081,0.03626012001335563,0.6124197565372984,0.61006,0.20450254451873867
30,nonnormal,12,random_082,0.042662760790686996,0.6216527847460009,0.62246,0.24061263820076242
30,nonnormal,12,random_083,0.06397514197432258,0.6478044325672887,0.64492,0.3608118041219294
30,nonnormal,12,random_084,0.0272467204286815,0.5977775453582433,0.59446,0.15366809749674656
30,nonnormal,12,random_085,0.02649773039608009,0.5964511369510763,0.5939,0.14944388733335645
30,nonnormal,12,random_086,0.01985154718362233,0.5836902927315647,0.58148,0.11196024475896016
30,nonnormal,12,random_087,0.036651167962228705,0.6130079349203438,0.6096,0.20670800607109754
30,nonnormal,12,random_088,0.01354884527899636,0.5693027352769746,0.5691,0.07641379382707227
30,nonnormal,12,random_089,0.019687358216707952,0.5833485809473754,0.57848,0.11103423950846664
30,nonnormal,12,random_090,0.01549891465051011,0.5740685205423337,0.56888,0.08741194133225792
30,nonnormal,12,random_091,0.01088683280640224,0.5621844733278166,0.55908,0.061400376221570595
30,nonnormal,12,random_092,0.02649898357216044,0.5964533727222443,0.5958,0.14945095508980802
30,nonnormal,12,random_093,0.010700314052950164,0.5616537822458982,0.5613,0.06034843376613024
30,nonnormal,12,random_094,0.020213548574612526,0.5844385148008249,0.58306,0.11400188735555249
30,nonnormal,12,random_095,0.03494476660033401,0.6104157517615865,0.60912,0.19708411568272677
30,nonnormal,12,random_096,0.0356237361228391,0.6114551865136253,0.61132,0.20091341892143147
30,nonnormal,12,random_097,0.015831857058689582,0.5748505486455044,0.5793,0.08928969489804368
30,nonnormal,12,random_098,0.025679802717692844,0.5949797501495688,0.59642,0.14483087746463877
30,nonnormal,12,random_099,0.04957040111693054,0.63079745645062,0.63632,0.27957086621591354
30,nonnormal,12,random_100,0.054444409675974866,0.6368306092403282,0.63742,0.30705966525914735
30,nonnormal,12,random_101,0.02229304368046776,0.5886068862154972,0.5876,0.12572997982477271
30,nonnormal,12,random_102,0.024958895391719492,0.593662205405463,0.59002,0.14076505025641525
30,nonnormal,12,random_103,0.031198106404634125,0.6044740015883603,0.6029,0.17595342049513524
30,nonnormal,12,random_104,0.040062199255568524,0.6180003421665268,0.61272,0.22594579620152483
30,nonnormal,12,random_105,0.013679225355777922,0.5696319951700559,0.57022,0.07714912116318032
30,nonnormal,12,random_106,0.021437279371808296,0.5869172712965438,0.58738,0.12090357609073321
30,nonnormal,12,random_107,0.024515094329452397,0.5928410890563653,0.59164,0.13826206773842278
30,nonnormal,12,random_108,0.018475426939503756,0.5807789080252298,0.57938,0.10419909859114986
30,nonnormal,12,random_109,0.028180321897878422,0.5994040779018437,0.59982,0.1589334930869123
30,nonnormal,12,random_110,0.013736090950147226,0.5697750960197558,0.57118,0.07746983600747231
30,nonnormal,12,random_111,0.02732367947562586,0.5979127328511225,0.59738,0.15410213690196808
30,nonnormal,12,random_112,0.020293959366575274,0.5846037632981331,0.58562,0.11445539417122468
30,nonnormal,12,random_113,0.010627134884220147,0.5614442770025291,0.56074,0.059935712401569315
30,nonnormal,12,random_114,0.035210805208951285,0.6108243179131869,0.61082,0.19858454018166435
30,nonnormal,12,random_115,0.017072673431739543,0.5776924362855661,0.57868,0.09628774414541978
30,nonnormal,12,random_116,0.04280462458878002,0.621848479407202,0.61876,0.24141273228965207
30,nonnormal,12,random_117,0.02980525335550541,0.6021680942862707,0.601,0.16809790339859526
30,nonnormal,12,random_118,0.015261029457357727,0.5735044285647437,0.57048,0.08607029857748837
30,nonnormal,12,random_119,0.023348593050776384,0.5906447000626069,0.58986,0.13168314633425365
30,nonnormal,12,random_120,0.026991256093792076,0.5973273341638069,0.59452,0.15222731057989597
30,nonnormal,12,random_121,0.06277139071601041,0.6464721466401375,0.64844,0.3540227974886973
30,nonnormal,12,random_122,0.030301489594572826,0.602996100438774,0.60394,0.1708966137595737
30,nonnormal,12,random_123,0.028147653269372692,0.5993476498858143,0.59834,0.15874924610557575
30,nonnormal,12,random_124,0.0275817408048845,0.5983645784083768,0.5974,0.15555757054244798
30,nonnormal,12,random_125,0.01491746650075058,0.5726816580179936,0.57462,0.08413264644609264
30,nonnormal,12,random_126,0.03565088656014473,0.6114965277991761,0.61534,0.2010665439941492
30,nonnormal,12,random_127,0.012965216367465768,0.567808445945204,0.5689,0.07312219971710392
31,normal,0,oracle_t0,0.13561734211364196,0.7096607451842799,0.70782,1.0000000000000013
31,normal,0,oracle_t12,0.08858456345228187,0.6723629446441725,0.67048,0.6531949533272199
31,normal,0,bottom,1.4482379198392878e-32,0.5000000000000001,0.50216,-1.4285580596454206e-17
31,normal,0,random_000,0.04565685944535651,0.625709877486154,0.6248,0.3366594473374794
31,normal,0,random_001,0.032846873024604546,0.6071334719633784,0.60402,0.24220260117677433
31,normal,0,random_002,0.04689804073822183,0.6273486626358191,0.62838,0.3458115312341337
31,normal,0,random_003,0.035707617044276815,0.6115828550222498,0.61122,0.263296835697866
31,normal,0,random_004,0.04443953095040808,0.6240785493431497,0.62186,0.3276832465361956
31,normal,0,random_005,0.03422809575863539,0.6093067147319416,0.6097,0.2523873070005579
31,normal,0,random_006,0.04010042904388624,0.6180549580897332,0.61994,0.2956880618577802
31,normal,0,random_007,0.0439393153033127,0.6234010932231752,0.62358,0.3239948123042653
31,normal,0,random_008,0.05001013923875469,0.6313549858232244,0.63244,0.3687591753335517
31,normal,0,random_009,0.02910939737995996,0.6009945225118752,0.60324,0.21464362098740633
31,normal,0,random_010,0.023515386114787002,0.5909622390195961,0.59314,0.17339512593516304
31,normal,0,random_011,0.016099317759581535,0.5754726229620084,0.57226,0.11871134995472019
31,normal,0,random_012,0.03520762367981928,0.6108194417694139,0.60842,0.259610040508807
31,normal,0,random_013,0.04604005830608754,0.6262184272824942,0.62938,0.33948503626850224
31,normal,0,random_014,0.03883074369830013,0.6162256328508815,0.61772,0.2863257979629298
31,normal,0,random_015,0.04558379069484741,0.6256126397985773,0.62834,0.336120661151507
31,normal,0,random_016,0.040067498143795864,0.6180079139711488,0.61568,0.295445239667217
31,normal,0,random_017,0.03618471246535428,0.6123059414312887,0.61282,0.26681478859121843
31,normal,0,random_018,0.06308694990481027,0.6468228020291307,0.6471,0.4651835002926542
31,normal,0,random_019,0.04900975546711262,0.6300826314806444,0.63006,0.3613826572861489
31,normal,0,random_020,0.05406978624025624,0.6363778892297414,0.6367,0.3986937466666169
31,normal,0,random_021,0.06177070510627992,0.6453534681625546,0.64984,0.4554779215074028
31,normal,0,random_022,0.05073642743906486,0.6322698819538272,0.63056,0.3741145980913696
31,normal,0,random_023,0.05364518940682087,0.6358626461244313,0.63622,0.3955629019913131
31,normal,0,random_024,0.05696739797073437,0.6398349515028756,0.64214,0.4200598321931277
31,normal,0,random_025,0.046176300932958214,0.6263986742151132,0.6256,0.34048964692335854
31,normal,0,random_026,0.024975743556503546,0.5936932252354147,0.59354,0.18416334642198562
31,normal,0,random_027,0.043082759401310206,0.6222311244692328,0.623,0.3176788361270832
31,normal,0,random_028,0.05012694288795596,0.6315026186037488,0.62776,0.3696204490274675
31,normal,0,random_029,0.041502043823255653,0.6200380628514068,0.61698,0.30602313226636346
31,normal,0,random_030,0.02403975970015793,0.5919528837644885,0.59212,0.17726169327233668
31,normal,0,random_031,0.033851179239346954,0.6087184204055069,0.60872,0.24960804209671839
31,normal,0,random_032,0.05301378057886476,0.6350921959476709,0.63294,0.39090709014516273
31,normal,0,random_033,0.062008642816225784,0.645620392143162,0.64624,0.45723239999988385
31,normal,0,random_034,0.0333427208970601,0.6079192024924175,0.6068,0.2458588288002301
31,normal,0,random_035,0.042115241109837075,0.6208941435613555,0.62098,0.31054465788413854
31,normal,0,random_036,0.04413162303090025,0.6236620401110473,0.62752,0.32541282953266965
31,normal,0,random_037,0.03479161037643542,0.6101797823995514,0.60966,0.25654248810805813
31,normal,0,random_038,0.030552577206013162,0.6034123000761307,0.60444,0.22528517909170745
31,normal,0,random_039,0.06150204833057028,0.6450513780717168,0.6436,0.4534969302011099
31,normal,0,random_040,0.03243418783956433,0.6064746526366296,0.6042,0.23915958928310077
31,normal,0,random_041,0.04500088689861529,0.6248338338530504,0.6246,0.3318225102871165
31,normal,0,random_042,0.053474857532789716,0.6356553082709762,0.63466,0.3943069278557308
31,normal,0,random_043,0.050737413465346125,0.6322711190647969,0.63254,0.374121868741759
31,normal,0,random_044,0.029355304900732,0.6014109408926682,0.59892,0.21645686638021153
31,normal,0,random_045,0.040242125719333686,0.6182571419172866,0.61508,0.29673288896645994
31,normal,0,random_046,0.045255038897293404,0.625174080439202,0.62834,0.33369654788966097
31,normal,0,random_047,0.02484366970320925,0.5934497617410247,0.59302,0.18318947500380342
31,normal,0,random_048,0.04850207492000558,0.6294314102472465,0.63084,0.35763917920882726
31,normal,0,random_049,0.05127004396045361,0.6329374324315367,0.6349,0.3780493199571142
31,normal,0,random_050,0.025503725989648934,0.5946597721013607,0.5954,0.18805652427753566
31,normal,0,random_051,0.03906562319541961,0.6165664677083724,0.61694,0.28805772614747327
31,normal,0,random_052,0.052020942625424005,0.6338702710752085,0.63616,0.3835862126086542
31,normal,0,random_053,0.03515128308304497,0.6107330524122384,0.61108,0.2591946025132216
31,normal,0,random_054,0.03975170635873812,0.6175557090591599,0.61572,0.29311668949703956
31,normal,0,random_055,0.0637918268796647,0.6476024736161888,0.64902,0.47038104334923275
31,normal,0,random_056,0.03417803854937837,0.609228786560083,0.61034,0.25201820074558434
31,normal,0,random_057,0.005831980144135246,0.5455995309027715,0.54446,0.04300320337533448
31,normal,0,random_058,0.03177820651005356,0.6054181080363448,0.60268,0.23432258747133322
31,normal,0,random_059,0.0471627581431036,0.6276950697326089,0.62886,0.34776347484809955
31,normal,0,random_060,0.024529410756899843,0.5928676990454571,0.59288,0.18087222750867055
31,normal,0,random_061,0.034770045115000495,0.6101465116301958,0.60794,0.25638347259353167
31,normal,0,random_062,0.046871257966747175,0.627313554760209,0.63104,0.3456140434272113
31,normal,0,random_063,0.030965699112024757,0.6040931269620047,0.60794,0.22833141122966982
31,normal,0,random_064,0.04655322934712691,0.6268958204791922,0.62696,0.3432689995363366
31,normal,0,random_065,0.044321483546452906,0.6239190539085835,0.62618,0.32681280178248373
31,normal,0,random_066,0.0509958058181271,0.63259484872708,0.6322,0.37602717339346403
31,normal,0,random_067,0.0495450381539992,0.6307652158823445,0.62992,0.36532966493682256
31,normal,0,random_068,0.01570009641975622,0.5745420916741564,0.57916,0.11576761625810499
31,normal,0,random_069,0.02927996458377337,0.6012835582210746,0.6015,0.21590133037143538
31,normal,0,random_070,0.022014695250877854,0.5880611113168134,0.58952,0.16232949936764307
31,normal,0,random_071,0.04761928729253467,0.6282899626355469,0.6314,0.3511297784661762
31,normal,0,random_072,0.04920615121950439,0.6303335510360144,0.63052,0.36283081833495634
31,normal,0,random_073,0.039323336449956836,0.6169391567004111,0.61804,0.2899580233404478
31,normal,0,random_074,0.029514215730452053,0.6016790513250017,0.60558,0.2176286252957261
31,normal,0,random_075,0.04511563504776949,0.6249875839068189,0.6261,0.3326686273645183
31,normal,0,random_076,0.047446805367717206,0.6280655777860557,0.63052,0.3498579505264061
31,normal,0,random_077,0.046522806789677185,0.6268557775804992,0.62532,0.3430446730823921
31,normal,0,random_078,0.025032027945799586,0.593796772629829,0.59182,0.18457836996114968
31,normal,0,random_079,0.03831873290829952,0.6154787463876432,0.6164,0.28255039002452936
31,normal,0,random_080,0.04367479508922357,0.6230411322758574,0.61996,0.3220443227137269
31,normal,0,random_081,0.03243636549157508,0.6064781408555799,0.60838,0.23917564661011223
31,normal,0,random_082,0.057075022411963154,0.6399614264713746,0.63912,0.4208534212692108
31,normal,0,random_083,0.034672179688087286,0.6099953854043985,0.61038,0.2556618434464924
31,normal,0,random_084,0.04088861081828915,0.6191747058268694,0.61914,0.30149986853470534
31,normal,0,random_085,0.050984350931722607,0.6325805167376708,0.62954,0.3759427086323502
31,normal,0,random_086,0.05963963723782606,0.6429362563401724,0.63926,0.43976409143788164
31,normal,0,random_087,0.03675119542369974,0.6131578409661014,0.61248,0.27099185731647607
31,normal,0,random_088,0.04783388482147631,0.6285685092210376,0.62702,0.3527121537405848
31,normal,0,random_089,0.039265329316807415,0.6168553865439061,0.61878,0.28953029682520004
31,normal,0,random_090,0.029858598922957186,0.6022574564642869,0.60204,0.2201679995906195
31,normal,0,random_091,0.04946618942202261,0.6306649273355335,0.63344,0.3647482589695053
31,normal,0,random_092,0.018079520085628513,0.5799205217155884,0.58306,0.13331274454913455
31,normal,0,random_093,0.03778627505454182,0.614696261388762,0.61188,0.27862421181266356
31,normal,0,random_094,0.034265527482966116,0.6093649476772157,0.60798,0.2526633168658696
31,normal,0,random_095,0.05598894269913789,0.6386788864837187,0.63808,0.4128450080685214
31,normal,0,random_096,0.033580331691056044,0.6082934997676785,0.6058,0.24761089671641762
31,normal,0,random_097,0.026688385231742356,0.5967906393684772,0.60036,0.19679183219339738
31,normal,0,random_098,0.03665391116382789,0.6130120489675801,0.61228,0.27027451351401216
31,normal,0,random_099,0.04162107154741655,0.6202047750849471,0.622,0.3069008055956427
31,normal,0,random_100,0.03944655426759229,0.6171168770306843,0.61892,0.29086659311268387
31,normal,0,random_101,0.03516641514035258,0.6107562623527896,0.61054,0.2593061815861615
31,normal,0,random_102,0.05275348787152188,0.6347730898628692,0.63234,0.38898777287138264
31,normal,0,random_103,0.031682106634406175,0.6052623482233593,0.60328,0.23361397694889097
31,normal,0,random_104,0.025241646795679272,0.5941813342485918,0.5972,0.18612403400833358
31,normal,0,random_105,0.04305617750511938,0.6221946129755835,0.6236,0.317482829511878
31,normal,0,random_106,0.017891341124164864,0.5795090915237172,0.58034,0.13192517155492287
31,normal,0,random_107,0.04086335295252537,0.6191390062847033,0.62038,0.30131362490708263
31,normal,0,random_108,0.018916676045419127,0.5817243904392752,0.58192,0.13948567160066982
31,normal,0,random_109,0.03727208467264335,0.6139349236057771,0.61284,0.2748327322431291
31,normal,0,random_110,0.028356811626421306,0.5997083260395636,0.59654,0.20909428827073942
31,normal,0,random_111,0.04593759006054692,0.626082669333017,0.62738,0.3387294673719021
31,normal,0,random_112,0.03746581982233076,0.6142224428421588,0.6111,0.27626127483707746
31,normal,0,random_113,0.049668393056733706,0.6309219345333601,0.6297,0.3662392455318406
31,normal,0,random_114,0.025035499560803476,0.593803155393769,0.59464,0.18460396856786027
31,normal,0,random_115,0.03969869123269813,0.6174796012668131,0.61502,0.2927257724858835
31,normal,0,random_116,0.0385339558837452,0.6157933556347155,0.61728,0.2841373771464664
31,normal,0,random_117,0.06657880868788067,0.6506378297923274,0.64732,0.4909313783195245
31,normal,0,random_118,0.029058203065439416,0.6009075949040563,0.60156,0.21426613007272935
31,normal,0,random_119,0.023568635281559946,0.5910633644202435,0.59292,0.17378776868971807
31,normal,0,random_120,0.046419516332422875,0.6267197161924871,0.62694,0.34228304145295235
31,normal,0,random_121,0.051744075196586775,0.6335271998391796,0.6319,0.38154467850599333
31,normal,0,random_122,0.04586376390952787,0.6259847550978086,0.62926,0.3381850963507005
31,normal,0,random_123,0.06351864049964161,0.6473008864660751,0.64976,0.468366652152905
31,normal,0,random_124,0.04080020275762195,0.6190496968642238,0.6197,0.3008479750578879
31,normal,0,random_125,0.03152044797501092,0.6049997579934601,0.60226,0.2324219563940287
31,normal,0,random_126,0.026515939335350153,0.5964836177201227,0.5942,0.19552026991600294
31,normal,0,random_127,0.037126253264335156,0.6137179628511199,0.61544,0.2737574169033991
31,normal,12,oracle_t0,0.06068075826909805,0.6441231976097705,0.64618,0.767303095088807
31,normal,12,oracle_t12,0.07908316629698318,0.663423965053008,0.66572,0.9999999999999997
31,normal,12,bottom,7.572332567699974e-33,0.5,0.49834,-2.480411382775895e-17
31,normal,12,random_000,0.015613059135704998,0.5743375983388315,0.57456,0.19742582229286124
31,normal,12,random_001,0.014844869319616837,0.5725065515256,0.5676,0.18771212654624234
31,normal,12,random_002,0.012835256140915654,0.5674710176114909,0.5657,0.16230073657793442
31,normal,12,random_003,0.020265792577760216,0.5845459180513142,0.58274,0.25625924614165696
31,normal,12,random_004,0.0294357739166305,0.6015468026720007,0.60352,0.37221289049163153
31,normal,12,random_005,0.01849151393869771,0.5808135836219425,0.57966,0.23382364167433578
31,normal,12,random_006,0.02779132872209394,0.5987299013598399,0.59582,0.351419019032804
31,normal,12,random_007,0.021380582235751774,0.5868040898977197,0.58632,0.2703556677973753
31,normal,12,random_008,0.02362235340467688,0.5911652585993767,0.59326,0.2987026760659432
31,normal,12,random_009,0.01584689325864226,0.5748856643664442,0.57452,0.20038263515059562
31,normal,12,random_010,0.015300469427118662,0.5735982646280057,0.5693,0.19347315166492435
31,normal,12,random_011,0.012254150268782158,0.5659402933192155,0.56706,0.15495270159977922
31,normal,12,random_012,0.019287680721233016,0.5825104972639623,0.58138,0.24389110381343934
31,normal,12,random_013,0.024593197616371423,0.5929861604121738,0.59072,0.3109789196352598
31,normal,12,random_014,0.010887426321360898,0.5621861545575222,0.5623,0.1376705920002627
31,normal,12,random_015,0.012959298428661892,0.567793118549666,0.56958,0.1638692408950279
31,normal,12,random_016,0.016174777682864495,0.575647161643689,0.57676,0.20452870617399044
31,normal,12,random_017,0.014966105286910848,0.5727987299196367,0.5723,0.1892451451767651
31,normal,12,random_018,0.027282710323871508,0.5978407909734932,0.59478,0.3449875820780365
31,normal,12,random_019,0.020335198584607604,0.5846883793139248,0.58712,0.2571368792726668
31,normal,12,random_020,0.027189127256038538,0.5976762436590531,0.59396,0.34380423204015953
31,normal,12,random_021,0.028677483809287894,0.6002585613051885,0.60022,0.36262437573117073
31,normal,12,random_022,0.027409887644509186,0.5980639277409561,0.59788,0.34659572862290416
31,normal,12,random_023,0.025282677688760836,0.5942564108243954,0.58924,0.3196973372792901
31,normal,12,random_024,0.02625350315451077,0.5960143409037993,0.59396,0.33197334380771076
31,normal,12,random_025,0.02317075135331822,0.5903048090271588,0.59076,0.2929922060316155
31,normal,12,random_026,0.019389496151420344,0.582724847743371,0.58196,0.24517855138230593
31,normal,12,random_027,0.022089982989214593,0.5882090882601797,0.58628,0.2793259807815417
31,normal,12,random_028,0.02957253913712888,0.6017772600007008,0.60118,0.37394227522547985
31,normal,12,random_029,0.019943509484513268,0.5838810408798664,0.58646,0.25218400347829845
31,normal,12,random_030,0.018964652970556516,0.5818264966522912,0.58054,0.2398064450193867
31,normal,12,random_031,0.027195962659664598,0.5976882725281352,0.59956,0.34389066514528316
31,normal,12,random_032,0.025827892468621855,0.5952479712189638,0.5909,0.3265915324081696
31,normal,12,random_033,0.02189715726960056,0.5878295602308752,0.58976,0.2768877157417997
31,normal,12,random_034,0.015904584351516014,0.5750202369894124,0.5723,0.20111213417769702
31,normal,12,random_035,0.012639971307402076,0.5669606587030136,0.56372,0.15983137624933783
31,normal,12,random_036,0.013402431218939501,0.5689310313654348,0.5688,0.16947261783385079
31,normal,12,random_037,0.011392026833662068,0.5635989113770858,0.56272,0.14405122312479585
31,normal,12,random_038,0.02863645506809482,0.600188344161138,0.59636,0.3621055707425213
31,normal,12,random_039,0.029588603742721604,0.6018042924630861,0.6064,0.37414541081482117
31,normal,12,random_040,0.022066372660008556,0.5881627110318848,0.58882,0.2790274301504582
31,normal,12,random_041,0.01640379150773103,0.5761743018394424,0.57588,0.20742456676721083
31,normal,12,random_042,0.02770420409341951,0.5985782168074081,0.59746,0.3503173354159992
31,normal,12,random_043,0.015044199682737916,0.5729862898795456,0.57268,0.1902326422571653
31,normal,12,random_044,0.011869673754095707,0.5649069279891291,0.568,0.150091028342507
31,normal,12,random_045,0.018764468639011263,0.5813995606658428,0.58308,0.23727513094941774
31,normal,12,random_046,0.01821424052488472,0.5802137044389004,0.57856,0.23031754262954357
31,normal,12,random_047,0.01817935158764597,0.5801378866625323,0.5815,0.22987637494655364
31,normal,12,random_048,0.017885113306056608,0.5794954367739324,0.57958,0.22615575657267126
31,normal,12,random_049,0.028649795569860255,0.6002111811479031,0.59738,0.3622742602676135
31,normal,12,random_050,0.013941954878632309,0.5702906100030556,0.56996,0.17629484922588584
31,normal,12,random_051,0.02247680967922526,0.5889652488660759,0.589,0.2842173718085272
31,normal,12,random_052,0.026021503733024632,0.595597416806777,0.59754,0.32903973059583064
31,normal,12,random_053,0.01599055915590327,0.5752203171199141,0.57726,0.20219927836290064
31,normal,12,random_054,0.013543965925497059,0.5692903814061427,0.57368,0.1712623123185917
31,normal,12,random_055,0.022064783639590226,0.5881595888203573,0.58768,0.2790073371206425
31,normal,12,random_056,0.012272351457445051,0.565988797224794,0.56304,0.15518285410270935
31,normal,12,random_057,0.021109960386693005,0.5862616829080562,0.58736,0.26693367723060285
31,normal,12,random_058,0.02359405151410881,0.5911115899321675,0.59434,0.29834480103522165
31,normal,12,random_059,0.018212659861137584,0.5802102711056473,0.5848,0.2302975552691338
31,normal,12,random_060,0.015543806156454351,0.5741744672052835,0.5778,0.19655012418296797
31,normal,12,random_061,0.030867481757949476,0.6039317064803007,0.6034,0.39031671597507817
31,normal,12,random_062,0.02908598312578326,0.6009547753776291,0.6,0.36778981530096894
31,normal,12,random_063,0.019263700318201456,0.5824599258479101,0.58508,0.24358787362989426
31,normal,12,random_064,0.027223103295712103,0.5977360185015534,0.59656,0.3442338562100616
31,normal,12,random_065,0.007244225953756733,0.5507947471032336,0.54906,0.0916026291429998
31,normal,12,random_066,0.021646325879267188,0.5873332294320218,0.5855,0.27371597386450297
31,normal,12,random_067,0.025629962093485125,0.5948892945731379,0.59144,0.3240887194278011
31,normal,12,random_068,0.006967178691683819,0.5498191492641544,0.54864,0.08809938976797896
31,normal,12,random_069,0.017933581569137765,0.5796016402752682,0.58106,0.22676863369116118
31,normal,12,random_070,0.026160109935699855,0.5958467402743247,0.59446,0.33079239439478253
31,normal,12,random_071,0.02113520675385449,0.5863124376501709,0.58526,0.26725291542431245
31,normal,12,random_072,0.01908900379363756,0.582090519333534,0.58192,0.24137885073989196
31,normal,12,random_073,0.01490451862656847,0.5726504596913019,0.56904,0.1884663870259965
31,normal,12,random_074,0.014346134460785717,0.5712914385784418,0.5714,0.18140566611750572
31,normal,12,random_075,0.01821631598720971,0.5802182122803696,0.57968,0.2303437866764397
31,normal,12,random_076,0.01500016534393686,0.5728805942928856,0.57144,0.18967583173903685
31,normal,12,random_077,0.0167320671440341,0.5769233099962616,0.57912,0.2115755846345315
31,normal,12,random_078,0.019705709501879907,0.5833868475198152,0.5819,0.24917704265758037
31,normal,12,random_079,0.0227926161148757,0.5895775268547147,0.58986,0.2882107176801944
31,normal,12,random_080,0.016109633621916905,0.5754965085112468,0.57986,0.20370496499115823
31,normal,12,random_081,0.0197062946847496,0.5833880674519947,0.58494,0.24918444224585054
31,normal,12,random_082,0.016596914123195153,0.5766158702438836,0.5744,0.20986658603005737
31,normal,12,random_083,0.021198077763101307,0.5864386943038407,0.5889,0.26804791405917633
31,normal,12,random_084,0.02736938959552034,0.5979929323352362,0.59908,0.34608363419263355
31,normal,12,random_085,0.024161903802334725,0.5921819984681421,0.59378,0.3055252455573018
31,normal,12,random_086,0.028771629967863914,0.6004194824582221,0.6003,0.3638148460042307
31,normal,12,random_087,0.016853318755096637,0.5771980328590958,0.57768,0.21310880107919428
31,normal,12,random_088,0.02603954301324608,0.5956299054117873,0.59666,0.32926783578010854
31,normal,12,random_089,0.019456241225406,0.5828650465689855,0.5826,0.2460225372406238
31,normal,12,random_090,0.012684624182241384,0.567077710504901,0.5642,0.16039600810375326
31,normal,12,random_091,0.016970014961957672,0.5774614674499923,0.5814,0.21458441482008586
31,normal,12,random_092,0.019959720679615062,0.5839146184570708,0.58144,0.2523889926796781
31,normal,12,random_093,0.01219076914763496,0.5657711009991352,0.56578,0.15415125264275117
31,normal,12,random_094,0.02670864992959341,0.5968266493998581,0.59968,0.3377286365760026
31,normal,12,random_095,0.02129270592715233,0.5866283559639375,0.59004,0.26924447925101075
31,normal,12,random_096,0.018470213742905063,0.5807676675840877,0.584,0.23355430248636427
31,normal,12,random_097,0.017596736511783687,0.5788604286090949,0.5777,0.22250925621392256
31,normal,12,random_098,0.02191944623239683,0.5878735197425765,0.59242,0.27716955780554015
31,normal,12,random_099,0.019489004302020246,0.5829337739606206,0.5823,0.24643682359445052
31,normal,12,random_100,0.01650434558203692,0.5764045497617486,0.5773,0.2086960645968282
31,normal,12,random_101,0.008072527815297142,0.5536034812458461,0.55476,0.10207643665887318
31,normal,12,random_102,0.021530396834538185,0.5871028166955252,0.58528,0.27225006082437936
31,normal,12,random_103,0.007841637350185306,0.5528359001344447,0.55426,0.09915684610726623
31,normal,12,random_104,0.020986996029934857,0.5860140223735338,0.5789,0.26537880326037805
31,normal,12,random_105,0.01983330814105958,0.5836524065063994,0.58352,0.25079051674004815
31,normal,12,random_106,0.012764137686834267,0.5672856215394443,0.568,0.16140144969538456
31,normal,12,random_107,0.017454616741911455,0.5785454894769352,0.57682,0.22071216365267485
31,normal,12,random_108,0.014876971635232944,0.5725840376842388,0.57158,0.1881180576327083
31,normal,12,random_109,0.031178713630873055,0.6044422784186573,0.60012,0.39425221688502904
31,normal,12,random_110,0.020479742013012392,0.5849842521455408,0.58516,0.25896461879262966
31,normal,12,random_111,0.018345083329637937,0.5804973700625962,0.57798,0.23197203891339074
31,normal,12,random_112,0.026818194981368913,0.5970210588619942,0.5957,0.33911382456106776
31,normal,12,random_113,0.02469078213052889,0.5931670755684838,0.5955,0.3122128676260497
31,normal,12,random_114,0.010701299014185406,0.5616565970877383,0.55678,0.13531702782357652
31,normal,12,random_115,0.018194655792422146,0.5801711538204638,0.5797,0.23006989533139394
31,normal,12,random_116,0.031784680983063515,0.60542859285986,0.60352,0.40191462319176285
31,normal,12,random_117,0.022896975740420357,0.5897788756118452,0.59144,0.28953033638580816
31,normal,12,random_118,0.014928687249231238,0.5727086834621553,0.56762,0.18877199723097993
31,normal,12,random_119,0.008740117875317062,0.5557620094147018,0.55362,0.11051805693382405
31,normal,12,random_120,0.01636730625970383,0.5760905773454449,0.57336,0.20696321386828678
31,normal,12,random_121,0.027335895966168727,0.5979341739402916,0.59872,0.34566011006076164
31,normal,12,random_122,0.018752418926079702,0.5813737865006446,0.5836,0.23712276334078766
31,normal,12,random_123,0.02912750113141211,0.6010252430672349,0.60496,0.36831480699734254
31,normal,12,random_124,0.021283369027858746,0.5866096618340185,0.588,0.2691264149431337
31,normal,12,random_125,0.017453793179204095,0.5785436605760583,0.57876,0.22070174977136572
31,normal,12,random_126,0.018129531048728678,0.5800294893560718,0.583,0.22924639841361882
31,normal,12,random_127,0.018588511273835102,0.5810223296392061,0.58378,0.23505016483570157
31,nonnormal,0,oracle_t0,0.25993007890113484,0.7777898091849985,0.77948,1.0000000000000013
31,nonnormal,0,oracle_t12,0.14714361226356737,0.7174860630559635,0.71606,0.5660892070883955
31,nonnormal,0,bottom,2.274085349199104e-32,0.5000000000000001,0.499,3.3128567549679646e-18
31,nonnormal,0,random_000,0.04827425527129005,0.6291379483629093,0.62942,0.18572015780309664
31,nonnormal,0,random_001,0.0372373792894517,0.6138833324213075,0.61524,0.14325921588942037
31,nonnormal,0,random_002,0.021975517698286956,0.5879840033513593,0.58904,0.08454395809515157
31,nonnormal,0,random_003,0.028093118604162408,0.5992533753721034,0.5945,0.10807952170417236
31,nonnormal,0,random_004,0.016089798975627127,0.5754505759483219,0.5759,0.061900488945517355
31,nonnormal,0,random_005,0.06495613872954531,0.6488796133974093,0.64278,0.24989850733762758
31,nonnormal,0,random_006,0.03362888426171755,0.6083698069800813,0.61416,0.12937665546013408
31,nonnormal,0,random_007,0.03505151457228688,0.610579889774996,0.60918,0.1348497823740471
31,nonnormal,0,random_008,0.04619073492069331,0.6264177529579457,0.62712,0.17770446235374765
31,nonnormal,0,random_009,0.017865236877358567,0.5794518403293066,0.57756,0.06873093315281024
31,nonnormal,0,random_010,0.0998428229113331,0.6822388948822891,0.68204,0.384114156135461
31,nonnormal,0,random_011,0.027975835027389692,0.5990502961784089,0.6015,0.10762830968104466
31,nonnormal,0,random_012,0.032165048615348725,0.6060425671974365,0.60494,0.1237450038538358
31,nonnormal,0,random_013,0.03777516630777562,0.6146798727710473,0.61098,0.14532818390034635
31,nonnormal,0,random_014,0.04164870473026719,0.6202434412871596,0.6164,0.1602304162193881
31,nonnormal,0,random_015,0.02778598238194785,0.5987206006278316,0.5972,0.10689791077436778
31,nonnormal,0,random_016,0.03161305722045471,0.6051502758133744,0.60444,0.1216213889292853
31,nonnormal,0,random_017,0.047914223689492566,0.628672610629971,0.62762,0.1843350484563079
31,nonnormal,0,random_018,0.02721169392962211,0.5977159501533189,0.5992,0.1046885148677702
31,nonnormal,0,random_019,0.052454793463488525,0.6344058181070554,0.63814,0.20180347609343025
31,nonnormal,0,random_020,0.031059367871370848,0.6042468169087589,0.60614,0.11949124165496992
31,nonnormal,0,random_021,0.027279875685501092,0.597835811225256,0.5975,0.10495082293218208
31,nonnormal,0,random_022,0.03098338211873274,0.6041221599294696,0.60798,0.11919891014428308
31,nonnormal,0,random_023,0.027648946650152394,0.5984818818876829,0.60234,0.10637070848837307
31,nonnormal,0,random_024,0.046899835073025316,0.6273510143219758,0.6292,0.18043250427690544
31,nonnormal,0,random_025,0.0700918949923607,0.6543616602036179,0.65544,0.2696567295661863
31,nonnormal,0,random_026,0.02896139509710667,0.6007429923432694,0.60262,0.11141994500806605
31,nonnormal,0,random_027,0.04963375701637784,0.6308779523627552,0.6328,0.19095041722838182
31,nonnormal,0,random_028,0.03789549240213372,0.6148572496060349,0.61444,0.14579110106201837
31,nonnormal,0,random_029,0.05519720377473489,0.6377350771985373,0.6351,0.21235404539591346
31,nonnormal,0,random_030,0.03279352895112202,0.6070485633812127,0.60352,0.12616288614906773
31,nonnormal,0,random_031,0.04234778949464367,0.6212170176808741,0.62126,0.1629199270575793
31,nonnormal,0,random_032,0.02628266268682219,0.5960666050208117,0.5948,0.1011143565913313
31,nonnormal,0,random_033,0.05231463973109442,0.634233083398968,0.63418,0.20126427827151364
31,nonnormal,0,random_034,0.04147407033558333,0.6199988447906133,0.62138,0.15955856479141137
31,nonnormal,0,random_035,0.07106276493154426,0.6553716567064061,0.65378,0.273391849192541
31,nonnormal,0,random_036,0.05693121038466972,0.639792395348715,0.63822,0.21902509561551659
31,nonnormal,0,random_037,0.049611752746043764,0.630850001635093,0.63128,0.19086576265347804
31,nonnormal,0,random_038,0.04787314971803583,0.6286193999335363,0.62614,0.1841770291473061
31,nonnormal,0,random_039,0.028328469983291724,0.599659536296831,0.5968,0.10898496281404421
31,nonnormal,0,random_040,0.0481178732097233,0.6289360629527841,0.63038,0.1851185265404591
31,nonnormal,0,random_041,0.0237474436173959,0.5914020616485544,0.59428,0.09136089104342685
31,nonnormal,0,random_042,0.022816736699029703,0.5896241074753779,0.59328,0.08778028612728633
31,nonnormal,0,random_043,0.04883390884853284,0.6298574918801882,0.62716,0.18787325058715887
31,nonnormal,0,random_044,0.032505192447061064,0.6065883249695438,0.60772,0.1250536012779981
31,nonnormal,0,random_045,0.04018028079131026,0.6181689445796187,0.6219,0.15458111258679297
31,nonnormal,0,random_046,0.03875544222881986,0.6161161253036266,0.6167,0.14909949011157209
31,nonnormal,0,random_047,0.03818035863171251,0.6152759661034621,0.61354,0.14688703513314655
31,nonnormal,0,random_048,0.03425924843619702,0.6093551816872975,0.61064,0.13180178523789723
31,nonnormal,0,random_049,0.029019934977224583,0.6008425626465956,0.60774,0.1116451589593155
31,nonnormal,0,random_050,0.04065182514432679,0.6188395581935885,0.62218,0.15639523258017743
31,nonnormal,0,random_051,0.05451103196091367,0.6369109368076434,0.63708,0.20971421311208527
31,nonnormal,0,random_052,0.0382937193028844,0.6154421197340805,0.61374,0.1473231549991164
31,nonnormal,0,random_053,0.022258167519775107,0.5885386991768485,0.5924,0.08563136522665041
31,nonnormal,0,random_054,0.025096854748767435,0.5939158833899063,0.59228,0.09655232997606684
31,nonnormal,0,random_055,0.035566796683475066,0.6113684309676055,0.61012,0.13683216976594326
31,nonnormal,0,random_056,0.04522524165009567,0.6251342438615016,0.62574,0.17399002778473077
31,nonnormal,0,random_057,0.07530888199061574,0.6596972303819133,0.65552,0.2897274617427395
31,nonnormal,0,random_058,0.03658185164015983,0.6129039241586335,0.61016,0.1407372774817411
31,nonnormal,0,random_059,0.033584033481634704,0.6082993197422846,0.60646,0.12920410605656965
31,nonnormal,0,random_060,0.0488623438592204,0.6298939281990592,0.63002,0.1879826454321411
31,nonnormal,0,random_061,0.02464024990757737,0.5930734394118496,0.58956,0.0947956851001818
31,nonnormal,0,random_062,0.05337330216535251,0.6355315130917655,0.6349,0.2053371521718087
31,nonnormal,0,random_063,0.04727279745703518,0.6278387498874907,0.63214,0.18186736085674637
31,nonnormal,0,random_064,0.023039528712471967,0.5900531355122784,0.59188,0.08863740899041987
31,nonnormal,0,random_065,0.024095225584070762,0.5920570010871405,0.5946,0.09269887381227426
31,nonnormal,0,random_066,0.029082844286694835,0.6009494457100215,0.60184,0.11188718292874683
31,nonnormal,0,random_067,0.04516021812547305,0.6250472622887866,0.62366,0.17373987003116295
31,nonnormal,0,random_068,0.05823373142812192,0.6413146411836392,0.6403,0.2240361395430168
31,nonnormal,0,random_069,0.04035907196311909,0.618423717698799,0.61618,0.15526895591975653
31,nonnormal,0,random_070,0.03053962454826107,0.6033908747186011,0.60302,0.11749169114005055
31,nonnormal,0,random_071,0.04692220741617008,0.6273803317260782,0.62906,0.18051857489727893
31,nonnormal,0,random_072,0.02944347138561333,0.6015597884959076,0.59894,0.11327458334213132
31,nonnormal,0,random_073,0.020912621611959493,0.5858638571492213,0.58444,0.08045479653747076
31,nonnormal,0,random_074,0.05382018914007558,0.6360752821258485,0.63734,0.2070564105839644
31,nonnormal,0,random_075,0.060443898978439714,0.6438541859662636,0.64794,0.2325390706376456
31,nonnormal,0,random_076,0.04666820813802444,0.6270470279085447,0.62462,0.17954139180550507
31,nonnormal,0,random_077,0.023768811567515678,0.5914424466701961,0.59338,0.09144309757454518
31,nonnormal,0,random_078,0.027923095785757635,0.5989588294971734,0.5968,0.10742541187923962
31,nonnormal,0,random_079,0.05644687829171458,0.6392213522563682,0.63986,0.21716177877660858
31,nonnormal,0,random_080,0.03478965075291451,0.6101767595622587,0.61056,0.13384234291002114
31,nonnormal,0,random_081,0.03933926992671652,0.6169621550237584,0.6129,0.15134558529364886
31,nonnormal,0,random_082,0.014543347021448976,0.5717744931327856,0.5717,0.05595099683319297
31,nonnormal,0,random_083,0.05158102688757171,0.6333246842336322,0.63212,0.19844193140567915
31,nonnormal,0,random_084,0.07251969229224853,0.6568723914069713,0.6556,0.27899692332195114
31,nonnormal,0,random_085,0.03570015705998668,0.61157150733804,0.60782,0.13734523226750292
31,nonnormal,0,random_086,0.02403627912750709,0.5919463460166551,0.59246,0.09247209568481449
31,nonnormal,0,random_087,0.023223182585858464,0.5904051578453119,0.58876,0.08934396005277827
31,nonnormal,0,random_088,0.03495965601993069,0.6104386622725649,0.6119,0.13449638521145424
31,nonnormal,0,random_089,0.033826439302107214,0.6086796831021185,0.61002,0.13013668693176994
31,nonnormal,0,random_090,0.05078903226616337,0.6323358635379057,0.63114,0.19539497883767878
31,nonnormal,0,random_091,0.02920741349647934,0.6011607262717878,0.6007,0.1123664241551225
31,nonnormal,0,random_092,0.019084358007694813,0.5820806715175687,0.57902,0.07342112189699149
31,nonnormal,0,random_093,0.04355962535077136,0.6228840343989757,0.6262,0.16758208797889623
31,nonnormal,0,random_094,0.04819321250195632,0.6290333694550871,0.62862,0.18540837099613552
31,nonnormal,0,random_095,0.046289154243374014,0.6265477552899292,0.62856,0.17808310003622277
31,nonnormal,0,random_096,0.0600376990440894,0.6433914492445149,0.64798,0.23097634293769043
31,nonnormal,0,random_097,0.039017909032988726,0.6164973198313171,0.61288,0.15010924937174874
31,nonnormal,0,random_098,0.020820018103335468,0.585676495274515,0.58802,0.08009853338772098
31,nonnormal,0,random_099,0.02226462500908094,0.5885513285653784,0.5886,0.0856562084049895
31,nonnormal,0,random_100,0.05745601936253272,0.6404080771669578,0.6369,0.22104413465894546
31,nonnormal,0,random_101,0.045255535554946894,0.625174744309001,0.62874,0.1741065741458879
31,nonnormal,0,random_102,0.012271166924902717,0.5659856417176947,0.56282,0.04720949178632805
31,nonnormal,0,random_103,0.04310629139846338,0.6222634364729938,0.62492,0.16583802682897283
31,nonnormal,0,random_104,0.020608096355212824,0.5852460725066266,0.58634,0.07928323048388408
31,nonnormal,0,random_105,0.048321392458901914,0.6291987301990635,0.6309,0.18590150344732195
31,nonnormal,0,random_106,0.050320153291331327,0.6317464053392995,0.63044,0.19359111305648777
31,nonnormal,0,random_107,0.056088007438486825,0.6387964487560155,0.6348,0.2157811349713788
31,nonnormal,0,random_108,0.034548687092807714,0.6098043565813345,0.61406,0.1329153102975375
31,nonnormal,0,random_109,0.041153236630101425,0.6195480070044552,0.61926,0.15832425706204722
31,nonnormal,0,random_110,0.0274105781837125,0.5980651378128635,0.59442,0.10545366007501669
31,nonnormal,0,random_111,0.07416226534477492,0.6585434714796475,0.66106,0.28531621141461994
31,nonnormal,0,random_112,0.017235475945346922,0.5780572480889383,0.5785,0.06630812416250796
31,nonnormal,0,random_113,0.05712683509823219,0.6400222662211187,0.64362,0.21977770075605846
31,nonnormal,0,random_114,0.044710388654898243,0.624443630222118,0.62662,0.17200929128292236
31,nonnormal,0,random_115,0.0752508521882529,0.659639086680799,0.6596,0.28950421015674327
31,nonnormal,0,random_116,0.0537516066545639,0.6359919962075555,0.63078,0.20679256083713404
31,nonnormal,0,random_117,0.029344904565251413,0.6013933667584186,0.60454,0.11289537820827913
31,nonnormal,0,random_118,0.0349369102718962,0.6104036610222043,0.6094,0.134408878032098
31,nonnormal,0,random_119,0.04981073860283573,0.6311025115674667,0.63262,0.19163129874546553
31,nonnormal,0,random_120,0.037907461023241815,0.6148748762418352,0.61748,0.14583714660302963
31,nonnormal,0,random_121,0.049360788731337334,0.6305307282408579,0.63124,0.18990025679218106
31,nonnormal,0,random_122,0.024784382746455166,0.5933402506059393,0.59356,0.09535019129464432
31,nonnormal,0,random_123,0.05256260977079067,0.6345385225414529,0.63046,0.20221826574670126
31,nonnormal,0,random_124,0.04887483061554257,0.6299099248768512,0.62948,0.1880306843369686
31,nonnormal,0,random_125,0.03608056456430414,0.6121485364758297,0.61322,0.13880873162827576
31,nonnormal,0,random_126,0.057556334376687064,0.6405254002921554,0.64224,0.22143006542378216
31,nonnormal,0,random_127,0.032631717163111654,0.6067905505082182,0.6071,0.12554036570551447
31,nonnormal,12,oracle_t0,0.08516622905278445,0.6692158065254381,0.67244,0.5892743242445999
31,nonnormal,12,oracle_t12,0.14452730341163325,0.7157463333499414,0.71334,1.0
31,nonnormal,12,bottom,5.226864699428312e-33,0.5,0.49892,-1.2582598388459577e-17
31,nonnormal,12,random_000,0.03280105193364073,0.6070605423175586,0.60394,0.22695401601882031
31,nonnormal,12,random_001,0.013757437572833195,0.5698287354161333,0.57164,0.09518919434655299
31,nonnormal,12,random_002,0.02174728201541269,0.5875333564935317,0.59026,0.15047178977299192
31,nonnormal,12,random_003,0.021140696757305052,0.5863234704284036,0.58444,0.14627476095014028
31,nonnormal,12,random_004,0.017067430013936572,0.5776806567472716,0.57676,0.11809138903897087
31,nonnormal,12,random_005,0.028714421621715162,0.6003217314532193,0.59844,0.19867818013550434
31,nonnormal,12,random_006,0.019691882548626638,0.5833580169300948,0.58598,0.1362502591814191
31,nonnormal,12,random_007,0.02422913644476716,0.5923078512033821,0.58854,0.16764400824499787
31,nonnormal,12,random_008,0.024804505668770467,0.5933774358895954,0.59482,0.17162504996114045
31,nonnormal,12,random_009,0.02103264167013853,0.586106044982009,0.58774,0.14552711614797606
31,nonnormal,12,random_010,0.04499696226312297,0.624828571451837,0.62252,0.3113388349533206
31,nonnormal,12,random_011,0.016551221391399584,0.5765116370071094,0.57348,0.11451968590501872
31,nonnormal,12,random_012,0.021958485794364623,0.5879504592255816,0.58684,0.15193313149850923
31,nonnormal,12,random_013,0.01701890169911347,0.5775715467498908,0.57606,0.11775561639478833
31,nonnormal,12,random_014,0.0347616194624896,0.6101335095564948,0.6104,0.24051939420390223
31,nonnormal,12,random_015,0.014238821903743515,0.5710271454644871,0.57228,0.098519944450838
31,nonnormal,12,random_016,0.013760389469154213,0.5698361495088259,0.56592,0.09520961883556883
31,nonnormal,12,random_017,0.014120656410632386,0.5707349315530865,0.56798,0.09770234465950597
31,nonnormal,12,random_018,0.010773752600147348,0.561863293804233,0.56062,0.07454475622133658
31,nonnormal,12,random_019,0.02708780290430275,0.5974977456512217,0.59878,0.1874234297941132
31,nonnormal,12,random_020,0.02135460354814274,0.5867521775164217,0.58388,0.147754805106423
31,nonnormal,12,random_021,0.024478959063237524,0.5927738878388013,0.59192,0.1693725578862988
31,nonnormal,12,random_022,0.016085605322969314,0.5754408606390958,0.573,0.11129803810948677
31,nonnormal,12,random_023,0.022384468043687614,0.588785366282107,0.5903,0.15488054862501394
31,nonnormal,12,random_024,0.012500938451109394,0.5665948337880091,0.56412,0.08649534140621878
31,nonnormal,12,random_025,0.030718998634703582,0.6036871517553812,0.6026,0.21254806468789997
31,nonnormal,12,random_026,0.017975267959758134,0.579692863990235,0.5823,0.12437281769910381
31,nonnormal,12,random_027,0.019594185864752686,0.5831540076176339,0.58286,0.13557428528882046
31,nonnormal,12,random_028,0.033134783390058334,0.607590470075583,0.60722,0.22926313995969327
31,nonnormal,12,random_029,0.01815580841980708,0.5800866817803789,0.57992,0.1256219966140023
31,nonnormal,12,random_030,0.011528307919753058,0.5639749341642728,0.56246,0.07976560585869981
31,nonnormal,12,random_031,0.024036730121819408,0.5919471931717967,0.5923,0.1663127281449344
31,nonnormal,12,random_032,0.01228107904273951,0.5660120420440314,0.56828,0.08497411044722351
31,nonnormal,12,random_033,0.03439885993213731,0.6095720965416458,0.61192,0.23800942188871207
31,nonnormal,12,random_034,0.023787560788055034,0.5914778665935427,0.58692,0.16458869865097286
31,nonnormal,12,random_035,0.031946347670348874,0.6056900273455781,0.60308,0.2210402250387344
31,nonnormal,12,random_036,0.026327382148152518,0.5961466983698414,0.59714,0.1821619965686939
31,nonnormal,12,random_037,0.018609228886235257,0.581066842008345,0.58242,0.1287592617239503
31,nonnormal,12,random_038,0.021830685337188394,0.5876983210737244,0.59246,0.15104886635165166
31,nonnormal,12,random_039,0.016212133651694445,0.5757334097999269,0.57464,0.11217350126238843
31,nonnormal,12,random_040,0.02861698351068933,0.6001550015386,0.59894,0.19800399533632962
31,nonnormal,12,random_041,0.008692982325627081,0.5556124240003426,0.55586,0.06014768227473459
31,nonnormal,12,random_042,0.01599426090505389,0.5752289192848414,0.57614,0.11066601623016568
31,nonnormal,12,random_043,0.026614067259083843,0.5966584533856634,0.59386,0.1841456017710605
31,nonnormal,12,random_044,0.0180961012763261,0.5799566674195406,0.58282,0.12520887644866632
31,nonnormal,12,random_045,0.02082716027985676,0.5856909613291423,0.58504,0.14410536824684397
31,nonnormal,12,random_046,0.01928280287326988,0.5825002132031213,0.58078,0.1334197927871791
31,nonnormal,12,random_047,0.01589990335091213,0.5750093273276962,0.57472,0.11001314613631899
31,nonnormal,12,random_048,0.014690819400618064,0.5721335071746647,0.57228,0.10164736388097291
31,nonnormal,12,random_049,0.03591298476228703,0.6118947466734941,0.61178,0.24848581489133573
31,nonnormal,12,random_050,0.015095095983673654,0.5731082571788861,0.57252,0.10444459716155353
31,nonnormal,12,random_051,0.014790590343020032,0.572375339794743,0.56934,0.10233768979204179
31,nonnormal,12,random_052,0.018798057246001074,0.5814713607240837,0.58118,0.1300657855108641
31,nonnormal,12,random_053,0.011865774351561569,0.5648963601222838,0.56606,0.08210057249713047
31,nonnormal,12,random_054,0.011455585336567885,0.5637745655803013,0.55968,0.07926243046229701
31,nonnormal,12,random_055,0.024750012983272826,0.59327670161344,0.59108,0.17124800919298577
31,nonnormal,12,random_056,0.026772104998457183,0.5969393144238893,0.59818,0.18523908193461974
31,nonnormal,12,random_057,0.053010377914109244,0.6350880301098113,0.63292,0.36678452211295
31,nonnormal,12,random_058,0.021855990774948188,0.5877483076570249,0.58682,0.1512239574047775
31,nonnormal,12,random_059,0.01816672132352285,0.5801104209409078,0.5819,0.1256975041718005
31,nonnormal,12,random_060,0.021508844461869243,0.5870599090146843,0.5862,0.14882201462383307
31,nonnormal,12,random_061,0.01632315226141848,0.5759891254919864,0.5733,0.1129416509967528
31,nonnormal,12,random_062,0.03232591673345521,0.6063010625173582,0.6064,0.22366650432400745
31,nonnormal,12,random_063,0.02339246443157877,0.5907283373637161,0.59466,0.16185498434820908
31,nonnormal,12,random_064,0.018168291916343927,0.5801138368866977,0.57926,0.1257083712729226
31,nonnormal,12,random_065,0.017653230446269264,0.5789852524948172,0.58084,0.12214460541058104
31,nonnormal,12,random_066,0.019392561156862408,0.5827312913357862,0.58346,0.13417922218910966
31,nonnormal,12,random_067,0.017942422222232617,0.5796209957789346,0.5776,0.12414555449865536
31,nonnormal,12,random_068,0.026448577232927577,0.5963633993572348,0.59844,0.183000558431499
31,nonnormal,12,random_069,0.018970881810479963,0.5818397432118613,0.58222,0.1312615773121313
31,nonnormal,12,random_070,0.025713292958887267,0.5950404793250309,0.59444,0.17791304723684176
31,nonnormal,12,random_071,0.018681006820153202,0.5812208595783919,0.58216,0.12925590099018988
31,nonnormal,12,random_072,0.012114674358833498,0.5655673722036858,0.56636,0.08382273849204305
31,nonnormal,12,random_073,0.008308173967904956,0.5543754329866009,0.55322,0.05748515174494162
31,nonnormal,12,random_074,0.013947604685010797,0.5703047024337432,0.57238,0.09650498110579239
31,nonnormal,12,random_075,0.02784120948429603,0.5988166303935075,0.60144,0.19263633117820309
31,nonnormal,12,random_076,0.02911492758685466,0.601003907890937,0.59876,0.20144932410405128
31,nonnormal,12,random_077,0.007770760784569989,0.5525979744361262,0.55108,0.05376673196785393
31,nonnormal,12,random_078,0.01134182851066752,0.5634598246810791,0.56594,0.07847533471488405
31,nonnormal,12,random_079,0.01849107338256043,0.5808126342105541,0.57962,0.12794173105060547
31,nonnormal,12,random_080,0.010127518650074772,0.5599937463269707,0.56044,0.07007339382255157
31,nonnormal,12,random_081,0.03067395796781989,0.6036128439952806,0.60386,0.21223642345596327
31,nonnormal,12,random_082,0.008197159974533304,0.5540131714020451,0.5569,0.056717033951617306
31,nonnormal,12,random_083,0.023183813329340906,0.5903298196768685,0.5893,0.16041130486819005
31,nonnormal,12,random_084,0.029827478755388506,0.6022053356731842,0.6033,0.20637954248987697
31,nonnormal,12,random_085,0.013877407320888196,0.570129398196118,0.56928,0.09601927797243588
31,nonnormal,12,random_086,0.014983918211228443,0.5728415558173191,0.5714,0.10367534616315521
31,nonnormal,12,random_087,0.020772267508559292,0.5855797124735665,0.5844,0.14372555924188984
31,nonnormal,12,random_088,0.02234598229823687,0.5887102805523986,0.58638,0.15461426160143935
31,nonnormal,12,random_089,0.01514733757708501,0.5732332274167183,0.57054,0.10480606238077626
31,nonnormal,12,random_090,0.01698345036027716,0.5774917366062692,0.58008,0.11751032475784874
31,nonnormal,12,random_091,0.01473147595127491,0.5722321558132254,0.57068,0.10192867093989623
31,nonnormal,12,random_092,0.006880033071255905,0.5495082138746417,0.54518,0.04760369085182919
31,nonnormal,12,random_093,0.012326681066405566,0.5661333594581625,0.56534,0.08528963576728137
31,nonnormal,12,random_094,0.025716894430689023,0.5950470075239469,0.59542,0.17793796620866736
31,nonnormal,12,random_095,0.023507028201551754,0.5909463555787725,0.59052,0.16264766342869183
31,nonnormal,12,random_096,0.039996533901890494,0.6179064648434456,0.61872,0.2767403318110417
31,nonnormal,12,random_097,0.03697764166513082,0.6134963903502092,0.61458,0.25585229082849137
31,nonnormal,12,random_098,0.021756210050847352,0.587551031219075,0.58628,0.15053356381307917
31,nonnormal,12,random_099,0.010847469659221794,0.5620728656731303,0.55678,0.07505481250367438
31,nonnormal,12,random_100,0.027431887705208463,0.5981024717717632,0.59606,0.18980418964213797
31,nonnormal,12,random_101,0.027249126748486684,0.5977817754047557,0.59806,0.1885396468712731
31,nonnormal,12,random_102,0.011173361294427468,0.5629907232460359,0.56194,0.07730969187603418
31,nonnormal,12,random_103,0.025615788060886626,0.594863553184368,0.59326,0.17723840033138516
31,nonnormal,12,random_104,0.010735049324483168,0.5617529693672685,0.56122,0.07427696408275396
31,nonnormal,12,random_105,0.013066733673221469,0.5680708161650541,0.57126,0.09041013957069167
31,nonnormal,12,random_106,0.022062495481495376,0.588155092689957,0.58534,0.1526527857415177
31,nonnormal,12,random_107,0.028799330653508454,0.600466777005629,0.60218,0.19926567488417107
31,nonnormal,12,random_108,0.01704597811440467,0.5776324446569161,0.57992,0.11794296103245915
31,nonnormal,12,random_109,0.011268186520238909,0.563255209152249,0.564,0.0779657978406031
31,nonnormal,12,random_110,0.019877969111282284,0.5837451442510709,0.58426,0.13753781217841687
31,nonnormal,12,random_111,0.01908544923229115,0.5820829847323743,0.58024,0.13205428166007643
31,nonnormal,12,random_112,0.00611557273975716,0.5466901018580081,0.54588,0.04231430736889336
31,nonnormal,12,random_113,0.024921334359949972,0.5935930104592116,0.59232,0.1724334002757295
31,nonnormal,12,random_114,0.021236406248417626,0.5865155687888414,0.58616,0.14693698524169835
31,nonnormal,12,random_115,0.03536313242014163,0.6110575033143749,0.61446,0.2446813272328389
31,nonnormal,12,random_116,0.009891323314866966,0.559295263996675,0.5557,0.0684391328238869
31,nonnormal,12,random_117,0.012686584598231798,0.5670828446251353,0.56468,0.08777984712064198
31,nonnormal,12,random_118,0.021374404843510754,0.5867917488090326,0.5863,0.1478918124047022
31,nonnormal,12,random_119,0.022966057055436938,0.5899118940228942,0.59088,0.15890462572339364
31,nonnormal,12,random_120,0.026621948554137027,0.5966724807501375,0.59916,0.1842001333015543
31,nonnormal,12,random_121,0.022098592155598566,0.5882259925751385,0.58912,0.15290254252277022
31,nonnormal,12,random_122,0.01552804680103206,0.574137292233109,0.5723,0.10744023056187581
31,nonnormal,12,random_123,0.038559045254044286,0.6158299686518789,0.61438,0.2667941928192137
31,nonnormal,12,random_124,0.019701531720546332,0.5833781375390442,0.58234,0.1363170228426231
31,nonnormal,12,random_125,0.018067106951463546,0.5798934507584568,0.57894,0.12500826158781908
31,nonnormal,12,random_126,0.03268030495315392,0.6068680969408268,0.60604,0.226118554637915
31,nonnormal,12,random_127,0.013196308450982385,0.5684041810234984,0.57048,0.09130668143304052
